11/17/2024 19:39:32 [Information] Stepper Motor Controller Application Started.
11/17/2024 19:39:32 [Information] Version: 3.0.9087.35382 (11/17/2024 19:39:32)
11/17/2024 19:39:32 [Error] I/O error occurred while opening the port COM7.
11/17/2024 19:39:34 [Error] I/O error occurred while opening the port COM8.
11/17/2024 19:39:35 [Information] SerialPort COM10 opened successfully.
11/17/2024 19:39:35 [Information] Stepper Motor Controller Application Started.
11/17/2024 19:39:35 [Information] Version: 3.0.9087.35382 (11/17/2024 19:39:35)
11/17/2024 19:39:35 [Information] Version: 3.1.0.35383 (11/17/2024 19:39:35)
11/17/2024 19:39:35 [Warning] Element AssemblyVersion not found in the provided XML document.
11/17/2024 19:39:35 [Warning] Element FileVersion not found in the provided XML document.
11/17/2024 19:39:35 [Information] Version: 3.1.0.35383 (11/17/2024 19:39:35)
11/17/2024 19:39:35 [Information] Stepper Motor Controller Application Settings Window Opened.
11/17/2024 19:39:35 [Information] Stepper Motor Controller Application Settings form is rebuilt each and every time it is opened.
11/17/2024 19:39:35 [Information] int: 9600 BaudRate added to the Settings Form.
11/17/2024 19:39:35 [Information] bool: False ckbXaxisResetToZeroIsChecked added to the Settings Form.
11/17/2024 19:39:35 [Information] bool: False ckbYaxisResetToZeroIsChecked added to the Settings Form.
11/17/2024 19:39:35 [Information] bool: False ckbZaxisResetToZeroIsChecked added to the Settings Form.
11/17/2024 19:39:35 [Information] COM1: ComPort added to the Settings Form.
11/17/2024 19:39:35 [Information] COM2: ComPort added to the Settings Form.
11/17/2024 19:39:35 [Information] COM3: ComPort added to the Settings Form.
11/17/2024 19:39:35 [Information] COM4: ComPort added to the Settings Form.
11/17/2024 19:39:35 [Information] COM5: ComPort added to the Settings Form.
11/17/2024 19:39:35 [Information] COM6: ComPort added to the Settings Form.
11/17/2024 19:39:35 [Information] COM7: ComPort added to the Settings Form.
11/17/2024 19:39:35 [Information] COM8: ComPort added to the Settings Form.
11/17/2024 19:39:35 [Information] COM9: ComPort added to the Settings Form.
11/17/2024 19:39:35 [Information] COM10: ComPort added to the Settings Form.
11/17/2024 19:39:35 [Information] decimal: 4.00 Divider4_00 added to the Settings Form.
11/17/2024 19:39:35 [Information] decimal: 0.00 MathPart2Initlz added to the Settings Form.
11/17/2024 19:39:35 [Information] decimal: 1.00 MilisecondTimerInterval added to the Settings Form.
11/17/2024 19:39:35 [Information] decimal: 1000.00 MillisecondDelay added to the Settings Form.
11/17/2024 19:39:35 [Information] int: 1000 Milliseconds added to the Settings Form.
11/17/2024 19:39:35 [Information] int: 4 mmPerRevolution added to the Settings Form.
11/17/2024 19:39:35 [Information] int: 2000 ThreadSleep added to the Settings Form.
11/17/2024 19:39:35 [Information] decimal: 0.00 Value_0_00 added to the Settings Form.
11/17/2024 19:39:35 [Information] decimal: 50.00 XaxisAcceleration added to the Settings Form.
11/17/2024 19:39:35 [Information] bool: False XaxisChanged added to the Settings Form.
11/17/2024 19:39:35 [Information] decimal: 400.00 XaxisMotorSpeed added to the Settings Form.
11/17/2024 19:39:35 [Information] decimal: 0.00 XaxisStepperCurrent added to the Settings Form.
11/17/2024 19:39:35 [Information] decimal: 0.00 XaxisStepperMove added to the Settings Form.
11/17/2024 19:39:35 [Information] XCOM1: XComPort added to the Settings Form.
11/17/2024 19:39:35 [Information] XCOM2: XComPort added to the Settings Form.
11/17/2024 19:39:35 [Information] XCOM3: XComPort added to the Settings Form.
11/17/2024 19:39:35 [Information] XCOM4: XComPort added to the Settings Form.
11/17/2024 19:39:35 [Information] XCOM5: XComPort added to the Settings Form.
11/17/2024 19:39:35 [Information] XCOM6: XComPort added to the Settings Form.
11/17/2024 19:39:35 [Information] XCOM7: XComPort added to the Settings Form.
11/17/2024 19:39:35 [Information] XCOM8: XComPort added to the Settings Form.
11/17/2024 19:39:35 [Information] XCOM9: XComPort added to the Settings Form.
11/17/2024 19:39:35 [Information] XCOM10: XComPort added to the Settings Form.
11/17/2024 19:39:35 [Information] decimal: 50.00 YaxisAcceleration added to the Settings Form.
11/17/2024 19:39:35 [Information] bool: False YaxisChanged added to the Settings Form.
11/17/2024 19:39:35 [Information] decimal: 400.00 YaxisMotorSpeed added to the Settings Form.
11/17/2024 19:39:35 [Information] decimal: 0.00 YaxisStepperCurrent added to the Settings Form.
11/17/2024 19:39:35 [Information] decimal: 0.00 YaxisStepperMove added to the Settings Form.
11/17/2024 19:39:35 [Information] YCOM1: YComPort added to the Settings Form.
11/17/2024 19:39:35 [Information] YCOM2: YComPort added to the Settings Form.
11/17/2024 19:39:35 [Information] YCOM3: YComPort added to the Settings Form.
11/17/2024 19:39:35 [Information] YCOM4: YComPort added to the Settings Form.
11/17/2024 19:39:35 [Information] YCOM5: YComPort added to the Settings Form.
11/17/2024 19:39:35 [Information] YCOM6: YComPort added to the Settings Form.
11/17/2024 19:39:35 [Information] YCOM7: YComPort added to the Settings Form.
11/17/2024 19:39:35 [Information] YCOM8: YComPort added to the Settings Form.
11/17/2024 19:39:35 [Information] YCOM9: YComPort added to the Settings Form.
11/17/2024 19:39:35 [Information] YCOM10: YComPort added to the Settings Form.
11/17/2024 19:39:35 [Information] decimal: 50.00 ZaxisAcceleration added to the Settings Form.
11/17/2024 19:39:35 [Information] bool: False ZaxisChanged added to the Settings Form.
11/17/2024 19:39:35 [Information] decimal: 400.00 ZaxisMotorSpeed added to the Settings Form.
11/17/2024 19:39:35 [Information] decimal: 0.00 ZaxisStepperCurrent added to the Settings Form.
11/17/2024 19:39:35 [Information] decimal: 0.00 ZaxisStepperMove added to the Settings Form.
11/17/2024 19:39:35 [Information] ZCOM1: ZComPort added to the Settings Form.
11/17/2024 19:39:35 [Information] ZCOM2: ZComPort added to the Settings Form.
11/17/2024 19:39:35 [Information] ZCOM3: ZComPort added to the Settings Form.
11/17/2024 19:39:35 [Information] ZCOM4: ZComPort added to the Settings Form.
11/17/2024 19:39:35 [Information] ZCOM5: ZComPort added to the Settings Form.
11/17/2024 19:39:35 [Information] ZCOM6: ZComPort added to the Settings Form.
11/17/2024 19:39:35 [Information] ZCOM7: ZComPort added to the Settings Form.
11/17/2024 19:39:35 [Information] ZCOM8: ZComPort added to the Settings Form.
11/17/2024 19:39:35 [Information] ZCOM9: ZComPort added to the Settings Form.
11/17/2024 19:39:35 [Information] ZCOM10: ZComPort added to the Settings Form.
11/17/2024 19:39:35 [Information] int: 0 zeroXaxis added to the Settings Form.
11/17/2024 19:39:35 [Information] int: 0 zeroYaxis added to the Settings Form.
11/17/2024 19:39:35 [Information] int: 0 zeroZaxis added to the Settings Form.
11/17/2024 19:39:36 [Information] Stepper Motor Controller MainWindow loaded
11/17/2024 19:39:36 [Information] Set MainWindow Media Brushes to White.
11/17/2024 19:39:43 [Information] txtZaxisStepperMove Axis mouse controlled Keypad returned: 32.00
11/17/2024 19:39:44 [Information] Z Axis Run button clicked:
11/17/2024 19:39:45 [Information] Z Axis Run Event: Z,0.00,400.00,0,0.00,400.00,0,32.00,400.00,0
11/17/2024 19:39:45 [Information] Z Axis MotorMovementSeconds: 0.08
11/17/2024 19:39:45 [Information] Z Axis Timer Started. Target End Time: 07:39:45
11/17/2024 19:39:45 [Information] Z Axis Stopwatch Started.
11/17/2024 19:39:52 [Information] Z Axis Current Time: 07:39:52 + 0 = 07:39:45
11/17/2024 19:39:52 [Information] Z Axis Data Received: serialData: Z,0.00,400.00,0,0.00,400.00,0,32.00,400.00,0
Z Axis reached target position
Current Position: 1600

11/17/2024 19:39:52 [Information] Stepper Motor Controller Enable Y Axis controls after moving to location.
11/17/2024 19:39:52 [Information] Stepper Motor Controller Stopwatch Stopped.
11/17/2024 19:39:52 [Information] Stepper Motor Controller Timer Stopped.
11/17/2024 19:39:52 [Information] Stepper Motor Controller Stopwatch Reset.
11/17/2024 19:39:52 [Information] Stepper Motor Controller Enable Y Axis controls after moving to location.
11/17/2024 19:39:52 [Information] Stepper Motor Controller Stopwatch Stopped.
11/17/2024 19:39:52 [Information] Stepper Motor Controller Timer Stopped.
11/17/2024 19:39:52 [Information] Stepper Motor Controller Stopwatch Reset.
11/17/2024 19:39:52 [Information] Stepper Motor Controller Enable Y Axis controls after moving to location.
11/17/2024 19:39:52 [Information] Stepper Motor Controller Stopwatch Stopped.
11/17/2024 19:39:52 [Information] Stepper Motor Controller Timer Stopped.
11/17/2024 19:39:52 [Information] Stepper Motor Controller Stopwatch Reset.
11/17/2024 19:39:52 [Information] Stepper Motor Controller Enable Y Axis controls after moving to location.
11/17/2024 19:39:52 [Information] Stepper Motor Controller Stopwatch Stopped.
11/17/2024 19:39:52 [Information] Stepper Motor Controller Timer Stopped.
11/17/2024 19:39:52 [Information] Stepper Motor Controller Stopwatch Reset.
11/17/2024 19:39:52 [Information] Stepper Motor Controller Enable Y Axis controls after moving to location.
11/17/2024 19:39:52 [Information] Stepper Motor Controller Stopwatch Stopped.
11/17/2024 19:39:52 [Information] Stepper Motor Controller Timer Stopped.
11/17/2024 19:39:52 [Information] Stepper Motor Controller Stopwatch Reset.
11/17/2024 19:39:52 [Information] Stepper Motor Controller Enable Y Axis controls after moving to location.
11/17/2024 19:39:52 [Information] Stepper Motor Controller Stopwatch Stopped.
11/17/2024 19:39:52 [Information] Stepper Motor Controller Timer Stopped.
11/17/2024 19:39:52 [Information] Stepper Motor Controller Stopwatch Reset.
11/17/2024 19:39:52 [Information] Stepper Motor Controller Enable Y Axis controls after moving to location.
11/17/2024 19:39:52 [Information] Stepper Motor Controller Stopwatch Stopped.
11/17/2024 19:39:52 [Information] Stepper Motor Controller Timer Stopped.
11/17/2024 19:39:52 [Information] Stepper Motor Controller Stopwatch Reset.
11/17/2024 19:39:53 [Information] Stepper Motor Controller Enable Y Axis controls after moving to location.
11/17/2024 19:39:53 [Information] Stepper Motor Controller Stopwatch Stopped.
11/17/2024 19:39:53 [Information] Stepper Motor Controller Timer Stopped.
11/17/2024 19:39:53 [Information] Stepper Motor Controller Stopwatch Reset.
11/17/2024 19:39:53 [Information] Stepper Motor Controller Enable Y Axis controls after moving to location.
11/17/2024 19:39:53 [Information] Stepper Motor Controller Stopwatch Stopped.
11/17/2024 19:39:53 [Information] Stepper Motor Controller Timer Stopped.
11/17/2024 19:39:53 [Information] Stepper Motor Controller Stopwatch Reset.
11/17/2024 19:39:53 [Information] Stepper Motor Controller Enable Y Axis controls after moving to location.
11/17/2024 19:39:53 [Information] Stepper Motor Controller Stopwatch Stopped.
11/17/2024 19:39:53 [Information] Stepper Motor Controller Timer Stopped.
11/17/2024 19:39:53 [Information] Stepper Motor Controller Stopwatch Reset.
11/17/2024 19:39:53 [Information] Stepper Motor Controller Enable Y Axis controls after moving to location.
11/17/2024 19:39:53 [Information] Stepper Motor Controller Stopwatch Stopped.
11/17/2024 19:39:53 [Information] Stepper Motor Controller Timer Stopped.
11/17/2024 19:39:53 [Information] Stepper Motor Controller Stopwatch Reset.
11/17/2024 19:39:53 [Information] Stepper Motor Controller Enable Y Axis controls after moving to location.
11/17/2024 19:39:53 [Information] Stepper Motor Controller Stopwatch Stopped.
11/17/2024 19:39:53 [Information] Stepper Motor Controller Timer Stopped.
11/17/2024 19:39:53 [Information] Stepper Motor Controller Stopwatch Reset.
11/17/2024 19:39:53 [Information] Stepper Motor Controller Enable Y Axis controls after moving to location.
11/17/2024 19:39:53 [Information] Stepper Motor Controller Stopwatch Stopped.
11/17/2024 19:39:53 [Information] Stepper Motor Controller Timer Stopped.
11/17/2024 19:39:53 [Information] Stepper Motor Controller Stopwatch Reset.
11/17/2024 19:39:53 [Information] Stepper Motor Controller Enable Y Axis controls after moving to location.
11/17/2024 19:39:53 [Information] Stepper Motor Controller Stopwatch Stopped.
11/17/2024 19:39:53 [Information] Stepper Motor Controller Timer Stopped.
11/17/2024 19:39:53 [Information] Stepper Motor Controller Stopwatch Reset.
11/17/2024 19:39:53 [Information] Stepper Motor Controller Enable Y Axis controls after moving to location.
11/17/2024 19:39:53 [Information] Stepper Motor Controller Stopwatch Stopped.
11/17/2024 19:39:53 [Information] Stepper Motor Controller Timer Stopped.
11/17/2024 19:39:53 [Information] Stepper Motor Controller Stopwatch Reset.
11/17/2024 19:39:53 [Information] Stepper Motor Controller Enable Y Axis controls after moving to location.
11/17/2024 19:39:53 [Information] Stepper Motor Controller Stopwatch Stopped.
11/17/2024 19:39:53 [Information] Stepper Motor Controller Timer Stopped.
11/17/2024 19:39:53 [Information] Stepper Motor Controller Stopwatch Reset.
11/17/2024 19:39:53 [Information] Stepper Motor Controller Enable Y Axis controls after moving to location.
11/17/2024 19:39:53 [Information] Stepper Motor Controller Stopwatch Stopped.
11/17/2024 19:39:53 [Information] Stepper Motor Controller Timer Stopped.
11/17/2024 19:39:53 [Information] Stepper Motor Controller Stopwatch Reset.
11/17/2024 19:39:53 [Information] Stepper Motor Controller Enable Y Axis controls after moving to location.
11/17/2024 19:39:53 [Information] Stepper Motor Controller Stopwatch Stopped.
11/17/2024 19:39:53 [Information] Stepper Motor Controller Timer Stopped.
11/17/2024 19:39:53 [Information] Stepper Motor Controller Stopwatch Reset.
11/17/2024 19:39:53 [Information] Stepper Motor Controller Enable Y Axis controls after moving to location.
11/17/2024 19:39:53 [Information] Stepper Motor Controller Stopwatch Stopped.
11/17/2024 19:39:53 [Information] Stepper Motor Controller Timer Stopped.
11/17/2024 19:39:53 [Information] Stepper Motor Controller Stopwatch Reset.
11/17/2024 19:39:53 [Information] Stepper Motor Controller Enable Y Axis controls after moving to location.
11/17/2024 19:39:53 [Information] Stepper Motor Controller Stopwatch Stopped.
11/17/2024 19:39:53 [Information] Stepper Motor Controller Timer Stopped.
11/17/2024 19:39:53 [Information] Stepper Motor Controller Stopwatch Reset.
11/17/2024 19:39:53 [Information] Stepper Motor Controller Enable Y Axis controls after moving to location.
11/17/2024 19:39:53 [Information] Stepper Motor Controller Stopwatch Stopped.
11/17/2024 19:39:53 [Information] Stepper Motor Controller Timer Stopped.
11/17/2024 19:39:53 [Information] Stepper Motor Controller Stopwatch Reset.
11/17/2024 19:39:53 [Information] Stepper Motor Controller Enable Y Axis controls after moving to location.
11/17/2024 19:39:53 [Information] Stepper Motor Controller Stopwatch Stopped.
11/17/2024 19:39:53 [Information] Stepper Motor Controller Timer Stopped.
11/17/2024 19:39:53 [Information] Stepper Motor Controller Stopwatch Reset.
11/17/2024 19:39:53 [Information] Stepper Motor Controller Enable Y Axis controls after moving to location.
11/17/2024 19:39:53 [Information] Stepper Motor Controller Stopwatch Stopped.
11/17/2024 19:39:53 [Information] Stepper Motor Controller Timer Stopped.
11/17/2024 19:39:53 [Information] Stepper Motor Controller Stopwatch Reset.
11/17/2024 19:39:53 [Information] Stepper Motor Controller Enable Y Axis controls after moving to location.
11/17/2024 19:39:53 [Information] Stepper Motor Controller Stopwatch Stopped.
11/17/2024 19:39:53 [Information] Stepper Motor Controller Timer Stopped.
11/17/2024 19:39:53 [Information] Stepper Motor Controller Stopwatch Reset.
11/17/2024 19:39:53 [Information] Stepper Motor Controller Enable Y Axis controls after moving to location.
11/17/2024 19:39:53 [Information] Stepper Motor Controller Stopwatch Stopped.
11/17/2024 19:39:53 [Information] Stepper Motor Controller Timer Stopped.
11/17/2024 19:39:53 [Information] Stepper Motor Controller Stopwatch Reset.
11/17/2024 19:39:53 [Information] Stepper Motor Controller Enable Y Axis controls after moving to location.
11/17/2024 19:39:53 [Information] Stepper Motor Controller Stopwatch Stopped.
11/17/2024 19:39:53 [Information] Stepper Motor Controller Timer Stopped.
11/17/2024 19:39:53 [Information] Stepper Motor Controller Stopwatch Reset.
11/17/2024 19:39:53 [Information] Stepper Motor Controller Enable Y Axis controls after moving to location.
11/17/2024 19:39:53 [Information] Stepper Motor Controller Stopwatch Stopped.
11/17/2024 19:39:53 [Information] Stepper Motor Controller Timer Stopped.
11/17/2024 19:39:53 [Information] Stepper Motor Controller Stopwatch Reset.
11/17/2024 19:39:53 [Information] Stepper Motor Controller Enable Y Axis controls after moving to location.
11/17/2024 19:39:53 [Information] Stepper Motor Controller Stopwatch Stopped.
11/17/2024 19:39:53 [Information] Stepper Motor Controller Timer Stopped.
11/17/2024 19:39:53 [Information] Stepper Motor Controller Stopwatch Reset.
11/17/2024 19:39:53 [Information] Stepper Motor Controller Enable Y Axis controls after moving to location.
11/17/2024 19:39:53 [Information] Stepper Motor Controller Stopwatch Stopped.
11/17/2024 19:39:53 [Information] Stepper Motor Controller Timer Stopped.
11/17/2024 19:39:53 [Information] Stepper Motor Controller Stopwatch Reset.
11/17/2024 19:39:53 [Information] Stepper Motor Controller Enable Y Axis controls after moving to location.
11/17/2024 19:39:53 [Information] Stepper Motor Controller Stopwatch Stopped.
11/17/2024 19:39:53 [Information] Stepper Motor Controller Timer Stopped.
11/17/2024 19:39:53 [Information] Stepper Motor Controller Stopwatch Reset.
11/17/2024 19:39:53 [Information] Stepper Motor Controller Enable Y Axis controls after moving to location.
11/17/2024 19:39:53 [Information] Stepper Motor Controller Stopwatch Stopped.
11/17/2024 19:39:53 [Information] Stepper Motor Controller Timer Stopped.
11/17/2024 19:39:53 [Information] Stepper Motor Controller Stopwatch Reset.
11/17/2024 19:39:54 [Information] Stepper Motor Controller Enable Y Axis controls after moving to location.
11/17/2024 19:39:54 [Information] Stepper Motor Controller Stopwatch Stopped.
11/17/2024 19:39:54 [Information] Stepper Motor Controller Timer Stopped.
11/17/2024 19:39:54 [Information] Stepper Motor Controller Stopwatch Reset.
11/17/2024 19:39:54 [Information] Stepper Motor Controller Enable Y Axis controls after moving to location.
11/17/2024 19:39:54 [Information] Stepper Motor Controller Stopwatch Stopped.
11/17/2024 19:39:54 [Information] Stepper Motor Controller Timer Stopped.
11/17/2024 19:39:54 [Information] Stepper Motor Controller Stopwatch Reset.
11/17/2024 19:39:54 [Information] Stepper Motor Controller Enable Y Axis controls after moving to location.
11/17/2024 19:39:54 [Information] Stepper Motor Controller Stopwatch Stopped.
11/17/2024 19:39:54 [Information] Stepper Motor Controller Timer Stopped.
11/17/2024 19:39:54 [Information] Stepper Motor Controller Stopwatch Reset.
11/17/2024 19:39:54 [Information] Stepper Motor Controller Enable Y Axis controls after moving to location.
11/17/2024 19:39:54 [Information] Stepper Motor Controller Stopwatch Stopped.
11/17/2024 19:39:54 [Information] Stepper Motor Controller Timer Stopped.
11/17/2024 19:39:54 [Information] Stepper Motor Controller Stopwatch Reset.
11/17/2024 19:39:54 [Information] Stepper Motor Controller Enable Y Axis controls after moving to location.
11/17/2024 19:39:54 [Information] Stepper Motor Controller Stopwatch Stopped.
11/17/2024 19:39:54 [Information] Stepper Motor Controller Timer Stopped.
11/17/2024 19:39:54 [Information] Stepper Motor Controller Stopwatch Reset.
11/17/2024 19:39:54 [Information] Stepper Motor Controller Enable Y Axis controls after moving to location.
11/17/2024 19:39:54 [Information] Stepper Motor Controller Stopwatch Stopped.
11/17/2024 19:39:54 [Information] Stepper Motor Controller Timer Stopped.
11/17/2024 19:39:54 [Information] Stepper Motor Controller Stopwatch Reset.
11/17/2024 19:39:54 [Information] Stepper Motor Controller Enable Y Axis controls after moving to location.
11/17/2024 19:39:54 [Information] Stepper Motor Controller Stopwatch Stopped.
11/17/2024 19:39:54 [Information] Stepper Motor Controller Timer Stopped.
11/17/2024 19:39:54 [Information] Stepper Motor Controller Stopwatch Reset.
11/17/2024 19:39:54 [Information] Stepper Motor Controller Enable Y Axis controls after moving to location.
11/17/2024 19:39:54 [Information] Stepper Motor Controller Stopwatch Stopped.
11/17/2024 19:39:54 [Information] Stepper Motor Controller Timer Stopped.
11/17/2024 19:39:54 [Information] Stepper Motor Controller Stopwatch Reset.
11/17/2024 19:39:54 [Information] Stepper Motor Controller Enable Y Axis controls after moving to location.
11/17/2024 19:39:54 [Information] Stepper Motor Controller Stopwatch Stopped.
11/17/2024 19:39:54 [Information] Stepper Motor Controller Timer Stopped.
11/17/2024 19:39:54 [Information] Stepper Motor Controller Stopwatch Reset.
11/17/2024 19:39:54 [Information] Stepper Motor Controller Enable Y Axis controls after moving to location.
11/17/2024 19:39:54 [Information] Stepper Motor Controller Stopwatch Stopped.
11/17/2024 19:39:54 [Information] Stepper Motor Controller Timer Stopped.
11/17/2024 19:39:54 [Information] Stepper Motor Controller Stopwatch Reset.
11/17/2024 19:39:54 [Information] Stepper Motor Controller Enable Y Axis controls after moving to location.
11/17/2024 19:39:54 [Information] Stepper Motor Controller Stopwatch Stopped.
11/17/2024 19:39:54 [Information] Stepper Motor Controller Timer Stopped.
11/17/2024 19:39:54 [Information] Stepper Motor Controller Stopwatch Reset.
11/17/2024 19:39:54 [Information] Stepper Motor Controller Enable Y Axis controls after moving to location.
11/17/2024 19:39:54 [Information] Stepper Motor Controller Stopwatch Stopped.
11/17/2024 19:39:54 [Information] Stepper Motor Controller Timer Stopped.
11/17/2024 19:39:54 [Information] Stepper Motor Controller Stopwatch Reset.
11/17/2024 19:39:54 [Information] Stepper Motor Controller Enable Y Axis controls after moving to location.
11/17/2024 19:39:54 [Information] Stepper Motor Controller Stopwatch Stopped.
11/17/2024 19:39:54 [Information] Stepper Motor Controller Timer Stopped.
11/17/2024 19:39:54 [Information] Stepper Motor Controller Stopwatch Reset.
11/17/2024 19:39:54 [Information] Stepper Motor Controller Enable Y Axis controls after moving to location.
11/17/2024 19:39:54 [Information] Stepper Motor Controller Stopwatch Stopped.
11/17/2024 19:39:54 [Information] Stepper Motor Controller Timer Stopped.
11/17/2024 19:39:54 [Information] Stepper Motor Controller Stopwatch Reset.
11/17/2024 19:39:54 [Information] Stepper Motor Controller Enable Y Axis controls after moving to location.
11/17/2024 19:39:54 [Information] Stepper Motor Controller Stopwatch Stopped.
11/17/2024 19:39:54 [Information] Stepper Motor Controller Timer Stopped.
11/17/2024 19:39:54 [Information] Stepper Motor Controller Stopwatch Reset.
11/17/2024 19:39:54 [Information] Stepper Motor Controller Enable Y Axis controls after moving to location.
11/17/2024 19:39:54 [Information] Stepper Motor Controller Stopwatch Stopped.
11/17/2024 19:39:54 [Information] Stepper Motor Controller Timer Stopped.
11/17/2024 19:39:54 [Information] Stepper Motor Controller Stopwatch Reset.
11/17/2024 19:39:54 [Information] Stepper Motor Controller Enable Y Axis controls after moving to location.
11/17/2024 19:39:54 [Information] Stepper Motor Controller Stopwatch Stopped.
11/17/2024 19:39:54 [Information] Stepper Motor Controller Timer Stopped.
11/17/2024 19:39:54 [Information] Stepper Motor Controller Stopwatch Reset.
11/17/2024 19:39:54 [Information] Stepper Motor Controller Enable Y Axis controls after moving to location.
11/17/2024 19:39:54 [Information] Stepper Motor Controller Stopwatch Stopped.
11/17/2024 19:39:54 [Information] Stepper Motor Controller Timer Stopped.
11/17/2024 19:39:54 [Information] Stepper Motor Controller Stopwatch Reset.
11/17/2024 19:39:54 [Information] Stepper Motor Controller Enable Y Axis controls after moving to location.
11/17/2024 19:39:54 [Information] Stepper Motor Controller Stopwatch Stopped.
11/17/2024 19:39:54 [Information] Stepper Motor Controller Timer Stopped.
11/17/2024 19:39:54 [Information] Stepper Motor Controller Stopwatch Reset.
11/17/2024 19:39:54 [Information] Stepper Motor Controller Enable Y Axis controls after moving to location.
11/17/2024 19:39:54 [Information] Stepper Motor Controller Stopwatch Stopped.
11/17/2024 19:39:54 [Information] Stepper Motor Controller Timer Stopped.
11/17/2024 19:39:54 [Information] Stepper Motor Controller Stopwatch Reset.
11/17/2024 19:39:54 [Information] Stepper Motor Controller Enable Y Axis controls after moving to location.
11/17/2024 19:39:54 [Information] Stepper Motor Controller Stopwatch Stopped.
11/17/2024 19:39:54 [Information] Stepper Motor Controller Timer Stopped.
11/17/2024 19:39:54 [Information] Stepper Motor Controller Stopwatch Reset.
11/17/2024 19:39:54 [Information] Stepper Motor Controller Enable Y Axis controls after moving to location.
11/17/2024 19:39:54 [Information] Stepper Motor Controller Stopwatch Stopped.
11/17/2024 19:39:54 [Information] Stepper Motor Controller Timer Stopped.
11/17/2024 19:39:54 [Information] Stepper Motor Controller Stopwatch Reset.
11/17/2024 19:39:54 [Information] Stepper Motor Controller Enable Y Axis controls after moving to location.
11/17/2024 19:39:54 [Information] Stepper Motor Controller Stopwatch Stopped.
11/17/2024 19:39:54 [Information] Stepper Motor Controller Timer Stopped.
11/17/2024 19:39:54 [Information] Stepper Motor Controller Stopwatch Reset.
11/17/2024 19:39:55 [Information] Stepper Motor Controller Enable Y Axis controls after moving to location.
11/17/2024 19:39:55 [Information] Stepper Motor Controller Stopwatch Stopped.
11/17/2024 19:39:55 [Information] Stepper Motor Controller Timer Stopped.
11/17/2024 19:39:55 [Information] Stepper Motor Controller Stopwatch Reset.
11/17/2024 19:39:55 [Information] Stepper Motor Controller Enable Y Axis controls after moving to location.
11/17/2024 19:39:55 [Information] Stepper Motor Controller Stopwatch Stopped.
11/17/2024 19:39:55 [Information] Stepper Motor Controller Timer Stopped.
11/17/2024 19:39:55 [Information] Stepper Motor Controller Stopwatch Reset.
11/17/2024 19:39:55 [Information] Stepper Motor Controller Enable Y Axis controls after moving to location.
11/17/2024 19:39:55 [Information] Stepper Motor Controller Stopwatch Stopped.
11/17/2024 19:39:55 [Information] Stepper Motor Controller Timer Stopped.
11/17/2024 19:39:55 [Information] Stepper Motor Controller Stopwatch Reset.
11/17/2024 19:39:55 [Information] Stepper Motor Controller Enable Y Axis controls after moving to location.
11/17/2024 19:39:55 [Information] Stepper Motor Controller Stopwatch Stopped.
11/17/2024 19:39:55 [Information] Stepper Motor Controller Timer Stopped.
11/17/2024 19:39:55 [Information] Stepper Motor Controller Stopwatch Reset.
11/17/2024 19:39:55 [Information] Stepper Motor Controller Enable Y Axis controls after moving to location.
11/17/2024 19:39:55 [Information] Stepper Motor Controller Stopwatch Stopped.
11/17/2024 19:39:55 [Information] Stepper Motor Controller Timer Stopped.
11/17/2024 19:39:55 [Information] Stepper Motor Controller Stopwatch Reset.
11/17/2024 19:39:55 [Information] Stepper Motor Controller Enable Y Axis controls after moving to location.
11/17/2024 19:39:55 [Information] Stepper Motor Controller Stopwatch Stopped.
11/17/2024 19:39:55 [Information] Stepper Motor Controller Timer Stopped.
11/17/2024 19:39:55 [Information] Stepper Motor Controller Stopwatch Reset.
11/17/2024 19:39:55 [Information] Stepper Motor Controller Enable Y Axis controls after moving to location.
11/17/2024 19:39:55 [Information] Stepper Motor Controller Stopwatch Stopped.
11/17/2024 19:39:55 [Information] Stepper Motor Controller Timer Stopped.
11/17/2024 19:39:55 [Information] Stepper Motor Controller Stopwatch Reset.
11/17/2024 19:39:55 [Information] Stepper Motor Controller Enable Y Axis controls after moving to location.
11/17/2024 19:39:55 [Information] Stepper Motor Controller Stopwatch Stopped.
11/17/2024 19:39:55 [Information] Stepper Motor Controller Timer Stopped.
11/17/2024 19:39:55 [Information] Stepper Motor Controller Stopwatch Reset.
11/17/2024 19:39:55 [Information] Stepper Motor Controller Enable Y Axis controls after moving to location.
11/17/2024 19:39:55 [Information] Stepper Motor Controller Stopwatch Stopped.
11/17/2024 19:39:55 [Information] Stepper Motor Controller Timer Stopped.
11/17/2024 19:39:55 [Information] Stepper Motor Controller Stopwatch Reset.
11/17/2024 19:39:55 [Information] Stepper Motor Controller Enable Y Axis controls after moving to location.
11/17/2024 19:39:55 [Information] Stepper Motor Controller Stopwatch Stopped.
11/17/2024 19:39:55 [Information] Stepper Motor Controller Timer Stopped.
11/17/2024 19:39:55 [Information] Stepper Motor Controller Stopwatch Reset.
11/17/2024 19:39:55 [Information] Stepper Motor Controller Enable Y Axis controls after moving to location.
11/17/2024 19:39:55 [Information] Stepper Motor Controller Stopwatch Stopped.
11/17/2024 19:39:55 [Information] Stepper Motor Controller Timer Stopped.
11/17/2024 19:39:55 [Information] Stepper Motor Controller Stopwatch Reset.
11/17/2024 19:39:55 [Information] Stepper Motor Controller Enable Y Axis controls after moving to location.
11/17/2024 19:39:55 [Information] Stepper Motor Controller Stopwatch Stopped.
11/17/2024 19:39:55 [Information] Stepper Motor Controller Timer Stopped.
11/17/2024 19:39:55 [Information] Stepper Motor Controller Stopwatch Reset.
11/17/2024 19:39:55 [Information] Stepper Motor Controller Enable Y Axis controls after moving to location.
11/17/2024 19:39:55 [Information] Stepper Motor Controller Stopwatch Stopped.
11/17/2024 19:39:55 [Information] Stepper Motor Controller Timer Stopped.
11/17/2024 19:39:55 [Information] Stepper Motor Controller Stopwatch Reset.
11/17/2024 19:39:55 [Information] Stepper Motor Controller Enable Y Axis controls after moving to location.
11/17/2024 19:39:55 [Information] Stepper Motor Controller Stopwatch Stopped.
11/17/2024 19:39:55 [Information] Stepper Motor Controller Timer Stopped.
11/17/2024 19:39:55 [Information] Stepper Motor Controller Stopwatch Reset.
11/17/2024 19:39:55 [Information] Stepper Motor Controller Enable Y Axis controls after moving to location.
11/17/2024 19:39:55 [Information] Stepper Motor Controller Stopwatch Stopped.
11/17/2024 19:39:55 [Information] Stepper Motor Controller Timer Stopped.
11/17/2024 19:39:55 [Information] Stepper Motor Controller Stopwatch Reset.
11/17/2024 19:39:55 [Information] Stepper Motor Controller Enable Y Axis controls after moving to location.
11/17/2024 19:39:55 [Information] Stepper Motor Controller Stopwatch Stopped.
11/17/2024 19:39:55 [Information] Stepper Motor Controller Timer Stopped.
11/17/2024 19:39:55 [Information] Stepper Motor Controller Stopwatch Reset.
11/17/2024 19:39:55 [Information] Stepper Motor Controller Enable Y Axis controls after moving to location.
11/17/2024 19:39:55 [Information] Stepper Motor Controller Stopwatch Stopped.
11/17/2024 19:39:55 [Information] Stepper Motor Controller Timer Stopped.
11/17/2024 19:39:55 [Information] Stepper Motor Controller Stopwatch Reset.
11/17/2024 19:39:55 [Information] Stepper Motor Controller Enable Y Axis controls after moving to location.
11/17/2024 19:39:55 [Information] Stepper Motor Controller Stopwatch Stopped.
11/17/2024 19:39:55 [Information] Stepper Motor Controller Timer Stopped.
11/17/2024 19:39:55 [Information] Stepper Motor Controller Stopwatch Reset.
11/17/2024 19:39:55 [Information] Stepper Motor Controller Enable Y Axis controls after moving to location.
11/17/2024 19:39:55 [Information] Stepper Motor Controller Stopwatch Stopped.
11/17/2024 19:39:55 [Information] Stepper Motor Controller Timer Stopped.
11/17/2024 19:39:55 [Information] Stepper Motor Controller Stopwatch Reset.
11/17/2024 19:39:55 [Information] Stepper Motor Controller Enable Y Axis controls after moving to location.
11/17/2024 19:39:55 [Information] Stepper Motor Controller Stopwatch Stopped.
11/17/2024 19:39:55 [Information] Stepper Motor Controller Timer Stopped.
11/17/2024 19:39:55 [Information] Stepper Motor Controller Stopwatch Reset.
11/17/2024 19:39:55 [Information] Stepper Motor Controller Enable Y Axis controls after moving to location.
11/17/2024 19:39:55 [Information] Stepper Motor Controller Stopwatch Stopped.
11/17/2024 19:39:55 [Information] Stepper Motor Controller Timer Stopped.
11/17/2024 19:39:55 [Information] Stepper Motor Controller Stopwatch Reset.
11/17/2024 19:39:55 [Information] Stepper Motor Controller Enable Y Axis controls after moving to location.
11/17/2024 19:39:55 [Information] Stepper Motor Controller Stopwatch Stopped.
11/17/2024 19:39:55 [Information] Stepper Motor Controller Timer Stopped.
11/17/2024 19:39:55 [Information] Stepper Motor Controller Stopwatch Reset.
11/17/2024 19:39:55 [Information] Stepper Motor Controller Enable Y Axis controls after moving to location.
11/17/2024 19:39:55 [Information] Stepper Motor Controller Stopwatch Stopped.
11/17/2024 19:39:55 [Information] Stepper Motor Controller Timer Stopped.
11/17/2024 19:39:55 [Information] Stepper Motor Controller Stopwatch Reset.
11/17/2024 19:39:56 [Information] Stepper Motor Controller Enable Y Axis controls after moving to location.
11/17/2024 19:39:56 [Information] Stepper Motor Controller Stopwatch Stopped.
11/17/2024 19:39:56 [Information] Stepper Motor Controller Timer Stopped.
11/17/2024 19:39:56 [Information] Stepper Motor Controller Stopwatch Reset.
11/17/2024 19:39:56 [Information] Stepper Motor Controller Enable Y Axis controls after moving to location.
11/17/2024 19:39:56 [Information] Stepper Motor Controller Stopwatch Stopped.
11/17/2024 19:39:56 [Information] Stepper Motor Controller Timer Stopped.
11/17/2024 19:39:56 [Information] Stepper Motor Controller Stopwatch Reset.
11/17/2024 19:39:56 [Information] Stepper Motor Controller Enable Y Axis controls after moving to location.
11/17/2024 19:39:56 [Information] Stepper Motor Controller Stopwatch Stopped.
11/17/2024 19:39:56 [Information] Stepper Motor Controller Timer Stopped.
11/17/2024 19:39:56 [Information] Stepper Motor Controller Stopwatch Reset.
11/17/2024 19:39:56 [Information] Stepper Motor Controller Enable Y Axis controls after moving to location.
11/17/2024 19:39:56 [Information] Stepper Motor Controller Stopwatch Stopped.
11/17/2024 19:39:56 [Information] Stepper Motor Controller Timer Stopped.
11/17/2024 19:39:56 [Information] Stepper Motor Controller Stopwatch Reset.
11/17/2024 19:39:56 [Information] Stepper Motor Controller Enable Y Axis controls after moving to location.
11/17/2024 19:39:56 [Information] Stepper Motor Controller Stopwatch Stopped.
11/17/2024 19:39:56 [Information] Stepper Motor Controller Timer Stopped.
11/17/2024 19:39:56 [Information] Stepper Motor Controller Stopwatch Reset.
11/17/2024 19:39:56 [Information] Stepper Motor Controller Enable Y Axis controls after moving to location.
11/17/2024 19:39:56 [Information] Stepper Motor Controller Stopwatch Stopped.
11/17/2024 19:39:56 [Information] Stepper Motor Controller Timer Stopped.
11/17/2024 19:39:56 [Information] Stepper Motor Controller Stopwatch Reset.
11/17/2024 19:39:56 [Information] Stepper Motor Controller Enable Y Axis controls after moving to location.
11/17/2024 19:39:56 [Information] Stepper Motor Controller Stopwatch Stopped.
11/17/2024 19:39:56 [Information] Stepper Motor Controller Timer Stopped.
11/17/2024 19:39:56 [Information] Stepper Motor Controller Stopwatch Reset.
11/17/2024 19:39:56 [Information] Stepper Motor Controller Enable Y Axis controls after moving to location.
11/17/2024 19:39:56 [Information] Stepper Motor Controller Stopwatch Stopped.
11/17/2024 19:39:56 [Information] Stepper Motor Controller Timer Stopped.
11/17/2024 19:39:56 [Information] Stepper Motor Controller Stopwatch Reset.
11/17/2024 19:39:56 [Information] Stepper Motor Controller Enable Y Axis controls after moving to location.
11/17/2024 19:39:56 [Information] Stepper Motor Controller Stopwatch Stopped.
11/17/2024 19:39:56 [Information] Stepper Motor Controller Timer Stopped.
11/17/2024 19:39:56 [Information] Stepper Motor Controller Stopwatch Reset.
11/17/2024 19:39:56 [Information] Stepper Motor Controller Enable Y Axis controls after moving to location.
11/17/2024 19:39:56 [Information] Stepper Motor Controller Stopwatch Stopped.
11/17/2024 19:39:56 [Information] Stepper Motor Controller Timer Stopped.
11/17/2024 19:39:56 [Information] Stepper Motor Controller Stopwatch Reset.
11/17/2024 19:39:56 [Information] Stepper Motor Controller Enable Y Axis controls after moving to location.
11/17/2024 19:39:56 [Information] Stepper Motor Controller Stopwatch Stopped.
11/17/2024 19:39:56 [Information] Stepper Motor Controller Timer Stopped.
11/17/2024 19:39:56 [Information] Stepper Motor Controller Stopwatch Reset.
11/17/2024 19:39:56 [Information] Stepper Motor Controller Enable Y Axis controls after moving to location.
11/17/2024 19:39:56 [Information] Stepper Motor Controller Stopwatch Stopped.
11/17/2024 19:39:56 [Information] Stepper Motor Controller Timer Stopped.
11/17/2024 19:39:56 [Information] Stepper Motor Controller Stopwatch Reset.
11/17/2024 19:39:56 [Information] Stepper Motor Controller Enable Y Axis controls after moving to location.
11/17/2024 19:39:56 [Information] Stepper Motor Controller Stopwatch Stopped.
11/17/2024 19:39:56 [Information] Stepper Motor Controller Timer Stopped.
11/17/2024 19:39:56 [Information] Stepper Motor Controller Stopwatch Reset.
11/17/2024 19:39:56 [Information] Stepper Motor Controller Enable Y Axis controls after moving to location.
11/17/2024 19:39:56 [Information] Stepper Motor Controller Stopwatch Stopped.
11/17/2024 19:39:56 [Information] Stepper Motor Controller Timer Stopped.
11/17/2024 19:39:56 [Information] Stepper Motor Controller Stopwatch Reset.
11/17/2024 19:39:56 [Information] Stepper Motor Controller Enable Y Axis controls after moving to location.
11/17/2024 19:39:56 [Information] Stepper Motor Controller Stopwatch Stopped.
11/17/2024 19:39:56 [Information] Stepper Motor Controller Timer Stopped.
11/17/2024 19:39:56 [Information] Stepper Motor Controller Stopwatch Reset.
11/17/2024 19:39:56 [Information] Stepper Motor Controller Enable Y Axis controls after moving to location.
11/17/2024 19:39:56 [Information] Stepper Motor Controller Stopwatch Stopped.
11/17/2024 19:39:56 [Information] Stepper Motor Controller Timer Stopped.
11/17/2024 19:39:56 [Information] Stepper Motor Controller Stopwatch Reset.
11/17/2024 19:39:56 [Information] Stepper Motor Controller Enable Y Axis controls after moving to location.
11/17/2024 19:39:56 [Information] Stepper Motor Controller Stopwatch Stopped.
11/17/2024 19:39:56 [Information] Stepper Motor Controller Timer Stopped.
11/17/2024 19:39:56 [Information] Stepper Motor Controller Stopwatch Reset.
11/17/2024 19:39:56 [Information] Stepper Motor Controller Enable Y Axis controls after moving to location.
11/17/2024 19:39:56 [Information] Stepper Motor Controller Stopwatch Stopped.
11/17/2024 19:39:56 [Information] Stepper Motor Controller Timer Stopped.
11/17/2024 19:39:56 [Information] Stepper Motor Controller Stopwatch Reset.
11/17/2024 19:39:56 [Information] Stepper Motor Controller Enable Y Axis controls after moving to location.
11/17/2024 19:39:56 [Information] Stepper Motor Controller Stopwatch Stopped.
11/17/2024 19:39:56 [Information] Stepper Motor Controller Timer Stopped.
11/17/2024 19:39:56 [Information] Stepper Motor Controller Stopwatch Reset.
11/17/2024 19:39:56 [Information] Stepper Motor Controller Enable Y Axis controls after moving to location.
11/17/2024 19:39:56 [Information] Stepper Motor Controller Stopwatch Stopped.
11/17/2024 19:39:56 [Information] Stepper Motor Controller Timer Stopped.
11/17/2024 19:39:56 [Information] Stepper Motor Controller Stopwatch Reset.
11/17/2024 19:39:56 [Information] Stepper Motor Controller Enable Y Axis controls after moving to location.
11/17/2024 19:39:56 [Information] Stepper Motor Controller Stopwatch Stopped.
11/17/2024 19:39:56 [Information] Stepper Motor Controller Timer Stopped.
11/17/2024 19:39:56 [Information] Stepper Motor Controller Stopwatch Reset.
11/17/2024 19:39:56 [Information] Stepper Motor Controller Enable Y Axis controls after moving to location.
11/17/2024 19:39:56 [Information] Stepper Motor Controller Stopwatch Stopped.
11/17/2024 19:39:56 [Information] Stepper Motor Controller Timer Stopped.
11/17/2024 19:39:56 [Information] Stepper Motor Controller Stopwatch Reset.
11/17/2024 19:39:56 [Information] Stepper Motor Controller Enable Y Axis controls after moving to location.
11/17/2024 19:39:56 [Information] Stepper Motor Controller Stopwatch Stopped.
11/17/2024 19:39:56 [Information] Stepper Motor Controller Timer Stopped.
11/17/2024 19:39:56 [Information] Stepper Motor Controller Stopwatch Reset.
11/17/2024 19:39:56 [Information] Stepper Motor Controller Enable Y Axis controls after moving to location.
11/17/2024 19:39:56 [Information] Stepper Motor Controller Stopwatch Stopped.
11/17/2024 19:39:56 [Information] Stepper Motor Controller Timer Stopped.
11/17/2024 19:39:56 [Information] Stepper Motor Controller Stopwatch Reset.
11/17/2024 19:39:56 [Information] Stepper Motor Controller Enable Y Axis controls after moving to location.
11/17/2024 19:39:56 [Information] Stepper Motor Controller Stopwatch Stopped.
11/17/2024 19:39:56 [Information] Stepper Motor Controller Timer Stopped.
11/17/2024 19:39:56 [Information] Stepper Motor Controller Stopwatch Reset.
11/17/2024 19:39:56 [Information] Stepper Motor Controller Enable Y Axis controls after moving to location.
11/17/2024 19:39:56 [Information] Stepper Motor Controller Stopwatch Stopped.
11/17/2024 19:39:56 [Information] Stepper Motor Controller Timer Stopped.
11/17/2024 19:39:56 [Information] Stepper Motor Controller Stopwatch Reset.
11/17/2024 19:39:57 [Information] Stepper Motor Controller Enable Y Axis controls after moving to location.
11/17/2024 19:39:57 [Information] Stepper Motor Controller Stopwatch Stopped.
11/17/2024 19:39:57 [Information] Stepper Motor Controller Timer Stopped.
11/17/2024 19:39:57 [Information] Stepper Motor Controller Stopwatch Reset.
11/17/2024 19:39:57 [Information] Stepper Motor Controller Enable Y Axis controls after moving to location.
11/17/2024 19:39:57 [Information] Stepper Motor Controller Stopwatch Stopped.
11/17/2024 19:39:57 [Information] Stepper Motor Controller Timer Stopped.
11/17/2024 19:39:57 [Information] Stepper Motor Controller Stopwatch Reset.
11/17/2024 19:39:57 [Information] Stepper Motor Controller Enable Y Axis controls after moving to location.
11/17/2024 19:39:57 [Information] Stepper Motor Controller Stopwatch Stopped.
11/17/2024 19:39:57 [Information] Stepper Motor Controller Timer Stopped.
11/17/2024 19:39:57 [Information] Stepper Motor Controller Stopwatch Reset.
11/17/2024 19:39:57 [Information] Stepper Motor Controller Enable Y Axis controls after moving to location.
11/17/2024 19:39:57 [Information] Stepper Motor Controller Stopwatch Stopped.
11/17/2024 19:39:57 [Information] Stepper Motor Controller Timer Stopped.
11/17/2024 19:39:57 [Information] Stepper Motor Controller Stopwatch Reset.
11/17/2024 19:39:57 [Information] Stepper Motor Controller Enable Y Axis controls after moving to location.
11/17/2024 19:39:57 [Information] Stepper Motor Controller Stopwatch Stopped.
11/17/2024 19:39:57 [Information] Stepper Motor Controller Timer Stopped.
11/17/2024 19:39:57 [Information] Stepper Motor Controller Stopwatch Reset.
11/17/2024 19:39:57 [Information] Stepper Motor Controller Enable Y Axis controls after moving to location.
11/17/2024 19:39:57 [Information] Stepper Motor Controller Stopwatch Stopped.
11/17/2024 19:39:57 [Information] Stepper Motor Controller Timer Stopped.
11/17/2024 19:39:57 [Information] Stepper Motor Controller Stopwatch Reset.
11/17/2024 19:39:57 [Information] Stepper Motor Controller Enable Y Axis controls after moving to location.
11/17/2024 19:39:57 [Information] Stepper Motor Controller Stopwatch Stopped.
11/17/2024 19:39:57 [Information] Stepper Motor Controller Timer Stopped.
11/17/2024 19:39:57 [Information] Stepper Motor Controller Stopwatch Reset.
11/17/2024 19:39:57 [Information] Stepper Motor Controller Enable Y Axis controls after moving to location.
11/17/2024 19:39:57 [Information] Stepper Motor Controller Stopwatch Stopped.
11/17/2024 19:39:57 [Information] Stepper Motor Controller Timer Stopped.
11/17/2024 19:39:57 [Information] Stepper Motor Controller Stopwatch Reset.
11/17/2024 19:39:57 [Information] Stepper Motor Controller Enable Y Axis controls after moving to location.
11/17/2024 19:39:57 [Information] Stepper Motor Controller Stopwatch Stopped.
11/17/2024 19:39:57 [Information] Stepper Motor Controller Timer Stopped.
11/17/2024 19:39:57 [Information] Stepper Motor Controller Stopwatch Reset.
11/17/2024 19:39:57 [Information] Stepper Motor Controller Enable Y Axis controls after moving to location.
11/17/2024 19:39:57 [Information] Stepper Motor Controller Stopwatch Stopped.
11/17/2024 19:39:57 [Information] Stepper Motor Controller Timer Stopped.
11/17/2024 19:39:57 [Information] Stepper Motor Controller Stopwatch Reset.
11/17/2024 19:39:57 [Information] Stepper Motor Controller Enable Y Axis controls after moving to location.
11/17/2024 19:39:57 [Information] Stepper Motor Controller Stopwatch Stopped.
11/17/2024 19:39:57 [Information] Stepper Motor Controller Timer Stopped.
11/17/2024 19:39:57 [Information] Stepper Motor Controller Stopwatch Reset.
11/17/2024 19:39:57 [Information] Stepper Motor Controller Enable Y Axis controls after moving to location.
11/17/2024 19:39:57 [Information] Stepper Motor Controller Stopwatch Stopped.
11/17/2024 19:39:57 [Information] Stepper Motor Controller Timer Stopped.
11/17/2024 19:39:57 [Information] Stepper Motor Controller Stopwatch Reset.
11/17/2024 19:39:57 [Information] Stepper Motor Controller Enable Y Axis controls after moving to location.
11/17/2024 19:39:57 [Information] Stepper Motor Controller Stopwatch Stopped.
11/17/2024 19:39:57 [Information] Stepper Motor Controller Timer Stopped.
11/17/2024 19:39:57 [Information] Stepper Motor Controller Stopwatch Reset.
11/17/2024 19:39:57 [Information] Stepper Motor Controller Enable Y Axis controls after moving to location.
11/17/2024 19:39:57 [Information] Stepper Motor Controller Stopwatch Stopped.
11/17/2024 19:39:57 [Information] Stepper Motor Controller Timer Stopped.
11/17/2024 19:39:57 [Information] Stepper Motor Controller Stopwatch Reset.
11/17/2024 19:39:57 [Information] Stepper Motor Controller Enable Y Axis controls after moving to location.
11/17/2024 19:39:57 [Information] Stepper Motor Controller Stopwatch Stopped.
11/17/2024 19:39:57 [Information] Stepper Motor Controller Timer Stopped.
11/17/2024 19:39:57 [Information] Stepper Motor Controller Stopwatch Reset.
11/17/2024 19:39:57 [Information] Stepper Motor Controller Enable Y Axis controls after moving to location.
11/17/2024 19:39:57 [Information] Stepper Motor Controller Stopwatch Stopped.
11/17/2024 19:39:57 [Information] Stepper Motor Controller Timer Stopped.
11/17/2024 19:39:57 [Information] Stepper Motor Controller Stopwatch Reset.
11/17/2024 19:39:57 [Information] Stepper Motor Controller Enable Y Axis controls after moving to location.
11/17/2024 19:39:57 [Information] Stepper Motor Controller Stopwatch Stopped.
11/17/2024 19:39:57 [Information] Stepper Motor Controller Timer Stopped.
11/17/2024 19:39:57 [Information] Stepper Motor Controller Stopwatch Reset.
11/17/2024 19:39:57 [Information] Stepper Motor Controller Enable Y Axis controls after moving to location.
11/17/2024 19:39:57 [Information] Stepper Motor Controller Stopwatch Stopped.
11/17/2024 19:39:57 [Information] Stepper Motor Controller Timer Stopped.
11/17/2024 19:39:57 [Information] Stepper Motor Controller Stopwatch Reset.
11/17/2024 19:39:57 [Information] Stepper Motor Controller Enable Y Axis controls after moving to location.
11/17/2024 19:39:57 [Information] Stepper Motor Controller Stopwatch Stopped.
11/17/2024 19:39:57 [Information] Stepper Motor Controller Timer Stopped.
11/17/2024 19:39:57 [Information] Stepper Motor Controller Stopwatch Reset.
11/17/2024 19:39:57 [Information] Stepper Motor Controller Enable Y Axis controls after moving to location.
11/17/2024 19:39:57 [Information] Stepper Motor Controller Stopwatch Stopped.
11/17/2024 19:39:57 [Information] Stepper Motor Controller Timer Stopped.
11/17/2024 19:39:57 [Information] Stepper Motor Controller Stopwatch Reset.
11/17/2024 19:39:57 [Information] Stepper Motor Controller Enable Y Axis controls after moving to location.
11/17/2024 19:39:57 [Information] Stepper Motor Controller Stopwatch Stopped.
11/17/2024 19:39:57 [Information] Stepper Motor Controller Timer Stopped.
11/17/2024 19:39:57 [Information] Stepper Motor Controller Stopwatch Reset.
11/17/2024 19:39:57 [Information] Stepper Motor Controller Enable Y Axis controls after moving to location.
11/17/2024 19:39:57 [Information] Stepper Motor Controller Stopwatch Stopped.
11/17/2024 19:39:57 [Information] Stepper Motor Controller Timer Stopped.
11/17/2024 19:39:57 [Information] Stepper Motor Controller Stopwatch Reset.
11/17/2024 19:39:57 [Information] Stepper Motor Controller Enable Y Axis controls after moving to location.
11/17/2024 19:39:57 [Information] Stepper Motor Controller Stopwatch Stopped.
11/17/2024 19:39:57 [Information] Stepper Motor Controller Timer Stopped.
11/17/2024 19:39:57 [Information] Stepper Motor Controller Stopwatch Reset.
11/17/2024 19:39:57 [Information] Stepper Motor Controller Enable Y Axis controls after moving to location.
11/17/2024 19:39:57 [Information] Stepper Motor Controller Stopwatch Stopped.
11/17/2024 19:39:57 [Information] Stepper Motor Controller Timer Stopped.
11/17/2024 19:39:57 [Information] Stepper Motor Controller Stopwatch Reset.
11/17/2024 19:39:58 [Information] Stepper Motor Controller Enable Y Axis controls after moving to location.
11/17/2024 19:39:58 [Information] Stepper Motor Controller Stopwatch Stopped.
11/17/2024 19:39:58 [Information] Stepper Motor Controller Timer Stopped.
11/17/2024 19:39:58 [Information] Stepper Motor Controller Stopwatch Reset.
11/17/2024 19:39:58 [Information] Stepper Motor Controller Enable Y Axis controls after moving to location.
11/17/2024 19:39:58 [Information] Stepper Motor Controller Stopwatch Stopped.
11/17/2024 19:39:58 [Information] Stepper Motor Controller Timer Stopped.
11/17/2024 19:39:58 [Information] Stepper Motor Controller Stopwatch Reset.
11/17/2024 19:39:58 [Information] Stepper Motor Controller Enable Y Axis controls after moving to location.
11/17/2024 19:39:58 [Information] Stepper Motor Controller Stopwatch Stopped.
11/17/2024 19:39:58 [Information] Stepper Motor Controller Timer Stopped.
11/17/2024 19:39:58 [Information] Stepper Motor Controller Stopwatch Reset.
11/17/2024 19:39:58 [Information] Stepper Motor Controller Enable Y Axis controls after moving to location.
11/17/2024 19:39:58 [Information] Stepper Motor Controller Stopwatch Stopped.
11/17/2024 19:39:58 [Information] Stepper Motor Controller Timer Stopped.
11/17/2024 19:39:58 [Information] Stepper Motor Controller Stopwatch Reset.
11/17/2024 19:39:58 [Information] Stepper Motor Controller Enable Y Axis controls after moving to location.
11/17/2024 19:39:58 [Information] Stepper Motor Controller Stopwatch Stopped.
11/17/2024 19:39:58 [Information] Stepper Motor Controller Timer Stopped.
11/17/2024 19:39:58 [Information] Stepper Motor Controller Stopwatch Reset.
11/17/2024 19:39:58 [Information] Stepper Motor Controller Enable Y Axis controls after moving to location.
11/17/2024 19:39:58 [Information] Stepper Motor Controller Stopwatch Stopped.
11/17/2024 19:39:58 [Information] Stepper Motor Controller Timer Stopped.
11/17/2024 19:39:58 [Information] Stepper Motor Controller Stopwatch Reset.
11/17/2024 19:39:58 [Information] Stepper Motor Controller Enable Y Axis controls after moving to location.
11/17/2024 19:39:58 [Information] Stepper Motor Controller Stopwatch Stopped.
11/17/2024 19:39:58 [Information] Stepper Motor Controller Timer Stopped.
11/17/2024 19:39:58 [Information] Stepper Motor Controller Stopwatch Reset.
11/17/2024 19:39:58 [Information] Stepper Motor Controller Enable Y Axis controls after moving to location.
11/17/2024 19:39:58 [Information] Stepper Motor Controller Stopwatch Stopped.
11/17/2024 19:39:58 [Information] Stepper Motor Controller Timer Stopped.
11/17/2024 19:39:58 [Information] Stepper Motor Controller Stopwatch Reset.
11/17/2024 19:39:58 [Information] Stepper Motor Controller Enable Y Axis controls after moving to location.
11/17/2024 19:39:58 [Information] Stepper Motor Controller Stopwatch Stopped.
11/17/2024 19:39:58 [Information] Stepper Motor Controller Timer Stopped.
11/17/2024 19:39:58 [Information] Stepper Motor Controller Stopwatch Reset.
11/17/2024 19:39:58 [Information] Stepper Motor Controller Enable Y Axis controls after moving to location.
11/17/2024 19:39:58 [Information] Stepper Motor Controller Stopwatch Stopped.
11/17/2024 19:39:58 [Information] Stepper Motor Controller Timer Stopped.
11/17/2024 19:39:58 [Information] Stepper Motor Controller Stopwatch Reset.
11/17/2024 19:39:58 [Information] Stepper Motor Controller Enable Y Axis controls after moving to location.
11/17/2024 19:39:58 [Information] Stepper Motor Controller Stopwatch Stopped.
11/17/2024 19:39:58 [Information] Stepper Motor Controller Timer Stopped.
11/17/2024 19:39:58 [Information] Stepper Motor Controller Stopwatch Reset.
11/17/2024 19:39:58 [Information] Stepper Motor Controller Enable Y Axis controls after moving to location.
11/17/2024 19:39:58 [Information] Stepper Motor Controller Stopwatch Stopped.
11/17/2024 19:39:58 [Information] Stepper Motor Controller Timer Stopped.
11/17/2024 19:39:58 [Information] Stepper Motor Controller Stopwatch Reset.
11/17/2024 19:39:58 [Information] Stepper Motor Controller Enable Y Axis controls after moving to location.
11/17/2024 19:39:58 [Information] Stepper Motor Controller Stopwatch Stopped.
11/17/2024 19:39:58 [Information] Stepper Motor Controller Timer Stopped.
11/17/2024 19:39:58 [Information] Stepper Motor Controller Stopwatch Reset.
11/17/2024 19:39:58 [Information] Stepper Motor Controller Enable Y Axis controls after moving to location.
11/17/2024 19:39:58 [Information] Stepper Motor Controller Stopwatch Stopped.
11/17/2024 19:39:58 [Information] Stepper Motor Controller Timer Stopped.
11/17/2024 19:39:58 [Information] Stepper Motor Controller Stopwatch Reset.
11/17/2024 19:39:58 [Information] Stepper Motor Controller Enable Y Axis controls after moving to location.
11/17/2024 19:39:58 [Information] Stepper Motor Controller Stopwatch Stopped.
11/17/2024 19:39:58 [Information] Stepper Motor Controller Timer Stopped.
11/17/2024 19:39:58 [Information] Stepper Motor Controller Stopwatch Reset.
11/17/2024 19:39:58 [Information] Stepper Motor Controller Enable Y Axis controls after moving to location.
11/17/2024 19:39:58 [Information] Stepper Motor Controller Stopwatch Stopped.
11/17/2024 19:39:58 [Information] Stepper Motor Controller Timer Stopped.
11/17/2024 19:39:58 [Information] Stepper Motor Controller Stopwatch Reset.
11/17/2024 19:39:58 [Information] Stepper Motor Controller Enable Y Axis controls after moving to location.
11/17/2024 19:39:58 [Information] Stepper Motor Controller Stopwatch Stopped.
11/17/2024 19:39:58 [Information] Stepper Motor Controller Timer Stopped.
11/17/2024 19:39:58 [Information] Stepper Motor Controller Stopwatch Reset.
11/17/2024 19:39:58 [Information] Stepper Motor Controller Enable Y Axis controls after moving to location.
11/17/2024 19:39:58 [Information] Stepper Motor Controller Stopwatch Stopped.
11/17/2024 19:39:58 [Information] Stepper Motor Controller Timer Stopped.
11/17/2024 19:39:58 [Information] Stepper Motor Controller Stopwatch Reset.
11/17/2024 19:39:58 [Information] Stepper Motor Controller Enable Y Axis controls after moving to location.
11/17/2024 19:39:58 [Information] Stepper Motor Controller Stopwatch Stopped.
11/17/2024 19:39:58 [Information] Stepper Motor Controller Timer Stopped.
11/17/2024 19:39:58 [Information] Stepper Motor Controller Stopwatch Reset.
11/17/2024 19:39:58 [Information] Stepper Motor Controller Enable Y Axis controls after moving to location.
11/17/2024 19:39:58 [Information] Stepper Motor Controller Stopwatch Stopped.
11/17/2024 19:39:58 [Information] Stepper Motor Controller Timer Stopped.
11/17/2024 19:39:58 [Information] Stepper Motor Controller Stopwatch Reset.
11/17/2024 19:39:58 [Information] Stepper Motor Controller Enable Y Axis controls after moving to location.
11/17/2024 19:39:58 [Information] Stepper Motor Controller Stopwatch Stopped.
11/17/2024 19:39:58 [Information] Stepper Motor Controller Timer Stopped.
11/17/2024 19:39:58 [Information] Stepper Motor Controller Stopwatch Reset.
11/17/2024 19:39:58 [Information] Stepper Motor Controller Enable Y Axis controls after moving to location.
11/17/2024 19:39:58 [Information] Stepper Motor Controller Stopwatch Stopped.
11/17/2024 19:39:58 [Information] Stepper Motor Controller Timer Stopped.
11/17/2024 19:39:58 [Information] Stepper Motor Controller Stopwatch Reset.
11/17/2024 19:39:58 [Information] Stepper Motor Controller Enable Y Axis controls after moving to location.
11/17/2024 19:39:58 [Information] Stepper Motor Controller Stopwatch Stopped.
11/17/2024 19:39:58 [Information] Stepper Motor Controller Timer Stopped.
11/17/2024 19:39:58 [Information] Stepper Motor Controller Stopwatch Reset.
11/17/2024 19:39:59 [Information] Stepper Motor Controller Enable Y Axis controls after moving to location.
11/17/2024 19:39:59 [Information] Stepper Motor Controller Stopwatch Stopped.
11/17/2024 19:39:59 [Information] Stepper Motor Controller Timer Stopped.
11/17/2024 19:39:59 [Information] Stepper Motor Controller Stopwatch Reset.
11/17/2024 19:39:59 [Information] Stepper Motor Controller Enable Y Axis controls after moving to location.
11/17/2024 19:39:59 [Information] Stepper Motor Controller Stopwatch Stopped.
11/17/2024 19:39:59 [Information] Stepper Motor Controller Timer Stopped.
11/17/2024 19:39:59 [Information] Stepper Motor Controller Stopwatch Reset.
11/17/2024 19:39:59 [Information] Stepper Motor Controller Enable Y Axis controls after moving to location.
11/17/2024 19:39:59 [Information] Stepper Motor Controller Stopwatch Stopped.
11/17/2024 19:39:59 [Information] Stepper Motor Controller Timer Stopped.
11/17/2024 19:39:59 [Information] Stepper Motor Controller Stopwatch Reset.
11/17/2024 19:39:59 [Information] Stepper Motor Controller Enable Y Axis controls after moving to location.
11/17/2024 19:39:59 [Information] Stepper Motor Controller Stopwatch Stopped.
11/17/2024 19:39:59 [Information] Stepper Motor Controller Timer Stopped.
11/17/2024 19:39:59 [Information] Stepper Motor Controller Stopwatch Reset.
11/17/2024 19:39:59 [Information] Stepper Motor Controller Enable Y Axis controls after moving to location.
11/17/2024 19:39:59 [Information] Stepper Motor Controller Stopwatch Stopped.
11/17/2024 19:39:59 [Information] Stepper Motor Controller Timer Stopped.
11/17/2024 19:39:59 [Information] Stepper Motor Controller Stopwatch Reset.
11/17/2024 19:39:59 [Information] Stepper Motor Controller Enable Y Axis controls after moving to location.
11/17/2024 19:39:59 [Information] Stepper Motor Controller Stopwatch Stopped.
11/17/2024 19:39:59 [Information] Stepper Motor Controller Timer Stopped.
11/17/2024 19:39:59 [Information] Stepper Motor Controller Stopwatch Reset.
11/17/2024 19:39:59 [Information] Stepper Motor Controller Enable Y Axis controls after moving to location.
11/17/2024 19:39:59 [Information] Stepper Motor Controller Stopwatch Stopped.
11/17/2024 19:39:59 [Information] Stepper Motor Controller Timer Stopped.
11/17/2024 19:39:59 [Information] Stepper Motor Controller Stopwatch Reset.
11/17/2024 19:39:59 [Information] Stepper Motor Controller Enable Y Axis controls after moving to location.
11/17/2024 19:39:59 [Information] Stepper Motor Controller Stopwatch Stopped.
11/17/2024 19:39:59 [Information] Stepper Motor Controller Timer Stopped.
11/17/2024 19:39:59 [Information] Stepper Motor Controller Stopwatch Reset.
11/17/2024 19:39:59 [Information] Stepper Motor Controller Enable Y Axis controls after moving to location.
11/17/2024 19:39:59 [Information] Stepper Motor Controller Stopwatch Stopped.
11/17/2024 19:39:59 [Information] Stepper Motor Controller Timer Stopped.
11/17/2024 19:39:59 [Information] Stepper Motor Controller Stopwatch Reset.
11/17/2024 19:39:59 [Information] Stepper Motor Controller Enable Y Axis controls after moving to location.
11/17/2024 19:39:59 [Information] Stepper Motor Controller Stopwatch Stopped.
11/17/2024 19:39:59 [Information] Stepper Motor Controller Timer Stopped.
11/17/2024 19:39:59 [Information] Stepper Motor Controller Stopwatch Reset.
11/17/2024 19:39:59 [Information] Stepper Motor Controller Enable Y Axis controls after moving to location.
11/17/2024 19:39:59 [Information] Stepper Motor Controller Stopwatch Stopped.
11/17/2024 19:39:59 [Information] Stepper Motor Controller Timer Stopped.
11/17/2024 19:39:59 [Information] Stepper Motor Controller Stopwatch Reset.
11/17/2024 19:39:59 [Information] Stepper Motor Controller Enable Y Axis controls after moving to location.
11/17/2024 19:39:59 [Information] Stepper Motor Controller Stopwatch Stopped.
11/17/2024 19:39:59 [Information] Stepper Motor Controller Timer Stopped.
11/17/2024 19:39:59 [Information] Stepper Motor Controller Stopwatch Reset.
11/17/2024 19:39:59 [Information] Stepper Motor Controller Enable Y Axis controls after moving to location.
11/17/2024 19:39:59 [Information] Stepper Motor Controller Stopwatch Stopped.
11/17/2024 19:39:59 [Information] Stepper Motor Controller Timer Stopped.
11/17/2024 19:39:59 [Information] Stepper Motor Controller Stopwatch Reset.
11/17/2024 19:39:59 [Information] Stepper Motor Controller Enable Y Axis controls after moving to location.
11/17/2024 19:39:59 [Information] Stepper Motor Controller Stopwatch Stopped.
11/17/2024 19:39:59 [Information] Stepper Motor Controller Timer Stopped.
11/17/2024 19:39:59 [Information] Stepper Motor Controller Stopwatch Reset.
11/17/2024 19:39:59 [Information] Stepper Motor Controller Enable Y Axis controls after moving to location.
11/17/2024 19:39:59 [Information] Stepper Motor Controller Stopwatch Stopped.
11/17/2024 19:39:59 [Information] Stepper Motor Controller Timer Stopped.
11/17/2024 19:39:59 [Information] Stepper Motor Controller Stopwatch Reset.
11/17/2024 19:39:59 [Information] Stepper Motor Controller Enable Y Axis controls after moving to location.
11/17/2024 19:39:59 [Information] Stepper Motor Controller Stopwatch Stopped.
11/17/2024 19:39:59 [Information] Stepper Motor Controller Timer Stopped.
11/17/2024 19:39:59 [Information] Stepper Motor Controller Stopwatch Reset.
11/17/2024 19:39:59 [Information] Stepper Motor Controller Enable Y Axis controls after moving to location.
11/17/2024 19:39:59 [Information] Stepper Motor Controller Stopwatch Stopped.
11/17/2024 19:39:59 [Information] Stepper Motor Controller Timer Stopped.
11/17/2024 19:39:59 [Information] Stepper Motor Controller Stopwatch Reset.
11/17/2024 19:39:59 [Information] Stepper Motor Controller Enable Y Axis controls after moving to location.
11/17/2024 19:39:59 [Information] Stepper Motor Controller Stopwatch Stopped.
11/17/2024 19:39:59 [Information] Stepper Motor Controller Timer Stopped.
11/17/2024 19:39:59 [Information] Stepper Motor Controller Stopwatch Reset.
11/17/2024 19:39:59 [Information] Stepper Motor Controller Enable Y Axis controls after moving to location.
11/17/2024 19:39:59 [Information] Stepper Motor Controller Stopwatch Stopped.
11/17/2024 19:39:59 [Information] Stepper Motor Controller Timer Stopped.
11/17/2024 19:39:59 [Information] Stepper Motor Controller Stopwatch Reset.
11/17/2024 19:39:59 [Information] Stepper Motor Controller Enable Y Axis controls after moving to location.
11/17/2024 19:39:59 [Information] Stepper Motor Controller Stopwatch Stopped.
11/17/2024 19:39:59 [Information] Stepper Motor Controller Timer Stopped.
11/17/2024 19:39:59 [Information] Stepper Motor Controller Stopwatch Reset.
11/17/2024 19:39:59 [Information] Stepper Motor Controller Enable Y Axis controls after moving to location.
11/17/2024 19:39:59 [Information] Stepper Motor Controller Stopwatch Stopped.
11/17/2024 19:39:59 [Information] Stepper Motor Controller Timer Stopped.
11/17/2024 19:39:59 [Information] Stepper Motor Controller Stopwatch Reset.
11/17/2024 19:39:59 [Information] Stepper Motor Controller Enable Y Axis controls after moving to location.
11/17/2024 19:39:59 [Information] Stepper Motor Controller Stopwatch Stopped.
11/17/2024 19:39:59 [Information] Stepper Motor Controller Timer Stopped.
11/17/2024 19:39:59 [Information] Stepper Motor Controller Stopwatch Reset.
11/17/2024 19:39:59 [Information] Stepper Motor Controller Enable Y Axis controls after moving to location.
11/17/2024 19:39:59 [Information] Stepper Motor Controller Stopwatch Stopped.
11/17/2024 19:39:59 [Information] Stepper Motor Controller Timer Stopped.
11/17/2024 19:39:59 [Information] Stepper Motor Controller Stopwatch Reset.
11/17/2024 19:39:59 [Information] Stepper Motor Controller Enable Y Axis controls after moving to location.
11/17/2024 19:39:59 [Information] Stepper Motor Controller Stopwatch Stopped.
11/17/2024 19:39:59 [Information] Stepper Motor Controller Timer Stopped.
11/17/2024 19:39:59 [Information] Stepper Motor Controller Stopwatch Reset.
11/17/2024 19:39:59 [Information] Stepper Motor Controller Enable Y Axis controls after moving to location.
11/17/2024 19:39:59 [Information] Stepper Motor Controller Stopwatch Stopped.
11/17/2024 19:39:59 [Information] Stepper Motor Controller Timer Stopped.
11/17/2024 19:39:59 [Information] Stepper Motor Controller Stopwatch Reset.
11/17/2024 19:39:59 [Information] Stepper Motor Controller Enable Y Axis controls after moving to location.
11/17/2024 19:39:59 [Information] Stepper Motor Controller Stopwatch Stopped.
11/17/2024 19:39:59 [Information] Stepper Motor Controller Timer Stopped.
11/17/2024 19:39:59 [Information] Stepper Motor Controller Stopwatch Reset.
11/17/2024 19:40:00 [Information] Stepper Motor Controller Enable Y Axis controls after moving to location.
11/17/2024 19:40:00 [Information] Stepper Motor Controller Stopwatch Stopped.
11/17/2024 19:40:00 [Information] Stepper Motor Controller Timer Stopped.
11/17/2024 19:40:00 [Information] Stepper Motor Controller Stopwatch Reset.
11/17/2024 19:40:00 [Information] Stepper Motor Controller Enable Y Axis controls after moving to location.
11/17/2024 19:40:00 [Information] Stepper Motor Controller Stopwatch Stopped.
11/17/2024 19:40:00 [Information] Stepper Motor Controller Timer Stopped.
11/17/2024 19:40:00 [Information] Stepper Motor Controller Stopwatch Reset.
11/17/2024 19:40:00 [Information] Stepper Motor Controller Enable Y Axis controls after moving to location.
11/17/2024 19:40:00 [Information] Stepper Motor Controller Stopwatch Stopped.
11/17/2024 19:40:00 [Information] Stepper Motor Controller Timer Stopped.
11/17/2024 19:40:00 [Information] Stepper Motor Controller Stopwatch Reset.
11/17/2024 19:40:00 [Information] Stepper Motor Controller Enable Y Axis controls after moving to location.
11/17/2024 19:40:00 [Information] Stepper Motor Controller Stopwatch Stopped.
11/17/2024 19:40:00 [Information] Stepper Motor Controller Timer Stopped.
11/17/2024 19:40:00 [Information] Stepper Motor Controller Stopwatch Reset.
11/17/2024 19:40:00 [Information] Stepper Motor Controller Enable Y Axis controls after moving to location.
11/17/2024 19:40:00 [Information] Stepper Motor Controller Stopwatch Stopped.
11/17/2024 19:40:00 [Information] Stepper Motor Controller Timer Stopped.
11/17/2024 19:40:00 [Information] Stepper Motor Controller Stopwatch Reset.
11/17/2024 19:40:00 [Information] Stepper Motor Controller Enable Y Axis controls after moving to location.
11/17/2024 19:40:00 [Information] Stepper Motor Controller Stopwatch Stopped.
11/17/2024 19:40:00 [Information] Stepper Motor Controller Timer Stopped.
11/17/2024 19:40:00 [Information] Stepper Motor Controller Stopwatch Reset.
11/17/2024 19:40:00 [Information] Stepper Motor Controller Enable Y Axis controls after moving to location.
11/17/2024 19:40:00 [Information] Stepper Motor Controller Stopwatch Stopped.
11/17/2024 19:40:00 [Information] Stepper Motor Controller Timer Stopped.
11/17/2024 19:40:00 [Information] Stepper Motor Controller Stopwatch Reset.
11/17/2024 19:40:00 [Information] Stepper Motor Controller Enable Y Axis controls after moving to location.
11/17/2024 19:40:00 [Information] Stepper Motor Controller Stopwatch Stopped.
11/17/2024 19:40:00 [Information] Stepper Motor Controller Timer Stopped.
11/17/2024 19:40:00 [Information] Stepper Motor Controller Stopwatch Reset.
11/17/2024 19:40:00 [Information] Stepper Motor Controller Enable Y Axis controls after moving to location.
11/17/2024 19:40:00 [Information] Stepper Motor Controller Stopwatch Stopped.
11/17/2024 19:40:00 [Information] Stepper Motor Controller Timer Stopped.
11/17/2024 19:40:00 [Information] Stepper Motor Controller Stopwatch Reset.
11/17/2024 19:40:00 [Information] Stepper Motor Controller Enable Y Axis controls after moving to location.
11/17/2024 19:40:00 [Information] Stepper Motor Controller Stopwatch Stopped.
11/17/2024 19:40:00 [Information] Stepper Motor Controller Timer Stopped.
11/17/2024 19:40:00 [Information] Stepper Motor Controller Stopwatch Reset.
11/17/2024 19:40:00 [Information] Stepper Motor Controller Enable Y Axis controls after moving to location.
11/17/2024 19:40:00 [Information] Stepper Motor Controller Stopwatch Stopped.
11/17/2024 19:40:00 [Information] Stepper Motor Controller Timer Stopped.
11/17/2024 19:40:00 [Information] Stepper Motor Controller Stopwatch Reset.
11/17/2024 19:40:00 [Information] Stepper Motor Controller Enable Y Axis controls after moving to location.
11/17/2024 19:40:00 [Information] Stepper Motor Controller Stopwatch Stopped.
11/17/2024 19:40:00 [Information] Stepper Motor Controller Timer Stopped.
11/17/2024 19:40:00 [Information] Stepper Motor Controller Stopwatch Reset.
11/17/2024 19:40:00 [Information] Stepper Motor Controller Enable Y Axis controls after moving to location.
11/17/2024 19:40:00 [Information] Stepper Motor Controller Stopwatch Stopped.
11/17/2024 19:40:00 [Information] Stepper Motor Controller Timer Stopped.
11/17/2024 19:40:00 [Information] Stepper Motor Controller Stopwatch Reset.
11/17/2024 19:40:00 [Information] Stepper Motor Controller Enable Y Axis controls after moving to location.
11/17/2024 19:40:00 [Information] Stepper Motor Controller Stopwatch Stopped.
11/17/2024 19:40:00 [Information] Stepper Motor Controller Timer Stopped.
11/17/2024 19:40:00 [Information] Stepper Motor Controller Stopwatch Reset.
11/17/2024 19:40:00 [Information] Stepper Motor Controller Enable Y Axis controls after moving to location.
11/17/2024 19:40:00 [Information] Stepper Motor Controller Stopwatch Stopped.
11/17/2024 19:40:00 [Information] Stepper Motor Controller Timer Stopped.
11/17/2024 19:40:00 [Information] Stepper Motor Controller Stopwatch Reset.
11/17/2024 19:40:00 [Information] Stepper Motor Controller Enable Y Axis controls after moving to location.
11/17/2024 19:40:00 [Information] Stepper Motor Controller Stopwatch Stopped.
11/17/2024 19:40:00 [Information] Stepper Motor Controller Timer Stopped.
11/17/2024 19:40:00 [Information] Stepper Motor Controller Stopwatch Reset.
11/17/2024 19:40:00 [Information] Stepper Motor Controller Enable Y Axis controls after moving to location.
11/17/2024 19:40:00 [Information] Stepper Motor Controller Stopwatch Stopped.
11/17/2024 19:40:00 [Information] Stepper Motor Controller Timer Stopped.
11/17/2024 19:40:00 [Information] Stepper Motor Controller Stopwatch Reset.
11/17/2024 19:40:00 [Information] Stepper Motor Controller Enable Y Axis controls after moving to location.
11/17/2024 19:40:00 [Information] Stepper Motor Controller Stopwatch Stopped.
11/17/2024 19:40:00 [Information] Stepper Motor Controller Timer Stopped.
11/17/2024 19:40:00 [Information] Stepper Motor Controller Stopwatch Reset.
11/17/2024 19:40:00 [Information] Stepper Motor Controller Enable Y Axis controls after moving to location.
11/17/2024 19:40:00 [Information] Stepper Motor Controller Stopwatch Stopped.
11/17/2024 19:40:00 [Information] Stepper Motor Controller Timer Stopped.
11/17/2024 19:40:00 [Information] Stepper Motor Controller Stopwatch Reset.
11/17/2024 19:40:00 [Information] Stepper Motor Controller Enable Y Axis controls after moving to location.
11/17/2024 19:40:00 [Information] Stepper Motor Controller Stopwatch Stopped.
11/17/2024 19:40:00 [Information] Stepper Motor Controller Timer Stopped.
11/17/2024 19:40:00 [Information] Stepper Motor Controller Stopwatch Reset.
11/17/2024 19:40:00 [Information] Stepper Motor Controller Enable Y Axis controls after moving to location.
11/17/2024 19:40:00 [Information] Stepper Motor Controller Stopwatch Stopped.
11/17/2024 19:40:00 [Information] Stepper Motor Controller Timer Stopped.
11/17/2024 19:40:00 [Information] Stepper Motor Controller Stopwatch Reset.
11/17/2024 19:40:00 [Information] Stepper Motor Controller Enable Y Axis controls after moving to location.
11/17/2024 19:40:00 [Information] Stepper Motor Controller Stopwatch Stopped.
11/17/2024 19:40:00 [Information] Stepper Motor Controller Timer Stopped.
11/17/2024 19:40:00 [Information] Stepper Motor Controller Stopwatch Reset.
11/17/2024 19:40:00 [Information] Stepper Motor Controller Enable Y Axis controls after moving to location.
11/17/2024 19:40:00 [Information] Stepper Motor Controller Stopwatch Stopped.
11/17/2024 19:40:00 [Information] Stepper Motor Controller Timer Stopped.
11/17/2024 19:40:00 [Information] Stepper Motor Controller Stopwatch Reset.
11/17/2024 19:40:00 [Information] Stepper Motor Controller Enable Y Axis controls after moving to location.
11/17/2024 19:40:00 [Information] Stepper Motor Controller Stopwatch Stopped.
11/17/2024 19:40:00 [Information] Stepper Motor Controller Timer Stopped.
11/17/2024 19:40:00 [Information] Stepper Motor Controller Stopwatch Reset.
11/17/2024 19:40:00 [Information] Stepper Motor Controller Enable Y Axis controls after moving to location.
11/17/2024 19:40:00 [Information] Stepper Motor Controller Stopwatch Stopped.
11/17/2024 19:40:00 [Information] Stepper Motor Controller Timer Stopped.
11/17/2024 19:40:00 [Information] Stepper Motor Controller Stopwatch Reset.
11/17/2024 19:40:01 [Information] Stepper Motor Controller Enable Y Axis controls after moving to location.
11/17/2024 19:40:01 [Information] Stepper Motor Controller Stopwatch Stopped.
11/17/2024 19:40:01 [Information] Stepper Motor Controller Timer Stopped.
11/17/2024 19:40:01 [Information] Stepper Motor Controller Stopwatch Reset.
11/17/2024 19:40:01 [Information] Stepper Motor Controller Enable Y Axis controls after moving to location.
11/17/2024 19:40:01 [Information] Stepper Motor Controller Stopwatch Stopped.
11/17/2024 19:40:01 [Information] Stepper Motor Controller Timer Stopped.
11/17/2024 19:40:01 [Information] Stepper Motor Controller Stopwatch Reset.
11/17/2024 19:40:01 [Information] Stepper Motor Controller Enable Y Axis controls after moving to location.
11/17/2024 19:40:01 [Information] Stepper Motor Controller Stopwatch Stopped.
11/17/2024 19:40:01 [Information] Stepper Motor Controller Timer Stopped.
11/17/2024 19:40:01 [Information] Stepper Motor Controller Stopwatch Reset.
11/17/2024 19:40:01 [Information] Stepper Motor Controller Enable Y Axis controls after moving to location.
11/17/2024 19:40:01 [Information] Stepper Motor Controller Stopwatch Stopped.
11/17/2024 19:40:01 [Information] Stepper Motor Controller Timer Stopped.
11/17/2024 19:40:01 [Information] Stepper Motor Controller Stopwatch Reset.
11/17/2024 19:40:01 [Information] Stepper Motor Controller Enable Y Axis controls after moving to location.
11/17/2024 19:40:01 [Information] Stepper Motor Controller Stopwatch Stopped.
11/17/2024 19:40:01 [Information] Stepper Motor Controller Timer Stopped.
11/17/2024 19:40:01 [Information] Stepper Motor Controller Stopwatch Reset.
11/17/2024 19:40:01 [Information] Stepper Motor Controller Enable Y Axis controls after moving to location.
11/17/2024 19:40:01 [Information] Stepper Motor Controller Stopwatch Stopped.
11/17/2024 19:40:01 [Information] Stepper Motor Controller Timer Stopped.
11/17/2024 19:40:01 [Information] Stepper Motor Controller Stopwatch Reset.
11/17/2024 19:40:01 [Information] Stepper Motor Controller Enable Y Axis controls after moving to location.
11/17/2024 19:40:01 [Information] Stepper Motor Controller Stopwatch Stopped.
11/17/2024 19:40:01 [Information] Stepper Motor Controller Timer Stopped.
11/17/2024 19:40:01 [Information] Stepper Motor Controller Stopwatch Reset.
11/17/2024 19:40:01 [Information] Stepper Motor Controller Enable Y Axis controls after moving to location.
11/17/2024 19:40:01 [Information] Stepper Motor Controller Stopwatch Stopped.
11/17/2024 19:40:01 [Information] Stepper Motor Controller Timer Stopped.
11/17/2024 19:40:01 [Information] Stepper Motor Controller Stopwatch Reset.
11/17/2024 19:40:01 [Information] Stepper Motor Controller Enable Y Axis controls after moving to location.
11/17/2024 19:40:01 [Information] Stepper Motor Controller Stopwatch Stopped.
11/17/2024 19:40:01 [Information] Stepper Motor Controller Timer Stopped.
11/17/2024 19:40:01 [Information] Stepper Motor Controller Stopwatch Reset.
11/17/2024 19:40:01 [Information] Stepper Motor Controller Enable Y Axis controls after moving to location.
11/17/2024 19:40:01 [Information] Stepper Motor Controller Stopwatch Stopped.
11/17/2024 19:40:01 [Information] Stepper Motor Controller Timer Stopped.
11/17/2024 19:40:01 [Information] Stepper Motor Controller Stopwatch Reset.
11/17/2024 19:40:01 [Information] Stepper Motor Controller Enable Y Axis controls after moving to location.
11/17/2024 19:40:01 [Information] Stepper Motor Controller Stopwatch Stopped.
11/17/2024 19:40:01 [Information] Stepper Motor Controller Timer Stopped.
11/17/2024 19:40:01 [Information] Stepper Motor Controller Stopwatch Reset.
11/17/2024 19:40:01 [Information] Stepper Motor Controller Enable Y Axis controls after moving to location.
11/17/2024 19:40:01 [Information] Stepper Motor Controller Stopwatch Stopped.
11/17/2024 19:40:01 [Information] Stepper Motor Controller Timer Stopped.
11/17/2024 19:40:01 [Information] Stepper Motor Controller Stopwatch Reset.
11/17/2024 19:40:01 [Information] Stepper Motor Controller Enable Y Axis controls after moving to location.
11/17/2024 19:40:01 [Information] Stepper Motor Controller Stopwatch Stopped.
11/17/2024 19:40:01 [Information] Stepper Motor Controller Timer Stopped.
11/17/2024 19:40:01 [Information] Stepper Motor Controller Stopwatch Reset.
11/17/2024 19:40:01 [Information] Stepper Motor Controller Enable Y Axis controls after moving to location.
11/17/2024 19:40:01 [Information] Stepper Motor Controller Stopwatch Stopped.
11/17/2024 19:40:01 [Information] Stepper Motor Controller Timer Stopped.
11/17/2024 19:40:01 [Information] Stepper Motor Controller Stopwatch Reset.
11/17/2024 19:40:01 [Information] Stepper Motor Controller Enable Y Axis controls after moving to location.
11/17/2024 19:40:01 [Information] Stepper Motor Controller Stopwatch Stopped.
11/17/2024 19:40:01 [Information] Stepper Motor Controller Timer Stopped.
11/17/2024 19:40:01 [Information] Stepper Motor Controller Stopwatch Reset.
11/17/2024 19:40:01 [Information] Stepper Motor Controller Enable Y Axis controls after moving to location.
11/17/2024 19:40:01 [Information] Stepper Motor Controller Stopwatch Stopped.
11/17/2024 19:40:01 [Information] Stepper Motor Controller Timer Stopped.
11/17/2024 19:40:01 [Information] Stepper Motor Controller Stopwatch Reset.
11/17/2024 19:40:01 [Information] Stepper Motor Controller Enable Y Axis controls after moving to location.
11/17/2024 19:40:01 [Information] Stepper Motor Controller Stopwatch Stopped.
11/17/2024 19:40:01 [Information] Stepper Motor Controller Timer Stopped.
11/17/2024 19:40:01 [Information] Stepper Motor Controller Stopwatch Reset.
11/17/2024 19:40:01 [Information] Stepper Motor Controller Enable Y Axis controls after moving to location.
11/17/2024 19:40:01 [Information] Stepper Motor Controller Stopwatch Stopped.
11/17/2024 19:40:01 [Information] Stepper Motor Controller Timer Stopped.
11/17/2024 19:40:01 [Information] Stepper Motor Controller Stopwatch Reset.
11/17/2024 19:40:01 [Information] Stepper Motor Controller Enable Y Axis controls after moving to location.
11/17/2024 19:40:01 [Information] Stepper Motor Controller Stopwatch Stopped.
11/17/2024 19:40:01 [Information] Stepper Motor Controller Timer Stopped.
11/17/2024 19:40:01 [Information] Stepper Motor Controller Stopwatch Reset.
11/17/2024 19:40:01 [Information] Stepper Motor Controller Enable Y Axis controls after moving to location.
11/17/2024 19:40:01 [Information] Stepper Motor Controller Stopwatch Stopped.
11/17/2024 19:40:01 [Information] Stepper Motor Controller Timer Stopped.
11/17/2024 19:40:01 [Information] Stepper Motor Controller Stopwatch Reset.
11/17/2024 19:40:01 [Information] Stepper Motor Controller Enable Y Axis controls after moving to location.
11/17/2024 19:40:01 [Information] Stepper Motor Controller Stopwatch Stopped.
11/17/2024 19:40:01 [Information] Stepper Motor Controller Timer Stopped.
11/17/2024 19:40:01 [Information] Stepper Motor Controller Stopwatch Reset.
11/17/2024 19:40:01 [Information] Stepper Motor Controller Enable Y Axis controls after moving to location.
11/17/2024 19:40:01 [Information] Stepper Motor Controller Stopwatch Stopped.
11/17/2024 19:40:01 [Information] Stepper Motor Controller Timer Stopped.
11/17/2024 19:40:01 [Information] Stepper Motor Controller Stopwatch Reset.
11/17/2024 19:40:01 [Information] Stepper Motor Controller Enable Y Axis controls after moving to location.
11/17/2024 19:40:01 [Information] Stepper Motor Controller Stopwatch Stopped.
11/17/2024 19:40:01 [Information] Stepper Motor Controller Timer Stopped.
11/17/2024 19:40:01 [Information] Stepper Motor Controller Stopwatch Reset.
11/17/2024 19:40:01 [Information] Stepper Motor Controller Enable Y Axis controls after moving to location.
11/17/2024 19:40:01 [Information] Stepper Motor Controller Stopwatch Stopped.
11/17/2024 19:40:01 [Information] Stepper Motor Controller Timer Stopped.
11/17/2024 19:40:01 [Information] Stepper Motor Controller Stopwatch Reset.
11/17/2024 19:40:02 [Information] Stepper Motor Controller Enable Y Axis controls after moving to location.
11/17/2024 19:40:02 [Information] Stepper Motor Controller Stopwatch Stopped.
11/17/2024 19:40:02 [Information] Stepper Motor Controller Timer Stopped.
11/17/2024 19:40:02 [Information] Stepper Motor Controller Stopwatch Reset.
11/17/2024 19:40:02 [Information] Stepper Motor Controller Enable Y Axis controls after moving to location.
11/17/2024 19:40:02 [Information] Stepper Motor Controller Stopwatch Stopped.
11/17/2024 19:40:02 [Information] Stepper Motor Controller Timer Stopped.
11/17/2024 19:40:02 [Information] Stepper Motor Controller Stopwatch Reset.
11/17/2024 19:40:02 [Information] Stepper Motor Controller Enable Y Axis controls after moving to location.
11/17/2024 19:40:02 [Information] Stepper Motor Controller Stopwatch Stopped.
11/17/2024 19:40:02 [Information] Stepper Motor Controller Timer Stopped.
11/17/2024 19:40:02 [Information] Stepper Motor Controller Stopwatch Reset.
11/17/2024 19:40:02 [Information] Stepper Motor Controller Enable Y Axis controls after moving to location.
11/17/2024 19:40:02 [Information] Stepper Motor Controller Stopwatch Stopped.
11/17/2024 19:40:02 [Information] Stepper Motor Controller Timer Stopped.
11/17/2024 19:40:02 [Information] Stepper Motor Controller Stopwatch Reset.
11/17/2024 19:40:02 [Information] Stepper Motor Controller Enable Y Axis controls after moving to location.
11/17/2024 19:40:02 [Information] Stepper Motor Controller Stopwatch Stopped.
11/17/2024 19:40:02 [Information] Stepper Motor Controller Timer Stopped.
11/17/2024 19:40:02 [Information] Stepper Motor Controller Stopwatch Reset.
11/17/2024 19:40:02 [Information] Stepper Motor Controller Enable Y Axis controls after moving to location.
11/17/2024 19:40:02 [Information] Stepper Motor Controller Stopwatch Stopped.
11/17/2024 19:40:02 [Information] Stepper Motor Controller Timer Stopped.
11/17/2024 19:40:02 [Information] Stepper Motor Controller Stopwatch Reset.
11/17/2024 19:40:02 [Information] Stepper Motor Controller Enable Y Axis controls after moving to location.
11/17/2024 19:40:02 [Information] Stepper Motor Controller Stopwatch Stopped.
11/17/2024 19:40:02 [Information] Stepper Motor Controller Timer Stopped.
11/17/2024 19:40:02 [Information] Stepper Motor Controller Stopwatch Reset.
11/17/2024 19:40:02 [Information] Stepper Motor Controller Enable Y Axis controls after moving to location.
11/17/2024 19:40:02 [Information] Stepper Motor Controller Stopwatch Stopped.
11/17/2024 19:40:02 [Information] Stepper Motor Controller Timer Stopped.
11/17/2024 19:40:02 [Information] Stepper Motor Controller Stopwatch Reset.
11/17/2024 19:40:02 [Information] Stepper Motor Controller Enable Y Axis controls after moving to location.
11/17/2024 19:40:02 [Information] Stepper Motor Controller Stopwatch Stopped.
11/17/2024 19:40:02 [Information] Stepper Motor Controller Timer Stopped.
11/17/2024 19:40:02 [Information] Stepper Motor Controller Stopwatch Reset.
11/17/2024 19:40:02 [Information] Stepper Motor Controller Enable Y Axis controls after moving to location.
11/17/2024 19:40:02 [Information] Stepper Motor Controller Stopwatch Stopped.
11/17/2024 19:40:02 [Information] Stepper Motor Controller Timer Stopped.
11/17/2024 19:40:02 [Information] Stepper Motor Controller Stopwatch Reset.
11/17/2024 19:40:02 [Information] Stepper Motor Controller Enable Y Axis controls after moving to location.
11/17/2024 19:40:02 [Information] Stepper Motor Controller Stopwatch Stopped.
11/17/2024 19:40:02 [Information] Stepper Motor Controller Timer Stopped.
11/17/2024 19:40:02 [Information] Stepper Motor Controller Stopwatch Reset.
11/17/2024 19:40:02 [Information] Stepper Motor Controller Enable Y Axis controls after moving to location.
11/17/2024 19:40:02 [Information] Stepper Motor Controller Stopwatch Stopped.
11/17/2024 19:40:02 [Information] Stepper Motor Controller Timer Stopped.
11/17/2024 19:40:02 [Information] Stepper Motor Controller Stopwatch Reset.
11/17/2024 19:40:02 [Information] Stepper Motor Controller Enable Y Axis controls after moving to location.
11/17/2024 19:40:02 [Information] Stepper Motor Controller Stopwatch Stopped.
11/17/2024 19:40:02 [Information] Stepper Motor Controller Timer Stopped.
11/17/2024 19:40:02 [Information] Stepper Motor Controller Stopwatch Reset.
11/17/2024 19:40:02 [Information] Stepper Motor Controller Enable Y Axis controls after moving to location.
11/17/2024 19:40:02 [Information] Stepper Motor Controller Stopwatch Stopped.
11/17/2024 19:40:02 [Information] Stepper Motor Controller Timer Stopped.
11/17/2024 19:40:02 [Information] Stepper Motor Controller Stopwatch Reset.
11/17/2024 19:40:02 [Information] Stepper Motor Controller Enable Y Axis controls after moving to location.
11/17/2024 19:40:02 [Information] Stepper Motor Controller Stopwatch Stopped.
11/17/2024 19:40:02 [Information] Stepper Motor Controller Timer Stopped.
11/17/2024 19:40:02 [Information] Stepper Motor Controller Stopwatch Reset.
11/17/2024 19:40:02 [Information] Stepper Motor Controller Enable Y Axis controls after moving to location.
11/17/2024 19:40:02 [Information] Stepper Motor Controller Stopwatch Stopped.
11/17/2024 19:40:02 [Information] Stepper Motor Controller Timer Stopped.
11/17/2024 19:40:02 [Information] Stepper Motor Controller Stopwatch Reset.
11/17/2024 19:40:02 [Information] Stepper Motor Controller Enable Y Axis controls after moving to location.
11/17/2024 19:40:02 [Information] Stepper Motor Controller Stopwatch Stopped.
11/17/2024 19:40:02 [Information] Stepper Motor Controller Timer Stopped.
11/17/2024 19:40:02 [Information] Stepper Motor Controller Stopwatch Reset.
11/17/2024 19:40:02 [Information] Stepper Motor Controller Enable Y Axis controls after moving to location.
11/17/2024 19:40:02 [Information] Stepper Motor Controller Stopwatch Stopped.
11/17/2024 19:40:02 [Information] Stepper Motor Controller Timer Stopped.
11/17/2024 19:40:02 [Information] Stepper Motor Controller Stopwatch Reset.
11/17/2024 19:40:02 [Information] Stepper Motor Controller Enable Y Axis controls after moving to location.
11/17/2024 19:40:02 [Information] Stepper Motor Controller Stopwatch Stopped.
11/17/2024 19:40:02 [Information] Stepper Motor Controller Timer Stopped.
11/17/2024 19:40:02 [Information] Stepper Motor Controller Stopwatch Reset.
11/17/2024 19:40:02 [Information] Stepper Motor Controller Enable Y Axis controls after moving to location.
11/17/2024 19:40:02 [Information] Stepper Motor Controller Stopwatch Stopped.
11/17/2024 19:40:02 [Information] Stepper Motor Controller Timer Stopped.
11/17/2024 19:40:02 [Information] Stepper Motor Controller Stopwatch Reset.
11/17/2024 19:40:02 [Information] Stepper Motor Controller Enable Y Axis controls after moving to location.
11/17/2024 19:40:02 [Information] Stepper Motor Controller Stopwatch Stopped.
11/17/2024 19:40:02 [Information] Stepper Motor Controller Timer Stopped.
11/17/2024 19:40:02 [Information] Stepper Motor Controller Stopwatch Reset.
11/17/2024 19:40:02 [Information] Stepper Motor Controller Enable Y Axis controls after moving to location.
11/17/2024 19:40:02 [Information] Stepper Motor Controller Stopwatch Stopped.
11/17/2024 19:40:02 [Information] Stepper Motor Controller Timer Stopped.
11/17/2024 19:40:02 [Information] Stepper Motor Controller Stopwatch Reset.
11/17/2024 19:40:02 [Information] Stepper Motor Controller Enable Y Axis controls after moving to location.
11/17/2024 19:40:02 [Information] Stepper Motor Controller Stopwatch Stopped.
11/17/2024 19:40:02 [Information] Stepper Motor Controller Timer Stopped.
11/17/2024 19:40:02 [Information] Stepper Motor Controller Stopwatch Reset.
11/17/2024 19:40:02 [Information] Stepper Motor Controller Enable Y Axis controls after moving to location.
11/17/2024 19:40:02 [Information] Stepper Motor Controller Stopwatch Stopped.
11/17/2024 19:40:02 [Information] Stepper Motor Controller Timer Stopped.
11/17/2024 19:40:02 [Information] Stepper Motor Controller Stopwatch Reset.
11/17/2024 19:40:03 [Information] Stepper Motor Controller Enable Y Axis controls after moving to location.
11/17/2024 19:40:03 [Information] Stepper Motor Controller Stopwatch Stopped.
11/17/2024 19:40:03 [Information] Stepper Motor Controller Timer Stopped.
11/17/2024 19:40:03 [Information] Stepper Motor Controller Stopwatch Reset.
11/17/2024 19:40:03 [Information] Stepper Motor Controller Enable Y Axis controls after moving to location.
11/17/2024 19:40:03 [Information] Stepper Motor Controller Stopwatch Stopped.
11/17/2024 19:40:03 [Information] Stepper Motor Controller Timer Stopped.
11/17/2024 19:40:03 [Information] Stepper Motor Controller Stopwatch Reset.
11/17/2024 19:40:03 [Information] Stepper Motor Controller Enable Y Axis controls after moving to location.
11/17/2024 19:40:03 [Information] Stepper Motor Controller Stopwatch Stopped.
11/17/2024 19:40:03 [Information] Stepper Motor Controller Timer Stopped.
11/17/2024 19:40:03 [Information] Stepper Motor Controller Stopwatch Reset.
11/17/2024 19:40:03 [Information] Stepper Motor Controller Enable Y Axis controls after moving to location.
11/17/2024 19:40:03 [Information] Stepper Motor Controller Stopwatch Stopped.
11/17/2024 19:40:03 [Information] Stepper Motor Controller Timer Stopped.
11/17/2024 19:40:03 [Information] Stepper Motor Controller Stopwatch Reset.
11/17/2024 19:40:03 [Information] Stepper Motor Controller Enable Y Axis controls after moving to location.
11/17/2024 19:40:03 [Information] Stepper Motor Controller Stopwatch Stopped.
11/17/2024 19:40:03 [Information] Stepper Motor Controller Timer Stopped.
11/17/2024 19:40:03 [Information] Stepper Motor Controller Stopwatch Reset.
11/17/2024 19:40:03 [Information] Stepper Motor Controller Enable Y Axis controls after moving to location.
11/17/2024 19:40:03 [Information] Stepper Motor Controller Stopwatch Stopped.
11/17/2024 19:40:03 [Information] Stepper Motor Controller Timer Stopped.
11/17/2024 19:40:03 [Information] Stepper Motor Controller Stopwatch Reset.
11/17/2024 19:40:03 [Information] Stepper Motor Controller Enable Y Axis controls after moving to location.
11/17/2024 19:40:03 [Information] Stepper Motor Controller Stopwatch Stopped.
11/17/2024 19:40:03 [Information] Stepper Motor Controller Timer Stopped.
11/17/2024 19:40:03 [Information] Stepper Motor Controller Stopwatch Reset.
11/17/2024 19:40:03 [Information] Stepper Motor Controller Enable Y Axis controls after moving to location.
11/17/2024 19:40:03 [Information] Stepper Motor Controller Stopwatch Stopped.
11/17/2024 19:40:03 [Information] Stepper Motor Controller Timer Stopped.
11/17/2024 19:40:03 [Information] Stepper Motor Controller Stopwatch Reset.
11/17/2024 19:40:03 [Information] Stepper Motor Controller Enable Y Axis controls after moving to location.
11/17/2024 19:40:03 [Information] Stepper Motor Controller Stopwatch Stopped.
11/17/2024 19:40:03 [Information] Stepper Motor Controller Timer Stopped.
11/17/2024 19:40:03 [Information] Stepper Motor Controller Stopwatch Reset.
11/17/2024 19:40:03 [Information] Stepper Motor Controller Enable Y Axis controls after moving to location.
11/17/2024 19:40:03 [Information] Stepper Motor Controller Stopwatch Stopped.
11/17/2024 19:40:03 [Information] Stepper Motor Controller Timer Stopped.
11/17/2024 19:40:03 [Information] Stepper Motor Controller Stopwatch Reset.
11/17/2024 19:40:03 [Information] Stepper Motor Controller Enable Y Axis controls after moving to location.
11/17/2024 19:40:03 [Information] Stepper Motor Controller Stopwatch Stopped.
11/17/2024 19:40:03 [Information] Stepper Motor Controller Timer Stopped.
11/17/2024 19:40:03 [Information] Stepper Motor Controller Stopwatch Reset.
11/17/2024 19:40:03 [Information] Stepper Motor Controller Enable Y Axis controls after moving to location.
11/17/2024 19:40:03 [Information] Stepper Motor Controller Stopwatch Stopped.
11/17/2024 19:40:03 [Information] Stepper Motor Controller Timer Stopped.
11/17/2024 19:40:03 [Information] Stepper Motor Controller Stopwatch Reset.
11/17/2024 19:40:03 [Information] Stepper Motor Controller Enable Y Axis controls after moving to location.
11/17/2024 19:40:03 [Information] Stepper Motor Controller Stopwatch Stopped.
11/17/2024 19:40:03 [Information] Stepper Motor Controller Timer Stopped.
11/17/2024 19:40:03 [Information] Stepper Motor Controller Stopwatch Reset.
11/17/2024 19:40:03 [Information] Stepper Motor Controller Enable Y Axis controls after moving to location.
11/17/2024 19:40:03 [Information] Stepper Motor Controller Stopwatch Stopped.
11/17/2024 19:40:03 [Information] Stepper Motor Controller Timer Stopped.
11/17/2024 19:40:03 [Information] Stepper Motor Controller Stopwatch Reset.
11/17/2024 19:40:03 [Information] Stepper Motor Controller Enable Y Axis controls after moving to location.
11/17/2024 19:40:03 [Information] Stepper Motor Controller Stopwatch Stopped.
11/17/2024 19:40:03 [Information] Stepper Motor Controller Timer Stopped.
11/17/2024 19:40:03 [Information] Stepper Motor Controller Stopwatch Reset.
11/17/2024 19:40:03 [Information] Stepper Motor Controller Enable Y Axis controls after moving to location.
11/17/2024 19:40:03 [Information] Stepper Motor Controller Stopwatch Stopped.
11/17/2024 19:40:03 [Information] Stepper Motor Controller Timer Stopped.
11/17/2024 19:40:03 [Information] Stepper Motor Controller Stopwatch Reset.
11/17/2024 19:40:03 [Information] Stepper Motor Controller Enable Y Axis controls after moving to location.
11/17/2024 19:40:03 [Information] Stepper Motor Controller Stopwatch Stopped.
11/17/2024 19:40:03 [Information] Stepper Motor Controller Timer Stopped.
11/17/2024 19:40:03 [Information] Stepper Motor Controller Stopwatch Reset.
11/17/2024 19:40:03 [Information] Stepper Motor Controller Enable Y Axis controls after moving to location.
11/17/2024 19:40:03 [Information] Stepper Motor Controller Stopwatch Stopped.
11/17/2024 19:40:03 [Information] Stepper Motor Controller Timer Stopped.
11/17/2024 19:40:03 [Information] Stepper Motor Controller Stopwatch Reset.
11/17/2024 19:40:03 [Information] Stepper Motor Controller Enable Y Axis controls after moving to location.
11/17/2024 19:40:03 [Information] Stepper Motor Controller Stopwatch Stopped.
11/17/2024 19:40:03 [Information] Stepper Motor Controller Timer Stopped.
11/17/2024 19:40:03 [Information] Stepper Motor Controller Stopwatch Reset.
11/17/2024 19:40:03 [Information] Stepper Motor Controller Enable Y Axis controls after moving to location.
11/17/2024 19:40:03 [Information] Stepper Motor Controller Stopwatch Stopped.
11/17/2024 19:40:03 [Information] Stepper Motor Controller Timer Stopped.
11/17/2024 19:40:03 [Information] Stepper Motor Controller Stopwatch Reset.
11/17/2024 19:40:03 [Information] Stepper Motor Controller Enable Y Axis controls after moving to location.
11/17/2024 19:40:03 [Information] Stepper Motor Controller Stopwatch Stopped.
11/17/2024 19:40:03 [Information] Stepper Motor Controller Timer Stopped.
11/17/2024 19:40:03 [Information] Stepper Motor Controller Stopwatch Reset.
11/17/2024 19:40:03 [Information] Stepper Motor Controller Enable Y Axis controls after moving to location.
11/17/2024 19:40:03 [Information] Stepper Motor Controller Stopwatch Stopped.
11/17/2024 19:40:03 [Information] Stepper Motor Controller Timer Stopped.
11/17/2024 19:40:03 [Information] Stepper Motor Controller Stopwatch Reset.
11/17/2024 19:40:03 [Information] Stepper Motor Controller Enable Y Axis controls after moving to location.
11/17/2024 19:40:03 [Information] Stepper Motor Controller Stopwatch Stopped.
11/17/2024 19:40:03 [Information] Stepper Motor Controller Timer Stopped.
11/17/2024 19:40:03 [Information] Stepper Motor Controller Stopwatch Reset.
11/17/2024 19:40:03 [Information] Stepper Motor Controller Enable Y Axis controls after moving to location.
11/17/2024 19:40:03 [Information] Stepper Motor Controller Stopwatch Stopped.
11/17/2024 19:40:03 [Information] Stepper Motor Controller Timer Stopped.
11/17/2024 19:40:03 [Information] Stepper Motor Controller Stopwatch Reset.
11/17/2024 19:40:03 [Information] Stepper Motor Controller Enable Y Axis controls after moving to location.
11/17/2024 19:40:03 [Information] Stepper Motor Controller Stopwatch Stopped.
11/17/2024 19:40:03 [Information] Stepper Motor Controller Timer Stopped.
11/17/2024 19:40:03 [Information] Stepper Motor Controller Stopwatch Reset.
11/17/2024 19:40:04 [Information] Stepper Motor Controller Enable Y Axis controls after moving to location.
11/17/2024 19:40:04 [Information] Stepper Motor Controller Stopwatch Stopped.
11/17/2024 19:40:04 [Information] Stepper Motor Controller Timer Stopped.
11/17/2024 19:40:04 [Information] Stepper Motor Controller Stopwatch Reset.
11/17/2024 19:40:04 [Information] Stepper Motor Controller Enable Y Axis controls after moving to location.
11/17/2024 19:40:04 [Information] Stepper Motor Controller Stopwatch Stopped.
11/17/2024 19:40:04 [Information] Stepper Motor Controller Timer Stopped.
11/17/2024 19:40:04 [Information] Stepper Motor Controller Stopwatch Reset.
11/17/2024 19:40:04 [Information] Stepper Motor Controller Enable Y Axis controls after moving to location.
11/17/2024 19:40:04 [Information] Stepper Motor Controller Stopwatch Stopped.
11/17/2024 19:40:04 [Information] Stepper Motor Controller Timer Stopped.
11/17/2024 19:40:04 [Information] Stepper Motor Controller Stopwatch Reset.
11/17/2024 19:40:04 [Information] Stepper Motor Controller Enable Y Axis controls after moving to location.
11/17/2024 19:40:04 [Information] Stepper Motor Controller Stopwatch Stopped.
11/17/2024 19:40:04 [Information] Stepper Motor Controller Timer Stopped.
11/17/2024 19:40:04 [Information] Stepper Motor Controller Stopwatch Reset.
11/17/2024 19:40:04 [Information] Stepper Motor Controller Enable Y Axis controls after moving to location.
11/17/2024 19:40:04 [Information] Stepper Motor Controller Stopwatch Stopped.
11/17/2024 19:40:04 [Information] Stepper Motor Controller Timer Stopped.
11/17/2024 19:40:04 [Information] Stepper Motor Controller Stopwatch Reset.
11/17/2024 19:40:04 [Information] Stepper Motor Controller Enable Y Axis controls after moving to location.
11/17/2024 19:40:04 [Information] Stepper Motor Controller Stopwatch Stopped.
11/17/2024 19:40:04 [Information] Stepper Motor Controller Timer Stopped.
11/17/2024 19:40:04 [Information] Stepper Motor Controller Stopwatch Reset.
11/17/2024 19:40:04 [Information] Stepper Motor Controller Enable Y Axis controls after moving to location.
11/17/2024 19:40:04 [Information] Stepper Motor Controller Stopwatch Stopped.
11/17/2024 19:40:04 [Information] Stepper Motor Controller Timer Stopped.
11/17/2024 19:40:04 [Information] Stepper Motor Controller Stopwatch Reset.
11/17/2024 19:40:04 [Information] Stepper Motor Controller Enable Y Axis controls after moving to location.
11/17/2024 19:40:04 [Information] Stepper Motor Controller Stopwatch Stopped.
11/17/2024 19:40:04 [Information] Stepper Motor Controller Timer Stopped.
11/17/2024 19:40:04 [Information] Stepper Motor Controller Stopwatch Reset.
11/17/2024 19:40:04 [Information] Stepper Motor Controller Enable Y Axis controls after moving to location.
11/17/2024 19:40:04 [Information] Stepper Motor Controller Stopwatch Stopped.
11/17/2024 19:40:04 [Information] Stepper Motor Controller Timer Stopped.
11/17/2024 19:40:04 [Information] Stepper Motor Controller Stopwatch Reset.
11/17/2024 19:40:04 [Information] Stepper Motor Controller Enable Y Axis controls after moving to location.
11/17/2024 19:40:04 [Information] Stepper Motor Controller Stopwatch Stopped.
11/17/2024 19:40:04 [Information] Stepper Motor Controller Timer Stopped.
11/17/2024 19:40:04 [Information] Stepper Motor Controller Stopwatch Reset.
11/17/2024 19:40:04 [Information] Stepper Motor Controller Enable Y Axis controls after moving to location.
11/17/2024 19:40:04 [Information] Stepper Motor Controller Stopwatch Stopped.
11/17/2024 19:40:04 [Information] Stepper Motor Controller Timer Stopped.
11/17/2024 19:40:04 [Information] Stepper Motor Controller Stopwatch Reset.
11/17/2024 19:40:04 [Information] Stepper Motor Controller Enable Y Axis controls after moving to location.
11/17/2024 19:40:04 [Information] Stepper Motor Controller Stopwatch Stopped.
11/17/2024 19:40:04 [Information] Stepper Motor Controller Timer Stopped.
11/17/2024 19:40:04 [Information] Stepper Motor Controller Stopwatch Reset.
11/17/2024 19:40:04 [Information] Stepper Motor Controller Enable Y Axis controls after moving to location.
11/17/2024 19:40:04 [Information] Stepper Motor Controller Stopwatch Stopped.
11/17/2024 19:40:04 [Information] Stepper Motor Controller Timer Stopped.
11/17/2024 19:40:04 [Information] Stepper Motor Controller Stopwatch Reset.
11/17/2024 19:40:04 [Information] Stepper Motor Controller Enable Y Axis controls after moving to location.
11/17/2024 19:40:04 [Information] Stepper Motor Controller Stopwatch Stopped.
11/17/2024 19:40:04 [Information] Stepper Motor Controller Timer Stopped.
11/17/2024 19:40:04 [Information] Stepper Motor Controller Stopwatch Reset.
11/17/2024 19:40:04 [Information] Stepper Motor Controller Enable Y Axis controls after moving to location.
11/17/2024 19:40:04 [Information] Stepper Motor Controller Stopwatch Stopped.
11/17/2024 19:40:04 [Information] Stepper Motor Controller Timer Stopped.
11/17/2024 19:40:04 [Information] Stepper Motor Controller Stopwatch Reset.
11/17/2024 19:40:04 [Information] Stepper Motor Controller Enable Y Axis controls after moving to location.
11/17/2024 19:40:04 [Information] Stepper Motor Controller Stopwatch Stopped.
11/17/2024 19:40:04 [Information] Stepper Motor Controller Timer Stopped.
11/17/2024 19:40:04 [Information] Stepper Motor Controller Stopwatch Reset.
11/17/2024 19:40:04 [Information] Stepper Motor Controller Enable Y Axis controls after moving to location.
11/17/2024 19:40:04 [Information] Stepper Motor Controller Stopwatch Stopped.
11/17/2024 19:40:04 [Information] Stepper Motor Controller Timer Stopped.
11/17/2024 19:40:04 [Information] Stepper Motor Controller Stopwatch Reset.
11/17/2024 19:40:04 [Information] Stepper Motor Controller Enable Y Axis controls after moving to location.
11/17/2024 19:40:04 [Information] Stepper Motor Controller Stopwatch Stopped.
11/17/2024 19:40:04 [Information] Stepper Motor Controller Timer Stopped.
11/17/2024 19:40:04 [Information] Stepper Motor Controller Stopwatch Reset.
11/17/2024 19:40:04 [Information] Stepper Motor Controller Enable Y Axis controls after moving to location.
11/17/2024 19:40:04 [Information] Stepper Motor Controller Stopwatch Stopped.
11/17/2024 19:40:04 [Information] Stepper Motor Controller Timer Stopped.
11/17/2024 19:40:04 [Information] Stepper Motor Controller Stopwatch Reset.
11/17/2024 19:40:04 [Information] Stepper Motor Controller Enable Y Axis controls after moving to location.
11/17/2024 19:40:04 [Information] Stepper Motor Controller Stopwatch Stopped.
11/17/2024 19:40:04 [Information] Stepper Motor Controller Timer Stopped.
11/17/2024 19:40:04 [Information] Stepper Motor Controller Stopwatch Reset.
11/17/2024 19:40:04 [Information] Stepper Motor Controller Enable Y Axis controls after moving to location.
11/17/2024 19:40:04 [Information] Stepper Motor Controller Stopwatch Stopped.
11/17/2024 19:40:04 [Information] Stepper Motor Controller Timer Stopped.
11/17/2024 19:40:04 [Information] Stepper Motor Controller Stopwatch Reset.
11/17/2024 19:40:04 [Information] Stepper Motor Controller Enable Y Axis controls after moving to location.
11/17/2024 19:40:04 [Information] Stepper Motor Controller Stopwatch Stopped.
11/17/2024 19:40:04 [Information] Stepper Motor Controller Timer Stopped.
11/17/2024 19:40:04 [Information] Stepper Motor Controller Stopwatch Reset.
11/17/2024 19:40:04 [Information] Stepper Motor Controller Enable Y Axis controls after moving to location.
11/17/2024 19:40:04 [Information] Stepper Motor Controller Stopwatch Stopped.
11/17/2024 19:40:04 [Information] Stepper Motor Controller Timer Stopped.
11/17/2024 19:40:04 [Information] Stepper Motor Controller Stopwatch Reset.
11/17/2024 19:40:04 [Information] Stepper Motor Controller Enable Y Axis controls after moving to location.
11/17/2024 19:40:04 [Information] Stepper Motor Controller Stopwatch Stopped.
11/17/2024 19:40:04 [Information] Stepper Motor Controller Timer Stopped.
11/17/2024 19:40:04 [Information] Stepper Motor Controller Stopwatch Reset.
11/17/2024 19:40:04 [Information] Stepper Motor Controller Enable Y Axis controls after moving to location.
11/17/2024 19:40:04 [Information] Stepper Motor Controller Stopwatch Stopped.
11/17/2024 19:40:04 [Information] Stepper Motor Controller Timer Stopped.
11/17/2024 19:40:04 [Information] Stepper Motor Controller Stopwatch Reset.
11/17/2024 19:40:05 [Information] Stepper Motor Controller Enable Y Axis controls after moving to location.
11/17/2024 19:40:05 [Information] Stepper Motor Controller Stopwatch Stopped.
11/17/2024 19:40:05 [Information] Stepper Motor Controller Timer Stopped.
11/17/2024 19:40:05 [Information] Stepper Motor Controller Stopwatch Reset.
11/17/2024 19:40:05 [Information] Stepper Motor Controller Enable Y Axis controls after moving to location.
11/17/2024 19:40:05 [Information] Stepper Motor Controller Stopwatch Stopped.
11/17/2024 19:40:05 [Information] Stepper Motor Controller Timer Stopped.
11/17/2024 19:40:05 [Information] Stepper Motor Controller Stopwatch Reset.
11/17/2024 19:40:05 [Information] Stepper Motor Controller Enable Y Axis controls after moving to location.
11/17/2024 19:40:05 [Information] Stepper Motor Controller Stopwatch Stopped.
11/17/2024 19:40:05 [Information] Stepper Motor Controller Timer Stopped.
11/17/2024 19:40:05 [Information] Stepper Motor Controller Stopwatch Reset.
11/17/2024 19:40:05 [Information] Stepper Motor Controller Enable Y Axis controls after moving to location.
11/17/2024 19:40:05 [Information] Stepper Motor Controller Stopwatch Stopped.
11/17/2024 19:40:05 [Information] Stepper Motor Controller Timer Stopped.
11/17/2024 19:40:05 [Information] Stepper Motor Controller Stopwatch Reset.
11/17/2024 19:40:05 [Information] Stepper Motor Controller Enable Y Axis controls after moving to location.
11/17/2024 19:40:05 [Information] Stepper Motor Controller Stopwatch Stopped.
11/17/2024 19:40:05 [Information] Stepper Motor Controller Timer Stopped.
11/17/2024 19:40:05 [Information] Stepper Motor Controller Stopwatch Reset.
11/17/2024 19:40:05 [Information] Stepper Motor Controller Enable Y Axis controls after moving to location.
11/17/2024 19:40:05 [Information] Stepper Motor Controller Stopwatch Stopped.
11/17/2024 19:40:05 [Information] Stepper Motor Controller Timer Stopped.
11/17/2024 19:40:05 [Information] Stepper Motor Controller Stopwatch Reset.
11/17/2024 19:40:05 [Information] Stepper Motor Controller Enable Y Axis controls after moving to location.
11/17/2024 19:40:05 [Information] Stepper Motor Controller Stopwatch Stopped.
11/17/2024 19:40:05 [Information] Stepper Motor Controller Timer Stopped.
11/17/2024 19:40:05 [Information] Stepper Motor Controller Stopwatch Reset.
11/17/2024 19:40:05 [Information] Stepper Motor Controller Enable Y Axis controls after moving to location.
11/17/2024 19:40:05 [Information] Stepper Motor Controller Stopwatch Stopped.
11/17/2024 19:40:05 [Information] Stepper Motor Controller Timer Stopped.
11/17/2024 19:40:05 [Information] Stepper Motor Controller Stopwatch Reset.
11/17/2024 19:40:05 [Information] Stepper Motor Controller Enable Y Axis controls after moving to location.
11/17/2024 19:40:05 [Information] Stepper Motor Controller Stopwatch Stopped.
11/17/2024 19:40:05 [Information] Stepper Motor Controller Timer Stopped.
11/17/2024 19:40:05 [Information] Stepper Motor Controller Stopwatch Reset.
11/17/2024 19:40:05 [Information] Stepper Motor Controller Enable Y Axis controls after moving to location.
11/17/2024 19:40:05 [Information] Stepper Motor Controller Stopwatch Stopped.
11/17/2024 19:40:05 [Information] Stepper Motor Controller Timer Stopped.
11/17/2024 19:40:05 [Information] Stepper Motor Controller Stopwatch Reset.
11/17/2024 19:40:05 [Information] Stepper Motor Controller Enable Y Axis controls after moving to location.
11/17/2024 19:40:05 [Information] Stepper Motor Controller Stopwatch Stopped.
11/17/2024 19:40:05 [Information] Stepper Motor Controller Timer Stopped.
11/17/2024 19:40:05 [Information] Stepper Motor Controller Stopwatch Reset.
11/17/2024 19:40:05 [Information] Stepper Motor Controller Enable Y Axis controls after moving to location.
11/17/2024 19:40:05 [Information] Stepper Motor Controller Stopwatch Stopped.
11/17/2024 19:40:05 [Information] Stepper Motor Controller Timer Stopped.
11/17/2024 19:40:05 [Information] Stepper Motor Controller Stopwatch Reset.
11/17/2024 19:40:05 [Information] Stepper Motor Controller Enable Y Axis controls after moving to location.
11/17/2024 19:40:05 [Information] Stepper Motor Controller Stopwatch Stopped.
11/17/2024 19:40:05 [Information] Stepper Motor Controller Timer Stopped.
11/17/2024 19:40:05 [Information] Stepper Motor Controller Stopwatch Reset.
11/17/2024 19:40:05 [Information] Stepper Motor Controller Enable Y Axis controls after moving to location.
11/17/2024 19:40:05 [Information] Stepper Motor Controller Stopwatch Stopped.
11/17/2024 19:40:05 [Information] Stepper Motor Controller Timer Stopped.
11/17/2024 19:40:05 [Information] Stepper Motor Controller Stopwatch Reset.
11/17/2024 19:40:05 [Information] Stepper Motor Controller Enable Y Axis controls after moving to location.
11/17/2024 19:40:05 [Information] Stepper Motor Controller Stopwatch Stopped.
11/17/2024 19:40:05 [Information] Stepper Motor Controller Timer Stopped.
11/17/2024 19:40:05 [Information] Stepper Motor Controller Stopwatch Reset.
11/17/2024 19:40:05 [Information] Stepper Motor Controller Enable Y Axis controls after moving to location.
11/17/2024 19:40:05 [Information] Stepper Motor Controller Stopwatch Stopped.
11/17/2024 19:40:05 [Information] Stepper Motor Controller Timer Stopped.
11/17/2024 19:40:05 [Information] Stepper Motor Controller Stopwatch Reset.
11/17/2024 19:40:05 [Information] Stepper Motor Controller Enable Y Axis controls after moving to location.
11/17/2024 19:40:05 [Information] Stepper Motor Controller Stopwatch Stopped.
11/17/2024 19:40:05 [Information] Stepper Motor Controller Timer Stopped.
11/17/2024 19:40:05 [Information] Stepper Motor Controller Stopwatch Reset.
11/17/2024 19:40:05 [Information] Stepper Motor Controller Enable Y Axis controls after moving to location.
11/17/2024 19:40:05 [Information] Stepper Motor Controller Stopwatch Stopped.
11/17/2024 19:40:05 [Information] Stepper Motor Controller Timer Stopped.
11/17/2024 19:40:05 [Information] Stepper Motor Controller Stopwatch Reset.
11/17/2024 19:40:05 [Information] Stepper Motor Controller Enable Y Axis controls after moving to location.
11/17/2024 19:40:05 [Information] Stepper Motor Controller Stopwatch Stopped.
11/17/2024 19:40:05 [Information] Stepper Motor Controller Timer Stopped.
11/17/2024 19:40:05 [Information] Stepper Motor Controller Stopwatch Reset.
11/17/2024 19:40:05 [Information] Stepper Motor Controller Enable Y Axis controls after moving to location.
11/17/2024 19:40:05 [Information] Stepper Motor Controller Stopwatch Stopped.
11/17/2024 19:40:05 [Information] Stepper Motor Controller Timer Stopped.
11/17/2024 19:40:05 [Information] Stepper Motor Controller Stopwatch Reset.
11/17/2024 19:40:05 [Information] Stepper Motor Controller Enable Y Axis controls after moving to location.
11/17/2024 19:40:05 [Information] Stepper Motor Controller Stopwatch Stopped.
11/17/2024 19:40:05 [Information] Stepper Motor Controller Timer Stopped.
11/17/2024 19:40:05 [Information] Stepper Motor Controller Stopwatch Reset.
11/17/2024 19:40:05 [Information] Stepper Motor Controller Enable Y Axis controls after moving to location.
11/17/2024 19:40:05 [Information] Stepper Motor Controller Stopwatch Stopped.
11/17/2024 19:40:05 [Information] Stepper Motor Controller Timer Stopped.
11/17/2024 19:40:05 [Information] Stepper Motor Controller Stopwatch Reset.
11/17/2024 19:40:05 [Information] Stepper Motor Controller Enable Y Axis controls after moving to location.
11/17/2024 19:40:05 [Information] Stepper Motor Controller Stopwatch Stopped.
11/17/2024 19:40:05 [Information] Stepper Motor Controller Timer Stopped.
11/17/2024 19:40:05 [Information] Stepper Motor Controller Stopwatch Reset.
11/17/2024 19:40:05 [Information] Stepper Motor Controller Enable Y Axis controls after moving to location.
11/17/2024 19:40:05 [Information] Stepper Motor Controller Stopwatch Stopped.
11/17/2024 19:40:05 [Information] Stepper Motor Controller Timer Stopped.
11/17/2024 19:40:05 [Information] Stepper Motor Controller Stopwatch Reset.
11/17/2024 19:40:05 [Information] Stepper Motor Controller Enable Y Axis controls after moving to location.
11/17/2024 19:40:05 [Information] Stepper Motor Controller Stopwatch Stopped.
11/17/2024 19:40:05 [Information] Stepper Motor Controller Timer Stopped.
11/17/2024 19:40:05 [Information] Stepper Motor Controller Stopwatch Reset.
11/17/2024 19:40:06 [Information] Stepper Motor Controller Enable Y Axis controls after moving to location.
11/17/2024 19:40:06 [Information] Stepper Motor Controller Stopwatch Stopped.
11/17/2024 19:40:06 [Information] Stepper Motor Controller Timer Stopped.
11/17/2024 19:40:06 [Information] Stepper Motor Controller Stopwatch Reset.
11/17/2024 19:40:06 [Information] Stepper Motor Controller Enable Y Axis controls after moving to location.
11/17/2024 19:40:06 [Information] Stepper Motor Controller Stopwatch Stopped.
11/17/2024 19:40:06 [Information] Stepper Motor Controller Timer Stopped.
11/17/2024 19:40:06 [Information] Stepper Motor Controller Stopwatch Reset.
11/17/2024 19:40:06 [Information] Stepper Motor Controller Enable Y Axis controls after moving to location.
11/17/2024 19:40:06 [Information] Stepper Motor Controller Stopwatch Stopped.
11/17/2024 19:40:06 [Information] Stepper Motor Controller Timer Stopped.
11/17/2024 19:40:06 [Information] Stepper Motor Controller Stopwatch Reset.
11/17/2024 19:40:06 [Information] Stepper Motor Controller Enable Y Axis controls after moving to location.
11/17/2024 19:40:06 [Information] Stepper Motor Controller Stopwatch Stopped.
11/17/2024 19:40:06 [Information] Stepper Motor Controller Timer Stopped.
11/17/2024 19:40:06 [Information] Stepper Motor Controller Stopwatch Reset.
11/17/2024 19:40:06 [Information] Stepper Motor Controller Enable Y Axis controls after moving to location.
11/17/2024 19:40:06 [Information] Stepper Motor Controller Stopwatch Stopped.
11/17/2024 19:40:06 [Information] Stepper Motor Controller Timer Stopped.
11/17/2024 19:40:06 [Information] Stepper Motor Controller Stopwatch Reset.
11/17/2024 19:40:06 [Information] Stepper Motor Controller Enable Y Axis controls after moving to location.
11/17/2024 19:40:06 [Information] Stepper Motor Controller Stopwatch Stopped.
11/17/2024 19:40:06 [Information] Stepper Motor Controller Timer Stopped.
11/17/2024 19:40:06 [Information] Stepper Motor Controller Stopwatch Reset.
11/17/2024 19:40:06 [Information] Stepper Motor Controller Enable Y Axis controls after moving to location.
11/17/2024 19:40:06 [Information] Stepper Motor Controller Stopwatch Stopped.
11/17/2024 19:40:06 [Information] Stepper Motor Controller Timer Stopped.
11/17/2024 19:40:06 [Information] Stepper Motor Controller Stopwatch Reset.
11/17/2024 19:40:06 [Information] Stepper Motor Controller Enable Y Axis controls after moving to location.
11/17/2024 19:40:06 [Information] Stepper Motor Controller Stopwatch Stopped.
11/17/2024 19:40:06 [Information] Stepper Motor Controller Timer Stopped.
11/17/2024 19:40:06 [Information] Stepper Motor Controller Stopwatch Reset.
11/17/2024 19:40:06 [Information] Stepper Motor Controller Enable Y Axis controls after moving to location.
11/17/2024 19:40:06 [Information] Stepper Motor Controller Stopwatch Stopped.
11/17/2024 19:40:06 [Information] Stepper Motor Controller Timer Stopped.
11/17/2024 19:40:06 [Information] Stepper Motor Controller Stopwatch Reset.
11/17/2024 19:40:06 [Information] Stepper Motor Controller Enable Y Axis controls after moving to location.
11/17/2024 19:40:06 [Information] Stepper Motor Controller Stopwatch Stopped.
11/17/2024 19:40:06 [Information] Stepper Motor Controller Timer Stopped.
11/17/2024 19:40:06 [Information] Stepper Motor Controller Stopwatch Reset.
11/17/2024 19:40:06 [Information] Stepper Motor Controller Enable Y Axis controls after moving to location.
11/17/2024 19:40:06 [Information] Stepper Motor Controller Stopwatch Stopped.
11/17/2024 19:40:06 [Information] Stepper Motor Controller Timer Stopped.
11/17/2024 19:40:06 [Information] Stepper Motor Controller Stopwatch Reset.
11/17/2024 19:40:06 [Information] Stepper Motor Controller Enable Y Axis controls after moving to location.
11/17/2024 19:40:06 [Information] Stepper Motor Controller Stopwatch Stopped.
11/17/2024 19:40:06 [Information] Stepper Motor Controller Timer Stopped.
11/17/2024 19:40:06 [Information] Stepper Motor Controller Stopwatch Reset.
11/17/2024 19:40:06 [Information] Stepper Motor Controller Enable Y Axis controls after moving to location.
11/17/2024 19:40:06 [Information] Stepper Motor Controller Stopwatch Stopped.
11/17/2024 19:40:06 [Information] Stepper Motor Controller Timer Stopped.
11/17/2024 19:40:06 [Information] Stepper Motor Controller Stopwatch Reset.
11/17/2024 19:40:06 [Information] Stepper Motor Controller Enable Y Axis controls after moving to location.
11/17/2024 19:40:06 [Information] Stepper Motor Controller Stopwatch Stopped.
11/17/2024 19:40:06 [Information] Stepper Motor Controller Timer Stopped.
11/17/2024 19:40:06 [Information] Stepper Motor Controller Stopwatch Reset.
11/17/2024 19:40:06 [Information] Stepper Motor Controller Enable Y Axis controls after moving to location.
11/17/2024 19:40:06 [Information] Stepper Motor Controller Stopwatch Stopped.
11/17/2024 19:40:06 [Information] Stepper Motor Controller Timer Stopped.
11/17/2024 19:40:06 [Information] Stepper Motor Controller Stopwatch Reset.
11/17/2024 19:40:06 [Information] Stepper Motor Controller Enable Y Axis controls after moving to location.
11/17/2024 19:40:06 [Information] Stepper Motor Controller Stopwatch Stopped.
11/17/2024 19:40:06 [Information] Stepper Motor Controller Timer Stopped.
11/17/2024 19:40:06 [Information] Stepper Motor Controller Stopwatch Reset.
11/17/2024 19:40:06 [Information] Stepper Motor Controller Enable Y Axis controls after moving to location.
11/17/2024 19:40:06 [Information] Stepper Motor Controller Stopwatch Stopped.
11/17/2024 19:40:06 [Information] Stepper Motor Controller Timer Stopped.
11/17/2024 19:40:06 [Information] Stepper Motor Controller Stopwatch Reset.
11/17/2024 19:40:06 [Information] Stepper Motor Controller Enable Y Axis controls after moving to location.
11/17/2024 19:40:06 [Information] Stepper Motor Controller Stopwatch Stopped.
11/17/2024 19:40:06 [Information] Stepper Motor Controller Timer Stopped.
11/17/2024 19:40:06 [Information] Stepper Motor Controller Stopwatch Reset.
11/17/2024 19:40:06 [Information] Stepper Motor Controller Enable Y Axis controls after moving to location.
11/17/2024 19:40:06 [Information] Stepper Motor Controller Stopwatch Stopped.
11/17/2024 19:40:06 [Information] Stepper Motor Controller Timer Stopped.
11/17/2024 19:40:06 [Information] Stepper Motor Controller Stopwatch Reset.
11/17/2024 19:40:06 [Information] Stepper Motor Controller Enable Y Axis controls after moving to location.
11/17/2024 19:40:06 [Information] Stepper Motor Controller Stopwatch Stopped.
11/17/2024 19:40:06 [Information] Stepper Motor Controller Timer Stopped.
11/17/2024 19:40:06 [Information] Stepper Motor Controller Stopwatch Reset.
11/17/2024 19:40:06 [Information] Stepper Motor Controller Enable Y Axis controls after moving to location.
11/17/2024 19:40:06 [Information] Stepper Motor Controller Stopwatch Stopped.
11/17/2024 19:40:06 [Information] Stepper Motor Controller Timer Stopped.
11/17/2024 19:40:06 [Information] Stepper Motor Controller Stopwatch Reset.
11/17/2024 19:40:06 [Information] Stepper Motor Controller Enable Y Axis controls after moving to location.
11/17/2024 19:40:06 [Information] Stepper Motor Controller Stopwatch Stopped.
11/17/2024 19:40:06 [Information] Stepper Motor Controller Timer Stopped.
11/17/2024 19:40:06 [Information] Stepper Motor Controller Stopwatch Reset.
11/17/2024 19:40:06 [Information] Stepper Motor Controller Enable Y Axis controls after moving to location.
11/17/2024 19:40:06 [Information] Stepper Motor Controller Stopwatch Stopped.
11/17/2024 19:40:06 [Information] Stepper Motor Controller Timer Stopped.
11/17/2024 19:40:06 [Information] Stepper Motor Controller Stopwatch Reset.
11/17/2024 19:40:06 [Information] Stepper Motor Controller Enable Y Axis controls after moving to location.
11/17/2024 19:40:06 [Information] Stepper Motor Controller Stopwatch Stopped.
11/17/2024 19:40:06 [Information] Stepper Motor Controller Timer Stopped.
11/17/2024 19:40:06 [Information] Stepper Motor Controller Stopwatch Reset.
11/17/2024 19:40:06 [Information] Stepper Motor Controller Enable Y Axis controls after moving to location.
11/17/2024 19:40:06 [Information] Stepper Motor Controller Stopwatch Stopped.
11/17/2024 19:40:06 [Information] Stepper Motor Controller Timer Stopped.
11/17/2024 19:40:06 [Information] Stepper Motor Controller Stopwatch Reset.
11/17/2024 19:40:06 [Information] Stepper Motor Controller Enable Y Axis controls after moving to location.
11/17/2024 19:40:06 [Information] Stepper Motor Controller Stopwatch Stopped.
11/17/2024 19:40:06 [Information] Stepper Motor Controller Timer Stopped.
11/17/2024 19:40:06 [Information] Stepper Motor Controller Stopwatch Reset.
11/17/2024 19:40:07 [Information] Stepper Motor Controller Enable Y Axis controls after moving to location.
11/17/2024 19:40:07 [Information] Stepper Motor Controller Stopwatch Stopped.
11/17/2024 19:40:07 [Information] Stepper Motor Controller Timer Stopped.
11/17/2024 19:40:07 [Information] Stepper Motor Controller Stopwatch Reset.
11/17/2024 19:40:07 [Information] Stepper Motor Controller Enable Y Axis controls after moving to location.
11/17/2024 19:40:07 [Information] Stepper Motor Controller Stopwatch Stopped.
11/17/2024 19:40:07 [Information] Stepper Motor Controller Timer Stopped.
11/17/2024 19:40:07 [Information] Stepper Motor Controller Stopwatch Reset.
11/17/2024 19:40:07 [Information] Stepper Motor Controller Enable Y Axis controls after moving to location.
11/17/2024 19:40:07 [Information] Stepper Motor Controller Stopwatch Stopped.
11/17/2024 19:40:07 [Information] Stepper Motor Controller Timer Stopped.
11/17/2024 19:40:07 [Information] Stepper Motor Controller Stopwatch Reset.
11/17/2024 19:40:07 [Information] Stepper Motor Controller Enable Y Axis controls after moving to location.
11/17/2024 19:40:07 [Information] Stepper Motor Controller Stopwatch Stopped.
11/17/2024 19:40:07 [Information] Stepper Motor Controller Timer Stopped.
11/17/2024 19:40:07 [Information] Stepper Motor Controller Stopwatch Reset.
11/17/2024 19:40:07 [Information] Stepper Motor Controller Enable Y Axis controls after moving to location.
11/17/2024 19:40:07 [Information] Stepper Motor Controller Stopwatch Stopped.
11/17/2024 19:40:07 [Information] Stepper Motor Controller Timer Stopped.
11/17/2024 19:40:07 [Information] Stepper Motor Controller Stopwatch Reset.
11/17/2024 19:40:07 [Information] Stepper Motor Controller Enable Y Axis controls after moving to location.
11/17/2024 19:40:07 [Information] Stepper Motor Controller Stopwatch Stopped.
11/17/2024 19:40:07 [Information] Stepper Motor Controller Timer Stopped.
11/17/2024 19:40:07 [Information] Stepper Motor Controller Stopwatch Reset.
11/17/2024 19:40:07 [Information] Stepper Motor Controller Enable Y Axis controls after moving to location.
11/17/2024 19:40:07 [Information] Stepper Motor Controller Stopwatch Stopped.
11/17/2024 19:40:07 [Information] Stepper Motor Controller Timer Stopped.
11/17/2024 19:40:07 [Information] Stepper Motor Controller Stopwatch Reset.
11/17/2024 19:40:07 [Information] Stepper Motor Controller Enable Y Axis controls after moving to location.
11/17/2024 19:40:07 [Information] Stepper Motor Controller Stopwatch Stopped.
11/17/2024 19:40:07 [Information] Stepper Motor Controller Timer Stopped.
11/17/2024 19:40:07 [Information] Stepper Motor Controller Stopwatch Reset.
11/17/2024 19:40:07 [Information] Stepper Motor Controller Enable Y Axis controls after moving to location.
11/17/2024 19:40:07 [Information] Stepper Motor Controller Stopwatch Stopped.
11/17/2024 19:40:07 [Information] Stepper Motor Controller Timer Stopped.
11/17/2024 19:40:07 [Information] Stepper Motor Controller Stopwatch Reset.
11/17/2024 19:40:07 [Information] Stepper Motor Controller Enable Y Axis controls after moving to location.
11/17/2024 19:40:07 [Information] Stepper Motor Controller Stopwatch Stopped.
11/17/2024 19:40:07 [Information] Stepper Motor Controller Timer Stopped.
11/17/2024 19:40:07 [Information] Stepper Motor Controller Stopwatch Reset.
11/17/2024 19:40:07 [Information] Stepper Motor Controller Enable Y Axis controls after moving to location.
11/17/2024 19:40:07 [Information] Stepper Motor Controller Stopwatch Stopped.
11/17/2024 19:40:07 [Information] Stepper Motor Controller Timer Stopped.
11/17/2024 19:40:07 [Information] Stepper Motor Controller Stopwatch Reset.
11/17/2024 19:40:07 [Information] Stepper Motor Controller Enable Y Axis controls after moving to location.
11/17/2024 19:40:07 [Information] Stepper Motor Controller Stopwatch Stopped.
11/17/2024 19:40:07 [Information] Stepper Motor Controller Timer Stopped.
11/17/2024 19:40:07 [Information] Stepper Motor Controller Stopwatch Reset.
11/17/2024 19:40:07 [Information] Stepper Motor Controller Enable Y Axis controls after moving to location.
11/17/2024 19:40:07 [Information] Stepper Motor Controller Stopwatch Stopped.
11/17/2024 19:40:07 [Information] Stepper Motor Controller Timer Stopped.
11/17/2024 19:40:07 [Information] Stepper Motor Controller Stopwatch Reset.
11/17/2024 19:40:07 [Information] Stepper Motor Controller Enable Y Axis controls after moving to location.
11/17/2024 19:40:07 [Information] Stepper Motor Controller Stopwatch Stopped.
11/17/2024 19:40:07 [Information] Stepper Motor Controller Timer Stopped.
11/17/2024 19:40:07 [Information] Stepper Motor Controller Stopwatch Reset.
11/17/2024 19:40:07 [Information] Stepper Motor Controller Enable Y Axis controls after moving to location.
11/17/2024 19:40:07 [Information] Stepper Motor Controller Stopwatch Stopped.
11/17/2024 19:40:07 [Information] Stepper Motor Controller Timer Stopped.
11/17/2024 19:40:07 [Information] Stepper Motor Controller Stopwatch Reset.
11/17/2024 19:40:07 [Information] Stepper Motor Controller Enable Y Axis controls after moving to location.
11/17/2024 19:40:07 [Information] Stepper Motor Controller Stopwatch Stopped.
11/17/2024 19:40:07 [Information] Stepper Motor Controller Timer Stopped.
11/17/2024 19:40:07 [Information] Stepper Motor Controller Stopwatch Reset.
11/17/2024 19:40:07 [Information] Stepper Motor Controller Enable Y Axis controls after moving to location.
11/17/2024 19:40:07 [Information] Stepper Motor Controller Stopwatch Stopped.
11/17/2024 19:40:07 [Information] Stepper Motor Controller Timer Stopped.
11/17/2024 19:40:07 [Information] Stepper Motor Controller Stopwatch Reset.
11/17/2024 19:40:07 [Information] Stepper Motor Controller Enable Y Axis controls after moving to location.
11/17/2024 19:40:07 [Information] Stepper Motor Controller Stopwatch Stopped.
11/17/2024 19:40:07 [Information] Stepper Motor Controller Timer Stopped.
11/17/2024 19:40:07 [Information] Stepper Motor Controller Stopwatch Reset.
11/17/2024 19:40:07 [Information] Stepper Motor Controller Enable Y Axis controls after moving to location.
11/17/2024 19:40:07 [Information] Stepper Motor Controller Stopwatch Stopped.
11/17/2024 19:40:07 [Information] Stepper Motor Controller Timer Stopped.
11/17/2024 19:40:07 [Information] Stepper Motor Controller Stopwatch Reset.
11/17/2024 19:40:07 [Information] Stepper Motor Controller Enable Y Axis controls after moving to location.
11/17/2024 19:40:07 [Information] Stepper Motor Controller Stopwatch Stopped.
11/17/2024 19:40:07 [Information] Stepper Motor Controller Timer Stopped.
11/17/2024 19:40:07 [Information] Stepper Motor Controller Stopwatch Reset.
11/17/2024 19:40:07 [Information] Stepper Motor Controller Enable Y Axis controls after moving to location.
11/17/2024 19:40:07 [Information] Stepper Motor Controller Stopwatch Stopped.
11/17/2024 19:40:07 [Information] Stepper Motor Controller Timer Stopped.
11/17/2024 19:40:07 [Information] Stepper Motor Controller Stopwatch Reset.
11/17/2024 19:40:07 [Information] Stepper Motor Controller Enable Y Axis controls after moving to location.
11/17/2024 19:40:07 [Information] Stepper Motor Controller Stopwatch Stopped.
11/17/2024 19:40:07 [Information] Stepper Motor Controller Timer Stopped.
11/17/2024 19:40:07 [Information] Stepper Motor Controller Stopwatch Reset.
11/17/2024 19:40:07 [Information] Stepper Motor Controller Enable Y Axis controls after moving to location.
11/17/2024 19:40:07 [Information] Stepper Motor Controller Stopwatch Stopped.
11/17/2024 19:40:07 [Information] Stepper Motor Controller Timer Stopped.
11/17/2024 19:40:07 [Information] Stepper Motor Controller Stopwatch Reset.
11/17/2024 19:40:07 [Information] Stepper Motor Controller Enable Y Axis controls after moving to location.
11/17/2024 19:40:07 [Information] Stepper Motor Controller Stopwatch Stopped.
11/17/2024 19:40:07 [Information] Stepper Motor Controller Timer Stopped.
11/17/2024 19:40:07 [Information] Stepper Motor Controller Stopwatch Reset.
11/17/2024 19:40:08 [Information] Stepper Motor Controller Enable Y Axis controls after moving to location.
11/17/2024 19:40:08 [Information] Stepper Motor Controller Stopwatch Stopped.
11/17/2024 19:40:08 [Information] Stepper Motor Controller Timer Stopped.
11/17/2024 19:40:08 [Information] Stepper Motor Controller Stopwatch Reset.
11/17/2024 19:40:08 [Information] Stepper Motor Controller Enable Y Axis controls after moving to location.
11/17/2024 19:40:08 [Information] Stepper Motor Controller Stopwatch Stopped.
11/17/2024 19:40:08 [Information] Stepper Motor Controller Timer Stopped.
11/17/2024 19:40:08 [Information] Stepper Motor Controller Stopwatch Reset.
11/17/2024 19:40:08 [Information] Stepper Motor Controller Enable Y Axis controls after moving to location.
11/17/2024 19:40:08 [Information] Stepper Motor Controller Stopwatch Stopped.
11/17/2024 19:40:08 [Information] Stepper Motor Controller Timer Stopped.
11/17/2024 19:40:08 [Information] Stepper Motor Controller Stopwatch Reset.
11/17/2024 19:40:08 [Information] Stepper Motor Controller Enable Y Axis controls after moving to location.
11/17/2024 19:40:08 [Information] Stepper Motor Controller Stopwatch Stopped.
11/17/2024 19:40:08 [Information] Stepper Motor Controller Timer Stopped.
11/17/2024 19:40:08 [Information] Stepper Motor Controller Stopwatch Reset.
11/17/2024 19:40:08 [Information] Stepper Motor Controller Enable Y Axis controls after moving to location.
11/17/2024 19:40:08 [Information] Stepper Motor Controller Stopwatch Stopped.
11/17/2024 19:40:08 [Information] Stepper Motor Controller Timer Stopped.
11/17/2024 19:40:08 [Information] Stepper Motor Controller Stopwatch Reset.
11/17/2024 19:40:08 [Information] Stepper Motor Controller Enable Y Axis controls after moving to location.
11/17/2024 19:40:08 [Information] Stepper Motor Controller Stopwatch Stopped.
11/17/2024 19:40:08 [Information] Stepper Motor Controller Timer Stopped.
11/17/2024 19:40:08 [Information] Stepper Motor Controller Stopwatch Reset.
11/17/2024 19:40:08 [Information] Stepper Motor Controller Enable Y Axis controls after moving to location.
11/17/2024 19:40:08 [Information] Stepper Motor Controller Stopwatch Stopped.
11/17/2024 19:40:08 [Information] Stepper Motor Controller Timer Stopped.
11/17/2024 19:40:08 [Information] Stepper Motor Controller Stopwatch Reset.
11/17/2024 19:40:08 [Information] Stepper Motor Controller Enable Y Axis controls after moving to location.
11/17/2024 19:40:08 [Information] Stepper Motor Controller Stopwatch Stopped.
11/17/2024 19:40:08 [Information] Stepper Motor Controller Timer Stopped.
11/17/2024 19:40:08 [Information] Stepper Motor Controller Stopwatch Reset.
11/17/2024 19:40:08 [Information] Stepper Motor Controller Enable Y Axis controls after moving to location.
11/17/2024 19:40:08 [Information] Stepper Motor Controller Stopwatch Stopped.
11/17/2024 19:40:08 [Information] Stepper Motor Controller Timer Stopped.
11/17/2024 19:40:08 [Information] Stepper Motor Controller Stopwatch Reset.
11/17/2024 19:40:08 [Information] Stepper Motor Controller Enable Y Axis controls after moving to location.
11/17/2024 19:40:08 [Information] Stepper Motor Controller Stopwatch Stopped.
11/17/2024 19:40:08 [Information] Stepper Motor Controller Timer Stopped.
11/17/2024 19:40:08 [Information] Stepper Motor Controller Stopwatch Reset.
11/17/2024 19:40:08 [Information] Stepper Motor Controller Enable Y Axis controls after moving to location.
11/17/2024 19:40:08 [Information] Stepper Motor Controller Stopwatch Stopped.
11/17/2024 19:40:08 [Information] Stepper Motor Controller Timer Stopped.
11/17/2024 19:40:08 [Information] Stepper Motor Controller Stopwatch Reset.
11/17/2024 19:40:08 [Information] Stepper Motor Controller Enable Y Axis controls after moving to location.
11/17/2024 19:40:08 [Information] Stepper Motor Controller Stopwatch Stopped.
11/17/2024 19:40:08 [Information] Stepper Motor Controller Timer Stopped.
11/17/2024 19:40:08 [Information] Stepper Motor Controller Stopwatch Reset.
11/17/2024 19:40:08 [Information] Stepper Motor Controller Enable Y Axis controls after moving to location.
11/17/2024 19:40:08 [Information] Stepper Motor Controller Stopwatch Stopped.
11/17/2024 19:40:08 [Information] Stepper Motor Controller Timer Stopped.
11/17/2024 19:40:08 [Information] Stepper Motor Controller Stopwatch Reset.
11/17/2024 19:40:08 [Information] Stepper Motor Controller Enable Y Axis controls after moving to location.
11/17/2024 19:40:08 [Information] Stepper Motor Controller Stopwatch Stopped.
11/17/2024 19:40:08 [Information] Stepper Motor Controller Timer Stopped.
11/17/2024 19:40:08 [Information] Stepper Motor Controller Stopwatch Reset.
11/17/2024 19:40:08 [Information] Stepper Motor Controller Enable Y Axis controls after moving to location.
11/17/2024 19:40:08 [Information] Stepper Motor Controller Stopwatch Stopped.
11/17/2024 19:40:08 [Information] Stepper Motor Controller Timer Stopped.
11/17/2024 19:40:08 [Information] Stepper Motor Controller Stopwatch Reset.
11/17/2024 19:40:08 [Information] Stepper Motor Controller Enable Y Axis controls after moving to location.
11/17/2024 19:40:08 [Information] Stepper Motor Controller Stopwatch Stopped.
11/17/2024 19:40:08 [Information] Stepper Motor Controller Timer Stopped.
11/17/2024 19:40:08 [Information] Stepper Motor Controller Stopwatch Reset.
11/17/2024 19:40:08 [Information] Stepper Motor Controller Enable Y Axis controls after moving to location.
11/17/2024 19:40:08 [Information] Stepper Motor Controller Stopwatch Stopped.
11/17/2024 19:40:08 [Information] Stepper Motor Controller Timer Stopped.
11/17/2024 19:40:08 [Information] Stepper Motor Controller Stopwatch Reset.
11/17/2024 19:40:08 [Information] Stepper Motor Controller Enable Y Axis controls after moving to location.
11/17/2024 19:40:08 [Information] Stepper Motor Controller Stopwatch Stopped.
11/17/2024 19:40:08 [Information] Stepper Motor Controller Timer Stopped.
11/17/2024 19:40:08 [Information] Stepper Motor Controller Stopwatch Reset.
11/17/2024 19:40:08 [Information] Stepper Motor Controller Enable Y Axis controls after moving to location.
11/17/2024 19:40:08 [Information] Stepper Motor Controller Stopwatch Stopped.
11/17/2024 19:40:08 [Information] Stepper Motor Controller Timer Stopped.
11/17/2024 19:40:08 [Information] Stepper Motor Controller Stopwatch Reset.
11/17/2024 19:40:08 [Information] Stepper Motor Controller Enable Y Axis controls after moving to location.
11/17/2024 19:40:08 [Information] Stepper Motor Controller Stopwatch Stopped.
11/17/2024 19:40:08 [Information] Stepper Motor Controller Timer Stopped.
11/17/2024 19:40:08 [Information] Stepper Motor Controller Stopwatch Reset.
11/17/2024 19:40:08 [Information] Stepper Motor Controller Enable Y Axis controls after moving to location.
11/17/2024 19:40:08 [Information] Stepper Motor Controller Stopwatch Stopped.
11/17/2024 19:40:08 [Information] Stepper Motor Controller Timer Stopped.
11/17/2024 19:40:08 [Information] Stepper Motor Controller Stopwatch Reset.
11/17/2024 19:40:08 [Information] Stepper Motor Controller Enable Y Axis controls after moving to location.
11/17/2024 19:40:08 [Information] Stepper Motor Controller Stopwatch Stopped.
11/17/2024 19:40:08 [Information] Stepper Motor Controller Timer Stopped.
11/17/2024 19:40:08 [Information] Stepper Motor Controller Stopwatch Reset.
11/17/2024 19:40:08 [Information] Z Axis Run button clicked:
11/17/2024 19:40:08 [Information] Stepper Motor Controller Enable Y Axis controls after moving to location.
11/17/2024 19:40:08 [Information] Stepper Motor Controller Stopwatch Stopped.
11/17/2024 19:40:08 [Information] Stepper Motor Controller Timer Stopped.
11/17/2024 19:40:08 [Information] Stepper Motor Controller Stopwatch Reset.
11/17/2024 19:40:09 [Information] Stepper Motor Controller Enable Y Axis controls after moving to location.
11/17/2024 19:40:09 [Information] Stepper Motor Controller Stopwatch Stopped.
11/17/2024 19:40:09 [Information] Stepper Motor Controller Timer Stopped.
11/17/2024 19:40:09 [Information] Stepper Motor Controller Stopwatch Reset.
11/17/2024 19:40:09 [Information] Stepper Motor Controller Enable Y Axis controls after moving to location.
11/17/2024 19:40:09 [Information] Stepper Motor Controller Stopwatch Stopped.
11/17/2024 19:40:09 [Information] Stepper Motor Controller Timer Stopped.
11/17/2024 19:40:09 [Information] Stepper Motor Controller Stopwatch Reset.
11/17/2024 19:40:09 [Information] Stepper Motor Controller Enable Y Axis controls after moving to location.
11/17/2024 19:40:09 [Information] Stepper Motor Controller Stopwatch Stopped.
11/17/2024 19:40:09 [Information] Stepper Motor Controller Timer Stopped.
11/17/2024 19:40:09 [Information] Stepper Motor Controller Stopwatch Reset.
11/17/2024 19:40:09 [Information] Stepper Motor Controller Enable Y Axis controls after moving to location.
11/17/2024 19:40:09 [Information] Stepper Motor Controller Stopwatch Stopped.
11/17/2024 19:40:09 [Information] Stepper Motor Controller Timer Stopped.
11/17/2024 19:40:09 [Information] Stepper Motor Controller Stopwatch Reset.
11/17/2024 19:40:09 [Information] Stepper Motor Controller Enable Y Axis controls after moving to location.
11/17/2024 19:40:09 [Information] Stepper Motor Controller Stopwatch Stopped.
11/17/2024 19:40:09 [Information] Stepper Motor Controller Timer Stopped.
11/17/2024 19:40:09 [Information] Stepper Motor Controller Stopwatch Reset.
11/17/2024 19:40:09 [Information] Stepper Motor Controller Enable Y Axis controls after moving to location.
11/17/2024 19:40:09 [Information] Stepper Motor Controller Stopwatch Stopped.
11/17/2024 19:40:09 [Information] Stepper Motor Controller Timer Stopped.
11/17/2024 19:40:09 [Information] Stepper Motor Controller Stopwatch Reset.
11/17/2024 19:40:09 [Information] Stepper Motor Controller Enable Y Axis controls after moving to location.
11/17/2024 19:40:09 [Information] Stepper Motor Controller Stopwatch Stopped.
11/17/2024 19:40:09 [Information] Stepper Motor Controller Timer Stopped.
11/17/2024 19:40:09 [Information] Stepper Motor Controller Stopwatch Reset.
11/17/2024 19:40:09 [Information] Stepper Motor Controller Enable Y Axis controls after moving to location.
11/17/2024 19:40:09 [Information] Stepper Motor Controller Stopwatch Stopped.
11/17/2024 19:40:09 [Information] Stepper Motor Controller Timer Stopped.
11/17/2024 19:40:09 [Information] Stepper Motor Controller Stopwatch Reset.
11/17/2024 19:40:09 [Information] Stepper Motor Controller Enable Y Axis controls after moving to location.
11/17/2024 19:40:09 [Information] Stepper Motor Controller Stopwatch Stopped.
11/17/2024 19:40:09 [Information] Stepper Motor Controller Timer Stopped.
11/17/2024 19:40:09 [Information] Stepper Motor Controller Stopwatch Reset.
11/17/2024 19:40:09 [Information] Stepper Motor Controller Enable Y Axis controls after moving to location.
11/17/2024 19:40:09 [Information] Stepper Motor Controller Stopwatch Stopped.
11/17/2024 19:40:09 [Information] Stepper Motor Controller Timer Stopped.
11/17/2024 19:40:09 [Information] Stepper Motor Controller Stopwatch Reset.
11/17/2024 19:40:09 [Information] Stepper Motor Controller Enable Y Axis controls after moving to location.
11/17/2024 19:40:09 [Information] Stepper Motor Controller Stopwatch Stopped.
11/17/2024 19:40:09 [Information] Stepper Motor Controller Timer Stopped.
11/17/2024 19:40:09 [Information] Stepper Motor Controller Stopwatch Reset.
11/17/2024 19:40:09 [Information] Stepper Motor Controller Enable Y Axis controls after moving to location.
11/17/2024 19:40:09 [Information] Stepper Motor Controller Stopwatch Stopped.
11/17/2024 19:40:09 [Information] Stepper Motor Controller Timer Stopped.
11/17/2024 19:40:09 [Information] Stepper Motor Controller Stopwatch Reset.
11/17/2024 19:40:09 [Information] Stepper Motor Controller Enable Y Axis controls after moving to location.
11/17/2024 19:40:09 [Information] Stepper Motor Controller Stopwatch Stopped.
11/17/2024 19:40:09 [Information] Stepper Motor Controller Timer Stopped.
11/17/2024 19:40:09 [Information] Stepper Motor Controller Stopwatch Reset.
11/17/2024 19:40:09 [Information] Stepper Motor Controller Enable Y Axis controls after moving to location.
11/17/2024 19:40:09 [Information] Stepper Motor Controller Stopwatch Stopped.
11/17/2024 19:40:09 [Information] Stepper Motor Controller Timer Stopped.
11/17/2024 19:40:09 [Information] Stepper Motor Controller Stopwatch Reset.
11/17/2024 19:40:09 [Information] Stepper Motor Controller Enable Y Axis controls after moving to location.
11/17/2024 19:40:09 [Information] Stepper Motor Controller Stopwatch Stopped.
11/17/2024 19:40:09 [Information] Stepper Motor Controller Timer Stopped.
11/17/2024 19:40:09 [Information] Stepper Motor Controller Stopwatch Reset.
11/17/2024 19:40:09 [Information] Stepper Motor Controller Enable Y Axis controls after moving to location.
11/17/2024 19:40:09 [Information] Stepper Motor Controller Stopwatch Stopped.
11/17/2024 19:40:09 [Information] Stepper Motor Controller Timer Stopped.
11/17/2024 19:40:09 [Information] Stepper Motor Controller Stopwatch Reset.
11/17/2024 19:40:09 [Information] Stepper Motor Controller Enable Y Axis controls after moving to location.
11/17/2024 19:40:09 [Information] Stepper Motor Controller Stopwatch Stopped.
11/17/2024 19:40:09 [Information] Stepper Motor Controller Timer Stopped.
11/17/2024 19:40:09 [Information] Stepper Motor Controller Stopwatch Reset.
11/17/2024 19:40:09 [Information] Stepper Motor Controller Enable Y Axis controls after moving to location.
11/17/2024 19:40:09 [Information] Stepper Motor Controller Stopwatch Stopped.
11/17/2024 19:40:09 [Information] Stepper Motor Controller Timer Stopped.
11/17/2024 19:40:09 [Information] Stepper Motor Controller Stopwatch Reset.
11/17/2024 19:40:09 [Information] Stepper Motor Controller Enable Y Axis controls after moving to location.
11/17/2024 19:40:09 [Information] Stepper Motor Controller Stopwatch Stopped.
11/17/2024 19:40:09 [Information] Stepper Motor Controller Timer Stopped.
11/17/2024 19:40:09 [Information] Stepper Motor Controller Stopwatch Reset.
11/17/2024 19:40:09 [Information] Stepper Motor Controller Enable Y Axis controls after moving to location.
11/17/2024 19:40:09 [Information] Stepper Motor Controller Stopwatch Stopped.
11/17/2024 19:40:09 [Information] Stepper Motor Controller Timer Stopped.
11/17/2024 19:40:09 [Information] Stepper Motor Controller Stopwatch Reset.
11/17/2024 19:40:09 [Information] Stepper Motor Controller Enable Y Axis controls after moving to location.
11/17/2024 19:40:09 [Information] Stepper Motor Controller Stopwatch Stopped.
11/17/2024 19:40:09 [Information] Stepper Motor Controller Timer Stopped.
11/17/2024 19:40:09 [Information] Stepper Motor Controller Stopwatch Reset.
11/17/2024 19:40:09 [Information] Stepper Motor Controller Enable Y Axis controls after moving to location.
11/17/2024 19:40:09 [Information] Stepper Motor Controller Stopwatch Stopped.
11/17/2024 19:40:09 [Information] Stepper Motor Controller Timer Stopped.
11/17/2024 19:40:09 [Information] Stepper Motor Controller Stopwatch Reset.
11/17/2024 19:40:09 [Information] Stepper Motor Controller Enable Y Axis controls after moving to location.
11/17/2024 19:40:09 [Information] Stepper Motor Controller Stopwatch Stopped.
11/17/2024 19:40:09 [Information] Stepper Motor Controller Timer Stopped.
11/17/2024 19:40:09 [Information] Stepper Motor Controller Stopwatch Reset.
11/17/2024 19:40:09 [Information] Stepper Motor Controller Enable Y Axis controls after moving to location.
11/17/2024 19:40:09 [Information] Stepper Motor Controller Stopwatch Stopped.
11/17/2024 19:40:09 [Information] Stepper Motor Controller Timer Stopped.
11/17/2024 19:40:09 [Information] Stepper Motor Controller Stopwatch Reset.
11/17/2024 19:40:09 [Information] Z Axis Run Event: Z,0.00,400.00,0,0.00,400.00,0,32.00,400.00,0
11/17/2024 19:40:09 [Information] Z Axis MotorMovementSeconds: 0.08
11/17/2024 19:40:09 [Information] Z Axis Timer Started. Target End Time: 07:40:09
11/17/2024 19:40:09 [Information] Z Axis Stopwatch Started.
11/17/2024 19:40:13 [Information] Z Axis Current Time: 07:40:13 + 0 = 07:40:09
11/17/2024 19:40:13 [Information] Z Axis Data Received: serialData: Z,0.00,400.00,0,0.00,400.00,0,32.00,400.00,0
Z Axis CCW STOPPED
Z Axis CCW Motor Current Position:  425
Z Axis CCW STOPPED
Z Axis CCW Motor Current Position:  425
Z Axis CCW STOPPED
Z Axis CCW Motor Current Position:  425
Z Axis CCW STOPPED
Z Axis CCW Motor Current Position:  426
Z Axis CCW STOPPED
Z Axis CCW Motor Current Position:  426
Z Axis CCW STOPPED
Z Axis CCW Motor Current Position:  427
Z Axis reached target position
Current Position: 506

11/17/2024 19:40:13 [Information] Z Axis Motor Stopped
11/17/2024 19:40:21 [Information] Stepper Motor Controller MainWindow Closing.
11/17/2024 19:40:21 [Information] SerialPort for Z Axis closed.
11/17/2024 19:40:21 [Information] Properties Settings Saved.
11/17/2024 19:40:21 [Information] Properties Settings Form Closed.
11/17/2024 19:40:21 [Information] Stepper Motor Controller Form Closed.
