11/6/2024 00:29:23 [Information] Stepper Motor Controller Application Started.
11/6/2024 00:29:23 [Information] Version: 3.0.9076.877 (11/6/2024 00:29:23)
11/6/2024 00:29:23 [Information] SerialPort COM7 not connected.
11/6/2024 00:29:23 [Information] SerialPort COM8 not connected.
11/6/2024 00:29:23 [Information] Stepper Motor Controller Application Started.
11/6/2024 00:29:23 [Information] Version: 3.0.9076.877 (11/6/2024 00:29:23)
11/6/2024 00:29:23 [Information] Version: 3.1.0.878 (11/6/2024 00:29:23)
11/6/2024 00:29:23 [Information] Version: 3.1.0.878 (11/6/2024 00:29:23)
11/6/2024 00:29:23 [Information] Stepper Motor Controller Application Settings Window Opened.
11/6/2024 00:29:23 [Information] Stepper Motor Controller Application Settings form is rebuilt each and every time it is opened.
11/6/2024 00:29:23 [Information] int: 9600 BaudRate added to the Settings Form.
11/6/2024 00:29:23 [Information] bool: False ckbXaxisResetToZeroIsChecked added to the Settings Form.
11/6/2024 00:29:23 [Information] bool: False ckbYaxisResetToZeroIsChecked added to the Settings Form.
11/6/2024 00:29:23 [Information] bool: False ckbZaxisResetToZeroIsChecked added to the Settings Form.
11/6/2024 00:29:23 [Information] COM1: ComPort added to the Settings Form.
11/6/2024 00:29:23 [Information] COM2: ComPort added to the Settings Form.
11/6/2024 00:29:23 [Information] COM3: ComPort added to the Settings Form.
11/6/2024 00:29:23 [Information] COM4: ComPort added to the Settings Form.
11/6/2024 00:29:23 [Information] COM5: ComPort added to the Settings Form.
11/6/2024 00:29:23 [Information] COM6: ComPort added to the Settings Form.
11/6/2024 00:29:23 [Information] COM7: ComPort added to the Settings Form.
11/6/2024 00:29:23 [Information] COM8: ComPort added to the Settings Form.
11/6/2024 00:29:23 [Information] COM9: ComPort added to the Settings Form.
11/6/2024 00:29:23 [Information] COM10: ComPort added to the Settings Form.
11/6/2024 00:29:23 [Information] decimal: 4.00 Divider4_00 added to the Settings Form.
11/6/2024 00:29:23 [Information] decimal: 0.00 MathPart2Initlz added to the Settings Form.
11/6/2024 00:29:23 [Information] decimal: 1.00 MilisecondTimerInterval added to the Settings Form.
11/6/2024 00:29:23 [Information] decimal: 1000.00 MillisecondDelay added to the Settings Form.
11/6/2024 00:29:23 [Information] int: 1000 Milliseconds added to the Settings Form.
11/6/2024 00:29:23 [Information] int: 4 mmPerRevolution added to the Settings Form.
11/6/2024 00:29:23 [Information] int: 2000 ThreadSleep added to the Settings Form.
11/6/2024 00:29:23 [Information] decimal: 0.00 Value_0_00 added to the Settings Form.
11/6/2024 00:29:23 [Information] decimal: 50.00 XaxisAcceleration added to the Settings Form.
11/6/2024 00:29:23 [Information] bool: False XaxisChanged added to the Settings Form.
11/6/2024 00:29:23 [Information] decimal: 400.00 XaxisMotorSpeed added to the Settings Form.
11/6/2024 00:29:23 [Information] decimal: 0.00 XaxisStepperCurrent added to the Settings Form.
11/6/2024 00:29:23 [Information] decimal: 0.00 XaxisStepperMove added to the Settings Form.
11/6/2024 00:29:23 [Information] XCOM1: XComPort added to the Settings Form.
11/6/2024 00:29:23 [Information] XCOM2: XComPort added to the Settings Form.
11/6/2024 00:29:23 [Information] XCOM3: XComPort added to the Settings Form.
11/6/2024 00:29:23 [Information] XCOM4: XComPort added to the Settings Form.
11/6/2024 00:29:23 [Information] XCOM5: XComPort added to the Settings Form.
11/6/2024 00:29:23 [Information] XCOM6: XComPort added to the Settings Form.
11/6/2024 00:29:23 [Information] XCOM7: XComPort added to the Settings Form.
11/6/2024 00:29:23 [Information] XCOM8: XComPort added to the Settings Form.
11/6/2024 00:29:23 [Information] XCOM9: XComPort added to the Settings Form.
11/6/2024 00:29:23 [Information] XCOM10: XComPort added to the Settings Form.
11/6/2024 00:29:23 [Information] decimal: 50.00 YaxisAcceleration added to the Settings Form.
11/6/2024 00:29:23 [Information] bool: False YaxisChanged added to the Settings Form.
11/6/2024 00:29:23 [Information] decimal: 400.00 YaxisMotorSpeed added to the Settings Form.
11/6/2024 00:29:23 [Information] decimal: 0.00 YaxisStepperCurrent added to the Settings Form.
11/6/2024 00:29:23 [Information] decimal: 0.00 YaxisStepperMove added to the Settings Form.
11/6/2024 00:29:23 [Information] YCOM1: YComPort added to the Settings Form.
11/6/2024 00:29:23 [Information] YCOM2: YComPort added to the Settings Form.
11/6/2024 00:29:23 [Information] YCOM3: YComPort added to the Settings Form.
11/6/2024 00:29:23 [Information] YCOM4: YComPort added to the Settings Form.
11/6/2024 00:29:23 [Information] YCOM5: YComPort added to the Settings Form.
11/6/2024 00:29:23 [Information] YCOM6: YComPort added to the Settings Form.
11/6/2024 00:29:23 [Information] YCOM7: YComPort added to the Settings Form.
11/6/2024 00:29:23 [Information] YCOM8: YComPort added to the Settings Form.
11/6/2024 00:29:23 [Information] YCOM9: YComPort added to the Settings Form.
11/6/2024 00:29:23 [Information] YCOM10: YComPort added to the Settings Form.
11/6/2024 00:29:23 [Information] decimal: 50.00 ZaxisAcceleration added to the Settings Form.
11/6/2024 00:29:23 [Information] bool: False ZaxisChanged added to the Settings Form.
11/6/2024 00:29:23 [Information] decimal: 400.00 ZaxisMotorSpeed added to the Settings Form.
11/6/2024 00:29:23 [Information] decimal: 0.00 ZaxisStepperCurrent added to the Settings Form.
11/6/2024 00:29:23 [Information] decimal: 0.00 ZaxisStepperMove added to the Settings Form.
11/6/2024 00:29:23 [Information] ZCOM1: ZComPort added to the Settings Form.
11/6/2024 00:29:23 [Information] ZCOM2: ZComPort added to the Settings Form.
11/6/2024 00:29:23 [Information] ZCOM3: ZComPort added to the Settings Form.
11/6/2024 00:29:23 [Information] ZCOM4: ZComPort added to the Settings Form.
11/6/2024 00:29:23 [Information] ZCOM5: ZComPort added to the Settings Form.
11/6/2024 00:29:23 [Information] ZCOM6: ZComPort added to the Settings Form.
11/6/2024 00:29:23 [Information] ZCOM7: ZComPort added to the Settings Form.
11/6/2024 00:29:23 [Information] ZCOM8: ZComPort added to the Settings Form.
11/6/2024 00:29:23 [Information] ZCOM9: ZComPort added to the Settings Form.
11/6/2024 00:29:23 [Information] ZCOM10: ZComPort added to the Settings Form.
11/6/2024 00:29:23 [Information] int: 0 zeroXaxis added to the Settings Form.
11/6/2024 00:29:23 [Information] int: 0 zeroYaxis added to the Settings Form.
11/6/2024 00:29:23 [Information] int: 0 zeroZaxis added to the Settings Form.
11/6/2024 00:29:24 [Information] Stepper Motor Controller MainWindow loaded
11/6/2024 00:29:24 [Information] Set MainWindow Media Brushes to White.
11/6/2024 00:29:30 [Information] Z Axis mouse controlled Keypad returned: 4.00
11/6/2024 00:29:31 [Information] ZAxisRun_Click button clicked:
11/6/2024 00:29:31 [Information] Z Axis MotorMovementSeconds decimal: (4.00 / 4) / 2 = 0.50
11/6/2024 00:29:31 [Information] Z Axis myMovementTimer int: 1000 * 0.50 = 0
11/6/2024 00:29:32 [Information] Z Axis Run Event: Z,0.00,400.00,0,0.00,400.00,0,4.00,400.00,0
11/6/2024 00:29:32 [Information] Z Axis Current Time: 12:29:32 + 0 = zTargetEndTime: 12:29:32
11/6/2024 00:29:32 [Information] Stepper Motor Controller Enable Z Axis controls after moving to location.
11/6/2024 00:29:32 [Information] Stepper Motor Controller Stopwatch Stopped.
11/6/2024 00:29:32 [Information] Stepper Motor Controller Stopwatch Reset.
11/6/2024 00:29:32 [Information] Stepper Motor Controller Enable Z Axis controls after moving to location.
11/6/2024 00:29:32 [Information] Stepper Motor Controller Stopwatch Stopped.
11/6/2024 00:29:32 [Information] Stepper Motor Controller Stopwatch Reset.
11/6/2024 00:29:32 [Information] Stepper Motor Controller Enable Z Axis controls after moving to location.
11/6/2024 00:29:32 [Information] Stepper Motor Controller Stopwatch Stopped.
11/6/2024 00:29:32 [Information] Stepper Motor Controller Stopwatch Reset.
11/6/2024 00:29:32 [Information] Stepper Motor Controller Enable Z Axis controls after moving to location.
11/6/2024 00:29:32 [Information] Stepper Motor Controller Stopwatch Stopped.
11/6/2024 00:29:32 [Information] Stepper Motor Controller Stopwatch Reset.
11/6/2024 00:29:32 [Information] Stepper Motor Controller Enable Z Axis controls after moving to location.
11/6/2024 00:29:32 [Information] Stepper Motor Controller Stopwatch Stopped.
11/6/2024 00:29:32 [Information] Stepper Motor Controller Stopwatch Reset.
11/6/2024 00:29:32 [Information] Stepper Motor Controller Enable Z Axis controls after moving to location.
11/6/2024 00:29:32 [Information] Stepper Motor Controller Stopwatch Stopped.
11/6/2024 00:29:32 [Information] Stepper Motor Controller Stopwatch Reset.
11/6/2024 00:29:33 [Information] Stepper Motor Controller Enable Z Axis controls after moving to location.
11/6/2024 00:29:33 [Information] Stepper Motor Controller Stopwatch Stopped.
11/6/2024 00:29:33 [Information] Stepper Motor Controller Stopwatch Reset.
11/6/2024 00:29:33 [Information] Stepper Motor Controller Enable Z Axis controls after moving to location.
11/6/2024 00:29:33 [Information] Stepper Motor Controller Stopwatch Stopped.
11/6/2024 00:29:33 [Information] Stepper Motor Controller Stopwatch Reset.
11/6/2024 00:29:33 [Information] Stepper Motor Controller Enable Z Axis controls after moving to location.
11/6/2024 00:29:33 [Information] Stepper Motor Controller Stopwatch Stopped.
11/6/2024 00:29:33 [Information] Stepper Motor Controller Stopwatch Reset.
11/6/2024 00:29:33 [Information] Stepper Motor Controller Enable Z Axis controls after moving to location.
11/6/2024 00:29:33 [Information] Stepper Motor Controller Stopwatch Stopped.
11/6/2024 00:29:33 [Information] Stepper Motor Controller Stopwatch Reset.
11/6/2024 00:29:33 [Information] Stepper Motor Controller Enable Z Axis controls after moving to location.
11/6/2024 00:29:33 [Information] Stepper Motor Controller Stopwatch Stopped.
11/6/2024 00:29:33 [Information] Stepper Motor Controller Stopwatch Reset.
11/6/2024 00:29:33 [Information] Stepper Motor Controller Enable Z Axis controls after moving to location.
11/6/2024 00:29:33 [Information] Stepper Motor Controller Stopwatch Stopped.
11/6/2024 00:29:33 [Information] Stepper Motor Controller Stopwatch Reset.
11/6/2024 00:29:33 [Information] Stepper Motor Controller Enable Z Axis controls after moving to location.
11/6/2024 00:29:33 [Information] Stepper Motor Controller Stopwatch Stopped.
11/6/2024 00:29:33 [Information] Stepper Motor Controller Stopwatch Reset.
11/6/2024 00:29:33 [Information] Stepper Motor Controller Enable Z Axis controls after moving to location.
11/6/2024 00:29:33 [Information] Stepper Motor Controller Stopwatch Stopped.
11/6/2024 00:29:33 [Information] Stepper Motor Controller Stopwatch Reset.
11/6/2024 00:29:33 [Information] Stepper Motor Controller Enable Z Axis controls after moving to location.
11/6/2024 00:29:33 [Information] Stepper Motor Controller Stopwatch Stopped.
11/6/2024 00:29:33 [Information] Stepper Motor Controller Stopwatch Reset.
11/6/2024 00:29:33 [Information] Stepper Motor Controller Enable Z Axis controls after moving to location.
11/6/2024 00:29:33 [Information] Stepper Motor Controller Stopwatch Stopped.
11/6/2024 00:29:33 [Information] Stepper Motor Controller Stopwatch Reset.
11/6/2024 00:29:33 [Information] Stepper Motor Controller Enable Z Axis controls after moving to location.
11/6/2024 00:29:33 [Information] Stepper Motor Controller Stopwatch Stopped.
11/6/2024 00:29:33 [Information] Stepper Motor Controller Stopwatch Reset.
11/6/2024 00:29:33 [Information] Stepper Motor Controller Enable Z Axis controls after moving to location.
11/6/2024 00:29:33 [Information] Stepper Motor Controller Stopwatch Stopped.
11/6/2024 00:29:33 [Information] Stepper Motor Controller Stopwatch Reset.
11/6/2024 00:29:33 [Information] Stepper Motor Controller Enable Z Axis controls after moving to location.
11/6/2024 00:29:33 [Information] Stepper Motor Controller Stopwatch Stopped.
11/6/2024 00:29:33 [Information] Stepper Motor Controller Stopwatch Reset.
11/6/2024 00:29:33 [Information] Stepper Motor Controller Enable Z Axis controls after moving to location.
11/6/2024 00:29:33 [Information] Stepper Motor Controller Stopwatch Stopped.
11/6/2024 00:29:33 [Information] Stepper Motor Controller Stopwatch Reset.
11/6/2024 00:29:33 [Information] Stepper Motor Controller Enable Z Axis controls after moving to location.
11/6/2024 00:29:33 [Information] Stepper Motor Controller Stopwatch Stopped.
11/6/2024 00:29:33 [Information] Stepper Motor Controller Stopwatch Reset.
11/6/2024 00:29:33 [Information] Stepper Motor Controller Enable Z Axis controls after moving to location.
11/6/2024 00:29:33 [Information] Stepper Motor Controller Stopwatch Stopped.
11/6/2024 00:29:33 [Information] Stepper Motor Controller Stopwatch Reset.
11/6/2024 00:29:33 [Information] Stepper Motor Controller Enable Z Axis controls after moving to location.
11/6/2024 00:29:33 [Information] Stepper Motor Controller Stopwatch Stopped.
11/6/2024 00:29:33 [Information] Stepper Motor Controller Stopwatch Reset.
11/6/2024 00:29:33 [Information] Stepper Motor Controller Enable Z Axis controls after moving to location.
11/6/2024 00:29:33 [Information] Stepper Motor Controller Stopwatch Stopped.
11/6/2024 00:29:33 [Information] Stepper Motor Controller Stopwatch Reset.
11/6/2024 00:29:33 [Information] Stepper Motor Controller Enable Z Axis controls after moving to location.
11/6/2024 00:29:33 [Information] Stepper Motor Controller Stopwatch Stopped.
11/6/2024 00:29:33 [Information] Stepper Motor Controller Stopwatch Reset.
11/6/2024 00:29:33 [Information] Stepper Motor Controller Enable Z Axis controls after moving to location.
11/6/2024 00:29:33 [Information] Stepper Motor Controller Stopwatch Stopped.
11/6/2024 00:29:33 [Information] Stepper Motor Controller Stopwatch Reset.
11/6/2024 00:29:33 [Information] Stepper Motor Controller Enable Z Axis controls after moving to location.
11/6/2024 00:29:33 [Information] Stepper Motor Controller Stopwatch Stopped.
11/6/2024 00:29:33 [Information] Stepper Motor Controller Stopwatch Reset.
11/6/2024 00:29:33 [Information] Stepper Motor Controller Enable Z Axis controls after moving to location.
11/6/2024 00:29:33 [Information] Stepper Motor Controller Stopwatch Stopped.
11/6/2024 00:29:33 [Information] Stepper Motor Controller Stopwatch Reset.
11/6/2024 00:29:33 [Information] Stepper Motor Controller Enable Z Axis controls after moving to location.
11/6/2024 00:29:33 [Information] Stepper Motor Controller Stopwatch Stopped.
11/6/2024 00:29:33 [Information] Stepper Motor Controller Stopwatch Reset.
11/6/2024 00:29:34 [Information] Stepper Motor Controller Enable Z Axis controls after moving to location.
11/6/2024 00:29:34 [Information] Stepper Motor Controller Stopwatch Stopped.
11/6/2024 00:29:34 [Information] Stepper Motor Controller Stopwatch Reset.
11/6/2024 00:29:34 [Information] Stepper Motor Controller Enable Z Axis controls after moving to location.
11/6/2024 00:29:34 [Information] Stepper Motor Controller Stopwatch Stopped.
11/6/2024 00:29:34 [Information] Stepper Motor Controller Stopwatch Reset.
11/6/2024 00:29:34 [Information] Stepper Motor Controller Enable Z Axis controls after moving to location.
11/6/2024 00:29:34 [Information] Stepper Motor Controller Stopwatch Stopped.
11/6/2024 00:29:34 [Information] Stepper Motor Controller Stopwatch Reset.
11/6/2024 00:29:34 [Information] Stepper Motor Controller Enable Z Axis controls after moving to location.
11/6/2024 00:29:34 [Information] Stepper Motor Controller Stopwatch Stopped.
11/6/2024 00:29:34 [Information] Stepper Motor Controller Stopwatch Reset.
11/6/2024 00:29:34 [Information] Stepper Motor Controller Enable Z Axis controls after moving to location.
11/6/2024 00:29:34 [Information] Stepper Motor Controller Stopwatch Stopped.
11/6/2024 00:29:34 [Information] Stepper Motor Controller Stopwatch Reset.
11/6/2024 00:29:34 [Information] Stepper Motor Controller Enable Z Axis controls after moving to location.
11/6/2024 00:29:34 [Information] Stepper Motor Controller Stopwatch Stopped.
11/6/2024 00:29:34 [Information] Stepper Motor Controller Stopwatch Reset.
11/6/2024 00:29:34 [Information] Stepper Motor Controller Enable Z Axis controls after moving to location.
11/6/2024 00:29:34 [Information] Stepper Motor Controller Stopwatch Stopped.
11/6/2024 00:29:34 [Information] Stepper Motor Controller Stopwatch Reset.
11/6/2024 00:29:34 [Information] Stepper Motor Controller Enable Z Axis controls after moving to location.
11/6/2024 00:29:34 [Information] Stepper Motor Controller Stopwatch Stopped.
11/6/2024 00:29:34 [Information] Stepper Motor Controller Stopwatch Reset.
11/6/2024 00:29:34 [Information] Stepper Motor Controller Enable Z Axis controls after moving to location.
11/6/2024 00:29:34 [Information] Stepper Motor Controller Stopwatch Stopped.
11/6/2024 00:29:34 [Information] Stepper Motor Controller Stopwatch Reset.
11/6/2024 00:29:34 [Information] Stepper Motor Controller Enable Z Axis controls after moving to location.
11/6/2024 00:29:34 [Information] Stepper Motor Controller Stopwatch Stopped.
11/6/2024 00:29:34 [Information] Stepper Motor Controller Stopwatch Reset.
11/6/2024 00:29:34 [Information] Stepper Motor Controller Enable Z Axis controls after moving to location.
11/6/2024 00:29:34 [Information] Stepper Motor Controller Stopwatch Stopped.
11/6/2024 00:29:34 [Information] Stepper Motor Controller Stopwatch Reset.
11/6/2024 00:29:34 [Information] Stepper Motor Controller Enable Z Axis controls after moving to location.
11/6/2024 00:29:34 [Information] Stepper Motor Controller Stopwatch Stopped.
11/6/2024 00:29:34 [Information] Stepper Motor Controller Stopwatch Reset.
11/6/2024 00:29:34 [Information] Stepper Motor Controller Enable Z Axis controls after moving to location.
11/6/2024 00:29:34 [Information] Stepper Motor Controller Stopwatch Stopped.
11/6/2024 00:29:34 [Information] Stepper Motor Controller Stopwatch Reset.
11/6/2024 00:29:34 [Information] Stepper Motor Controller Enable Z Axis controls after moving to location.
11/6/2024 00:29:34 [Information] Stepper Motor Controller Stopwatch Stopped.
11/6/2024 00:29:34 [Information] Stepper Motor Controller Stopwatch Reset.
11/6/2024 00:29:34 [Information] Stepper Motor Controller Enable Z Axis controls after moving to location.
11/6/2024 00:29:34 [Information] Stepper Motor Controller Stopwatch Stopped.
11/6/2024 00:29:34 [Information] Stepper Motor Controller Stopwatch Reset.
11/6/2024 00:29:34 [Information] Stepper Motor Controller Enable Z Axis controls after moving to location.
11/6/2024 00:29:34 [Information] Stepper Motor Controller Stopwatch Stopped.
11/6/2024 00:29:34 [Information] Stepper Motor Controller Stopwatch Reset.
11/6/2024 00:29:34 [Information] Stepper Motor Controller Enable Z Axis controls after moving to location.
11/6/2024 00:29:34 [Information] Stepper Motor Controller Stopwatch Stopped.
11/6/2024 00:29:34 [Information] Stepper Motor Controller Stopwatch Reset.
11/6/2024 00:29:34 [Information] Stepper Motor Controller Enable Z Axis controls after moving to location.
11/6/2024 00:29:34 [Information] Stepper Motor Controller Stopwatch Stopped.
11/6/2024 00:29:34 [Information] Stepper Motor Controller Stopwatch Reset.
11/6/2024 00:29:34 [Information] Stepper Motor Controller Enable Z Axis controls after moving to location.
11/6/2024 00:29:34 [Information] Stepper Motor Controller Stopwatch Stopped.
11/6/2024 00:29:34 [Information] Stepper Motor Controller Stopwatch Reset.
11/6/2024 00:29:34 [Information] Stepper Motor Controller Enable Z Axis controls after moving to location.
11/6/2024 00:29:34 [Information] Stepper Motor Controller Stopwatch Stopped.
11/6/2024 00:29:34 [Information] Stepper Motor Controller Stopwatch Reset.
11/6/2024 00:29:35 [Information] Stepper Motor Controller Enable Z Axis controls after moving to location.
11/6/2024 00:29:35 [Information] Stepper Motor Controller Stopwatch Stopped.
11/6/2024 00:29:35 [Information] Stepper Motor Controller Stopwatch Reset.
11/6/2024 00:29:35 [Information] Stepper Motor Controller Enable Z Axis controls after moving to location.
11/6/2024 00:29:35 [Information] Stepper Motor Controller Stopwatch Stopped.
11/6/2024 00:29:35 [Information] Stepper Motor Controller Stopwatch Reset.
11/6/2024 00:29:35 [Information] Stepper Motor Controller Enable Z Axis controls after moving to location.
11/6/2024 00:29:35 [Information] Stepper Motor Controller Stopwatch Stopped.
11/6/2024 00:29:35 [Information] Stepper Motor Controller Stopwatch Reset.
11/6/2024 00:29:35 [Information] Stepper Motor Controller Enable Z Axis controls after moving to location.
11/6/2024 00:29:35 [Information] Stepper Motor Controller Stopwatch Stopped.
11/6/2024 00:29:35 [Information] Stepper Motor Controller Stopwatch Reset.
11/6/2024 00:29:35 [Information] Stepper Motor Controller Enable Z Axis controls after moving to location.
11/6/2024 00:29:35 [Information] Stepper Motor Controller Stopwatch Stopped.
11/6/2024 00:29:35 [Information] Stepper Motor Controller Stopwatch Reset.
11/6/2024 00:29:35 [Information] Stepper Motor Controller Enable Z Axis controls after moving to location.
11/6/2024 00:29:35 [Information] Stepper Motor Controller Stopwatch Stopped.
11/6/2024 00:29:35 [Information] Stepper Motor Controller Stopwatch Reset.
11/6/2024 00:29:35 [Information] Stepper Motor Controller Enable Z Axis controls after moving to location.
11/6/2024 00:29:35 [Information] Stepper Motor Controller Stopwatch Stopped.
11/6/2024 00:29:35 [Information] Stepper Motor Controller Stopwatch Reset.
11/6/2024 00:29:35 [Information] Stepper Motor Controller Enable Z Axis controls after moving to location.
11/6/2024 00:29:35 [Information] Stepper Motor Controller Stopwatch Stopped.
11/6/2024 00:29:35 [Information] Stepper Motor Controller Stopwatch Reset.
11/6/2024 00:29:35 [Information] Stepper Motor Controller Enable Z Axis controls after moving to location.
11/6/2024 00:29:35 [Information] Stepper Motor Controller Stopwatch Stopped.
11/6/2024 00:29:35 [Information] Stepper Motor Controller Stopwatch Reset.
11/6/2024 00:29:35 [Information] Stepper Motor Controller Enable Z Axis controls after moving to location.
11/6/2024 00:29:35 [Information] Stepper Motor Controller Stopwatch Stopped.
11/6/2024 00:29:35 [Information] Stepper Motor Controller Stopwatch Reset.
11/6/2024 00:29:35 [Information] Stepper Motor Controller Enable Z Axis controls after moving to location.
11/6/2024 00:29:35 [Information] Stepper Motor Controller Stopwatch Stopped.
11/6/2024 00:29:35 [Information] Stepper Motor Controller Stopwatch Reset.
11/6/2024 00:29:35 [Information] Stepper Motor Controller Enable Z Axis controls after moving to location.
11/6/2024 00:29:35 [Information] Stepper Motor Controller Stopwatch Stopped.
11/6/2024 00:29:35 [Information] Stepper Motor Controller Stopwatch Reset.
11/6/2024 00:29:35 [Information] Stepper Motor Controller Enable Z Axis controls after moving to location.
11/6/2024 00:29:35 [Information] Stepper Motor Controller Stopwatch Stopped.
11/6/2024 00:29:35 [Information] Stepper Motor Controller Stopwatch Reset.
11/6/2024 00:29:35 [Information] Stepper Motor Controller Enable Z Axis controls after moving to location.
11/6/2024 00:29:35 [Information] Stepper Motor Controller Stopwatch Stopped.
11/6/2024 00:29:35 [Information] Stepper Motor Controller Stopwatch Reset.
11/6/2024 00:29:35 [Information] Stepper Motor Controller Enable Z Axis controls after moving to location.
11/6/2024 00:29:35 [Information] Stepper Motor Controller Stopwatch Stopped.
11/6/2024 00:29:35 [Information] Stepper Motor Controller Stopwatch Reset.
11/6/2024 00:29:35 [Information] Stepper Motor Controller Enable Z Axis controls after moving to location.
11/6/2024 00:29:35 [Information] Stepper Motor Controller Stopwatch Stopped.
11/6/2024 00:29:35 [Information] Stepper Motor Controller Stopwatch Reset.
11/6/2024 00:29:35 [Information] Stepper Motor Controller Enable Z Axis controls after moving to location.
11/6/2024 00:29:35 [Information] Stepper Motor Controller Stopwatch Stopped.
11/6/2024 00:29:35 [Information] Stepper Motor Controller Stopwatch Reset.
11/6/2024 00:29:35 [Information] Stepper Motor Controller Enable Z Axis controls after moving to location.
11/6/2024 00:29:35 [Information] Stepper Motor Controller Stopwatch Stopped.
11/6/2024 00:29:35 [Information] Stepper Motor Controller Stopwatch Reset.
11/6/2024 00:29:35 [Information] Stepper Motor Controller Enable Z Axis controls after moving to location.
11/6/2024 00:29:35 [Information] Stepper Motor Controller Stopwatch Stopped.
11/6/2024 00:29:35 [Information] Stepper Motor Controller Stopwatch Reset.
11/6/2024 00:29:35 [Information] Stepper Motor Controller Enable Z Axis controls after moving to location.
11/6/2024 00:29:35 [Information] Stepper Motor Controller Stopwatch Stopped.
11/6/2024 00:29:35 [Information] Stepper Motor Controller Stopwatch Reset.
11/6/2024 00:29:35 [Information] Stepper Motor Controller Enable Z Axis controls after moving to location.
11/6/2024 00:29:35 [Information] Stepper Motor Controller Stopwatch Stopped.
11/6/2024 00:29:35 [Information] Stepper Motor Controller Stopwatch Reset.
11/6/2024 00:29:35 [Information] Stepper Motor Controller Enable Z Axis controls after moving to location.
11/6/2024 00:29:35 [Information] Stepper Motor Controller Stopwatch Stopped.
11/6/2024 00:29:35 [Information] Stepper Motor Controller Stopwatch Reset.
11/6/2024 00:29:35 [Information] Stepper Motor Controller Enable Z Axis controls after moving to location.
11/6/2024 00:29:35 [Information] Stepper Motor Controller Stopwatch Stopped.
11/6/2024 00:29:35 [Information] Stepper Motor Controller Stopwatch Reset.
11/6/2024 00:29:36 [Information] Stepper Motor Controller Enable Z Axis controls after moving to location.
11/6/2024 00:29:36 [Information] Stepper Motor Controller Stopwatch Stopped.
11/6/2024 00:29:36 [Information] Stepper Motor Controller Stopwatch Reset.
11/6/2024 00:29:36 [Information] Stepper Motor Controller Enable Z Axis controls after moving to location.
11/6/2024 00:29:36 [Information] Stepper Motor Controller Stopwatch Stopped.
11/6/2024 00:29:36 [Information] Stepper Motor Controller Stopwatch Reset.
11/6/2024 00:29:36 [Information] Stepper Motor Controller Enable Z Axis controls after moving to location.
11/6/2024 00:29:36 [Information] Stepper Motor Controller Stopwatch Stopped.
11/6/2024 00:29:36 [Information] Stepper Motor Controller Stopwatch Reset.
11/6/2024 00:29:36 [Information] Stepper Motor Controller Enable Z Axis controls after moving to location.
11/6/2024 00:29:36 [Information] Stepper Motor Controller Stopwatch Stopped.
11/6/2024 00:29:36 [Information] Stepper Motor Controller Stopwatch Reset.
11/6/2024 00:29:36 [Information] Stepper Motor Controller Enable Z Axis controls after moving to location.
11/6/2024 00:29:36 [Information] Stepper Motor Controller Stopwatch Stopped.
11/6/2024 00:29:36 [Information] Stepper Motor Controller Stopwatch Reset.
11/6/2024 00:29:36 [Information] Stepper Motor Controller Enable Z Axis controls after moving to location.
11/6/2024 00:29:36 [Information] Stepper Motor Controller Stopwatch Stopped.
11/6/2024 00:29:36 [Information] Stepper Motor Controller Stopwatch Reset.
11/6/2024 00:29:36 [Information] Stepper Motor Controller Enable Z Axis controls after moving to location.
11/6/2024 00:29:36 [Information] Stepper Motor Controller Stopwatch Stopped.
11/6/2024 00:29:36 [Information] Stepper Motor Controller Stopwatch Reset.
11/6/2024 00:29:36 [Information] Stepper Motor Controller Enable Z Axis controls after moving to location.
11/6/2024 00:29:36 [Information] Stepper Motor Controller Stopwatch Stopped.
11/6/2024 00:29:36 [Information] Stepper Motor Controller Stopwatch Reset.
11/6/2024 00:29:36 [Information] Stepper Motor Controller Enable Z Axis controls after moving to location.
11/6/2024 00:29:36 [Information] Stepper Motor Controller Stopwatch Stopped.
11/6/2024 00:29:36 [Information] Stepper Motor Controller Stopwatch Reset.
11/6/2024 00:29:36 [Information] Stepper Motor Controller Enable Z Axis controls after moving to location.
11/6/2024 00:29:36 [Information] Stepper Motor Controller Stopwatch Stopped.
11/6/2024 00:29:36 [Information] Stepper Motor Controller Stopwatch Reset.
11/6/2024 00:29:36 [Information] Stepper Motor Controller Enable Z Axis controls after moving to location.
11/6/2024 00:29:36 [Information] Stepper Motor Controller Stopwatch Stopped.
11/6/2024 00:29:36 [Information] Stepper Motor Controller Stopwatch Reset.
11/6/2024 00:29:36 [Information] Stepper Motor Controller Enable Z Axis controls after moving to location.
11/6/2024 00:29:36 [Information] Stepper Motor Controller Stopwatch Stopped.
11/6/2024 00:29:36 [Information] Stepper Motor Controller Stopwatch Reset.
11/6/2024 00:29:36 [Information] Stepper Motor Controller Enable Z Axis controls after moving to location.
11/6/2024 00:29:36 [Information] Stepper Motor Controller Stopwatch Stopped.
11/6/2024 00:29:36 [Information] Stepper Motor Controller Stopwatch Reset.
11/6/2024 00:29:36 [Information] Stepper Motor Controller Enable Z Axis controls after moving to location.
11/6/2024 00:29:36 [Information] Stepper Motor Controller Stopwatch Stopped.
11/6/2024 00:29:36 [Information] Stepper Motor Controller Stopwatch Reset.
11/6/2024 00:29:36 [Information] Stepper Motor Controller Enable Z Axis controls after moving to location.
11/6/2024 00:29:36 [Information] Stepper Motor Controller Stopwatch Stopped.
11/6/2024 00:29:36 [Information] Stepper Motor Controller Stopwatch Reset.
11/6/2024 00:29:36 [Information] Stepper Motor Controller Enable Z Axis controls after moving to location.
11/6/2024 00:29:36 [Information] Stepper Motor Controller Stopwatch Stopped.
11/6/2024 00:29:36 [Information] Stepper Motor Controller Stopwatch Reset.
11/6/2024 00:29:36 [Information] Stepper Motor Controller Enable Z Axis controls after moving to location.
11/6/2024 00:29:36 [Information] Stepper Motor Controller Stopwatch Stopped.
11/6/2024 00:29:36 [Information] Stepper Motor Controller Stopwatch Reset.
11/6/2024 00:29:36 [Information] Stepper Motor Controller Enable Z Axis controls after moving to location.
11/6/2024 00:29:36 [Information] Stepper Motor Controller Stopwatch Stopped.
11/6/2024 00:29:36 [Information] Stepper Motor Controller Stopwatch Reset.
11/6/2024 00:29:36 [Information] Stepper Motor Controller Enable Z Axis controls after moving to location.
11/6/2024 00:29:36 [Information] Stepper Motor Controller Stopwatch Stopped.
11/6/2024 00:29:36 [Information] Stepper Motor Controller Stopwatch Reset.
11/6/2024 00:29:36 [Information] Stepper Motor Controller Enable Z Axis controls after moving to location.
11/6/2024 00:29:36 [Information] Stepper Motor Controller Stopwatch Stopped.
11/6/2024 00:29:36 [Information] Stepper Motor Controller Stopwatch Reset.
11/6/2024 00:29:36 [Information] Stepper Motor Controller Enable Z Axis controls after moving to location.
11/6/2024 00:29:36 [Information] Stepper Motor Controller Stopwatch Stopped.
11/6/2024 00:29:36 [Information] Stepper Motor Controller Stopwatch Reset.
11/6/2024 00:29:36 [Information] Stepper Motor Controller Enable Z Axis controls after moving to location.
11/6/2024 00:29:36 [Information] Stepper Motor Controller Stopwatch Stopped.
11/6/2024 00:29:36 [Information] Stepper Motor Controller Stopwatch Reset.
11/6/2024 00:29:36 [Information] Stepper Motor Controller Enable Z Axis controls after moving to location.
11/6/2024 00:29:36 [Information] Stepper Motor Controller Stopwatch Stopped.
11/6/2024 00:29:36 [Information] Stepper Motor Controller Stopwatch Reset.
11/6/2024 00:29:36 [Information] Stepper Motor Controller Enable Z Axis controls after moving to location.
11/6/2024 00:29:36 [Information] Stepper Motor Controller Stopwatch Stopped.
11/6/2024 00:29:36 [Information] Stepper Motor Controller Stopwatch Reset.
11/6/2024 00:29:37 [Information] Stepper Motor Controller Enable Z Axis controls after moving to location.
11/6/2024 00:29:37 [Information] Stepper Motor Controller Stopwatch Stopped.
11/6/2024 00:29:37 [Information] Stepper Motor Controller Stopwatch Reset.
11/6/2024 00:29:37 [Information] Stepper Motor Controller Enable Z Axis controls after moving to location.
11/6/2024 00:29:37 [Information] Stepper Motor Controller Stopwatch Stopped.
11/6/2024 00:29:37 [Information] Stepper Motor Controller Stopwatch Reset.
11/6/2024 00:29:37 [Information] Stepper Motor Controller Enable Z Axis controls after moving to location.
11/6/2024 00:29:37 [Information] Stepper Motor Controller Stopwatch Stopped.
11/6/2024 00:29:37 [Information] Stepper Motor Controller Stopwatch Reset.
11/6/2024 00:29:37 [Information] Stepper Motor Controller Enable Z Axis controls after moving to location.
11/6/2024 00:29:37 [Information] Stepper Motor Controller Stopwatch Stopped.
11/6/2024 00:29:37 [Information] Stepper Motor Controller Stopwatch Reset.
11/6/2024 00:29:37 [Information] Stepper Motor Controller Enable Z Axis controls after moving to location.
11/6/2024 00:29:37 [Information] Stepper Motor Controller Stopwatch Stopped.
11/6/2024 00:29:37 [Information] Stepper Motor Controller Stopwatch Reset.
11/6/2024 00:29:37 [Information] Stepper Motor Controller Enable Z Axis controls after moving to location.
11/6/2024 00:29:37 [Information] Stepper Motor Controller Stopwatch Stopped.
11/6/2024 00:29:37 [Information] Stepper Motor Controller Stopwatch Reset.
11/6/2024 00:29:37 [Information] Stepper Motor Controller Enable Z Axis controls after moving to location.
11/6/2024 00:29:37 [Information] Stepper Motor Controller Stopwatch Stopped.
11/6/2024 00:29:37 [Information] Stepper Motor Controller Stopwatch Reset.
11/6/2024 00:29:37 [Information] Stepper Motor Controller Enable Z Axis controls after moving to location.
11/6/2024 00:29:37 [Information] Stepper Motor Controller Stopwatch Stopped.
11/6/2024 00:29:37 [Information] Stepper Motor Controller Stopwatch Reset.
11/6/2024 00:29:37 [Information] Stepper Motor Controller Enable Z Axis controls after moving to location.
11/6/2024 00:29:37 [Information] Stepper Motor Controller Stopwatch Stopped.
11/6/2024 00:29:37 [Information] Stepper Motor Controller Stopwatch Reset.
11/6/2024 00:29:37 [Information] Stepper Motor Controller Enable Z Axis controls after moving to location.
11/6/2024 00:29:37 [Information] Stepper Motor Controller Stopwatch Stopped.
11/6/2024 00:29:37 [Information] Stepper Motor Controller Stopwatch Reset.
11/6/2024 00:29:37 [Information] Stepper Motor Controller Enable Z Axis controls after moving to location.
11/6/2024 00:29:37 [Information] Stepper Motor Controller Stopwatch Stopped.
11/6/2024 00:29:37 [Information] Stepper Motor Controller Stopwatch Reset.
11/6/2024 00:29:37 [Information] Stepper Motor Controller Enable Z Axis controls after moving to location.
11/6/2024 00:29:37 [Information] Stepper Motor Controller Stopwatch Stopped.
11/6/2024 00:29:37 [Information] Stepper Motor Controller Stopwatch Reset.
11/6/2024 00:29:37 [Information] Stepper Motor Controller Enable Z Axis controls after moving to location.
11/6/2024 00:29:37 [Information] Stepper Motor Controller Stopwatch Stopped.
11/6/2024 00:29:37 [Information] Stepper Motor Controller Stopwatch Reset.
11/6/2024 00:29:37 [Information] Stepper Motor Controller Enable Z Axis controls after moving to location.
11/6/2024 00:29:37 [Information] Stepper Motor Controller Stopwatch Stopped.
11/6/2024 00:29:37 [Information] Stepper Motor Controller Stopwatch Reset.
11/6/2024 00:29:37 [Information] Stepper Motor Controller Enable Z Axis controls after moving to location.
11/6/2024 00:29:37 [Information] Stepper Motor Controller Stopwatch Stopped.
11/6/2024 00:29:37 [Information] Stepper Motor Controller Stopwatch Reset.
11/6/2024 00:29:37 [Information] Stepper Motor Controller Enable Z Axis controls after moving to location.
11/6/2024 00:29:37 [Information] Stepper Motor Controller Stopwatch Stopped.
11/6/2024 00:29:37 [Information] Stepper Motor Controller Stopwatch Reset.
11/6/2024 00:29:37 [Information] Stepper Motor Controller Enable Z Axis controls after moving to location.
11/6/2024 00:29:37 [Information] Stepper Motor Controller Stopwatch Stopped.
11/6/2024 00:29:37 [Information] Stepper Motor Controller Stopwatch Reset.
11/6/2024 00:29:37 [Information] Stepper Motor Controller Enable Z Axis controls after moving to location.
11/6/2024 00:29:37 [Information] Stepper Motor Controller Stopwatch Stopped.
11/6/2024 00:29:37 [Information] Stepper Motor Controller Stopwatch Reset.
11/6/2024 00:29:37 [Information] Stepper Motor Controller Enable Z Axis controls after moving to location.
11/6/2024 00:29:37 [Information] Stepper Motor Controller Stopwatch Stopped.
11/6/2024 00:29:37 [Information] Stepper Motor Controller Stopwatch Reset.
11/6/2024 00:29:37 [Information] Stepper Motor Controller Enable Z Axis controls after moving to location.
11/6/2024 00:29:37 [Information] Stepper Motor Controller Stopwatch Stopped.
11/6/2024 00:29:37 [Information] Stepper Motor Controller Stopwatch Reset.
11/6/2024 00:29:37 [Information] Stepper Motor Controller Enable Z Axis controls after moving to location.
11/6/2024 00:29:37 [Information] Stepper Motor Controller Stopwatch Stopped.
11/6/2024 00:29:37 [Information] Stepper Motor Controller Stopwatch Reset.
11/6/2024 00:29:37 [Information] Stepper Motor Controller Enable Z Axis controls after moving to location.
11/6/2024 00:29:37 [Information] Stepper Motor Controller Stopwatch Stopped.
11/6/2024 00:29:37 [Information] Stepper Motor Controller Stopwatch Reset.
11/6/2024 00:29:37 [Information] Stepper Motor Controller Enable Z Axis controls after moving to location.
11/6/2024 00:29:37 [Information] Stepper Motor Controller Stopwatch Stopped.
11/6/2024 00:29:37 [Information] Stepper Motor Controller Stopwatch Reset.
11/6/2024 00:29:38 [Information] Stepper Motor Controller Enable Z Axis controls after moving to location.
11/6/2024 00:29:38 [Information] Stepper Motor Controller Stopwatch Stopped.
11/6/2024 00:29:38 [Information] Stepper Motor Controller Stopwatch Reset.
11/6/2024 00:29:38 [Information] Stepper Motor Controller Enable Z Axis controls after moving to location.
11/6/2024 00:29:38 [Information] Stepper Motor Controller Stopwatch Stopped.
11/6/2024 00:29:38 [Information] Stepper Motor Controller Stopwatch Reset.
11/6/2024 00:29:38 [Information] Stepper Motor Controller Enable Z Axis controls after moving to location.
11/6/2024 00:29:38 [Information] Stepper Motor Controller Stopwatch Stopped.
11/6/2024 00:29:38 [Information] Stepper Motor Controller Stopwatch Reset.
11/6/2024 00:29:38 [Information] Stepper Motor Controller Enable Z Axis controls after moving to location.
11/6/2024 00:29:38 [Information] Stepper Motor Controller Stopwatch Stopped.
11/6/2024 00:29:38 [Information] Stepper Motor Controller Stopwatch Reset.
11/6/2024 00:29:38 [Information] Stepper Motor Controller Enable Z Axis controls after moving to location.
11/6/2024 00:29:38 [Information] Stepper Motor Controller Stopwatch Stopped.
11/6/2024 00:29:38 [Information] Stepper Motor Controller Stopwatch Reset.
11/6/2024 00:29:38 [Information] Stepper Motor Controller Enable Z Axis controls after moving to location.
11/6/2024 00:29:38 [Information] Stepper Motor Controller Stopwatch Stopped.
11/6/2024 00:29:38 [Information] Stepper Motor Controller Stopwatch Reset.
11/6/2024 00:29:38 [Information] Stepper Motor Controller Enable Z Axis controls after moving to location.
11/6/2024 00:29:38 [Information] Stepper Motor Controller Stopwatch Stopped.
11/6/2024 00:29:38 [Information] Stepper Motor Controller Stopwatch Reset.
11/6/2024 00:29:38 [Information] Stepper Motor Controller Enable Z Axis controls after moving to location.
11/6/2024 00:29:38 [Information] Stepper Motor Controller Stopwatch Stopped.
11/6/2024 00:29:38 [Information] Stepper Motor Controller Stopwatch Reset.
11/6/2024 00:29:38 [Information] Stepper Motor Controller Enable Z Axis controls after moving to location.
11/6/2024 00:29:38 [Information] Stepper Motor Controller Stopwatch Stopped.
11/6/2024 00:29:38 [Information] Stepper Motor Controller Stopwatch Reset.
11/6/2024 00:29:38 [Information] Stepper Motor Controller Enable Z Axis controls after moving to location.
11/6/2024 00:29:38 [Information] Stepper Motor Controller Stopwatch Stopped.
11/6/2024 00:29:38 [Information] Stepper Motor Controller Stopwatch Reset.
11/6/2024 00:29:38 [Information] Stepper Motor Controller Enable Z Axis controls after moving to location.
11/6/2024 00:29:38 [Information] Stepper Motor Controller Stopwatch Stopped.
11/6/2024 00:29:38 [Information] Stepper Motor Controller Stopwatch Reset.
11/6/2024 00:29:38 [Information] Stepper Motor Controller Enable Z Axis controls after moving to location.
11/6/2024 00:29:38 [Information] Stepper Motor Controller Stopwatch Stopped.
11/6/2024 00:29:38 [Information] Stepper Motor Controller Stopwatch Reset.
11/6/2024 00:29:38 [Information] Stepper Motor Controller Enable Z Axis controls after moving to location.
11/6/2024 00:29:38 [Information] Stepper Motor Controller Stopwatch Stopped.
11/6/2024 00:29:38 [Information] Stepper Motor Controller Stopwatch Reset.
11/6/2024 00:29:38 [Information] Stepper Motor Controller Enable Z Axis controls after moving to location.
11/6/2024 00:29:38 [Information] Stepper Motor Controller Stopwatch Stopped.
11/6/2024 00:29:38 [Information] Stepper Motor Controller Stopwatch Reset.
11/6/2024 00:29:38 [Information] Stepper Motor Controller Enable Z Axis controls after moving to location.
11/6/2024 00:29:38 [Information] Stepper Motor Controller Stopwatch Stopped.
11/6/2024 00:29:38 [Information] Stepper Motor Controller Stopwatch Reset.
11/6/2024 00:29:38 [Information] Stepper Motor Controller Enable Z Axis controls after moving to location.
11/6/2024 00:29:38 [Information] Stepper Motor Controller Stopwatch Stopped.
11/6/2024 00:29:38 [Information] Stepper Motor Controller Stopwatch Reset.
11/6/2024 00:29:38 [Information] Stepper Motor Controller Enable Z Axis controls after moving to location.
11/6/2024 00:29:38 [Information] Stepper Motor Controller Stopwatch Stopped.
11/6/2024 00:29:38 [Information] Stepper Motor Controller Stopwatch Reset.
11/6/2024 00:29:38 [Information] Stepper Motor Controller Enable Z Axis controls after moving to location.
11/6/2024 00:29:38 [Information] Stepper Motor Controller Stopwatch Stopped.
11/6/2024 00:29:38 [Information] Stepper Motor Controller Stopwatch Reset.
11/6/2024 00:29:38 [Information] Stepper Motor Controller Enable Z Axis controls after moving to location.
11/6/2024 00:29:38 [Information] Stepper Motor Controller Stopwatch Stopped.
11/6/2024 00:29:38 [Information] Stepper Motor Controller Stopwatch Reset.
11/6/2024 00:29:38 [Information] Stepper Motor Controller Enable Z Axis controls after moving to location.
11/6/2024 00:29:38 [Information] Stepper Motor Controller Stopwatch Stopped.
11/6/2024 00:29:38 [Information] Stepper Motor Controller Stopwatch Reset.
11/6/2024 00:29:38 [Information] Stepper Motor Controller Enable Z Axis controls after moving to location.
11/6/2024 00:29:38 [Information] Stepper Motor Controller Stopwatch Stopped.
11/6/2024 00:29:38 [Information] Stepper Motor Controller Stopwatch Reset.
11/6/2024 00:29:38 [Information] Stepper Motor Controller Enable Z Axis controls after moving to location.
11/6/2024 00:29:38 [Information] Stepper Motor Controller Stopwatch Stopped.
11/6/2024 00:29:38 [Information] Stepper Motor Controller Stopwatch Reset.
11/6/2024 00:29:38 [Information] Stepper Motor Controller Enable Z Axis controls after moving to location.
11/6/2024 00:29:38 [Information] Stepper Motor Controller Stopwatch Stopped.
11/6/2024 00:29:38 [Information] Stepper Motor Controller Stopwatch Reset.
11/6/2024 00:29:39 [Information] Stepper Motor Controller Enable Z Axis controls after moving to location.
11/6/2024 00:29:39 [Information] Stepper Motor Controller Stopwatch Stopped.
11/6/2024 00:29:39 [Information] Stepper Motor Controller Stopwatch Reset.
11/6/2024 00:29:39 [Information] Stepper Motor Controller Enable Z Axis controls after moving to location.
11/6/2024 00:29:39 [Information] Stepper Motor Controller Stopwatch Stopped.
11/6/2024 00:29:39 [Information] Stepper Motor Controller Stopwatch Reset.
11/6/2024 00:29:39 [Information] Stepper Motor Controller Enable Z Axis controls after moving to location.
11/6/2024 00:29:39 [Information] Stepper Motor Controller Stopwatch Stopped.
11/6/2024 00:29:39 [Information] Stepper Motor Controller Stopwatch Reset.
11/6/2024 00:29:39 [Information] Stepper Motor Controller Enable Z Axis controls after moving to location.
11/6/2024 00:29:39 [Information] Stepper Motor Controller Stopwatch Stopped.
11/6/2024 00:29:39 [Information] Stepper Motor Controller Stopwatch Reset.
11/6/2024 00:29:39 [Information] Stepper Motor Controller Enable Z Axis controls after moving to location.
11/6/2024 00:29:39 [Information] Stepper Motor Controller Stopwatch Stopped.
11/6/2024 00:29:39 [Information] Stepper Motor Controller Stopwatch Reset.
11/6/2024 00:29:39 [Information] Stepper Motor Controller Enable Z Axis controls after moving to location.
11/6/2024 00:29:39 [Information] Stepper Motor Controller Stopwatch Stopped.
11/6/2024 00:29:39 [Information] Stepper Motor Controller Stopwatch Reset.
11/6/2024 00:29:39 [Information] Stepper Motor Controller Enable Z Axis controls after moving to location.
11/6/2024 00:29:39 [Information] Stepper Motor Controller Stopwatch Stopped.
11/6/2024 00:29:39 [Information] Stepper Motor Controller Stopwatch Reset.
11/6/2024 00:29:39 [Information] Stepper Motor Controller Enable Z Axis controls after moving to location.
11/6/2024 00:29:39 [Information] Stepper Motor Controller Stopwatch Stopped.
11/6/2024 00:29:39 [Information] Stepper Motor Controller Stopwatch Reset.
11/6/2024 00:29:39 [Information] Stepper Motor Controller Enable Z Axis controls after moving to location.
11/6/2024 00:29:39 [Information] Stepper Motor Controller Stopwatch Stopped.
11/6/2024 00:29:39 [Information] Stepper Motor Controller Stopwatch Reset.
11/6/2024 00:29:39 [Information] Stepper Motor Controller Enable Z Axis controls after moving to location.
11/6/2024 00:29:39 [Information] Stepper Motor Controller Stopwatch Stopped.
11/6/2024 00:29:39 [Information] Stepper Motor Controller Stopwatch Reset.
11/6/2024 00:29:39 [Information] Stepper Motor Controller Enable Z Axis controls after moving to location.
11/6/2024 00:29:39 [Information] Stepper Motor Controller Stopwatch Stopped.
11/6/2024 00:29:39 [Information] Stepper Motor Controller Stopwatch Reset.
11/6/2024 00:29:39 [Information] Stepper Motor Controller Enable Z Axis controls after moving to location.
11/6/2024 00:29:39 [Information] Stepper Motor Controller Stopwatch Stopped.
11/6/2024 00:29:39 [Information] Stepper Motor Controller Stopwatch Reset.
11/6/2024 00:29:39 [Information] Stepper Motor Controller Enable Z Axis controls after moving to location.
11/6/2024 00:29:39 [Information] Stepper Motor Controller Stopwatch Stopped.
11/6/2024 00:29:39 [Information] Stepper Motor Controller Stopwatch Reset.
11/6/2024 00:29:39 [Information] Stepper Motor Controller Enable Z Axis controls after moving to location.
11/6/2024 00:29:39 [Information] Stepper Motor Controller Stopwatch Stopped.
11/6/2024 00:29:39 [Information] Stepper Motor Controller Stopwatch Reset.
11/6/2024 00:29:39 [Information] Stepper Motor Controller Enable Z Axis controls after moving to location.
11/6/2024 00:29:39 [Information] Stepper Motor Controller Stopwatch Stopped.
11/6/2024 00:29:39 [Information] Stepper Motor Controller Stopwatch Reset.
11/6/2024 00:29:39 [Information] Stepper Motor Controller Enable Z Axis controls after moving to location.
11/6/2024 00:29:39 [Information] Stepper Motor Controller Stopwatch Stopped.
11/6/2024 00:29:39 [Information] Stepper Motor Controller Stopwatch Reset.
11/6/2024 00:29:39 [Information] Stepper Motor Controller Enable Z Axis controls after moving to location.
11/6/2024 00:29:39 [Information] Stepper Motor Controller Stopwatch Stopped.
11/6/2024 00:29:39 [Information] Stepper Motor Controller Stopwatch Reset.
11/6/2024 00:29:39 [Information] Stepper Motor Controller Enable Z Axis controls after moving to location.
11/6/2024 00:29:39 [Information] Stepper Motor Controller Stopwatch Stopped.
11/6/2024 00:29:39 [Information] Stepper Motor Controller Stopwatch Reset.
11/6/2024 00:29:39 [Information] Stepper Motor Controller Enable Z Axis controls after moving to location.
11/6/2024 00:29:39 [Information] Stepper Motor Controller Stopwatch Stopped.
11/6/2024 00:29:39 [Information] Stepper Motor Controller Stopwatch Reset.
11/6/2024 00:29:39 [Information] Stepper Motor Controller Enable Z Axis controls after moving to location.
11/6/2024 00:29:39 [Information] Stepper Motor Controller Stopwatch Stopped.
11/6/2024 00:29:39 [Information] Stepper Motor Controller Stopwatch Reset.
11/6/2024 00:29:39 [Information] Stepper Motor Controller Enable Z Axis controls after moving to location.
11/6/2024 00:29:39 [Information] Stepper Motor Controller Stopwatch Stopped.
11/6/2024 00:29:39 [Information] Stepper Motor Controller Stopwatch Reset.
11/6/2024 00:29:39 [Information] Stepper Motor Controller Enable Z Axis controls after moving to location.
11/6/2024 00:29:39 [Information] Stepper Motor Controller Stopwatch Stopped.
11/6/2024 00:29:39 [Information] Stepper Motor Controller Stopwatch Reset.
11/6/2024 00:29:39 [Information] Stepper Motor Controller Enable Z Axis controls after moving to location.
11/6/2024 00:29:39 [Information] Stepper Motor Controller Stopwatch Stopped.
11/6/2024 00:29:39 [Information] Stepper Motor Controller Stopwatch Reset.
11/6/2024 00:29:39 [Information] Stepper Motor Controller Enable Z Axis controls after moving to location.
11/6/2024 00:29:39 [Information] Stepper Motor Controller Stopwatch Stopped.
11/6/2024 00:29:39 [Information] Stepper Motor Controller Stopwatch Reset.
11/6/2024 00:29:39 [Information] Stepper Motor Controller Enable Z Axis controls after moving to location.
11/6/2024 00:29:39 [Information] Stepper Motor Controller Stopwatch Stopped.
11/6/2024 00:29:39 [Information] Stepper Motor Controller Stopwatch Reset.
11/6/2024 00:29:39 [Information] Stepper Motor Controller Enable Z Axis controls after moving to location.
11/6/2024 00:29:39 [Information] Stepper Motor Controller Stopwatch Stopped.
11/6/2024 00:29:39 [Information] Stepper Motor Controller Stopwatch Reset.
11/6/2024 00:29:39 [Information] Stepper Motor Controller Enable Z Axis controls after moving to location.
11/6/2024 00:29:39 [Information] Stepper Motor Controller Stopwatch Stopped.
11/6/2024 00:29:39 [Information] Stepper Motor Controller Stopwatch Reset.
11/6/2024 00:29:39 [Information] Stepper Motor Controller Enable Z Axis controls after moving to location.
11/6/2024 00:29:39 [Information] Stepper Motor Controller Stopwatch Stopped.
11/6/2024 00:29:39 [Information] Stepper Motor Controller Stopwatch Reset.
11/6/2024 00:29:40 [Information] Stepper Motor Controller Enable Z Axis controls after moving to location.
11/6/2024 00:29:40 [Information] Stepper Motor Controller Stopwatch Stopped.
11/6/2024 00:29:40 [Information] Stepper Motor Controller Stopwatch Reset.
11/6/2024 00:29:40 [Information] Stepper Motor Controller Enable Z Axis controls after moving to location.
11/6/2024 00:29:40 [Information] Stepper Motor Controller Stopwatch Stopped.
11/6/2024 00:29:40 [Information] Stepper Motor Controller Stopwatch Reset.
11/6/2024 00:29:40 [Information] Stepper Motor Controller Enable Z Axis controls after moving to location.
11/6/2024 00:29:40 [Information] Stepper Motor Controller Stopwatch Stopped.
11/6/2024 00:29:40 [Information] Stepper Motor Controller Stopwatch Reset.
11/6/2024 00:29:40 [Information] Stepper Motor Controller Enable Z Axis controls after moving to location.
11/6/2024 00:29:40 [Information] Stepper Motor Controller Stopwatch Stopped.
11/6/2024 00:29:40 [Information] Stepper Motor Controller Stopwatch Reset.
11/6/2024 00:29:40 [Information] Stepper Motor Controller Enable Z Axis controls after moving to location.
11/6/2024 00:29:40 [Information] Stepper Motor Controller Stopwatch Stopped.
11/6/2024 00:29:40 [Information] Stepper Motor Controller Stopwatch Reset.
11/6/2024 00:29:40 [Information] Stepper Motor Controller Enable Z Axis controls after moving to location.
11/6/2024 00:29:40 [Information] Stepper Motor Controller Stopwatch Stopped.
11/6/2024 00:29:40 [Information] Stepper Motor Controller Stopwatch Reset.
11/6/2024 00:29:40 [Information] Stepper Motor Controller Enable Z Axis controls after moving to location.
11/6/2024 00:29:40 [Information] Stepper Motor Controller Stopwatch Stopped.
11/6/2024 00:29:40 [Information] Stepper Motor Controller Stopwatch Reset.
11/6/2024 00:29:40 [Information] Stepper Motor Controller Enable Z Axis controls after moving to location.
11/6/2024 00:29:40 [Information] Stepper Motor Controller Stopwatch Stopped.
11/6/2024 00:29:40 [Information] Stepper Motor Controller Stopwatch Reset.
11/6/2024 00:29:40 [Information] Stepper Motor Controller Enable Z Axis controls after moving to location.
11/6/2024 00:29:40 [Information] Stepper Motor Controller Stopwatch Stopped.
11/6/2024 00:29:40 [Information] Stepper Motor Controller Stopwatch Reset.
11/6/2024 00:29:40 [Information] Stepper Motor Controller Enable Z Axis controls after moving to location.
11/6/2024 00:29:40 [Information] Stepper Motor Controller Stopwatch Stopped.
11/6/2024 00:29:40 [Information] Stepper Motor Controller Stopwatch Reset.
11/6/2024 00:29:40 [Information] Stepper Motor Controller Enable Z Axis controls after moving to location.
11/6/2024 00:29:40 [Information] Stepper Motor Controller Stopwatch Stopped.
11/6/2024 00:29:40 [Information] Stepper Motor Controller Stopwatch Reset.
11/6/2024 00:29:40 [Information] Stepper Motor Controller Enable Z Axis controls after moving to location.
11/6/2024 00:29:40 [Information] Stepper Motor Controller Stopwatch Stopped.
11/6/2024 00:29:40 [Information] Stepper Motor Controller Stopwatch Reset.
11/6/2024 00:29:40 [Information] Stepper Motor Controller Enable Z Axis controls after moving to location.
11/6/2024 00:29:40 [Information] Stepper Motor Controller Stopwatch Stopped.
11/6/2024 00:29:40 [Information] Stepper Motor Controller Stopwatch Reset.
11/6/2024 00:29:40 [Information] Stepper Motor Controller Enable Z Axis controls after moving to location.
11/6/2024 00:29:40 [Information] Stepper Motor Controller Stopwatch Stopped.
11/6/2024 00:29:40 [Information] Stepper Motor Controller Stopwatch Reset.
11/6/2024 00:29:40 [Information] Stepper Motor Controller Enable Z Axis controls after moving to location.
11/6/2024 00:29:40 [Information] Stepper Motor Controller Stopwatch Stopped.
11/6/2024 00:29:40 [Information] Stepper Motor Controller Stopwatch Reset.
11/6/2024 00:29:40 [Information] Stepper Motor Controller Enable Z Axis controls after moving to location.
11/6/2024 00:29:40 [Information] Stepper Motor Controller Stopwatch Stopped.
11/6/2024 00:29:40 [Information] Stepper Motor Controller Stopwatch Reset.
11/6/2024 00:29:40 [Information] Stepper Motor Controller Enable Z Axis controls after moving to location.
11/6/2024 00:29:40 [Information] Stepper Motor Controller Stopwatch Stopped.
11/6/2024 00:29:40 [Information] Stepper Motor Controller Stopwatch Reset.
11/6/2024 00:29:40 [Information] Stepper Motor Controller Enable Z Axis controls after moving to location.
11/6/2024 00:29:40 [Information] Stepper Motor Controller Stopwatch Stopped.
11/6/2024 00:29:40 [Information] Stepper Motor Controller Stopwatch Reset.
11/6/2024 00:29:40 [Information] Stepper Motor Controller Enable Z Axis controls after moving to location.
11/6/2024 00:29:40 [Information] Stepper Motor Controller Stopwatch Stopped.
11/6/2024 00:29:40 [Information] Stepper Motor Controller Stopwatch Reset.
11/6/2024 00:29:40 [Information] Stepper Motor Controller Enable Z Axis controls after moving to location.
11/6/2024 00:29:40 [Information] Stepper Motor Controller Stopwatch Stopped.
11/6/2024 00:29:40 [Information] Stepper Motor Controller Stopwatch Reset.
11/6/2024 00:29:41 [Information] Stepper Motor Controller Enable Z Axis controls after moving to location.
11/6/2024 00:29:41 [Information] Stepper Motor Controller Stopwatch Stopped.
11/6/2024 00:29:41 [Information] Stepper Motor Controller Stopwatch Reset.
11/6/2024 00:29:41 [Information] Stepper Motor Controller Enable Z Axis controls after moving to location.
11/6/2024 00:29:41 [Information] Stepper Motor Controller Stopwatch Stopped.
11/6/2024 00:29:41 [Information] Stepper Motor Controller Stopwatch Reset.
11/6/2024 00:29:41 [Information] Stepper Motor Controller Enable Z Axis controls after moving to location.
11/6/2024 00:29:41 [Information] Stepper Motor Controller Stopwatch Stopped.
11/6/2024 00:29:41 [Information] Stepper Motor Controller Stopwatch Reset.
11/6/2024 00:29:41 [Information] Stepper Motor Controller Enable Z Axis controls after moving to location.
11/6/2024 00:29:41 [Information] Stepper Motor Controller Stopwatch Stopped.
11/6/2024 00:29:41 [Information] Stepper Motor Controller Stopwatch Reset.
11/6/2024 00:29:41 [Information] Stepper Motor Controller Enable Z Axis controls after moving to location.
11/6/2024 00:29:41 [Information] Stepper Motor Controller Stopwatch Stopped.
11/6/2024 00:29:41 [Information] Stepper Motor Controller Stopwatch Reset.
11/6/2024 00:29:41 [Information] Stepper Motor Controller Enable Z Axis controls after moving to location.
11/6/2024 00:29:41 [Information] Stepper Motor Controller Stopwatch Stopped.
11/6/2024 00:29:41 [Information] Stepper Motor Controller Stopwatch Reset.
11/6/2024 00:29:41 [Information] Stepper Motor Controller Enable Z Axis controls after moving to location.
11/6/2024 00:29:41 [Information] Stepper Motor Controller Stopwatch Stopped.
11/6/2024 00:29:41 [Information] Stepper Motor Controller Stopwatch Reset.
11/6/2024 00:29:41 [Information] Stepper Motor Controller Enable Z Axis controls after moving to location.
11/6/2024 00:29:41 [Information] Stepper Motor Controller Stopwatch Stopped.
11/6/2024 00:29:41 [Information] Stepper Motor Controller Stopwatch Reset.
11/6/2024 00:29:41 [Information] Stepper Motor Controller Enable Z Axis controls after moving to location.
11/6/2024 00:29:41 [Information] Stepper Motor Controller Stopwatch Stopped.
11/6/2024 00:29:41 [Information] Stepper Motor Controller Stopwatch Reset.
11/6/2024 00:29:41 [Information] Stepper Motor Controller Enable Z Axis controls after moving to location.
11/6/2024 00:29:41 [Information] Stepper Motor Controller Stopwatch Stopped.
11/6/2024 00:29:41 [Information] Stepper Motor Controller Stopwatch Reset.
11/6/2024 00:29:41 [Information] Stepper Motor Controller Enable Z Axis controls after moving to location.
11/6/2024 00:29:41 [Information] Stepper Motor Controller Stopwatch Stopped.
11/6/2024 00:29:41 [Information] Stepper Motor Controller Stopwatch Reset.
11/6/2024 00:29:41 [Information] Stepper Motor Controller Enable Z Axis controls after moving to location.
11/6/2024 00:29:41 [Information] Stepper Motor Controller Stopwatch Stopped.
11/6/2024 00:29:41 [Information] Stepper Motor Controller Stopwatch Reset.
11/6/2024 00:29:41 [Information] Stepper Motor Controller Enable Z Axis controls after moving to location.
11/6/2024 00:29:41 [Information] Stepper Motor Controller Stopwatch Stopped.
11/6/2024 00:29:41 [Information] Stepper Motor Controller Stopwatch Reset.
11/6/2024 00:29:41 [Information] Stepper Motor Controller Enable Z Axis controls after moving to location.
11/6/2024 00:29:41 [Information] Stepper Motor Controller Stopwatch Stopped.
11/6/2024 00:29:41 [Information] Stepper Motor Controller Stopwatch Reset.
11/6/2024 00:29:41 [Information] Stepper Motor Controller Enable Z Axis controls after moving to location.
11/6/2024 00:29:41 [Information] Stepper Motor Controller Stopwatch Stopped.
11/6/2024 00:29:41 [Information] Stepper Motor Controller Stopwatch Reset.
11/6/2024 00:29:41 [Information] Stepper Motor Controller Enable Z Axis controls after moving to location.
11/6/2024 00:29:41 [Information] Stepper Motor Controller Stopwatch Stopped.
11/6/2024 00:29:41 [Information] Stepper Motor Controller Stopwatch Reset.
11/6/2024 00:29:41 [Information] Stepper Motor Controller Enable Z Axis controls after moving to location.
11/6/2024 00:29:41 [Information] Stepper Motor Controller Stopwatch Stopped.
11/6/2024 00:29:41 [Information] Stepper Motor Controller Stopwatch Reset.
11/6/2024 00:29:41 [Information] Stepper Motor Controller Enable Z Axis controls after moving to location.
11/6/2024 00:29:41 [Information] Stepper Motor Controller Stopwatch Stopped.
11/6/2024 00:29:41 [Information] Stepper Motor Controller Stopwatch Reset.
11/6/2024 00:29:41 [Information] Stepper Motor Controller Enable Z Axis controls after moving to location.
11/6/2024 00:29:41 [Information] Stepper Motor Controller Stopwatch Stopped.
11/6/2024 00:29:41 [Information] Stepper Motor Controller Stopwatch Reset.
11/6/2024 00:29:41 [Information] Stepper Motor Controller Enable Z Axis controls after moving to location.
11/6/2024 00:29:41 [Information] Stepper Motor Controller Stopwatch Stopped.
11/6/2024 00:29:41 [Information] Stepper Motor Controller Stopwatch Reset.
11/6/2024 00:29:41 [Information] Stepper Motor Controller Enable Z Axis controls after moving to location.
11/6/2024 00:29:41 [Information] Stepper Motor Controller Stopwatch Stopped.
11/6/2024 00:29:41 [Information] Stepper Motor Controller Stopwatch Reset.
11/6/2024 00:29:41 [Information] Stepper Motor Controller Enable Z Axis controls after moving to location.
11/6/2024 00:29:41 [Information] Stepper Motor Controller Stopwatch Stopped.
11/6/2024 00:29:41 [Information] Stepper Motor Controller Stopwatch Reset.
11/6/2024 00:29:41 [Information] Stepper Motor Controller Enable Z Axis controls after moving to location.
11/6/2024 00:29:41 [Information] Stepper Motor Controller Stopwatch Stopped.
11/6/2024 00:29:41 [Information] Stepper Motor Controller Stopwatch Reset.
11/6/2024 00:29:41 [Information] Stepper Motor Controller Enable Z Axis controls after moving to location.
11/6/2024 00:29:41 [Information] Stepper Motor Controller Stopwatch Stopped.
11/6/2024 00:29:41 [Information] Stepper Motor Controller Stopwatch Reset.
11/6/2024 00:29:42 [Information] Stepper Motor Controller Enable Z Axis controls after moving to location.
11/6/2024 00:29:42 [Information] Stepper Motor Controller Stopwatch Stopped.
11/6/2024 00:29:42 [Information] Stepper Motor Controller Stopwatch Reset.
11/6/2024 00:29:42 [Information] Stepper Motor Controller Enable Z Axis controls after moving to location.
11/6/2024 00:29:42 [Information] Stepper Motor Controller Stopwatch Stopped.
11/6/2024 00:29:42 [Information] Stepper Motor Controller Stopwatch Reset.
11/6/2024 00:29:42 [Information] Stepper Motor Controller Enable Z Axis controls after moving to location.
11/6/2024 00:29:42 [Information] Stepper Motor Controller Stopwatch Stopped.
11/6/2024 00:29:42 [Information] Stepper Motor Controller Stopwatch Reset.
11/6/2024 00:29:42 [Information] Stepper Motor Controller Enable Z Axis controls after moving to location.
11/6/2024 00:29:42 [Information] Stepper Motor Controller Stopwatch Stopped.
11/6/2024 00:29:42 [Information] Stepper Motor Controller Stopwatch Reset.
11/6/2024 00:29:42 [Information] Stepper Motor Controller Enable Z Axis controls after moving to location.
11/6/2024 00:29:42 [Information] Stepper Motor Controller Stopwatch Stopped.
11/6/2024 00:29:42 [Information] Stepper Motor Controller Stopwatch Reset.
11/6/2024 00:29:42 [Information] Stepper Motor Controller Enable Z Axis controls after moving to location.
11/6/2024 00:29:42 [Information] Stepper Motor Controller Stopwatch Stopped.
11/6/2024 00:29:42 [Information] Stepper Motor Controller Stopwatch Reset.
11/6/2024 00:29:42 [Information] Stepper Motor Controller Enable Z Axis controls after moving to location.
11/6/2024 00:29:42 [Information] Stepper Motor Controller Stopwatch Stopped.
11/6/2024 00:29:42 [Information] Stepper Motor Controller Stopwatch Reset.
11/6/2024 00:29:42 [Information] Stepper Motor Controller Enable Z Axis controls after moving to location.
11/6/2024 00:29:42 [Information] Stepper Motor Controller Stopwatch Stopped.
11/6/2024 00:29:42 [Information] Stepper Motor Controller Stopwatch Reset.
11/6/2024 00:29:42 [Information] Stepper Motor Controller Enable Z Axis controls after moving to location.
11/6/2024 00:29:42 [Information] Stepper Motor Controller Stopwatch Stopped.
11/6/2024 00:29:42 [Information] Stepper Motor Controller Stopwatch Reset.
11/6/2024 00:29:42 [Information] Stepper Motor Controller Enable Z Axis controls after moving to location.
11/6/2024 00:29:42 [Information] Stepper Motor Controller Stopwatch Stopped.
11/6/2024 00:29:42 [Information] Stepper Motor Controller Stopwatch Reset.
11/6/2024 00:29:42 [Information] Stepper Motor Controller Enable Z Axis controls after moving to location.
11/6/2024 00:29:42 [Information] Stepper Motor Controller Stopwatch Stopped.
11/6/2024 00:29:42 [Information] Stepper Motor Controller Stopwatch Reset.
11/6/2024 00:29:42 [Information] Stepper Motor Controller Enable Z Axis controls after moving to location.
11/6/2024 00:29:42 [Information] Stepper Motor Controller Stopwatch Stopped.
11/6/2024 00:29:42 [Information] Stepper Motor Controller Stopwatch Reset.
11/6/2024 00:29:42 [Information] Stepper Motor Controller Enable Z Axis controls after moving to location.
11/6/2024 00:29:42 [Information] Stepper Motor Controller Stopwatch Stopped.
11/6/2024 00:29:42 [Information] Stepper Motor Controller Stopwatch Reset.
11/6/2024 00:29:42 [Information] Stepper Motor Controller Enable Z Axis controls after moving to location.
11/6/2024 00:29:42 [Information] Stepper Motor Controller Stopwatch Stopped.
11/6/2024 00:29:42 [Information] Stepper Motor Controller Stopwatch Reset.
11/6/2024 00:29:42 [Information] Stepper Motor Controller Enable Z Axis controls after moving to location.
11/6/2024 00:29:42 [Information] Stepper Motor Controller Stopwatch Stopped.
11/6/2024 00:29:42 [Information] Stepper Motor Controller Stopwatch Reset.
11/6/2024 00:29:42 [Information] Stepper Motor Controller Enable Z Axis controls after moving to location.
11/6/2024 00:29:42 [Information] Stepper Motor Controller Stopwatch Stopped.
11/6/2024 00:29:42 [Information] Stepper Motor Controller Stopwatch Reset.
11/6/2024 00:29:42 [Information] Stepper Motor Controller Enable Z Axis controls after moving to location.
11/6/2024 00:29:42 [Information] Stepper Motor Controller Stopwatch Stopped.
11/6/2024 00:29:42 [Information] Stepper Motor Controller Stopwatch Reset.
11/6/2024 00:29:42 [Information] Stepper Motor Controller Enable Z Axis controls after moving to location.
11/6/2024 00:29:42 [Information] Stepper Motor Controller Stopwatch Stopped.
11/6/2024 00:29:42 [Information] Stepper Motor Controller Stopwatch Reset.
11/6/2024 00:29:42 [Information] Stepper Motor Controller Enable Z Axis controls after moving to location.
11/6/2024 00:29:42 [Information] Stepper Motor Controller Stopwatch Stopped.
11/6/2024 00:29:42 [Information] Stepper Motor Controller Stopwatch Reset.
11/6/2024 00:29:42 [Information] Stepper Motor Controller Enable Z Axis controls after moving to location.
11/6/2024 00:29:42 [Information] Stepper Motor Controller Stopwatch Stopped.
11/6/2024 00:29:42 [Information] Stepper Motor Controller Stopwatch Reset.
11/6/2024 00:29:42 [Information] Stepper Motor Controller Enable Z Axis controls after moving to location.
11/6/2024 00:29:42 [Information] Stepper Motor Controller Stopwatch Stopped.
11/6/2024 00:29:42 [Information] Stepper Motor Controller Stopwatch Reset.
11/6/2024 00:29:42 [Information] Stepper Motor Controller Enable Z Axis controls after moving to location.
11/6/2024 00:29:42 [Information] Stepper Motor Controller Stopwatch Stopped.
11/6/2024 00:29:42 [Information] Stepper Motor Controller Stopwatch Reset.
11/6/2024 00:29:42 [Information] Stepper Motor Controller Enable Z Axis controls after moving to location.
11/6/2024 00:29:42 [Information] Stepper Motor Controller Stopwatch Stopped.
11/6/2024 00:29:42 [Information] Stepper Motor Controller Stopwatch Reset.
11/6/2024 00:29:42 [Information] Stepper Motor Controller Enable Z Axis controls after moving to location.
11/6/2024 00:29:42 [Information] Stepper Motor Controller Stopwatch Stopped.
11/6/2024 00:29:42 [Information] Stepper Motor Controller Stopwatch Reset.
11/6/2024 00:29:43 [Information] Stepper Motor Controller Enable Z Axis controls after moving to location.
11/6/2024 00:29:43 [Information] Stepper Motor Controller Stopwatch Stopped.
11/6/2024 00:29:43 [Information] Stepper Motor Controller Stopwatch Reset.
11/6/2024 00:29:43 [Information] Stepper Motor Controller Enable Z Axis controls after moving to location.
11/6/2024 00:29:43 [Information] Stepper Motor Controller Stopwatch Stopped.
11/6/2024 00:29:43 [Information] Stepper Motor Controller Stopwatch Reset.
11/6/2024 00:29:43 [Information] Stepper Motor Controller Enable Z Axis controls after moving to location.
11/6/2024 00:29:43 [Information] Stepper Motor Controller Stopwatch Stopped.
11/6/2024 00:29:43 [Information] Stepper Motor Controller Stopwatch Reset.
11/6/2024 00:29:43 [Information] Stepper Motor Controller Enable Z Axis controls after moving to location.
11/6/2024 00:29:43 [Information] Stepper Motor Controller Stopwatch Stopped.
11/6/2024 00:29:43 [Information] Stepper Motor Controller Stopwatch Reset.
11/6/2024 00:29:43 [Information] Stepper Motor Controller Enable Z Axis controls after moving to location.
11/6/2024 00:29:43 [Information] Stepper Motor Controller Stopwatch Stopped.
11/6/2024 00:29:43 [Information] Stepper Motor Controller Stopwatch Reset.
11/6/2024 00:29:43 [Information] Stepper Motor Controller Enable Z Axis controls after moving to location.
11/6/2024 00:29:43 [Information] Stepper Motor Controller Stopwatch Stopped.
11/6/2024 00:29:43 [Information] Stepper Motor Controller Stopwatch Reset.
11/6/2024 00:29:43 [Information] Stepper Motor Controller Enable Z Axis controls after moving to location.
11/6/2024 00:29:43 [Information] Stepper Motor Controller Stopwatch Stopped.
11/6/2024 00:29:43 [Information] Stepper Motor Controller Stopwatch Reset.
11/6/2024 00:29:43 [Information] Stepper Motor Controller Enable Z Axis controls after moving to location.
11/6/2024 00:29:43 [Information] Stepper Motor Controller Stopwatch Stopped.
11/6/2024 00:29:43 [Information] Stepper Motor Controller Stopwatch Reset.
11/6/2024 00:29:43 [Information] Stepper Motor Controller Enable Z Axis controls after moving to location.
11/6/2024 00:29:43 [Information] Stepper Motor Controller Stopwatch Stopped.
11/6/2024 00:29:43 [Information] Stepper Motor Controller Stopwatch Reset.
11/6/2024 00:29:43 [Information] Stepper Motor Controller Enable Z Axis controls after moving to location.
11/6/2024 00:29:43 [Information] Stepper Motor Controller Stopwatch Stopped.
11/6/2024 00:29:43 [Information] Stepper Motor Controller Stopwatch Reset.
11/6/2024 00:29:43 [Information] Stepper Motor Controller Enable Z Axis controls after moving to location.
11/6/2024 00:29:43 [Information] Stepper Motor Controller Stopwatch Stopped.
11/6/2024 00:29:43 [Information] Stepper Motor Controller Stopwatch Reset.
11/6/2024 00:29:43 [Information] Stepper Motor Controller Enable Z Axis controls after moving to location.
11/6/2024 00:29:43 [Information] Stepper Motor Controller Stopwatch Stopped.
11/6/2024 00:29:43 [Information] Stepper Motor Controller Stopwatch Reset.
11/6/2024 00:29:43 [Information] Stepper Motor Controller Enable Z Axis controls after moving to location.
11/6/2024 00:29:43 [Information] Stepper Motor Controller Stopwatch Stopped.
11/6/2024 00:29:43 [Information] Stepper Motor Controller Stopwatch Reset.
11/6/2024 00:29:43 [Information] Stepper Motor Controller Enable Z Axis controls after moving to location.
11/6/2024 00:29:43 [Information] Stepper Motor Controller Stopwatch Stopped.
11/6/2024 00:29:43 [Information] Stepper Motor Controller Stopwatch Reset.
11/6/2024 00:29:43 [Information] Stepper Motor Controller Enable Z Axis controls after moving to location.
11/6/2024 00:29:43 [Information] Stepper Motor Controller Stopwatch Stopped.
11/6/2024 00:29:43 [Information] Stepper Motor Controller Stopwatch Reset.
11/6/2024 00:29:43 [Information] Stepper Motor Controller Enable Z Axis controls after moving to location.
11/6/2024 00:29:43 [Information] Stepper Motor Controller Stopwatch Stopped.
11/6/2024 00:29:43 [Information] Stepper Motor Controller Stopwatch Reset.
11/6/2024 00:29:43 [Information] Stepper Motor Controller Enable Z Axis controls after moving to location.
11/6/2024 00:29:43 [Information] Stepper Motor Controller Stopwatch Stopped.
11/6/2024 00:29:43 [Information] Stepper Motor Controller Stopwatch Reset.
11/6/2024 00:29:43 [Information] Stepper Motor Controller Enable Z Axis controls after moving to location.
11/6/2024 00:29:43 [Information] Stepper Motor Controller Stopwatch Stopped.
11/6/2024 00:29:43 [Information] Stepper Motor Controller Stopwatch Reset.
11/6/2024 00:29:43 [Information] Stepper Motor Controller Enable Z Axis controls after moving to location.
11/6/2024 00:29:43 [Information] Stepper Motor Controller Stopwatch Stopped.
11/6/2024 00:29:43 [Information] Stepper Motor Controller Stopwatch Reset.
11/6/2024 00:29:43 [Information] Stepper Motor Controller Enable Z Axis controls after moving to location.
11/6/2024 00:29:43 [Information] Stepper Motor Controller Stopwatch Stopped.
11/6/2024 00:29:43 [Information] Stepper Motor Controller Stopwatch Reset.
11/6/2024 00:29:43 [Information] Stepper Motor Controller Enable Z Axis controls after moving to location.
11/6/2024 00:29:43 [Information] Stepper Motor Controller Stopwatch Stopped.
11/6/2024 00:29:43 [Information] Stepper Motor Controller Stopwatch Reset.
11/6/2024 00:29:43 [Information] Stepper Motor Controller Enable Z Axis controls after moving to location.
11/6/2024 00:29:43 [Information] Stepper Motor Controller Stopwatch Stopped.
11/6/2024 00:29:43 [Information] Stepper Motor Controller Stopwatch Reset.
11/6/2024 00:29:43 [Information] Stepper Motor Controller Enable Z Axis controls after moving to location.
11/6/2024 00:29:43 [Information] Stepper Motor Controller Stopwatch Stopped.
11/6/2024 00:29:43 [Information] Stepper Motor Controller Stopwatch Reset.
11/6/2024 00:29:43 [Information] Stepper Motor Controller Enable Z Axis controls after moving to location.
11/6/2024 00:29:43 [Information] Stepper Motor Controller Stopwatch Stopped.
11/6/2024 00:29:43 [Information] Stepper Motor Controller Stopwatch Reset.
11/6/2024 00:29:43 [Information] Stepper Motor Controller Enable Z Axis controls after moving to location.
11/6/2024 00:29:43 [Information] Stepper Motor Controller Stopwatch Stopped.
11/6/2024 00:29:43 [Information] Stepper Motor Controller Stopwatch Reset.
11/6/2024 00:29:44 [Information] Stepper Motor Controller Enable Z Axis controls after moving to location.
11/6/2024 00:29:44 [Information] Stepper Motor Controller Stopwatch Stopped.
11/6/2024 00:29:44 [Information] Stepper Motor Controller Stopwatch Reset.
11/6/2024 00:29:44 [Information] Stepper Motor Controller Enable Z Axis controls after moving to location.
11/6/2024 00:29:44 [Information] Stepper Motor Controller Stopwatch Stopped.
11/6/2024 00:29:44 [Information] Stepper Motor Controller Stopwatch Reset.
11/6/2024 00:29:44 [Information] Stepper Motor Controller Enable Z Axis controls after moving to location.
11/6/2024 00:29:44 [Information] Stepper Motor Controller Stopwatch Stopped.
11/6/2024 00:29:44 [Information] Stepper Motor Controller Stopwatch Reset.
11/6/2024 00:29:44 [Information] Stepper Motor Controller Enable Z Axis controls after moving to location.
11/6/2024 00:29:44 [Information] Stepper Motor Controller Stopwatch Stopped.
11/6/2024 00:29:44 [Information] Stepper Motor Controller Stopwatch Reset.
11/6/2024 00:29:44 [Information] Stepper Motor Controller Enable Z Axis controls after moving to location.
11/6/2024 00:29:44 [Information] Stepper Motor Controller Stopwatch Stopped.
11/6/2024 00:29:44 [Information] Stepper Motor Controller Stopwatch Reset.
11/6/2024 00:29:44 [Information] Stepper Motor Controller Enable Z Axis controls after moving to location.
11/6/2024 00:29:44 [Information] Stepper Motor Controller Stopwatch Stopped.
11/6/2024 00:29:44 [Information] Stepper Motor Controller Stopwatch Reset.
11/6/2024 00:29:44 [Information] Stepper Motor Controller Enable Z Axis controls after moving to location.
11/6/2024 00:29:44 [Information] Stepper Motor Controller Stopwatch Stopped.
11/6/2024 00:29:44 [Information] Stepper Motor Controller Stopwatch Reset.
11/6/2024 00:29:44 [Information] Stepper Motor Controller Enable Z Axis controls after moving to location.
11/6/2024 00:29:44 [Information] Stepper Motor Controller Stopwatch Stopped.
11/6/2024 00:29:44 [Information] Stepper Motor Controller Stopwatch Reset.
11/6/2024 00:29:44 [Information] Stepper Motor Controller Enable Z Axis controls after moving to location.
11/6/2024 00:29:44 [Information] Stepper Motor Controller Stopwatch Stopped.
11/6/2024 00:29:44 [Information] Stepper Motor Controller Stopwatch Reset.
11/6/2024 00:29:44 [Information] Stepper Motor Controller Enable Z Axis controls after moving to location.
11/6/2024 00:29:44 [Information] Stepper Motor Controller Stopwatch Stopped.
11/6/2024 00:29:44 [Information] Stepper Motor Controller Stopwatch Reset.
11/6/2024 00:29:44 [Information] Stepper Motor Controller Enable Z Axis controls after moving to location.
11/6/2024 00:29:44 [Information] Stepper Motor Controller Stopwatch Stopped.
11/6/2024 00:29:44 [Information] Stepper Motor Controller Stopwatch Reset.
11/6/2024 00:29:44 [Information] Stepper Motor Controller Enable Z Axis controls after moving to location.
11/6/2024 00:29:44 [Information] Stepper Motor Controller Stopwatch Stopped.
11/6/2024 00:29:44 [Information] Stepper Motor Controller Stopwatch Reset.
11/6/2024 00:29:44 [Information] Stepper Motor Controller Enable Z Axis controls after moving to location.
11/6/2024 00:29:44 [Information] Stepper Motor Controller Stopwatch Stopped.
11/6/2024 00:29:44 [Information] Stepper Motor Controller Stopwatch Reset.
11/6/2024 00:29:44 [Information] Stepper Motor Controller Enable Z Axis controls after moving to location.
11/6/2024 00:29:44 [Information] Stepper Motor Controller Stopwatch Stopped.
11/6/2024 00:29:44 [Information] Stepper Motor Controller Stopwatch Reset.
11/6/2024 00:29:44 [Information] Stepper Motor Controller Enable Z Axis controls after moving to location.
11/6/2024 00:29:44 [Information] Stepper Motor Controller Stopwatch Stopped.
11/6/2024 00:29:44 [Information] Stepper Motor Controller Stopwatch Reset.
11/6/2024 00:29:44 [Information] Stepper Motor Controller Enable Z Axis controls after moving to location.
11/6/2024 00:29:44 [Information] Stepper Motor Controller Stopwatch Stopped.
11/6/2024 00:29:44 [Information] Stepper Motor Controller Stopwatch Reset.
11/6/2024 00:29:44 [Information] Stepper Motor Controller Enable Z Axis controls after moving to location.
11/6/2024 00:29:44 [Information] Stepper Motor Controller Stopwatch Stopped.
11/6/2024 00:29:44 [Information] Stepper Motor Controller Stopwatch Reset.
11/6/2024 00:29:44 [Information] Stepper Motor Controller Enable Z Axis controls after moving to location.
11/6/2024 00:29:44 [Information] Stepper Motor Controller Stopwatch Stopped.
11/6/2024 00:29:44 [Information] Stepper Motor Controller Stopwatch Reset.
11/6/2024 00:29:44 [Information] Stepper Motor Controller Enable Z Axis controls after moving to location.
11/6/2024 00:29:44 [Information] Stepper Motor Controller Stopwatch Stopped.
11/6/2024 00:29:44 [Information] Stepper Motor Controller Stopwatch Reset.
11/6/2024 00:29:44 [Information] Stepper Motor Controller Enable Z Axis controls after moving to location.
11/6/2024 00:29:44 [Information] Stepper Motor Controller Stopwatch Stopped.
11/6/2024 00:29:44 [Information] Stepper Motor Controller Stopwatch Reset.
11/6/2024 00:29:44 [Information] Stepper Motor Controller Enable Z Axis controls after moving to location.
11/6/2024 00:29:44 [Information] Stepper Motor Controller Stopwatch Stopped.
11/6/2024 00:29:44 [Information] Stepper Motor Controller Stopwatch Reset.
11/6/2024 00:29:44 [Information] Stepper Motor Controller Enable Z Axis controls after moving to location.
11/6/2024 00:29:44 [Information] Stepper Motor Controller Stopwatch Stopped.
11/6/2024 00:29:44 [Information] Stepper Motor Controller Stopwatch Reset.
11/6/2024 00:29:44 [Information] Stepper Motor Controller Enable Z Axis controls after moving to location.
11/6/2024 00:29:44 [Information] Stepper Motor Controller Stopwatch Stopped.
11/6/2024 00:29:44 [Information] Stepper Motor Controller Stopwatch Reset.
11/6/2024 00:29:44 [Information] Stepper Motor Controller Enable Z Axis controls after moving to location.
11/6/2024 00:29:44 [Information] Stepper Motor Controller Stopwatch Stopped.
11/6/2024 00:29:44 [Information] Stepper Motor Controller Stopwatch Reset.
11/6/2024 00:29:45 [Information] Stepper Motor Controller Enable Z Axis controls after moving to location.
11/6/2024 00:29:45 [Information] Stepper Motor Controller Stopwatch Stopped.
11/6/2024 00:29:45 [Information] Stepper Motor Controller Stopwatch Reset.
11/6/2024 00:29:45 [Information] Stepper Motor Controller Enable Z Axis controls after moving to location.
11/6/2024 00:29:45 [Information] Stepper Motor Controller Stopwatch Stopped.
11/6/2024 00:29:45 [Information] Stepper Motor Controller Stopwatch Reset.
11/6/2024 00:29:45 [Information] Stepper Motor Controller Enable Z Axis controls after moving to location.
11/6/2024 00:29:45 [Information] Stepper Motor Controller Stopwatch Stopped.
11/6/2024 00:29:45 [Information] Stepper Motor Controller Stopwatch Reset.
11/6/2024 00:29:45 [Information] Stepper Motor Controller Enable Z Axis controls after moving to location.
11/6/2024 00:29:45 [Information] Stepper Motor Controller Stopwatch Stopped.
11/6/2024 00:29:45 [Information] Stepper Motor Controller Stopwatch Reset.
11/6/2024 00:29:45 [Information] Stepper Motor Controller Enable Z Axis controls after moving to location.
11/6/2024 00:29:45 [Information] Stepper Motor Controller Stopwatch Stopped.
11/6/2024 00:29:45 [Information] Stepper Motor Controller Stopwatch Reset.
11/6/2024 00:29:45 [Information] Stepper Motor Controller Enable Z Axis controls after moving to location.
11/6/2024 00:29:45 [Information] Stepper Motor Controller Stopwatch Stopped.
11/6/2024 00:29:45 [Information] Stepper Motor Controller Stopwatch Reset.
11/6/2024 00:29:45 [Information] Stepper Motor Controller Enable Z Axis controls after moving to location.
11/6/2024 00:29:45 [Information] Stepper Motor Controller Stopwatch Stopped.
11/6/2024 00:29:45 [Information] Stepper Motor Controller Stopwatch Reset.
11/6/2024 00:29:45 [Information] Stepper Motor Controller Enable Z Axis controls after moving to location.
11/6/2024 00:29:45 [Information] Stepper Motor Controller Stopwatch Stopped.
11/6/2024 00:29:45 [Information] Stepper Motor Controller Stopwatch Reset.
11/6/2024 00:29:45 [Information] Stepper Motor Controller Enable Z Axis controls after moving to location.
11/6/2024 00:29:45 [Information] Stepper Motor Controller Stopwatch Stopped.
11/6/2024 00:29:45 [Information] Stepper Motor Controller Stopwatch Reset.
11/6/2024 00:29:45 [Information] Stepper Motor Controller Enable Z Axis controls after moving to location.
11/6/2024 00:29:45 [Information] Stepper Motor Controller Stopwatch Stopped.
11/6/2024 00:29:45 [Information] Stepper Motor Controller Stopwatch Reset.
11/6/2024 00:29:45 [Information] Stepper Motor Controller Enable Z Axis controls after moving to location.
11/6/2024 00:29:45 [Information] Stepper Motor Controller Stopwatch Stopped.
11/6/2024 00:29:45 [Information] Stepper Motor Controller Stopwatch Reset.
11/6/2024 00:29:45 [Information] Stepper Motor Controller Enable Z Axis controls after moving to location.
11/6/2024 00:29:45 [Information] Stepper Motor Controller Stopwatch Stopped.
11/6/2024 00:29:45 [Information] Stepper Motor Controller Stopwatch Reset.
11/6/2024 00:29:45 [Information] Stepper Motor Controller Enable Z Axis controls after moving to location.
11/6/2024 00:29:45 [Information] Stepper Motor Controller Stopwatch Stopped.
11/6/2024 00:29:45 [Information] Stepper Motor Controller Stopwatch Reset.
11/6/2024 00:29:45 [Information] Stepper Motor Controller Enable Z Axis controls after moving to location.
11/6/2024 00:29:45 [Information] Stepper Motor Controller Stopwatch Stopped.
11/6/2024 00:29:45 [Information] Stepper Motor Controller Stopwatch Reset.
11/6/2024 00:29:45 [Information] Stepper Motor Controller Enable Z Axis controls after moving to location.
11/6/2024 00:29:45 [Information] Stepper Motor Controller Stopwatch Stopped.
11/6/2024 00:29:45 [Information] Stepper Motor Controller Stopwatch Reset.
11/6/2024 00:29:45 [Information] Stepper Motor Controller Enable Z Axis controls after moving to location.
11/6/2024 00:29:45 [Information] Stepper Motor Controller Stopwatch Stopped.
11/6/2024 00:29:45 [Information] Stepper Motor Controller Stopwatch Reset.
11/6/2024 00:29:45 [Information] Stepper Motor Controller Enable Z Axis controls after moving to location.
11/6/2024 00:29:45 [Information] Stepper Motor Controller Stopwatch Stopped.
11/6/2024 00:29:45 [Information] Stepper Motor Controller Stopwatch Reset.
11/6/2024 00:29:45 [Information] Stepper Motor Controller Enable Z Axis controls after moving to location.
11/6/2024 00:29:45 [Information] Stepper Motor Controller Stopwatch Stopped.
11/6/2024 00:29:45 [Information] Stepper Motor Controller Stopwatch Reset.
11/6/2024 00:29:45 [Information] Stepper Motor Controller Enable Z Axis controls after moving to location.
11/6/2024 00:29:45 [Information] Stepper Motor Controller Stopwatch Stopped.
11/6/2024 00:29:45 [Information] Stepper Motor Controller Stopwatch Reset.
11/6/2024 00:29:45 [Information] Stepper Motor Controller Enable Z Axis controls after moving to location.
11/6/2024 00:29:45 [Information] Stepper Motor Controller Stopwatch Stopped.
11/6/2024 00:29:45 [Information] Stepper Motor Controller Stopwatch Reset.
11/6/2024 00:29:45 [Information] Stepper Motor Controller Enable Z Axis controls after moving to location.
11/6/2024 00:29:45 [Information] Stepper Motor Controller Stopwatch Stopped.
11/6/2024 00:29:45 [Information] Stepper Motor Controller Stopwatch Reset.
11/6/2024 00:29:46 [Information] Stepper Motor Controller Enable Z Axis controls after moving to location.
11/6/2024 00:29:46 [Information] Stepper Motor Controller Stopwatch Stopped.
11/6/2024 00:29:46 [Information] Stepper Motor Controller Stopwatch Reset.
11/6/2024 00:29:46 [Information] Stepper Motor Controller Enable Z Axis controls after moving to location.
11/6/2024 00:29:46 [Information] Stepper Motor Controller Stopwatch Stopped.
11/6/2024 00:29:46 [Information] Stepper Motor Controller Stopwatch Reset.
11/6/2024 00:29:46 [Information] Stepper Motor Controller Enable Z Axis controls after moving to location.
11/6/2024 00:29:46 [Information] Stepper Motor Controller Stopwatch Stopped.
11/6/2024 00:29:46 [Information] Stepper Motor Controller Stopwatch Reset.
11/6/2024 00:29:46 [Information] Stepper Motor Controller Enable Z Axis controls after moving to location.
11/6/2024 00:29:46 [Information] Stepper Motor Controller Stopwatch Stopped.
11/6/2024 00:29:46 [Information] Stepper Motor Controller Stopwatch Reset.
11/6/2024 00:29:46 [Information] Stepper Motor Controller Enable Z Axis controls after moving to location.
11/6/2024 00:29:46 [Information] Stepper Motor Controller Stopwatch Stopped.
11/6/2024 00:29:46 [Information] Stepper Motor Controller Stopwatch Reset.
11/6/2024 00:29:46 [Information] Stepper Motor Controller Enable Z Axis controls after moving to location.
11/6/2024 00:29:46 [Information] Stepper Motor Controller Stopwatch Stopped.
11/6/2024 00:29:46 [Information] Stepper Motor Controller Stopwatch Reset.
11/6/2024 00:29:46 [Information] Stepper Motor Controller Enable Z Axis controls after moving to location.
11/6/2024 00:29:46 [Information] Stepper Motor Controller Stopwatch Stopped.
11/6/2024 00:29:46 [Information] Stepper Motor Controller Stopwatch Reset.
11/6/2024 00:29:46 [Information] Stepper Motor Controller Enable Z Axis controls after moving to location.
11/6/2024 00:29:46 [Information] Stepper Motor Controller Stopwatch Stopped.
11/6/2024 00:29:46 [Information] Stepper Motor Controller Stopwatch Reset.
11/6/2024 00:29:46 [Information] Stepper Motor Controller Enable Z Axis controls after moving to location.
11/6/2024 00:29:46 [Information] Stepper Motor Controller Stopwatch Stopped.
11/6/2024 00:29:46 [Information] Stepper Motor Controller Stopwatch Reset.
11/6/2024 00:29:46 [Information] Stepper Motor Controller Enable Z Axis controls after moving to location.
11/6/2024 00:29:46 [Information] Stepper Motor Controller Stopwatch Stopped.
11/6/2024 00:29:46 [Information] Stepper Motor Controller Stopwatch Reset.
11/6/2024 00:29:46 [Information] Stepper Motor Controller Enable Z Axis controls after moving to location.
11/6/2024 00:29:46 [Information] Stepper Motor Controller Stopwatch Stopped.
11/6/2024 00:29:46 [Information] Stepper Motor Controller Stopwatch Reset.
11/6/2024 00:29:46 [Information] Stepper Motor Controller Enable Z Axis controls after moving to location.
11/6/2024 00:29:46 [Information] Stepper Motor Controller Stopwatch Stopped.
11/6/2024 00:29:46 [Information] Stepper Motor Controller Stopwatch Reset.
11/6/2024 00:29:46 [Information] Stepper Motor Controller Enable Z Axis controls after moving to location.
11/6/2024 00:29:46 [Information] Stepper Motor Controller Stopwatch Stopped.
11/6/2024 00:29:46 [Information] Stepper Motor Controller Stopwatch Reset.
11/6/2024 00:29:46 [Information] Stepper Motor Controller Enable Z Axis controls after moving to location.
11/6/2024 00:29:46 [Information] Stepper Motor Controller Stopwatch Stopped.
11/6/2024 00:29:46 [Information] Stepper Motor Controller Stopwatch Reset.
11/6/2024 00:29:46 [Information] Stepper Motor Controller Enable Z Axis controls after moving to location.
11/6/2024 00:29:46 [Information] Stepper Motor Controller Stopwatch Stopped.
11/6/2024 00:29:46 [Information] Stepper Motor Controller Stopwatch Reset.
11/6/2024 00:29:46 [Information] Stepper Motor Controller Enable Z Axis controls after moving to location.
11/6/2024 00:29:46 [Information] Stepper Motor Controller Stopwatch Stopped.
11/6/2024 00:29:46 [Information] Stepper Motor Controller Stopwatch Reset.
11/6/2024 00:29:46 [Information] Stepper Motor Controller Enable Z Axis controls after moving to location.
11/6/2024 00:29:46 [Information] Stepper Motor Controller Stopwatch Stopped.
11/6/2024 00:29:46 [Information] Stepper Motor Controller Stopwatch Reset.
11/6/2024 00:29:46 [Information] Stepper Motor Controller Enable Z Axis controls after moving to location.
11/6/2024 00:29:46 [Information] Stepper Motor Controller Stopwatch Stopped.
11/6/2024 00:29:46 [Information] Stepper Motor Controller Stopwatch Reset.
11/6/2024 00:29:46 [Information] Stepper Motor Controller Enable Z Axis controls after moving to location.
11/6/2024 00:29:46 [Information] Stepper Motor Controller Stopwatch Stopped.
11/6/2024 00:29:46 [Information] Stepper Motor Controller Stopwatch Reset.
11/6/2024 00:29:46 [Information] Stepper Motor Controller Enable Z Axis controls after moving to location.
11/6/2024 00:29:46 [Information] Stepper Motor Controller Stopwatch Stopped.
11/6/2024 00:29:46 [Information] Stepper Motor Controller Stopwatch Reset.
11/6/2024 00:29:46 [Information] Stepper Motor Controller Enable Z Axis controls after moving to location.
11/6/2024 00:29:46 [Information] Stepper Motor Controller Stopwatch Stopped.
11/6/2024 00:29:46 [Information] Stepper Motor Controller Stopwatch Reset.
11/6/2024 00:29:46 [Information] Stepper Motor Controller Enable Z Axis controls after moving to location.
11/6/2024 00:29:46 [Information] Stepper Motor Controller Stopwatch Stopped.
11/6/2024 00:29:46 [Information] Stepper Motor Controller Stopwatch Reset.
11/6/2024 00:29:46 [Information] Stepper Motor Controller Enable Z Axis controls after moving to location.
11/6/2024 00:29:46 [Information] Stepper Motor Controller Stopwatch Stopped.
11/6/2024 00:29:46 [Information] Stepper Motor Controller Stopwatch Reset.
11/6/2024 00:29:46 [Information] Stepper Motor Controller Enable Z Axis controls after moving to location.
11/6/2024 00:29:46 [Information] Stepper Motor Controller Stopwatch Stopped.
11/6/2024 00:29:46 [Information] Stepper Motor Controller Stopwatch Reset.
11/6/2024 00:29:47 [Information] Stepper Motor Controller Enable Z Axis controls after moving to location.
11/6/2024 00:29:47 [Information] Stepper Motor Controller Stopwatch Stopped.
11/6/2024 00:29:47 [Information] Stepper Motor Controller Stopwatch Reset.
11/6/2024 00:29:47 [Information] Stepper Motor Controller Enable Z Axis controls after moving to location.
11/6/2024 00:29:47 [Information] Stepper Motor Controller Stopwatch Stopped.
11/6/2024 00:29:47 [Information] Stepper Motor Controller Stopwatch Reset.
11/6/2024 00:29:47 [Information] Stepper Motor Controller Enable Z Axis controls after moving to location.
11/6/2024 00:29:47 [Information] Stepper Motor Controller Stopwatch Stopped.
11/6/2024 00:29:47 [Information] Stepper Motor Controller Stopwatch Reset.
11/6/2024 00:29:47 [Information] Stepper Motor Controller Enable Z Axis controls after moving to location.
11/6/2024 00:29:47 [Information] Stepper Motor Controller Stopwatch Stopped.
11/6/2024 00:29:47 [Information] Stepper Motor Controller Stopwatch Reset.
11/6/2024 00:29:47 [Information] Stepper Motor Controller Enable Z Axis controls after moving to location.
11/6/2024 00:29:47 [Information] Stepper Motor Controller Stopwatch Stopped.
11/6/2024 00:29:47 [Information] Stepper Motor Controller Stopwatch Reset.
11/6/2024 00:29:47 [Information] Stepper Motor Controller Enable Z Axis controls after moving to location.
11/6/2024 00:29:47 [Information] Stepper Motor Controller Stopwatch Stopped.
11/6/2024 00:29:47 [Information] Stepper Motor Controller Stopwatch Reset.
11/6/2024 00:29:47 [Information] Stepper Motor Controller Enable Z Axis controls after moving to location.
11/6/2024 00:29:47 [Information] Stepper Motor Controller Stopwatch Stopped.
11/6/2024 00:29:47 [Information] Stepper Motor Controller Stopwatch Reset.
11/6/2024 00:29:47 [Information] Stepper Motor Controller Enable Z Axis controls after moving to location.
11/6/2024 00:29:47 [Information] Stepper Motor Controller Stopwatch Stopped.
11/6/2024 00:29:47 [Information] Stepper Motor Controller Stopwatch Reset.
11/6/2024 00:29:47 [Information] Stepper Motor Controller Enable Z Axis controls after moving to location.
11/6/2024 00:29:47 [Information] Stepper Motor Controller Stopwatch Stopped.
11/6/2024 00:29:47 [Information] Stepper Motor Controller Stopwatch Reset.
11/6/2024 00:29:47 [Information] Stepper Motor Controller Enable Z Axis controls after moving to location.
11/6/2024 00:29:47 [Information] Stepper Motor Controller Stopwatch Stopped.
11/6/2024 00:29:47 [Information] Stepper Motor Controller Stopwatch Reset.
11/6/2024 00:29:47 [Information] Stepper Motor Controller Enable Z Axis controls after moving to location.
11/6/2024 00:29:47 [Information] Stepper Motor Controller Stopwatch Stopped.
11/6/2024 00:29:47 [Information] Stepper Motor Controller Stopwatch Reset.
11/6/2024 00:29:47 [Information] Stepper Motor Controller Enable Z Axis controls after moving to location.
11/6/2024 00:29:47 [Information] Stepper Motor Controller Stopwatch Stopped.
11/6/2024 00:29:47 [Information] Stepper Motor Controller Stopwatch Reset.
11/6/2024 00:29:47 [Information] Stepper Motor Controller Enable Z Axis controls after moving to location.
11/6/2024 00:29:47 [Information] Stepper Motor Controller Stopwatch Stopped.
11/6/2024 00:29:47 [Information] Stepper Motor Controller Stopwatch Reset.
11/6/2024 00:29:47 [Information] Stepper Motor Controller Enable Z Axis controls after moving to location.
11/6/2024 00:29:47 [Information] Stepper Motor Controller Stopwatch Stopped.
11/6/2024 00:29:47 [Information] Stepper Motor Controller Stopwatch Reset.
11/6/2024 00:29:47 [Information] Stepper Motor Controller Enable Z Axis controls after moving to location.
11/6/2024 00:29:47 [Information] Stepper Motor Controller Stopwatch Stopped.
11/6/2024 00:29:47 [Information] Stepper Motor Controller Stopwatch Reset.
11/6/2024 00:29:47 [Information] Stepper Motor Controller Enable Z Axis controls after moving to location.
11/6/2024 00:29:47 [Information] Stepper Motor Controller Stopwatch Stopped.
11/6/2024 00:29:47 [Information] Stepper Motor Controller Stopwatch Reset.
11/6/2024 00:29:47 [Information] Stepper Motor Controller Enable Z Axis controls after moving to location.
11/6/2024 00:29:47 [Information] Stepper Motor Controller Stopwatch Stopped.
11/6/2024 00:29:47 [Information] Stepper Motor Controller Stopwatch Reset.
11/6/2024 00:29:47 [Information] Stepper Motor Controller Enable Z Axis controls after moving to location.
11/6/2024 00:29:47 [Information] Stepper Motor Controller Stopwatch Stopped.
11/6/2024 00:29:47 [Information] Stepper Motor Controller Stopwatch Reset.
11/6/2024 00:29:47 [Information] Stepper Motor Controller Enable Z Axis controls after moving to location.
11/6/2024 00:29:47 [Information] Stepper Motor Controller Stopwatch Stopped.
11/6/2024 00:29:47 [Information] Stepper Motor Controller Stopwatch Reset.
11/6/2024 00:29:47 [Information] Stepper Motor Controller Enable Z Axis controls after moving to location.
11/6/2024 00:29:47 [Information] Stepper Motor Controller Stopwatch Stopped.
11/6/2024 00:29:47 [Information] Stepper Motor Controller Stopwatch Reset.
11/6/2024 00:29:47 [Information] Stepper Motor Controller Enable Z Axis controls after moving to location.
11/6/2024 00:29:47 [Information] Stepper Motor Controller Stopwatch Stopped.
11/6/2024 00:29:47 [Information] Stepper Motor Controller Stopwatch Reset.
11/6/2024 00:29:47 [Information] Stepper Motor Controller Enable Z Axis controls after moving to location.
11/6/2024 00:29:47 [Information] Stepper Motor Controller Stopwatch Stopped.
11/6/2024 00:29:47 [Information] Stepper Motor Controller Stopwatch Reset.
11/6/2024 00:29:47 [Information] Stepper Motor Controller Enable Z Axis controls after moving to location.
11/6/2024 00:29:47 [Information] Stepper Motor Controller Stopwatch Stopped.
11/6/2024 00:29:47 [Information] Stepper Motor Controller Stopwatch Reset.
11/6/2024 00:29:48 [Information] Stepper Motor Controller Enable Z Axis controls after moving to location.
11/6/2024 00:29:48 [Information] Stepper Motor Controller Stopwatch Stopped.
11/6/2024 00:29:48 [Information] Stepper Motor Controller Stopwatch Reset.
11/6/2024 00:29:48 [Information] Stepper Motor Controller Enable Z Axis controls after moving to location.
11/6/2024 00:29:48 [Information] Stepper Motor Controller Stopwatch Stopped.
11/6/2024 00:29:48 [Information] Stepper Motor Controller Stopwatch Reset.
11/6/2024 00:29:48 [Information] Stepper Motor Controller Enable Z Axis controls after moving to location.
11/6/2024 00:29:48 [Information] Stepper Motor Controller Stopwatch Stopped.
11/6/2024 00:29:48 [Information] Stepper Motor Controller Stopwatch Reset.
11/6/2024 00:29:48 [Information] Stepper Motor Controller Enable Z Axis controls after moving to location.
11/6/2024 00:29:48 [Information] Stepper Motor Controller Stopwatch Stopped.
11/6/2024 00:29:48 [Information] Stepper Motor Controller Stopwatch Reset.
11/6/2024 00:29:48 [Information] Stepper Motor Controller Enable Z Axis controls after moving to location.
11/6/2024 00:29:48 [Information] Stepper Motor Controller Stopwatch Stopped.
11/6/2024 00:29:48 [Information] Stepper Motor Controller Stopwatch Reset.
11/6/2024 00:29:48 [Information] Stepper Motor Controller Enable Z Axis controls after moving to location.
11/6/2024 00:29:48 [Information] Stepper Motor Controller Stopwatch Stopped.
11/6/2024 00:29:48 [Information] Stepper Motor Controller Stopwatch Reset.
11/6/2024 00:29:48 [Information] Stepper Motor Controller Enable Z Axis controls after moving to location.
11/6/2024 00:29:48 [Information] Stepper Motor Controller Stopwatch Stopped.
11/6/2024 00:29:48 [Information] Stepper Motor Controller Stopwatch Reset.
11/6/2024 00:29:48 [Information] Stepper Motor Controller Enable Z Axis controls after moving to location.
11/6/2024 00:29:48 [Information] Stepper Motor Controller Stopwatch Stopped.
11/6/2024 00:29:48 [Information] Stepper Motor Controller Stopwatch Reset.
11/6/2024 00:29:48 [Information] Stepper Motor Controller Enable Z Axis controls after moving to location.
11/6/2024 00:29:48 [Information] Stepper Motor Controller Stopwatch Stopped.
11/6/2024 00:29:48 [Information] Stepper Motor Controller Stopwatch Reset.
11/6/2024 00:29:48 [Information] Stepper Motor Controller Enable Z Axis controls after moving to location.
11/6/2024 00:29:48 [Information] Stepper Motor Controller Stopwatch Stopped.
11/6/2024 00:29:48 [Information] Stepper Motor Controller Stopwatch Reset.
11/6/2024 00:29:48 [Information] Stepper Motor Controller Enable Z Axis controls after moving to location.
11/6/2024 00:29:48 [Information] Stepper Motor Controller Stopwatch Stopped.
11/6/2024 00:29:48 [Information] Stepper Motor Controller Stopwatch Reset.
11/6/2024 00:29:48 [Information] Stepper Motor Controller Enable Z Axis controls after moving to location.
11/6/2024 00:29:48 [Information] Stepper Motor Controller Stopwatch Stopped.
11/6/2024 00:29:48 [Information] Stepper Motor Controller Stopwatch Reset.
11/6/2024 00:29:48 [Information] Stepper Motor Controller Enable Z Axis controls after moving to location.
11/6/2024 00:29:48 [Information] Stepper Motor Controller Stopwatch Stopped.
11/6/2024 00:29:48 [Information] Stepper Motor Controller Stopwatch Reset.
11/6/2024 00:29:48 [Information] Stepper Motor Controller Enable Z Axis controls after moving to location.
11/6/2024 00:29:48 [Information] Stepper Motor Controller Stopwatch Stopped.
11/6/2024 00:29:48 [Information] Stepper Motor Controller Stopwatch Reset.
11/6/2024 00:29:48 [Information] Stepper Motor Controller Enable Z Axis controls after moving to location.
11/6/2024 00:29:48 [Information] Stepper Motor Controller Stopwatch Stopped.
11/6/2024 00:29:48 [Information] Stepper Motor Controller Stopwatch Reset.
11/6/2024 00:29:48 [Information] Stepper Motor Controller Enable Z Axis controls after moving to location.
11/6/2024 00:29:48 [Information] Stepper Motor Controller Stopwatch Stopped.
11/6/2024 00:29:48 [Information] Stepper Motor Controller Stopwatch Reset.
11/6/2024 00:29:48 [Information] Stepper Motor Controller Enable Z Axis controls after moving to location.
11/6/2024 00:29:48 [Information] Stepper Motor Controller Stopwatch Stopped.
11/6/2024 00:29:48 [Information] Stepper Motor Controller Stopwatch Reset.
11/6/2024 00:29:48 [Information] Stepper Motor Controller Enable Z Axis controls after moving to location.
11/6/2024 00:29:48 [Information] Stepper Motor Controller Stopwatch Stopped.
11/6/2024 00:29:48 [Information] Stepper Motor Controller Stopwatch Reset.
11/6/2024 00:29:48 [Information] Stepper Motor Controller Enable Z Axis controls after moving to location.
11/6/2024 00:29:48 [Information] Stepper Motor Controller Stopwatch Stopped.
11/6/2024 00:29:48 [Information] Stepper Motor Controller Stopwatch Reset.
11/6/2024 00:29:48 [Information] Stepper Motor Controller Enable Z Axis controls after moving to location.
11/6/2024 00:29:48 [Information] Stepper Motor Controller Stopwatch Stopped.
11/6/2024 00:29:48 [Information] Stepper Motor Controller Stopwatch Reset.
11/6/2024 00:29:48 [Information] Stepper Motor Controller Enable Z Axis controls after moving to location.
11/6/2024 00:29:48 [Information] Stepper Motor Controller Stopwatch Stopped.
11/6/2024 00:29:48 [Information] Stepper Motor Controller Stopwatch Reset.
11/6/2024 00:29:49 [Information] Stepper Motor Controller Enable Z Axis controls after moving to location.
11/6/2024 00:29:49 [Information] Stepper Motor Controller Stopwatch Stopped.
11/6/2024 00:29:49 [Information] Stepper Motor Controller Stopwatch Reset.
11/6/2024 00:29:49 [Information] Stepper Motor Controller Enable Z Axis controls after moving to location.
11/6/2024 00:29:49 [Information] Stepper Motor Controller Stopwatch Stopped.
11/6/2024 00:29:49 [Information] Stepper Motor Controller Stopwatch Reset.
11/6/2024 00:29:49 [Information] Stepper Motor Controller Enable Z Axis controls after moving to location.
11/6/2024 00:29:49 [Information] Stepper Motor Controller Stopwatch Stopped.
11/6/2024 00:29:49 [Information] Stepper Motor Controller Stopwatch Reset.
11/6/2024 00:29:49 [Information] Stepper Motor Controller Enable Z Axis controls after moving to location.
11/6/2024 00:29:49 [Information] Stepper Motor Controller Stopwatch Stopped.
11/6/2024 00:29:49 [Information] Stepper Motor Controller Stopwatch Reset.
11/6/2024 00:29:49 [Information] Stepper Motor Controller Enable Z Axis controls after moving to location.
11/6/2024 00:29:49 [Information] Stepper Motor Controller Stopwatch Stopped.
11/6/2024 00:29:49 [Information] Stepper Motor Controller Stopwatch Reset.
11/6/2024 00:29:49 [Information] Stepper Motor Controller Enable Z Axis controls after moving to location.
11/6/2024 00:29:49 [Information] Stepper Motor Controller Stopwatch Stopped.
11/6/2024 00:29:49 [Information] Stepper Motor Controller Stopwatch Reset.
11/6/2024 00:29:49 [Information] Stepper Motor Controller Enable Z Axis controls after moving to location.
11/6/2024 00:29:49 [Information] Stepper Motor Controller Stopwatch Stopped.
11/6/2024 00:29:49 [Information] Stepper Motor Controller Stopwatch Reset.
11/6/2024 00:29:49 [Information] Stepper Motor Controller Enable Z Axis controls after moving to location.
11/6/2024 00:29:49 [Information] Stepper Motor Controller Stopwatch Stopped.
11/6/2024 00:29:49 [Information] Stepper Motor Controller Stopwatch Reset.
11/6/2024 00:29:49 [Information] Stepper Motor Controller Enable Z Axis controls after moving to location.
11/6/2024 00:29:49 [Information] Stepper Motor Controller Stopwatch Stopped.
11/6/2024 00:29:49 [Information] Stepper Motor Controller Stopwatch Reset.
11/6/2024 00:29:49 [Information] Stepper Motor Controller Enable Z Axis controls after moving to location.
11/6/2024 00:29:49 [Information] Stepper Motor Controller Stopwatch Stopped.
11/6/2024 00:29:49 [Information] Stepper Motor Controller Stopwatch Reset.
11/6/2024 00:29:49 [Information] Stepper Motor Controller Enable Z Axis controls after moving to location.
11/6/2024 00:29:49 [Information] Stepper Motor Controller Stopwatch Stopped.
11/6/2024 00:29:49 [Information] Stepper Motor Controller Stopwatch Reset.
11/6/2024 00:29:49 [Information] Stepper Motor Controller Enable Z Axis controls after moving to location.
11/6/2024 00:29:49 [Information] Stepper Motor Controller Stopwatch Stopped.
11/6/2024 00:29:49 [Information] Stepper Motor Controller Stopwatch Reset.
11/6/2024 00:29:49 [Information] Stepper Motor Controller Enable Z Axis controls after moving to location.
11/6/2024 00:29:49 [Information] Stepper Motor Controller Stopwatch Stopped.
11/6/2024 00:29:49 [Information] Stepper Motor Controller Stopwatch Reset.
11/6/2024 00:29:49 [Information] Stepper Motor Controller Enable Z Axis controls after moving to location.
11/6/2024 00:29:49 [Information] Stepper Motor Controller Stopwatch Stopped.
11/6/2024 00:29:49 [Information] Stepper Motor Controller Stopwatch Reset.
11/6/2024 00:29:49 [Information] Stepper Motor Controller Enable Z Axis controls after moving to location.
11/6/2024 00:29:49 [Information] Stepper Motor Controller Stopwatch Stopped.
11/6/2024 00:29:49 [Information] Stepper Motor Controller Stopwatch Reset.
11/6/2024 00:29:49 [Information] Stepper Motor Controller Enable Z Axis controls after moving to location.
11/6/2024 00:29:49 [Information] Stepper Motor Controller Stopwatch Stopped.
11/6/2024 00:29:49 [Information] Stepper Motor Controller Stopwatch Reset.
11/6/2024 00:29:49 [Information] Stepper Motor Controller Enable Z Axis controls after moving to location.
11/6/2024 00:29:49 [Information] Stepper Motor Controller Stopwatch Stopped.
11/6/2024 00:29:49 [Information] Stepper Motor Controller Stopwatch Reset.
11/6/2024 00:29:49 [Information] Stepper Motor Controller Enable Z Axis controls after moving to location.
11/6/2024 00:29:49 [Information] Stepper Motor Controller Stopwatch Stopped.
11/6/2024 00:29:49 [Information] Stepper Motor Controller Stopwatch Reset.
11/6/2024 00:29:49 [Information] Stepper Motor Controller Enable Z Axis controls after moving to location.
11/6/2024 00:29:49 [Information] Stepper Motor Controller Stopwatch Stopped.
11/6/2024 00:29:49 [Information] Stepper Motor Controller Stopwatch Reset.
11/6/2024 00:29:49 [Information] Stepper Motor Controller Enable Z Axis controls after moving to location.
11/6/2024 00:29:49 [Information] Stepper Motor Controller Stopwatch Stopped.
11/6/2024 00:29:49 [Information] Stepper Motor Controller Stopwatch Reset.
11/6/2024 00:29:49 [Information] Stepper Motor Controller Enable Z Axis controls after moving to location.
11/6/2024 00:29:49 [Information] Stepper Motor Controller Stopwatch Stopped.
11/6/2024 00:29:49 [Information] Stepper Motor Controller Stopwatch Reset.
11/6/2024 00:29:49 [Information] Stepper Motor Controller Enable Z Axis controls after moving to location.
11/6/2024 00:29:49 [Information] Stepper Motor Controller Stopwatch Stopped.
11/6/2024 00:29:49 [Information] Stepper Motor Controller Stopwatch Reset.
11/6/2024 00:29:50 [Information] Stepper Motor Controller Enable Z Axis controls after moving to location.
11/6/2024 00:29:50 [Information] Stepper Motor Controller Stopwatch Stopped.
11/6/2024 00:29:50 [Information] Stepper Motor Controller Stopwatch Reset.
11/6/2024 00:29:50 [Information] Stepper Motor Controller Enable Z Axis controls after moving to location.
11/6/2024 00:29:50 [Information] Stepper Motor Controller Stopwatch Stopped.
11/6/2024 00:29:50 [Information] Stepper Motor Controller Stopwatch Reset.
11/6/2024 00:29:50 [Information] Stepper Motor Controller Enable Z Axis controls after moving to location.
11/6/2024 00:29:50 [Information] Stepper Motor Controller Stopwatch Stopped.
11/6/2024 00:29:50 [Information] Stepper Motor Controller Stopwatch Reset.
11/6/2024 00:29:50 [Information] Stepper Motor Controller Enable Z Axis controls after moving to location.
11/6/2024 00:29:50 [Information] Stepper Motor Controller Stopwatch Stopped.
11/6/2024 00:29:50 [Information] Stepper Motor Controller Stopwatch Reset.
11/6/2024 00:29:50 [Information] Stepper Motor Controller Enable Z Axis controls after moving to location.
11/6/2024 00:29:50 [Information] Stepper Motor Controller Stopwatch Stopped.
11/6/2024 00:29:50 [Information] Stepper Motor Controller Stopwatch Reset.
11/6/2024 00:29:50 [Information] Stepper Motor Controller Enable Z Axis controls after moving to location.
11/6/2024 00:29:50 [Information] Stepper Motor Controller Stopwatch Stopped.
11/6/2024 00:29:50 [Information] Stepper Motor Controller Stopwatch Reset.
11/6/2024 00:29:50 [Information] Stepper Motor Controller Enable Z Axis controls after moving to location.
11/6/2024 00:29:50 [Information] Stepper Motor Controller Stopwatch Stopped.
11/6/2024 00:29:50 [Information] Stepper Motor Controller Stopwatch Reset.
11/6/2024 00:29:50 [Information] Stepper Motor Controller Enable Z Axis controls after moving to location.
11/6/2024 00:29:50 [Information] Stepper Motor Controller Stopwatch Stopped.
11/6/2024 00:29:50 [Information] Stepper Motor Controller Stopwatch Reset.
11/6/2024 00:29:50 [Information] Stepper Motor Controller Enable Z Axis controls after moving to location.
11/6/2024 00:29:50 [Information] Stepper Motor Controller Stopwatch Stopped.
11/6/2024 00:29:50 [Information] Stepper Motor Controller Stopwatch Reset.
11/6/2024 00:29:50 [Information] Stepper Motor Controller Enable Z Axis controls after moving to location.
11/6/2024 00:29:50 [Information] Stepper Motor Controller Stopwatch Stopped.
11/6/2024 00:29:50 [Information] Stepper Motor Controller Stopwatch Reset.
11/6/2024 00:29:50 [Information] Stepper Motor Controller Enable Z Axis controls after moving to location.
11/6/2024 00:29:50 [Information] Stepper Motor Controller Stopwatch Stopped.
11/6/2024 00:29:50 [Information] Stepper Motor Controller Stopwatch Reset.
11/6/2024 00:29:50 [Information] Stepper Motor Controller Enable Z Axis controls after moving to location.
11/6/2024 00:29:50 [Information] Stepper Motor Controller Stopwatch Stopped.
11/6/2024 00:29:50 [Information] Stepper Motor Controller Stopwatch Reset.
11/6/2024 00:29:50 [Information] Stepper Motor Controller Enable Z Axis controls after moving to location.
11/6/2024 00:29:50 [Information] Stepper Motor Controller Stopwatch Stopped.
11/6/2024 00:29:50 [Information] Stepper Motor Controller Stopwatch Reset.
11/6/2024 00:29:50 [Information] Stepper Motor Controller Enable Z Axis controls after moving to location.
11/6/2024 00:29:50 [Information] Stepper Motor Controller Stopwatch Stopped.
11/6/2024 00:29:50 [Information] Stepper Motor Controller Stopwatch Reset.
11/6/2024 00:29:50 [Information] Stepper Motor Controller Enable Z Axis controls after moving to location.
11/6/2024 00:29:50 [Information] Stepper Motor Controller Stopwatch Stopped.
11/6/2024 00:29:50 [Information] Stepper Motor Controller Stopwatch Reset.
11/6/2024 00:29:50 [Information] Stepper Motor Controller Enable Z Axis controls after moving to location.
11/6/2024 00:29:50 [Information] Stepper Motor Controller Stopwatch Stopped.
11/6/2024 00:29:50 [Information] Stepper Motor Controller Stopwatch Reset.
11/6/2024 00:29:50 [Information] Stepper Motor Controller Enable Z Axis controls after moving to location.
11/6/2024 00:29:50 [Information] Stepper Motor Controller Stopwatch Stopped.
11/6/2024 00:29:50 [Information] Stepper Motor Controller Stopwatch Reset.
11/6/2024 00:29:50 [Information] Stepper Motor Controller Enable Z Axis controls after moving to location.
11/6/2024 00:29:50 [Information] Stepper Motor Controller Stopwatch Stopped.
11/6/2024 00:29:50 [Information] Stepper Motor Controller Stopwatch Reset.
11/6/2024 00:29:50 [Information] Stepper Motor Controller Enable Z Axis controls after moving to location.
11/6/2024 00:29:50 [Information] Stepper Motor Controller Stopwatch Stopped.
11/6/2024 00:29:50 [Information] Stepper Motor Controller Stopwatch Reset.
11/6/2024 00:29:50 [Information] Stepper Motor Controller Enable Z Axis controls after moving to location.
11/6/2024 00:29:50 [Information] Stepper Motor Controller Stopwatch Stopped.
11/6/2024 00:29:50 [Information] Stepper Motor Controller Stopwatch Reset.
11/6/2024 00:29:50 [Information] Stepper Motor Controller Enable Z Axis controls after moving to location.
11/6/2024 00:29:50 [Information] Stepper Motor Controller Stopwatch Stopped.
11/6/2024 00:29:50 [Information] Stepper Motor Controller Stopwatch Reset.
11/6/2024 00:29:50 [Information] Stepper Motor Controller Enable Z Axis controls after moving to location.
11/6/2024 00:29:50 [Information] Stepper Motor Controller Stopwatch Stopped.
11/6/2024 00:29:50 [Information] Stepper Motor Controller Stopwatch Reset.
11/6/2024 00:29:50 [Information] Stepper Motor Controller Enable Z Axis controls after moving to location.
11/6/2024 00:29:50 [Information] Stepper Motor Controller Stopwatch Stopped.
11/6/2024 00:29:50 [Information] Stepper Motor Controller Stopwatch Reset.
11/6/2024 00:29:50 [Information] Stepper Motor Controller Enable Z Axis controls after moving to location.
11/6/2024 00:29:50 [Information] Stepper Motor Controller Stopwatch Stopped.
11/6/2024 00:29:50 [Information] Stepper Motor Controller Stopwatch Reset.
11/6/2024 00:29:51 [Information] Stepper Motor Controller Enable Z Axis controls after moving to location.
11/6/2024 00:29:51 [Information] Stepper Motor Controller Stopwatch Stopped.
11/6/2024 00:29:51 [Information] Stepper Motor Controller Stopwatch Reset.
11/6/2024 00:29:51 [Information] Stepper Motor Controller Enable Z Axis controls after moving to location.
11/6/2024 00:29:51 [Information] Stepper Motor Controller Stopwatch Stopped.
11/6/2024 00:29:51 [Information] Stepper Motor Controller Stopwatch Reset.
11/6/2024 00:29:51 [Information] Stepper Motor Controller Enable Z Axis controls after moving to location.
11/6/2024 00:29:51 [Information] Stepper Motor Controller Stopwatch Stopped.
11/6/2024 00:29:51 [Information] Stepper Motor Controller Stopwatch Reset.
11/6/2024 00:29:51 [Information] Stepper Motor Controller Enable Z Axis controls after moving to location.
11/6/2024 00:29:51 [Information] Stepper Motor Controller Stopwatch Stopped.
11/6/2024 00:29:51 [Information] Stepper Motor Controller Stopwatch Reset.
11/6/2024 00:29:51 [Information] Stepper Motor Controller Enable Z Axis controls after moving to location.
11/6/2024 00:29:51 [Information] Stepper Motor Controller Stopwatch Stopped.
11/6/2024 00:29:51 [Information] Stepper Motor Controller Stopwatch Reset.
11/6/2024 00:29:51 [Information] Stepper Motor Controller Enable Z Axis controls after moving to location.
11/6/2024 00:29:51 [Information] Stepper Motor Controller Stopwatch Stopped.
11/6/2024 00:29:51 [Information] Stepper Motor Controller Stopwatch Reset.
11/6/2024 00:29:51 [Information] Stepper Motor Controller Enable Z Axis controls after moving to location.
11/6/2024 00:29:51 [Information] Stepper Motor Controller Stopwatch Stopped.
11/6/2024 00:29:51 [Information] Stepper Motor Controller Stopwatch Reset.
11/6/2024 00:29:51 [Information] Stepper Motor Controller Enable Z Axis controls after moving to location.
11/6/2024 00:29:51 [Information] Stepper Motor Controller Stopwatch Stopped.
11/6/2024 00:29:51 [Information] Stepper Motor Controller Stopwatch Reset.
11/6/2024 00:29:51 [Information] Stepper Motor Controller Enable Z Axis controls after moving to location.
11/6/2024 00:29:51 [Information] Stepper Motor Controller Stopwatch Stopped.
11/6/2024 00:29:51 [Information] Stepper Motor Controller Stopwatch Reset.
11/6/2024 00:29:51 [Information] Stepper Motor Controller Enable Z Axis controls after moving to location.
11/6/2024 00:29:51 [Information] Stepper Motor Controller Stopwatch Stopped.
11/6/2024 00:29:51 [Information] Stepper Motor Controller Stopwatch Reset.
11/6/2024 00:29:51 [Information] Stepper Motor Controller Enable Z Axis controls after moving to location.
11/6/2024 00:29:51 [Information] Stepper Motor Controller Stopwatch Stopped.
11/6/2024 00:29:51 [Information] Stepper Motor Controller Stopwatch Reset.
11/6/2024 00:29:51 [Information] Stepper Motor Controller Enable Z Axis controls after moving to location.
11/6/2024 00:29:51 [Information] Stepper Motor Controller Stopwatch Stopped.
11/6/2024 00:29:51 [Information] Stepper Motor Controller Stopwatch Reset.
11/6/2024 00:29:51 [Information] Stepper Motor Controller Enable Z Axis controls after moving to location.
11/6/2024 00:29:51 [Information] Stepper Motor Controller Stopwatch Stopped.
11/6/2024 00:29:51 [Information] Stepper Motor Controller Stopwatch Reset.
11/6/2024 00:29:51 [Information] Stepper Motor Controller Enable Z Axis controls after moving to location.
11/6/2024 00:29:51 [Information] Stepper Motor Controller Stopwatch Stopped.
11/6/2024 00:29:51 [Information] Stepper Motor Controller Stopwatch Reset.
11/6/2024 00:29:51 [Information] Stepper Motor Controller Enable Z Axis controls after moving to location.
11/6/2024 00:29:51 [Information] Stepper Motor Controller Stopwatch Stopped.
11/6/2024 00:29:51 [Information] Stepper Motor Controller Stopwatch Reset.
11/6/2024 00:29:51 [Information] Stepper Motor Controller Enable Z Axis controls after moving to location.
11/6/2024 00:29:51 [Information] Stepper Motor Controller Stopwatch Stopped.
11/6/2024 00:29:51 [Information] Stepper Motor Controller Stopwatch Reset.
11/6/2024 00:29:51 [Information] Stepper Motor Controller Enable Z Axis controls after moving to location.
11/6/2024 00:29:51 [Information] Stepper Motor Controller Stopwatch Stopped.
11/6/2024 00:29:51 [Information] Stepper Motor Controller Stopwatch Reset.
11/6/2024 00:29:51 [Information] Stepper Motor Controller Enable Z Axis controls after moving to location.
11/6/2024 00:29:51 [Information] Stepper Motor Controller Stopwatch Stopped.
11/6/2024 00:29:51 [Information] Stepper Motor Controller Stopwatch Reset.
11/6/2024 00:29:51 [Information] Stepper Motor Controller Enable Z Axis controls after moving to location.
11/6/2024 00:29:51 [Information] Stepper Motor Controller Stopwatch Stopped.
11/6/2024 00:29:51 [Information] Stepper Motor Controller Stopwatch Reset.
11/6/2024 00:29:51 [Information] Stepper Motor Controller Enable Z Axis controls after moving to location.
11/6/2024 00:29:51 [Information] Stepper Motor Controller Stopwatch Stopped.
11/6/2024 00:29:51 [Information] Stepper Motor Controller Stopwatch Reset.
11/6/2024 00:29:51 [Information] Stepper Motor Controller Enable Z Axis controls after moving to location.
11/6/2024 00:29:51 [Information] Stepper Motor Controller Stopwatch Stopped.
11/6/2024 00:29:51 [Information] Stepper Motor Controller Stopwatch Reset.
11/6/2024 00:29:51 [Information] Stepper Motor Controller Enable Z Axis controls after moving to location.
11/6/2024 00:29:51 [Information] Stepper Motor Controller Stopwatch Stopped.
11/6/2024 00:29:51 [Information] Stepper Motor Controller Stopwatch Reset.
11/6/2024 00:29:51 [Information] Stepper Motor Controller Enable Z Axis controls after moving to location.
11/6/2024 00:29:51 [Information] Stepper Motor Controller Stopwatch Stopped.
11/6/2024 00:29:51 [Information] Stepper Motor Controller Stopwatch Reset.
11/6/2024 00:29:51 [Information] Stepper Motor Controller Enable Z Axis controls after moving to location.
11/6/2024 00:29:51 [Information] Stepper Motor Controller Stopwatch Stopped.
11/6/2024 00:29:51 [Information] Stepper Motor Controller Stopwatch Reset.
11/6/2024 00:29:52 [Information] Stepper Motor Controller Enable Z Axis controls after moving to location.
11/6/2024 00:29:52 [Information] Stepper Motor Controller Stopwatch Stopped.
11/6/2024 00:29:52 [Information] Stepper Motor Controller Stopwatch Reset.
11/6/2024 00:29:52 [Information] Stepper Motor Controller Enable Z Axis controls after moving to location.
11/6/2024 00:29:52 [Information] Stepper Motor Controller Stopwatch Stopped.
11/6/2024 00:29:52 [Information] Stepper Motor Controller Stopwatch Reset.
11/6/2024 00:29:52 [Information] Stepper Motor Controller Enable Z Axis controls after moving to location.
11/6/2024 00:29:52 [Information] Stepper Motor Controller Stopwatch Stopped.
11/6/2024 00:29:52 [Information] Stepper Motor Controller Stopwatch Reset.
11/6/2024 00:29:52 [Information] Stepper Motor Controller Enable Z Axis controls after moving to location.
11/6/2024 00:29:52 [Information] Stepper Motor Controller Stopwatch Stopped.
11/6/2024 00:29:52 [Information] Stepper Motor Controller Stopwatch Reset.
11/6/2024 00:29:52 [Information] Stepper Motor Controller Enable Z Axis controls after moving to location.
11/6/2024 00:29:52 [Information] Stepper Motor Controller Stopwatch Stopped.
11/6/2024 00:29:52 [Information] Stepper Motor Controller Stopwatch Reset.
11/6/2024 00:29:52 [Information] Stepper Motor Controller Enable Z Axis controls after moving to location.
11/6/2024 00:29:52 [Information] Stepper Motor Controller Stopwatch Stopped.
11/6/2024 00:29:52 [Information] Stepper Motor Controller Stopwatch Reset.
11/6/2024 00:29:52 [Information] Stepper Motor Controller Enable Z Axis controls after moving to location.
11/6/2024 00:29:52 [Information] Stepper Motor Controller Stopwatch Stopped.
11/6/2024 00:29:52 [Information] Stepper Motor Controller Stopwatch Reset.
11/6/2024 00:29:52 [Information] Stepper Motor Controller Enable Z Axis controls after moving to location.
11/6/2024 00:29:52 [Information] Stepper Motor Controller Stopwatch Stopped.
11/6/2024 00:29:52 [Information] Stepper Motor Controller Stopwatch Reset.
11/6/2024 00:29:52 [Information] Stepper Motor Controller Enable Z Axis controls after moving to location.
11/6/2024 00:29:52 [Information] Stepper Motor Controller Stopwatch Stopped.
11/6/2024 00:29:52 [Information] Stepper Motor Controller Stopwatch Reset.
11/6/2024 00:29:52 [Information] Stepper Motor Controller Enable Z Axis controls after moving to location.
11/6/2024 00:29:52 [Information] Stepper Motor Controller Stopwatch Stopped.
11/6/2024 00:29:52 [Information] Stepper Motor Controller Stopwatch Reset.
11/6/2024 00:29:52 [Information] Stepper Motor Controller Enable Z Axis controls after moving to location.
11/6/2024 00:29:52 [Information] Stepper Motor Controller Stopwatch Stopped.
11/6/2024 00:29:52 [Information] Stepper Motor Controller Stopwatch Reset.
11/6/2024 00:29:52 [Information] Stepper Motor Controller Enable Z Axis controls after moving to location.
11/6/2024 00:29:52 [Information] Stepper Motor Controller Stopwatch Stopped.
11/6/2024 00:29:52 [Information] Stepper Motor Controller Stopwatch Reset.
11/6/2024 00:29:52 [Information] Stepper Motor Controller Enable Z Axis controls after moving to location.
11/6/2024 00:29:52 [Information] Stepper Motor Controller Stopwatch Stopped.
11/6/2024 00:29:52 [Information] Stepper Motor Controller Stopwatch Reset.
11/6/2024 00:29:52 [Information] Stepper Motor Controller Enable Z Axis controls after moving to location.
11/6/2024 00:29:52 [Information] Stepper Motor Controller Stopwatch Stopped.
11/6/2024 00:29:52 [Information] Stepper Motor Controller Stopwatch Reset.
11/6/2024 00:29:52 [Information] Stepper Motor Controller Enable Z Axis controls after moving to location.
11/6/2024 00:29:52 [Information] Stepper Motor Controller Stopwatch Stopped.
11/6/2024 00:29:52 [Information] Stepper Motor Controller Stopwatch Reset.
11/6/2024 00:29:52 [Information] Stepper Motor Controller Enable Z Axis controls after moving to location.
11/6/2024 00:29:52 [Information] Stepper Motor Controller Stopwatch Stopped.
11/6/2024 00:29:52 [Information] Stepper Motor Controller Stopwatch Reset.
11/6/2024 00:29:52 [Information] Stepper Motor Controller Enable Z Axis controls after moving to location.
11/6/2024 00:29:52 [Information] Stepper Motor Controller Stopwatch Stopped.
11/6/2024 00:29:52 [Information] Stepper Motor Controller Stopwatch Reset.
11/6/2024 00:29:52 [Information] Stepper Motor Controller Enable Z Axis controls after moving to location.
11/6/2024 00:29:52 [Information] Stepper Motor Controller Stopwatch Stopped.
11/6/2024 00:29:52 [Information] Stepper Motor Controller Stopwatch Reset.
11/6/2024 00:29:52 [Information] Stepper Motor Controller Enable Z Axis controls after moving to location.
11/6/2024 00:29:52 [Information] Stepper Motor Controller Stopwatch Stopped.
11/6/2024 00:29:52 [Information] Stepper Motor Controller Stopwatch Reset.
11/6/2024 00:29:52 [Information] Stepper Motor Controller Enable Z Axis controls after moving to location.
11/6/2024 00:29:52 [Information] Stepper Motor Controller Stopwatch Stopped.
11/6/2024 00:29:52 [Information] Stepper Motor Controller Stopwatch Reset.
11/6/2024 00:29:52 [Information] Stepper Motor Controller Enable Z Axis controls after moving to location.
11/6/2024 00:29:52 [Information] Stepper Motor Controller Stopwatch Stopped.
11/6/2024 00:29:52 [Information] Stepper Motor Controller Stopwatch Reset.
11/6/2024 00:29:53 [Information] Stepper Motor Controller Enable Z Axis controls after moving to location.
11/6/2024 00:29:53 [Information] Stepper Motor Controller Stopwatch Stopped.
11/6/2024 00:29:53 [Information] Stepper Motor Controller Stopwatch Reset.
11/6/2024 00:29:53 [Information] Stepper Motor Controller Enable Z Axis controls after moving to location.
11/6/2024 00:29:53 [Information] Stepper Motor Controller Stopwatch Stopped.
11/6/2024 00:29:53 [Information] Stepper Motor Controller Stopwatch Reset.
11/6/2024 00:29:53 [Information] Stepper Motor Controller Enable Z Axis controls after moving to location.
11/6/2024 00:29:53 [Information] Stepper Motor Controller Stopwatch Stopped.
11/6/2024 00:29:53 [Information] Stepper Motor Controller Stopwatch Reset.
11/6/2024 00:29:53 [Information] Stepper Motor Controller Enable Z Axis controls after moving to location.
11/6/2024 00:29:53 [Information] Stepper Motor Controller Stopwatch Stopped.
11/6/2024 00:29:53 [Information] Stepper Motor Controller Stopwatch Reset.
11/6/2024 00:29:53 [Information] Stepper Motor Controller Enable Z Axis controls after moving to location.
11/6/2024 00:29:53 [Information] Stepper Motor Controller Stopwatch Stopped.
11/6/2024 00:29:53 [Information] Stepper Motor Controller Stopwatch Reset.
11/6/2024 00:29:53 [Information] Stepper Motor Controller Enable Z Axis controls after moving to location.
11/6/2024 00:29:53 [Information] Stepper Motor Controller Stopwatch Stopped.
11/6/2024 00:29:53 [Information] Stepper Motor Controller Stopwatch Reset.
11/6/2024 00:29:53 [Information] Stepper Motor Controller Enable Z Axis controls after moving to location.
11/6/2024 00:29:53 [Information] Stepper Motor Controller Stopwatch Stopped.
11/6/2024 00:29:53 [Information] Stepper Motor Controller Stopwatch Reset.
11/6/2024 00:29:53 [Information] Stepper Motor Controller Enable Z Axis controls after moving to location.
11/6/2024 00:29:53 [Information] Stepper Motor Controller Stopwatch Stopped.
11/6/2024 00:29:53 [Information] Stepper Motor Controller Stopwatch Reset.
11/6/2024 00:29:53 [Information] Stepper Motor Controller Enable Z Axis controls after moving to location.
11/6/2024 00:29:53 [Information] Stepper Motor Controller Stopwatch Stopped.
11/6/2024 00:29:53 [Information] Stepper Motor Controller Stopwatch Reset.
11/6/2024 00:29:53 [Information] Stepper Motor Controller Enable Z Axis controls after moving to location.
11/6/2024 00:29:53 [Information] Stepper Motor Controller Stopwatch Stopped.
11/6/2024 00:29:53 [Information] Stepper Motor Controller Stopwatch Reset.
11/6/2024 00:29:53 [Information] Stepper Motor Controller Enable Z Axis controls after moving to location.
11/6/2024 00:29:53 [Information] Stepper Motor Controller Stopwatch Stopped.
11/6/2024 00:29:53 [Information] Stepper Motor Controller Stopwatch Reset.
11/6/2024 00:29:53 [Information] Stepper Motor Controller Enable Z Axis controls after moving to location.
11/6/2024 00:29:53 [Information] Stepper Motor Controller Stopwatch Stopped.
11/6/2024 00:29:53 [Information] Stepper Motor Controller Stopwatch Reset.
11/6/2024 00:29:53 [Information] Stepper Motor Controller Enable Z Axis controls after moving to location.
11/6/2024 00:29:53 [Information] Stepper Motor Controller Stopwatch Stopped.
11/6/2024 00:29:53 [Information] Stepper Motor Controller Stopwatch Reset.
11/6/2024 00:29:53 [Information] Stepper Motor Controller Enable Z Axis controls after moving to location.
11/6/2024 00:29:53 [Information] Stepper Motor Controller Stopwatch Stopped.
11/6/2024 00:29:53 [Information] Stepper Motor Controller Stopwatch Reset.
11/6/2024 00:29:53 [Information] Stepper Motor Controller Enable Z Axis controls after moving to location.
11/6/2024 00:29:53 [Information] Stepper Motor Controller Stopwatch Stopped.
11/6/2024 00:29:53 [Information] Stepper Motor Controller Stopwatch Reset.
11/6/2024 00:29:53 [Information] Stepper Motor Controller MainWindow Closing.
11/6/2024 00:29:53 [Information] Stepper Motor Controller Serial Ports closed.
11/6/2024 00:29:53 [Information] Properties Settings Saved.
11/6/2024 00:29:53 [Information] Properties Settings Form Closed.
11/6/2024 00:29:53 [Information] Stepper Motor Controller Form Closed.
