11/18/2024 17:44:07 [Information] Stepper Motor Controller Application Started.
11/18/2024 17:44:07 [Information] Version: 3.0.9088.31918 (11/18/2024 17:44:07)
11/18/2024 17:44:07 [Error] I/O error occurred while opening the port COM7.
11/18/2024 17:44:10 [Error] I/O error occurred while opening the port COM8.
11/18/2024 17:44:11 [Information] SerialPort COM10 opened successfully.
11/18/2024 17:44:11 [Information] SerialPort COM10 read 1 bytes.
11/18/2024 17:44:11 [Information] Stepper Motor Controller Application Started.
11/18/2024 17:44:11 [Information] Version: 3.0.9088.31918 (11/18/2024 17:44:11)
11/18/2024 17:44:11 [Information] Version: 3.1.0.31919 (11/18/2024 17:44:11)
11/18/2024 17:44:11 [Warning] Element AssemblyVersion not found in the provided XML document.
11/18/2024 17:44:11 [Warning] Element FileVersion not found in the provided XML document.
11/18/2024 17:44:11 [Information] Version: 3.1.0.31919 (11/18/2024 17:44:11)
11/18/2024 17:44:11 [Information] Stepper Motor Controller Application Settings Window Opened.
11/18/2024 17:44:11 [Information] Stepper Motor Controller Application Settings form is rebuilt each and every time it is opened.
11/18/2024 17:44:11 [Information] int: 9600 BaudRate added to the Settings Form.
11/18/2024 17:44:11 [Information] bool: False ckbXaxisResetToZeroIsChecked added to the Settings Form.
11/18/2024 17:44:11 [Information] bool: False ckbYaxisResetToZeroIsChecked added to the Settings Form.
11/18/2024 17:44:11 [Information] bool: False ckbZaxisResetToZeroIsChecked added to the Settings Form.
11/18/2024 17:44:11 [Information] COM1: ComPort added to the Settings Form.
11/18/2024 17:44:11 [Information] COM2: ComPort added to the Settings Form.
11/18/2024 17:44:11 [Information] COM3: ComPort added to the Settings Form.
11/18/2024 17:44:11 [Information] COM4: ComPort added to the Settings Form.
11/18/2024 17:44:11 [Information] COM5: ComPort added to the Settings Form.
11/18/2024 17:44:11 [Information] COM6: ComPort added to the Settings Form.
11/18/2024 17:44:11 [Information] COM7: ComPort added to the Settings Form.
11/18/2024 17:44:11 [Information] COM8: ComPort added to the Settings Form.
11/18/2024 17:44:11 [Information] COM9: ComPort added to the Settings Form.
11/18/2024 17:44:11 [Information] COM10: ComPort added to the Settings Form.
11/18/2024 17:44:11 [Information] decimal: 4.00 Divider4_00 added to the Settings Form.
11/18/2024 17:44:11 [Information] decimal: 0.00 MathPart2Initlz added to the Settings Form.
11/18/2024 17:44:11 [Information] decimal: 1.00 MilisecondTimerInterval added to the Settings Form.
11/18/2024 17:44:11 [Information] decimal: 1000.00 MillisecondDelay added to the Settings Form.
11/18/2024 17:44:11 [Information] int: 1000 Milliseconds added to the Settings Form.
11/18/2024 17:44:11 [Information] int: 4 mmPerRevolution added to the Settings Form.
11/18/2024 17:44:11 [Information] int: 2000 ThreadSleep added to the Settings Form.
11/18/2024 17:44:11 [Information] decimal: 0.00 Value_0_00 added to the Settings Form.
11/18/2024 17:44:11 [Information] decimal: 50.00 XaxisAcceleration added to the Settings Form.
11/18/2024 17:44:11 [Information] bool: False XaxisChanged added to the Settings Form.
11/18/2024 17:44:11 [Information] decimal: 400.00 XaxisMotorSpeed added to the Settings Form.
11/18/2024 17:44:11 [Information] decimal: 0.00 XaxisStepperCurrent added to the Settings Form.
11/18/2024 17:44:11 [Information] decimal: 0.00 XaxisStepperMove added to the Settings Form.
11/18/2024 17:44:11 [Information] XCOM1: XComPort added to the Settings Form.
11/18/2024 17:44:11 [Information] XCOM2: XComPort added to the Settings Form.
11/18/2024 17:44:11 [Information] XCOM3: XComPort added to the Settings Form.
11/18/2024 17:44:11 [Information] XCOM4: XComPort added to the Settings Form.
11/18/2024 17:44:11 [Information] XCOM5: XComPort added to the Settings Form.
11/18/2024 17:44:11 [Information] XCOM6: XComPort added to the Settings Form.
11/18/2024 17:44:11 [Information] XCOM7: XComPort added to the Settings Form.
11/18/2024 17:44:11 [Information] XCOM8: XComPort added to the Settings Form.
11/18/2024 17:44:11 [Information] XCOM9: XComPort added to the Settings Form.
11/18/2024 17:44:11 [Information] XCOM10: XComPort added to the Settings Form.
11/18/2024 17:44:11 [Information] decimal: 50.00 YaxisAcceleration added to the Settings Form.
11/18/2024 17:44:11 [Information] bool: False YaxisChanged added to the Settings Form.
11/18/2024 17:44:11 [Information] decimal: 400.00 YaxisMotorSpeed added to the Settings Form.
11/18/2024 17:44:11 [Information] decimal: 0.00 YaxisStepperCurrent added to the Settings Form.
11/18/2024 17:44:11 [Information] decimal: 0.00 YaxisStepperMove added to the Settings Form.
11/18/2024 17:44:11 [Information] YCOM1: YComPort added to the Settings Form.
11/18/2024 17:44:11 [Information] YCOM2: YComPort added to the Settings Form.
11/18/2024 17:44:11 [Information] YCOM3: YComPort added to the Settings Form.
11/18/2024 17:44:11 [Information] YCOM4: YComPort added to the Settings Form.
11/18/2024 17:44:11 [Information] YCOM5: YComPort added to the Settings Form.
11/18/2024 17:44:11 [Information] YCOM6: YComPort added to the Settings Form.
11/18/2024 17:44:11 [Information] YCOM7: YComPort added to the Settings Form.
11/18/2024 17:44:11 [Information] YCOM8: YComPort added to the Settings Form.
11/18/2024 17:44:11 [Information] YCOM9: YComPort added to the Settings Form.
11/18/2024 17:44:11 [Information] YCOM10: YComPort added to the Settings Form.
11/18/2024 17:44:11 [Information] decimal: 50.00 ZaxisAcceleration added to the Settings Form.
11/18/2024 17:44:11 [Information] bool: False ZaxisChanged added to the Settings Form.
11/18/2024 17:44:11 [Information] decimal: 400.00 ZaxisMotorSpeed added to the Settings Form.
11/18/2024 17:44:11 [Information] decimal: 0.00 ZaxisStepperCurrent added to the Settings Form.
11/18/2024 17:44:11 [Information] decimal: 0.00 ZaxisStepperMove added to the Settings Form.
11/18/2024 17:44:11 [Information] ZCOM1: ZComPort added to the Settings Form.
11/18/2024 17:44:11 [Information] ZCOM2: ZComPort added to the Settings Form.
11/18/2024 17:44:11 [Information] ZCOM3: ZComPort added to the Settings Form.
11/18/2024 17:44:11 [Information] ZCOM4: ZComPort added to the Settings Form.
11/18/2024 17:44:11 [Information] ZCOM5: ZComPort added to the Settings Form.
11/18/2024 17:44:11 [Information] ZCOM6: ZComPort added to the Settings Form.
11/18/2024 17:44:11 [Information] ZCOM7: ZComPort added to the Settings Form.
11/18/2024 17:44:11 [Information] ZCOM8: ZComPort added to the Settings Form.
11/18/2024 17:44:11 [Information] ZCOM9: ZComPort added to the Settings Form.
11/18/2024 17:44:11 [Information] ZCOM10: ZComPort added to the Settings Form.
11/18/2024 17:44:11 [Information] int: 0 zeroXaxis added to the Settings Form.
11/18/2024 17:44:11 [Information] int: 0 zeroYaxis added to the Settings Form.
11/18/2024 17:44:11 [Information] int: 0 zeroZaxis added to the Settings Form.
11/18/2024 17:44:12 [Information] Stepper Motor Controller MainWindow loaded
11/18/2024 17:44:12 [Information] Set MainWindow Media Brushes to White.
11/18/2024 17:44:15 [Information] Z Axis Data Received: V
11/18/2024 17:44:15 [Information] Z Axis Data Received: MDPV_1|1_VMDPV
VMDPR_
11/18/2024 17:44:19 [Information] txtZaxisStepperMove Axis mouse controlled Keypad returned: 16.00
11/18/2024 17:44:20 [Information] Z Axis Run button clicked:
11/18/2024 17:44:21 [Information] Z Axis Run Event: Z,0.00,400.00,0,0.00,400.00,0,16.00,400.00,0
11/18/2024 17:44:21 [Information] Z Axis MotorMovementSeconds: 0.04
11/18/2024 17:44:21 [Information] Z Axis Timer Started. Target End Time: 05:44:21
11/18/2024 17:44:21 [Information] Z Axis Stopwatch Started.
11/18/2024 17:44:21 [Information] Z Axis Current Time: 05:44:21 + 0 = 05:44:21
11/18/2024 17:44:21 [Information] Z Axis Data Received: s
11/18/2024 17:44:21 [Information] Z Axis Data Received: e
11/18/2024 17:44:22 [Information] Stepper Motor Controller Enable Y Axis controls after moving to location.
11/18/2024 17:44:22 [Information] Stepper Motor Controller Stopwatch Stopped.
11/18/2024 17:44:22 [Information] Stepper Motor Controller Timer Stopped.
11/18/2024 17:44:22 [Information] Stepper Motor Controller Stopwatch Reset.
11/18/2024 17:44:22 [Information] Z Axis Data Received: rialData: Z,0.00,400.00,0,0.00,400.00,0,16.00,400.00,0

11/18/2024 17:44:22 [Information] Stepper Motor Controller Enable Y Axis controls after moving to location.
11/18/2024 17:44:22 [Information] Stepper Motor Controller Stopwatch Stopped.
11/18/2024 17:44:22 [Information] Stepper Motor Controller Timer Stopped.
11/18/2024 17:44:22 [Information] Stepper Motor Controller Stopwatch Reset.
11/18/2024 17:44:22 [Information] Stepper Motor Controller Enable Y Axis controls after moving to location.
11/18/2024 17:44:22 [Information] Stepper Motor Controller Stopwatch Stopped.
11/18/2024 17:44:22 [Information] Stepper Motor Controller Timer Stopped.
11/18/2024 17:44:22 [Information] Stepper Motor Controller Stopwatch Reset.
11/18/2024 17:44:22 [Information] Stepper Motor Controller Enable Y Axis controls after moving to location.
11/18/2024 17:44:22 [Information] Stepper Motor Controller Stopwatch Stopped.
11/18/2024 17:44:22 [Information] Stepper Motor Controller Timer Stopped.
11/18/2024 17:44:22 [Information] Stepper Motor Controller Stopwatch Reset.
11/18/2024 17:44:22 [Information] Stepper Motor Controller Enable Y Axis controls after moving to location.
11/18/2024 17:44:22 [Information] Stepper Motor Controller Stopwatch Stopped.
11/18/2024 17:44:22 [Information] Stepper Motor Controller Timer Stopped.
11/18/2024 17:44:22 [Information] Stepper Motor Controller Stopwatch Reset.
11/18/2024 17:44:22 [Information] Stepper Motor Controller Enable Y Axis controls after moving to location.
11/18/2024 17:44:22 [Information] Stepper Motor Controller Stopwatch Stopped.
11/18/2024 17:44:22 [Information] Stepper Motor Controller Timer Stopped.
11/18/2024 17:44:22 [Information] Stepper Motor Controller Stopwatch Reset.
11/18/2024 17:44:22 [Information] Stepper Motor Controller Enable Y Axis controls after moving to location.
11/18/2024 17:44:22 [Information] Stepper Motor Controller Stopwatch Stopped.
11/18/2024 17:44:22 [Information] Stepper Motor Controller Timer Stopped.
11/18/2024 17:44:22 [Information] Stepper Motor Controller Stopwatch Reset.
11/18/2024 17:44:22 [Information] Stepper Motor Controller Enable Y Axis controls after moving to location.
11/18/2024 17:44:22 [Information] Stepper Motor Controller Stopwatch Stopped.
11/18/2024 17:44:22 [Information] Stepper Motor Controller Timer Stopped.
11/18/2024 17:44:22 [Information] Stepper Motor Controller Stopwatch Reset.
11/18/2024 17:44:22 [Information] Stepper Motor Controller Enable Y Axis controls after moving to location.
11/18/2024 17:44:22 [Information] Stepper Motor Controller Stopwatch Stopped.
11/18/2024 17:44:22 [Information] Stepper Motor Controller Timer Stopped.
11/18/2024 17:44:22 [Information] Stepper Motor Controller Stopwatch Reset.
11/18/2024 17:44:22 [Information] Stepper Motor Controller Enable Y Axis controls after moving to location.
11/18/2024 17:44:22 [Information] Stepper Motor Controller Stopwatch Stopped.
11/18/2024 17:44:22 [Information] Stepper Motor Controller Timer Stopped.
11/18/2024 17:44:22 [Information] Stepper Motor Controller Stopwatch Reset.
11/18/2024 17:44:22 [Information] Stepper Motor Controller Enable Y Axis controls after moving to location.
11/18/2024 17:44:22 [Information] Stepper Motor Controller Stopwatch Stopped.
11/18/2024 17:44:22 [Information] Stepper Motor Controller Timer Stopped.
11/18/2024 17:44:22 [Information] Stepper Motor Controller Stopwatch Reset.
11/18/2024 17:44:22 [Information] Stepper Motor Controller Enable Y Axis controls after moving to location.
11/18/2024 17:44:22 [Information] Stepper Motor Controller Stopwatch Stopped.
11/18/2024 17:44:22 [Information] Stepper Motor Controller Timer Stopped.
11/18/2024 17:44:22 [Information] Stepper Motor Controller Stopwatch Reset.
11/18/2024 17:44:22 [Information] Stepper Motor Controller Enable Y Axis controls after moving to location.
11/18/2024 17:44:22 [Information] Stepper Motor Controller Stopwatch Stopped.
11/18/2024 17:44:22 [Information] Stepper Motor Controller Timer Stopped.
11/18/2024 17:44:22 [Information] Stepper Motor Controller Stopwatch Reset.
11/18/2024 17:44:22 [Information] Stepper Motor Controller Enable Y Axis controls after moving to location.
11/18/2024 17:44:22 [Information] Stepper Motor Controller Stopwatch Stopped.
11/18/2024 17:44:22 [Information] Stepper Motor Controller Timer Stopped.
11/18/2024 17:44:22 [Information] Stepper Motor Controller Stopwatch Reset.
11/18/2024 17:44:22 [Information] Stepper Motor Controller Enable Y Axis controls after moving to location.
11/18/2024 17:44:22 [Information] Stepper Motor Controller Stopwatch Stopped.
11/18/2024 17:44:22 [Information] Stepper Motor Controller Timer Stopped.
11/18/2024 17:44:22 [Information] Stepper Motor Controller Stopwatch Reset.
11/18/2024 17:44:22 [Information] Stepper Motor Controller Enable Y Axis controls after moving to location.
11/18/2024 17:44:22 [Information] Stepper Motor Controller Stopwatch Stopped.
11/18/2024 17:44:22 [Information] Stepper Motor Controller Timer Stopped.
11/18/2024 17:44:22 [Information] Stepper Motor Controller Stopwatch Reset.
11/18/2024 17:44:22 [Information] Stepper Motor Controller Enable Y Axis controls after moving to location.
11/18/2024 17:44:22 [Information] Stepper Motor Controller Stopwatch Stopped.
11/18/2024 17:44:22 [Information] Stepper Motor Controller Timer Stopped.
11/18/2024 17:44:22 [Information] Stepper Motor Controller Stopwatch Reset.
11/18/2024 17:44:22 [Information] Stepper Motor Controller Enable Y Axis controls after moving to location.
11/18/2024 17:44:22 [Information] Stepper Motor Controller Stopwatch Stopped.
11/18/2024 17:44:22 [Information] Stepper Motor Controller Timer Stopped.
11/18/2024 17:44:22 [Information] Stepper Motor Controller Stopwatch Reset.
11/18/2024 17:44:22 [Information] Stepper Motor Controller Enable Y Axis controls after moving to location.
11/18/2024 17:44:22 [Information] Stepper Motor Controller Stopwatch Stopped.
11/18/2024 17:44:22 [Information] Stepper Motor Controller Timer Stopped.
11/18/2024 17:44:22 [Information] Stepper Motor Controller Stopwatch Reset.
11/18/2024 17:44:22 [Information] Stepper Motor Controller Enable Y Axis controls after moving to location.
11/18/2024 17:44:22 [Information] Stepper Motor Controller Stopwatch Stopped.
11/18/2024 17:44:22 [Information] Stepper Motor Controller Timer Stopped.
11/18/2024 17:44:22 [Information] Stepper Motor Controller Stopwatch Reset.
11/18/2024 17:44:22 [Information] Stepper Motor Controller Enable Y Axis controls after moving to location.
11/18/2024 17:44:22 [Information] Stepper Motor Controller Stopwatch Stopped.
11/18/2024 17:44:22 [Information] Stepper Motor Controller Timer Stopped.
11/18/2024 17:44:22 [Information] Stepper Motor Controller Stopwatch Reset.
11/18/2024 17:44:22 [Information] Stepper Motor Controller Enable Y Axis controls after moving to location.
11/18/2024 17:44:22 [Information] Stepper Motor Controller Stopwatch Stopped.
11/18/2024 17:44:22 [Information] Stepper Motor Controller Timer Stopped.
11/18/2024 17:44:22 [Information] Stepper Motor Controller Stopwatch Reset.
11/18/2024 17:44:22 [Information] Stepper Motor Controller Enable Y Axis controls after moving to location.
11/18/2024 17:44:22 [Information] Stepper Motor Controller Stopwatch Stopped.
11/18/2024 17:44:22 [Information] Stepper Motor Controller Timer Stopped.
11/18/2024 17:44:22 [Information] Stepper Motor Controller Stopwatch Reset.
11/18/2024 17:44:23 [Information] Stepper Motor Controller Enable Y Axis controls after moving to location.
11/18/2024 17:44:23 [Information] Stepper Motor Controller Stopwatch Stopped.
11/18/2024 17:44:23 [Information] Stepper Motor Controller Timer Stopped.
11/18/2024 17:44:23 [Information] Stepper Motor Controller Stopwatch Reset.
11/18/2024 17:44:23 [Information] Stepper Motor Controller Enable Y Axis controls after moving to location.
11/18/2024 17:44:23 [Information] Stepper Motor Controller Stopwatch Stopped.
11/18/2024 17:44:23 [Information] Stepper Motor Controller Timer Stopped.
11/18/2024 17:44:23 [Information] Stepper Motor Controller Stopwatch Reset.
11/18/2024 17:44:23 [Information] Stepper Motor Controller Enable Y Axis controls after moving to location.
11/18/2024 17:44:23 [Information] Stepper Motor Controller Stopwatch Stopped.
11/18/2024 17:44:23 [Information] Stepper Motor Controller Timer Stopped.
11/18/2024 17:44:23 [Information] Stepper Motor Controller Stopwatch Reset.
11/18/2024 17:44:23 [Information] Stepper Motor Controller Enable Y Axis controls after moving to location.
11/18/2024 17:44:23 [Information] Stepper Motor Controller Stopwatch Stopped.
11/18/2024 17:44:23 [Information] Stepper Motor Controller Timer Stopped.
11/18/2024 17:44:23 [Information] Stepper Motor Controller Stopwatch Reset.
11/18/2024 17:44:23 [Information] Stepper Motor Controller Enable Y Axis controls after moving to location.
11/18/2024 17:44:23 [Information] Stepper Motor Controller Stopwatch Stopped.
11/18/2024 17:44:23 [Information] Stepper Motor Controller Timer Stopped.
11/18/2024 17:44:23 [Information] Stepper Motor Controller Stopwatch Reset.
11/18/2024 17:44:23 [Information] Stepper Motor Controller Enable Y Axis controls after moving to location.
11/18/2024 17:44:23 [Information] Stepper Motor Controller Stopwatch Stopped.
11/18/2024 17:44:23 [Information] Stepper Motor Controller Timer Stopped.
11/18/2024 17:44:23 [Information] Stepper Motor Controller Stopwatch Reset.
11/18/2024 17:44:23 [Information] Stepper Motor Controller Enable Y Axis controls after moving to location.
11/18/2024 17:44:23 [Information] Stepper Motor Controller Stopwatch Stopped.
11/18/2024 17:44:23 [Information] Stepper Motor Controller Timer Stopped.
11/18/2024 17:44:23 [Information] Stepper Motor Controller Stopwatch Reset.
11/18/2024 17:44:23 [Information] Stepper Motor Controller Enable Y Axis controls after moving to location.
11/18/2024 17:44:23 [Information] Stepper Motor Controller Stopwatch Stopped.
11/18/2024 17:44:23 [Information] Stepper Motor Controller Timer Stopped.
11/18/2024 17:44:23 [Information] Stepper Motor Controller Stopwatch Reset.
11/18/2024 17:44:23 [Information] Stepper Motor Controller Enable Y Axis controls after moving to location.
11/18/2024 17:44:23 [Information] Stepper Motor Controller Stopwatch Stopped.
11/18/2024 17:44:23 [Information] Stepper Motor Controller Timer Stopped.
11/18/2024 17:44:23 [Information] Stepper Motor Controller Stopwatch Reset.
11/18/2024 17:44:23 [Information] Stepper Motor Controller Enable Y Axis controls after moving to location.
11/18/2024 17:44:23 [Information] Stepper Motor Controller Stopwatch Stopped.
11/18/2024 17:44:23 [Information] Stepper Motor Controller Timer Stopped.
11/18/2024 17:44:23 [Information] Stepper Motor Controller Stopwatch Reset.
11/18/2024 17:44:23 [Information] Stepper Motor Controller Enable Y Axis controls after moving to location.
11/18/2024 17:44:23 [Information] Stepper Motor Controller Stopwatch Stopped.
11/18/2024 17:44:23 [Information] Stepper Motor Controller Timer Stopped.
11/18/2024 17:44:23 [Information] Stepper Motor Controller Stopwatch Reset.
11/18/2024 17:44:23 [Information] Stepper Motor Controller Enable Y Axis controls after moving to location.
11/18/2024 17:44:23 [Information] Stepper Motor Controller Stopwatch Stopped.
11/18/2024 17:44:23 [Information] Stepper Motor Controller Timer Stopped.
11/18/2024 17:44:23 [Information] Stepper Motor Controller Stopwatch Reset.
11/18/2024 17:44:23 [Information] Stepper Motor Controller Enable Y Axis controls after moving to location.
11/18/2024 17:44:23 [Information] Stepper Motor Controller Stopwatch Stopped.
11/18/2024 17:44:23 [Information] Stepper Motor Controller Timer Stopped.
11/18/2024 17:44:23 [Information] Stepper Motor Controller Stopwatch Reset.
11/18/2024 17:44:23 [Information] Stepper Motor Controller Enable Y Axis controls after moving to location.
11/18/2024 17:44:23 [Information] Stepper Motor Controller Stopwatch Stopped.
11/18/2024 17:44:23 [Information] Stepper Motor Controller Timer Stopped.
11/18/2024 17:44:23 [Information] Stepper Motor Controller Stopwatch Reset.
11/18/2024 17:44:23 [Information] Stepper Motor Controller Enable Y Axis controls after moving to location.
11/18/2024 17:44:23 [Information] Stepper Motor Controller Stopwatch Stopped.
11/18/2024 17:44:23 [Information] Stepper Motor Controller Timer Stopped.
11/18/2024 17:44:23 [Information] Stepper Motor Controller Stopwatch Reset.
11/18/2024 17:44:23 [Information] Stepper Motor Controller Enable Y Axis controls after moving to location.
11/18/2024 17:44:23 [Information] Stepper Motor Controller Stopwatch Stopped.
11/18/2024 17:44:23 [Information] Stepper Motor Controller Timer Stopped.
11/18/2024 17:44:23 [Information] Stepper Motor Controller Stopwatch Reset.
11/18/2024 17:44:23 [Information] Stepper Motor Controller Enable Y Axis controls after moving to location.
11/18/2024 17:44:23 [Information] Stepper Motor Controller Stopwatch Stopped.
11/18/2024 17:44:23 [Information] Stepper Motor Controller Timer Stopped.
11/18/2024 17:44:23 [Information] Stepper Motor Controller Stopwatch Reset.
11/18/2024 17:44:23 [Information] Stepper Motor Controller Enable Y Axis controls after moving to location.
11/18/2024 17:44:23 [Information] Stepper Motor Controller Stopwatch Stopped.
11/18/2024 17:44:23 [Information] Stepper Motor Controller Timer Stopped.
11/18/2024 17:44:23 [Information] Stepper Motor Controller Stopwatch Reset.
11/18/2024 17:44:23 [Information] Stepper Motor Controller Enable Y Axis controls after moving to location.
11/18/2024 17:44:23 [Information] Stepper Motor Controller Stopwatch Stopped.
11/18/2024 17:44:23 [Information] Stepper Motor Controller Timer Stopped.
11/18/2024 17:44:23 [Information] Stepper Motor Controller Stopwatch Reset.
11/18/2024 17:44:23 [Information] Stepper Motor Controller Enable Y Axis controls after moving to location.
11/18/2024 17:44:23 [Information] Stepper Motor Controller Stopwatch Stopped.
11/18/2024 17:44:23 [Information] Stepper Motor Controller Timer Stopped.
11/18/2024 17:44:23 [Information] Stepper Motor Controller Stopwatch Reset.
11/18/2024 17:44:23 [Information] Stepper Motor Controller Enable Y Axis controls after moving to location.
11/18/2024 17:44:23 [Information] Stepper Motor Controller Stopwatch Stopped.
11/18/2024 17:44:23 [Information] Stepper Motor Controller Timer Stopped.
11/18/2024 17:44:23 [Information] Stepper Motor Controller Stopwatch Reset.
11/18/2024 17:44:23 [Information] Stepper Motor Controller Enable Y Axis controls after moving to location.
11/18/2024 17:44:23 [Information] Stepper Motor Controller Stopwatch Stopped.
11/18/2024 17:44:23 [Information] Stepper Motor Controller Timer Stopped.
11/18/2024 17:44:23 [Information] Stepper Motor Controller Stopwatch Reset.
11/18/2024 17:44:23 [Information] Stepper Motor Controller Enable Y Axis controls after moving to location.
11/18/2024 17:44:23 [Information] Stepper Motor Controller Stopwatch Stopped.
11/18/2024 17:44:23 [Information] Stepper Motor Controller Timer Stopped.
11/18/2024 17:44:23 [Information] Stepper Motor Controller Stopwatch Reset.
11/18/2024 17:44:24 [Information] Stepper Motor Controller Enable Y Axis controls after moving to location.
11/18/2024 17:44:24 [Information] Stepper Motor Controller Stopwatch Stopped.
11/18/2024 17:44:24 [Information] Stepper Motor Controller Timer Stopped.
11/18/2024 17:44:24 [Information] Stepper Motor Controller Stopwatch Reset.
11/18/2024 17:44:24 [Information] Stepper Motor Controller Enable Y Axis controls after moving to location.
11/18/2024 17:44:24 [Information] Stepper Motor Controller Stopwatch Stopped.
11/18/2024 17:44:24 [Information] Stepper Motor Controller Timer Stopped.
11/18/2024 17:44:24 [Information] Stepper Motor Controller Stopwatch Reset.
11/18/2024 17:44:24 [Information] Z Axis Data Received: Z
11/18/2024 17:44:24 [Information] Stepper Motor Controller Enable Y Axis controls after moving to location.
11/18/2024 17:44:24 [Information] Stepper Motor Controller Stopwatch Stopped.
11/18/2024 17:44:24 [Information] Stepper Motor Controller Timer Stopped.
11/18/2024 17:44:24 [Information] Stepper Motor Controller Stopwatch Reset.
11/18/2024 17:44:24 [Information] Stepper Motor Controller Enable Y Axis controls after moving to location.
11/18/2024 17:44:24 [Information] Stepper Motor Controller Stopwatch Stopped.
11/18/2024 17:44:24 [Information] Stepper Motor Controller Timer Stopped.
11/18/2024 17:44:24 [Information] Stepper Motor Controller Stopwatch Reset.
11/18/2024 17:44:24 [Information] Stepper Motor Controller Enable Y Axis controls after moving to location.
11/18/2024 17:44:24 [Information] Stepper Motor Controller Stopwatch Stopped.
11/18/2024 17:44:24 [Information] Stepper Motor Controller Timer Stopped.
11/18/2024 17:44:24 [Information] Stepper Motor Controller Stopwatch Reset.
11/18/2024 17:44:24 [Information] Stepper Motor Controller Enable Y Axis controls after moving to location.
11/18/2024 17:44:24 [Information] Stepper Motor Controller Stopwatch Stopped.
11/18/2024 17:44:24 [Information] Stepper Motor Controller Timer Stopped.
11/18/2024 17:44:24 [Information] Stepper Motor Controller Stopwatch Reset.
11/18/2024 17:44:24 [Information] Stepper Motor Controller Enable Y Axis controls after moving to location.
11/18/2024 17:44:24 [Information] Stepper Motor Controller Stopwatch Stopped.
11/18/2024 17:44:24 [Information] Stepper Motor Controller Timer Stopped.
11/18/2024 17:44:24 [Information] Stepper Motor Controller Stopwatch Reset.
11/18/2024 17:44:24 [Information] Stepper Motor Controller Enable Y Axis controls after moving to location.
11/18/2024 17:44:24 [Information] Stepper Motor Controller Stopwatch Stopped.
11/18/2024 17:44:24 [Information] Stepper Motor Controller Timer Stopped.
11/18/2024 17:44:24 [Information] Stepper Motor Controller Stopwatch Reset.
11/18/2024 17:44:24 [Information] Stepper Motor Controller Enable Y Axis controls after moving to location.
11/18/2024 17:44:24 [Information] Stepper Motor Controller Stopwatch Stopped.
11/18/2024 17:44:24 [Information] Stepper Motor Controller Timer Stopped.
11/18/2024 17:44:24 [Information] Stepper Motor Controller Stopwatch Reset.
11/18/2024 17:44:24 [Information] Stepper Motor Controller Enable Y Axis controls after moving to location.
11/18/2024 17:44:24 [Information] Stepper Motor Controller Stopwatch Stopped.
11/18/2024 17:44:24 [Information] Stepper Motor Controller Timer Stopped.
11/18/2024 17:44:24 [Information] Stepper Motor Controller Stopwatch Reset.
11/18/2024 17:44:24 [Information] Stepper Motor Controller Enable Y Axis controls after moving to location.
11/18/2024 17:44:24 [Information] Stepper Motor Controller Stopwatch Stopped.
11/18/2024 17:44:24 [Information] Stepper Motor Controller Timer Stopped.
11/18/2024 17:44:24 [Information] Stepper Motor Controller Stopwatch Reset.
11/18/2024 17:44:24 [Information] Stepper Motor Controller Enable Y Axis controls after moving to location.
11/18/2024 17:44:24 [Information] Stepper Motor Controller Stopwatch Stopped.
11/18/2024 17:44:24 [Information] Stepper Motor Controller Timer Stopped.
11/18/2024 17:44:24 [Information] Stepper Motor Controller Stopwatch Reset.
11/18/2024 17:44:24 [Information] Stepper Motor Controller Enable Y Axis controls after moving to location.
11/18/2024 17:44:24 [Information] Stepper Motor Controller Stopwatch Stopped.
11/18/2024 17:44:24 [Information] Stepper Motor Controller Timer Stopped.
11/18/2024 17:44:24 [Information] Stepper Motor Controller Stopwatch Reset.
11/18/2024 17:44:24 [Information] Stepper Motor Controller Enable Y Axis controls after moving to location.
11/18/2024 17:44:24 [Information] Stepper Motor Controller Stopwatch Stopped.
11/18/2024 17:44:24 [Information] Stepper Motor Controller Timer Stopped.
11/18/2024 17:44:24 [Information] Stepper Motor Controller Stopwatch Reset.
11/18/2024 17:44:24 [Information] Stepper Motor Controller Enable Y Axis controls after moving to location.
11/18/2024 17:44:24 [Information] Stepper Motor Controller Stopwatch Stopped.
11/18/2024 17:44:24 [Information] Stepper Motor Controller Timer Stopped.
11/18/2024 17:44:24 [Information] Stepper Motor Controller Stopwatch Reset.
11/18/2024 17:44:24 [Information] Stepper Motor Controller Enable Y Axis controls after moving to location.
11/18/2024 17:44:24 [Information] Stepper Motor Controller Stopwatch Stopped.
11/18/2024 17:44:24 [Information] Stepper Motor Controller Timer Stopped.
11/18/2024 17:44:24 [Information] Stepper Motor Controller Stopwatch Reset.
11/18/2024 17:44:24 [Information] Stepper Motor Controller Enable Y Axis controls after moving to location.
11/18/2024 17:44:24 [Information] Stepper Motor Controller Stopwatch Stopped.
11/18/2024 17:44:24 [Information] Stepper Motor Controller Timer Stopped.
11/18/2024 17:44:24 [Information] Stepper Motor Controller Stopwatch Reset.
11/18/2024 17:44:24 [Information] Stepper Motor Controller Enable Y Axis controls after moving to location.
11/18/2024 17:44:24 [Information] Stepper Motor Controller Stopwatch Stopped.
11/18/2024 17:44:24 [Information] Stepper Motor Controller Timer Stopped.
11/18/2024 17:44:24 [Information] Stepper Motor Controller Stopwatch Reset.
11/18/2024 17:44:24 [Information] Stepper Motor Controller Enable Y Axis controls after moving to location.
11/18/2024 17:44:24 [Information] Stepper Motor Controller Stopwatch Stopped.
11/18/2024 17:44:24 [Information] Stepper Motor Controller Timer Stopped.
11/18/2024 17:44:24 [Information] Stepper Motor Controller Stopwatch Reset.
11/18/2024 17:44:24 [Information] Stepper Motor Controller Enable Y Axis controls after moving to location.
11/18/2024 17:44:24 [Information] Stepper Motor Controller Stopwatch Stopped.
11/18/2024 17:44:24 [Information] Stepper Motor Controller Timer Stopped.
11/18/2024 17:44:24 [Information] Stepper Motor Controller Stopwatch Reset.
11/18/2024 17:44:24 [Information] Stepper Motor Controller Enable Y Axis controls after moving to location.
11/18/2024 17:44:24 [Information] Stepper Motor Controller Stopwatch Stopped.
11/18/2024 17:44:24 [Information] Stepper Motor Controller Timer Stopped.
11/18/2024 17:44:24 [Information] Stepper Motor Controller Stopwatch Reset.
11/18/2024 17:44:24 [Information] Stepper Motor Controller Enable Y Axis controls after moving to location.
11/18/2024 17:44:24 [Information] Stepper Motor Controller Stopwatch Stopped.
11/18/2024 17:44:24 [Information] Stepper Motor Controller Timer Stopped.
11/18/2024 17:44:24 [Information] Stepper Motor Controller Stopwatch Reset.
11/18/2024 17:44:24 [Information] Stepper Motor Controller Enable Y Axis controls after moving to location.
11/18/2024 17:44:24 [Information] Stepper Motor Controller Stopwatch Stopped.
11/18/2024 17:44:24 [Information] Stepper Motor Controller Timer Stopped.
11/18/2024 17:44:24 [Information] Stepper Motor Controller Stopwatch Reset.
11/18/2024 17:44:24 [Information] Stepper Motor Controller Enable Y Axis controls after moving to location.
11/18/2024 17:44:24 [Information] Stepper Motor Controller Stopwatch Stopped.
11/18/2024 17:44:24 [Information] Stepper Motor Controller Timer Stopped.
11/18/2024 17:44:24 [Information] Stepper Motor Controller Stopwatch Reset.
11/18/2024 17:44:25 [Information] Stepper Motor Controller Enable Y Axis controls after moving to location.
11/18/2024 17:44:25 [Information] Stepper Motor Controller Stopwatch Stopped.
11/18/2024 17:44:25 [Information] Stepper Motor Controller Timer Stopped.
11/18/2024 17:44:25 [Information] Stepper Motor Controller Stopwatch Reset.
11/18/2024 17:44:25 [Information] Stepper Motor Controller Enable Y Axis controls after moving to location.
11/18/2024 17:44:25 [Information] Stepper Motor Controller Stopwatch Stopped.
11/18/2024 17:44:25 [Information] Stepper Motor Controller Timer Stopped.
11/18/2024 17:44:25 [Information] Stepper Motor Controller Stopwatch Reset.
11/18/2024 17:44:25 [Information] Stepper Motor Controller Enable Y Axis controls after moving to location.
11/18/2024 17:44:25 [Information] Stepper Motor Controller Stopwatch Stopped.
11/18/2024 17:44:25 [Information] Stepper Motor Controller Timer Stopped.
11/18/2024 17:44:25 [Information] Stepper Motor Controller Stopwatch Reset.
11/18/2024 17:44:25 [Information] Z Axis Data Received:  Axis reached target position
Current Position:
11/18/2024 17:44:25 [Information] Stepper Motor Controller Enable Y Axis controls after moving to location.
11/18/2024 17:44:25 [Information] Stepper Motor Controller Stopwatch Stopped.
11/18/2024 17:44:25 [Information] Stepper Motor Controller Timer Stopped.
11/18/2024 17:44:25 [Information] Stepper Motor Controller Stopwatch Reset.
11/18/2024 17:44:25 [Information] Stepper Motor Controller Enable Y Axis controls after moving to location.
11/18/2024 17:44:25 [Information] Stepper Motor Controller Stopwatch Stopped.
11/18/2024 17:44:25 [Information] Stepper Motor Controller Timer Stopped.
11/18/2024 17:44:25 [Information] Stepper Motor Controller Stopwatch Reset.
11/18/2024 17:44:25 [Information] Stepper Motor Controller Enable Y Axis controls after moving to location.
11/18/2024 17:44:25 [Information] Stepper Motor Controller Stopwatch Stopped.
11/18/2024 17:44:25 [Information] Stepper Motor Controller Timer Stopped.
11/18/2024 17:44:25 [Information] Stepper Motor Controller Stopwatch Reset.
11/18/2024 17:44:25 [Information] Stepper Motor Controller Enable Y Axis controls after moving to location.
11/18/2024 17:44:25 [Information] Stepper Motor Controller Stopwatch Stopped.
11/18/2024 17:44:25 [Information] Stepper Motor Controller Timer Stopped.
11/18/2024 17:44:25 [Information] Stepper Motor Controller Stopwatch Reset.
11/18/2024 17:44:25 [Information] Stepper Motor Controller Enable Y Axis controls after moving to location.
11/18/2024 17:44:25 [Information] Stepper Motor Controller Stopwatch Stopped.
11/18/2024 17:44:25 [Information] Stepper Motor Controller Timer Stopped.
11/18/2024 17:44:25 [Information] Stepper Motor Controller Stopwatch Reset.
11/18/2024 17:44:25 [Information] Stepper Motor Controller Enable Y Axis controls after moving to location.
11/18/2024 17:44:25 [Information] Stepper Motor Controller Stopwatch Stopped.
11/18/2024 17:44:25 [Information] Stepper Motor Controller Timer Stopped.
11/18/2024 17:44:25 [Information] Stepper Motor Controller Stopwatch Reset.
11/18/2024 17:44:25 [Information] Stepper Motor Controller Enable Y Axis controls after moving to location.
11/18/2024 17:44:25 [Information] Stepper Motor Controller Stopwatch Stopped.
11/18/2024 17:44:25 [Information] Stepper Motor Controller Timer Stopped.
11/18/2024 17:44:25 [Information] Stepper Motor Controller Stopwatch Reset.
11/18/2024 17:44:25 [Information] Stepper Motor Controller Enable Y Axis controls after moving to location.
11/18/2024 17:44:25 [Information] Stepper Motor Controller Stopwatch Stopped.
11/18/2024 17:44:25 [Information] Stepper Motor Controller Timer Stopped.
11/18/2024 17:44:25 [Information] Stepper Motor Controller Stopwatch Reset.
11/18/2024 17:44:25 [Information] Stepper Motor Controller Enable Y Axis controls after moving to location.
11/18/2024 17:44:25 [Information] Stepper Motor Controller Stopwatch Stopped.
11/18/2024 17:44:25 [Information] Stepper Motor Controller Timer Stopped.
11/18/2024 17:44:25 [Information] Stepper Motor Controller Stopwatch Reset.
11/18/2024 17:44:25 [Information] Stepper Motor Controller Enable Y Axis controls after moving to location.
11/18/2024 17:44:25 [Information] Stepper Motor Controller Stopwatch Stopped.
11/18/2024 17:44:25 [Information] Stepper Motor Controller Timer Stopped.
11/18/2024 17:44:25 [Information] Stepper Motor Controller Stopwatch Reset.
11/18/2024 17:44:25 [Information] Stepper Motor Controller Enable Y Axis controls after moving to location.
11/18/2024 17:44:25 [Information] Stepper Motor Controller Stopwatch Stopped.
11/18/2024 17:44:25 [Information] Stepper Motor Controller Timer Stopped.
11/18/2024 17:44:25 [Information] Stepper Motor Controller Stopwatch Reset.
11/18/2024 17:44:25 [Information] Stepper Motor Controller Enable Y Axis controls after moving to location.
11/18/2024 17:44:25 [Information] Stepper Motor Controller Stopwatch Stopped.
11/18/2024 17:44:25 [Information] Stepper Motor Controller Timer Stopped.
11/18/2024 17:44:25 [Information] Stepper Motor Controller Stopwatch Reset.
11/18/2024 17:44:25 [Information] Stepper Motor Controller Enable Y Axis controls after moving to location.
11/18/2024 17:44:25 [Information] Stepper Motor Controller Stopwatch Stopped.
11/18/2024 17:44:25 [Information] Stepper Motor Controller Timer Stopped.
11/18/2024 17:44:25 [Information] Stepper Motor Controller Stopwatch Reset.
11/18/2024 17:44:25 [Information] Stepper Motor Controller Enable Y Axis controls after moving to location.
11/18/2024 17:44:25 [Information] Stepper Motor Controller Stopwatch Stopped.
11/18/2024 17:44:25 [Information] Stepper Motor Controller Timer Stopped.
11/18/2024 17:44:25 [Information] Stepper Motor Controller Stopwatch Reset.
11/18/2024 17:44:25 [Information] Stepper Motor Controller Enable Y Axis controls after moving to location.
11/18/2024 17:44:25 [Information] Stepper Motor Controller Stopwatch Stopped.
11/18/2024 17:44:25 [Information] Stepper Motor Controller Timer Stopped.
11/18/2024 17:44:25 [Information] Stepper Motor Controller Stopwatch Reset.
11/18/2024 17:44:25 [Information] Stepper Motor Controller Enable Y Axis controls after moving to location.
11/18/2024 17:44:25 [Information] Stepper Motor Controller Stopwatch Stopped.
11/18/2024 17:44:25 [Information] Stepper Motor Controller Timer Stopped.
11/18/2024 17:44:25 [Information] Stepper Motor Controller Stopwatch Reset.
11/18/2024 17:44:25 [Information] Stepper Motor Controller Enable Y Axis controls after moving to location.
11/18/2024 17:44:25 [Information] Stepper Motor Controller Stopwatch Stopped.
11/18/2024 17:44:25 [Information] Stepper Motor Controller Timer Stopped.
11/18/2024 17:44:25 [Information] Stepper Motor Controller Stopwatch Reset.
11/18/2024 17:44:25 [Information] Stepper Motor Controller Enable Y Axis controls after moving to location.
11/18/2024 17:44:25 [Information] Stepper Motor Controller Stopwatch Stopped.
11/18/2024 17:44:25 [Information] Stepper Motor Controller Timer Stopped.
11/18/2024 17:44:25 [Information] Stepper Motor Controller Stopwatch Reset.
11/18/2024 17:44:25 [Information] Stepper Motor Controller Enable Y Axis controls after moving to location.
11/18/2024 17:44:25 [Information] Stepper Motor Controller Stopwatch Stopped.
11/18/2024 17:44:25 [Information] Stepper Motor Controller Timer Stopped.
11/18/2024 17:44:25 [Information] Stepper Motor Controller Stopwatch Reset.
11/18/2024 17:44:25 [Information] Stepper Motor Controller Enable Y Axis controls after moving to location.
11/18/2024 17:44:25 [Information] Stepper Motor Controller Stopwatch Stopped.
11/18/2024 17:44:25 [Information] Stepper Motor Controller Timer Stopped.
11/18/2024 17:44:25 [Information] Stepper Motor Controller Stopwatch Reset.
11/18/2024 17:44:25 [Information] Stepper Motor Controller Enable Y Axis controls after moving to location.
11/18/2024 17:44:25 [Information] Stepper Motor Controller Stopwatch Stopped.
11/18/2024 17:44:25 [Information] Stepper Motor Controller Timer Stopped.
11/18/2024 17:44:25 [Information] Stepper Motor Controller Stopwatch Reset.
11/18/2024 17:44:26 [Information] Stepper Motor Controller Enable Y Axis controls after moving to location.
11/18/2024 17:44:26 [Information] Stepper Motor Controller Stopwatch Stopped.
11/18/2024 17:44:26 [Information] Stepper Motor Controller Timer Stopped.
11/18/2024 17:44:26 [Information] Stepper Motor Controller Stopwatch Reset.
11/18/2024 17:44:26 [Information] Stepper Motor Controller Enable Y Axis controls after moving to location.
11/18/2024 17:44:26 [Information] Stepper Motor Controller Stopwatch Stopped.
11/18/2024 17:44:26 [Information] Stepper Motor Controller Timer Stopped.
11/18/2024 17:44:26 [Information] Stepper Motor Controller Stopwatch Reset.
11/18/2024 17:44:26 [Information] Stepper Motor Controller Enable Y Axis controls after moving to location.
11/18/2024 17:44:26 [Information] Stepper Motor Controller Stopwatch Stopped.
11/18/2024 17:44:26 [Information] Stepper Motor Controller Timer Stopped.
11/18/2024 17:44:26 [Information] Stepper Motor Controller Stopwatch Reset.
11/18/2024 17:44:26 [Information] Stepper Motor Controller Enable Y Axis controls after moving to location.
11/18/2024 17:44:26 [Information] Stepper Motor Controller Stopwatch Stopped.
11/18/2024 17:44:26 [Information] Stepper Motor Controller Timer Stopped.
11/18/2024 17:44:26 [Information] Stepper Motor Controller Stopwatch Reset.
11/18/2024 17:44:26 [Information] Z Axis Data Received:  800

11/18/2024 17:44:26 [Information] Stepper Motor Controller Enable Y Axis controls after moving to location.
11/18/2024 17:44:26 [Information] Stepper Motor Controller Stopwatch Stopped.
11/18/2024 17:44:26 [Information] Stepper Motor Controller Timer Stopped.
11/18/2024 17:44:26 [Information] Stepper Motor Controller Stopwatch Reset.
11/18/2024 17:44:26 [Information] Stepper Motor Controller Enable Y Axis controls after moving to location.
11/18/2024 17:44:26 [Information] Stepper Motor Controller Stopwatch Stopped.
11/18/2024 17:44:26 [Information] Stepper Motor Controller Timer Stopped.
11/18/2024 17:44:26 [Information] Stepper Motor Controller Stopwatch Reset.
11/18/2024 17:44:26 [Information] Stepper Motor Controller Enable Y Axis controls after moving to location.
11/18/2024 17:44:26 [Information] Stepper Motor Controller Stopwatch Stopped.
11/18/2024 17:44:26 [Information] Stepper Motor Controller Timer Stopped.
11/18/2024 17:44:26 [Information] Stepper Motor Controller Stopwatch Reset.
11/18/2024 17:44:26 [Information] Stepper Motor Controller Enable Y Axis controls after moving to location.
11/18/2024 17:44:26 [Information] Stepper Motor Controller Stopwatch Stopped.
11/18/2024 17:44:26 [Information] Stepper Motor Controller Timer Stopped.
11/18/2024 17:44:26 [Information] Stepper Motor Controller Stopwatch Reset.
11/18/2024 17:44:26 [Information] Stepper Motor Controller Enable Y Axis controls after moving to location.
11/18/2024 17:44:26 [Information] Stepper Motor Controller Stopwatch Stopped.
11/18/2024 17:44:26 [Information] Stepper Motor Controller Timer Stopped.
11/18/2024 17:44:26 [Information] Stepper Motor Controller Stopwatch Reset.
11/18/2024 17:44:26 [Information] Stepper Motor Controller Enable Y Axis controls after moving to location.
11/18/2024 17:44:26 [Information] Stepper Motor Controller Stopwatch Stopped.
11/18/2024 17:44:26 [Information] Stepper Motor Controller Timer Stopped.
11/18/2024 17:44:26 [Information] Stepper Motor Controller Stopwatch Reset.
11/18/2024 17:44:26 [Information] Stepper Motor Controller Enable Y Axis controls after moving to location.
11/18/2024 17:44:26 [Information] Stepper Motor Controller Stopwatch Stopped.
11/18/2024 17:44:26 [Information] Stepper Motor Controller Timer Stopped.
11/18/2024 17:44:26 [Information] Stepper Motor Controller Stopwatch Reset.
11/18/2024 17:44:26 [Information] Stepper Motor Controller Enable Y Axis controls after moving to location.
11/18/2024 17:44:26 [Information] Stepper Motor Controller Stopwatch Stopped.
11/18/2024 17:44:26 [Information] Stepper Motor Controller Timer Stopped.
11/18/2024 17:44:26 [Information] Stepper Motor Controller Stopwatch Reset.
11/18/2024 17:44:26 [Information] Stepper Motor Controller Enable Y Axis controls after moving to location.
11/18/2024 17:44:26 [Information] Stepper Motor Controller Stopwatch Stopped.
11/18/2024 17:44:26 [Information] Stepper Motor Controller Timer Stopped.
11/18/2024 17:44:26 [Information] Stepper Motor Controller Stopwatch Reset.
11/18/2024 17:44:26 [Information] Stepper Motor Controller Enable Y Axis controls after moving to location.
11/18/2024 17:44:26 [Information] Stepper Motor Controller Stopwatch Stopped.
11/18/2024 17:44:26 [Information] Stepper Motor Controller Timer Stopped.
11/18/2024 17:44:26 [Information] Stepper Motor Controller Stopwatch Reset.
11/18/2024 17:44:26 [Information] Stepper Motor Controller Enable Y Axis controls after moving to location.
11/18/2024 17:44:26 [Information] Stepper Motor Controller Stopwatch Stopped.
11/18/2024 17:44:26 [Information] Stepper Motor Controller Timer Stopped.
11/18/2024 17:44:26 [Information] Stepper Motor Controller Stopwatch Reset.
11/18/2024 17:44:26 [Information] Stepper Motor Controller Enable Y Axis controls after moving to location.
11/18/2024 17:44:26 [Information] Stepper Motor Controller Stopwatch Stopped.
11/18/2024 17:44:26 [Information] Stepper Motor Controller Timer Stopped.
11/18/2024 17:44:26 [Information] Stepper Motor Controller Stopwatch Reset.
11/18/2024 17:44:26 [Information] Stepper Motor Controller Enable Y Axis controls after moving to location.
11/18/2024 17:44:26 [Information] Stepper Motor Controller Stopwatch Stopped.
11/18/2024 17:44:26 [Information] Stepper Motor Controller Timer Stopped.
11/18/2024 17:44:26 [Information] Stepper Motor Controller Stopwatch Reset.
11/18/2024 17:44:26 [Information] Stepper Motor Controller Enable Y Axis controls after moving to location.
11/18/2024 17:44:26 [Information] Stepper Motor Controller Stopwatch Stopped.
11/18/2024 17:44:26 [Information] Stepper Motor Controller Timer Stopped.
11/18/2024 17:44:26 [Information] Stepper Motor Controller Stopwatch Reset.
11/18/2024 17:44:26 [Information] Stepper Motor Controller Enable Y Axis controls after moving to location.
11/18/2024 17:44:26 [Information] Stepper Motor Controller Stopwatch Stopped.
11/18/2024 17:44:26 [Information] Stepper Motor Controller Timer Stopped.
11/18/2024 17:44:26 [Information] Stepper Motor Controller Stopwatch Reset.
11/18/2024 17:44:26 [Information] Stepper Motor Controller Enable Y Axis controls after moving to location.
11/18/2024 17:44:26 [Information] Stepper Motor Controller Stopwatch Stopped.
11/18/2024 17:44:26 [Information] Stepper Motor Controller Timer Stopped.
11/18/2024 17:44:26 [Information] Stepper Motor Controller Stopwatch Reset.
11/18/2024 17:44:26 [Information] Stepper Motor Controller Enable Y Axis controls after moving to location.
11/18/2024 17:44:26 [Information] Stepper Motor Controller Stopwatch Stopped.
11/18/2024 17:44:26 [Information] Stepper Motor Controller Timer Stopped.
11/18/2024 17:44:26 [Information] Stepper Motor Controller Stopwatch Reset.
11/18/2024 17:44:26 [Information] Stepper Motor Controller Enable Y Axis controls after moving to location.
11/18/2024 17:44:26 [Information] Stepper Motor Controller Stopwatch Stopped.
11/18/2024 17:44:26 [Information] Stepper Motor Controller Timer Stopped.
11/18/2024 17:44:26 [Information] Stepper Motor Controller Stopwatch Reset.
11/18/2024 17:44:26 [Information] Stepper Motor Controller Enable Y Axis controls after moving to location.
11/18/2024 17:44:26 [Information] Stepper Motor Controller Stopwatch Stopped.
11/18/2024 17:44:26 [Information] Stepper Motor Controller Timer Stopped.
11/18/2024 17:44:26 [Information] Stepper Motor Controller Stopwatch Reset.
11/18/2024 17:44:26 [Information] Stepper Motor Controller Enable Y Axis controls after moving to location.
11/18/2024 17:44:26 [Information] Stepper Motor Controller Stopwatch Stopped.
11/18/2024 17:44:26 [Information] Stepper Motor Controller Timer Stopped.
11/18/2024 17:44:26 [Information] Stepper Motor Controller Stopwatch Reset.
11/18/2024 17:44:26 [Information] Stepper Motor Controller Enable Y Axis controls after moving to location.
11/18/2024 17:44:26 [Information] Stepper Motor Controller Stopwatch Stopped.
11/18/2024 17:44:26 [Information] Stepper Motor Controller Timer Stopped.
11/18/2024 17:44:26 [Information] Stepper Motor Controller Stopwatch Reset.
11/18/2024 17:44:26 [Information] Stepper Motor Controller Enable Y Axis controls after moving to location.
11/18/2024 17:44:26 [Information] Stepper Motor Controller Stopwatch Stopped.
11/18/2024 17:44:26 [Information] Stepper Motor Controller Timer Stopped.
11/18/2024 17:44:26 [Information] Stepper Motor Controller Stopwatch Reset.
11/18/2024 17:44:26 [Information] Stepper Motor Controller Enable Y Axis controls after moving to location.
11/18/2024 17:44:26 [Information] Stepper Motor Controller Stopwatch Stopped.
11/18/2024 17:44:26 [Information] Stepper Motor Controller Timer Stopped.
11/18/2024 17:44:26 [Information] Stepper Motor Controller Stopwatch Reset.
11/18/2024 17:44:27 [Information] Stepper Motor Controller Enable Y Axis controls after moving to location.
11/18/2024 17:44:27 [Information] Stepper Motor Controller Stopwatch Stopped.
11/18/2024 17:44:27 [Information] Stepper Motor Controller Timer Stopped.
11/18/2024 17:44:27 [Information] Stepper Motor Controller Stopwatch Reset.
11/18/2024 17:44:27 [Information] Stepper Motor Controller Enable Y Axis controls after moving to location.
11/18/2024 17:44:27 [Information] Stepper Motor Controller Stopwatch Stopped.
11/18/2024 17:44:27 [Information] Stepper Motor Controller Timer Stopped.
11/18/2024 17:44:27 [Information] Stepper Motor Controller Stopwatch Reset.
11/18/2024 17:44:27 [Information] Stepper Motor Controller Enable Y Axis controls after moving to location.
11/18/2024 17:44:27 [Information] Stepper Motor Controller Stopwatch Stopped.
11/18/2024 17:44:27 [Information] Stepper Motor Controller Timer Stopped.
11/18/2024 17:44:27 [Information] Stepper Motor Controller Stopwatch Reset.
11/18/2024 17:44:27 [Information] Stepper Motor Controller Enable Y Axis controls after moving to location.
11/18/2024 17:44:27 [Information] Stepper Motor Controller Stopwatch Stopped.
11/18/2024 17:44:27 [Information] Stepper Motor Controller Timer Stopped.
11/18/2024 17:44:27 [Information] Stepper Motor Controller Stopwatch Reset.
11/18/2024 17:44:27 [Information] Stepper Motor Controller Enable Y Axis controls after moving to location.
11/18/2024 17:44:27 [Information] Stepper Motor Controller Stopwatch Stopped.
11/18/2024 17:44:27 [Information] Stepper Motor Controller Timer Stopped.
11/18/2024 17:44:27 [Information] Stepper Motor Controller Stopwatch Reset.
11/18/2024 17:44:27 [Information] Stepper Motor Controller Enable Y Axis controls after moving to location.
11/18/2024 17:44:27 [Information] Stepper Motor Controller Stopwatch Stopped.
11/18/2024 17:44:27 [Information] Stepper Motor Controller Timer Stopped.
11/18/2024 17:44:27 [Information] Stepper Motor Controller Stopwatch Reset.
11/18/2024 17:44:27 [Information] Stepper Motor Controller Enable Y Axis controls after moving to location.
11/18/2024 17:44:27 [Information] Stepper Motor Controller Stopwatch Stopped.
11/18/2024 17:44:27 [Information] Stepper Motor Controller Timer Stopped.
11/18/2024 17:44:27 [Information] Stepper Motor Controller Stopwatch Reset.
11/18/2024 17:44:27 [Information] Stepper Motor Controller Enable Y Axis controls after moving to location.
11/18/2024 17:44:27 [Information] Stepper Motor Controller Stopwatch Stopped.
11/18/2024 17:44:27 [Information] Stepper Motor Controller Timer Stopped.
11/18/2024 17:44:27 [Information] Stepper Motor Controller Stopwatch Reset.
11/18/2024 17:44:27 [Information] Stepper Motor Controller Enable Y Axis controls after moving to location.
11/18/2024 17:44:27 [Information] Stepper Motor Controller Stopwatch Stopped.
11/18/2024 17:44:27 [Information] Stepper Motor Controller Timer Stopped.
11/18/2024 17:44:27 [Information] Stepper Motor Controller Stopwatch Reset.
11/18/2024 17:44:27 [Information] Stepper Motor Controller Enable Y Axis controls after moving to location.
11/18/2024 17:44:27 [Information] Stepper Motor Controller Stopwatch Stopped.
11/18/2024 17:44:27 [Information] Stepper Motor Controller Timer Stopped.
11/18/2024 17:44:27 [Information] Stepper Motor Controller Stopwatch Reset.
11/18/2024 17:44:27 [Information] Stepper Motor Controller Enable Y Axis controls after moving to location.
11/18/2024 17:44:27 [Information] Stepper Motor Controller Stopwatch Stopped.
11/18/2024 17:44:27 [Information] Stepper Motor Controller Timer Stopped.
11/18/2024 17:44:27 [Information] Stepper Motor Controller Stopwatch Reset.
11/18/2024 17:44:27 [Information] Stepper Motor Controller Enable Y Axis controls after moving to location.
11/18/2024 17:44:27 [Information] Stepper Motor Controller Stopwatch Stopped.
11/18/2024 17:44:27 [Information] Stepper Motor Controller Timer Stopped.
11/18/2024 17:44:27 [Information] Stepper Motor Controller Stopwatch Reset.
11/18/2024 17:44:27 [Information] Stepper Motor Controller Enable Y Axis controls after moving to location.
11/18/2024 17:44:27 [Information] Stepper Motor Controller Stopwatch Stopped.
11/18/2024 17:44:27 [Information] Stepper Motor Controller Timer Stopped.
11/18/2024 17:44:27 [Information] Stepper Motor Controller Stopwatch Reset.
11/18/2024 17:44:27 [Information] Stepper Motor Controller Enable Y Axis controls after moving to location.
11/18/2024 17:44:27 [Information] Stepper Motor Controller Stopwatch Stopped.
11/18/2024 17:44:27 [Information] Stepper Motor Controller Timer Stopped.
11/18/2024 17:44:27 [Information] Stepper Motor Controller Stopwatch Reset.
11/18/2024 17:44:27 [Information] Stepper Motor Controller Enable Y Axis controls after moving to location.
11/18/2024 17:44:27 [Information] Stepper Motor Controller Stopwatch Stopped.
11/18/2024 17:44:27 [Information] Stepper Motor Controller Timer Stopped.
11/18/2024 17:44:27 [Information] Stepper Motor Controller Stopwatch Reset.
11/18/2024 17:44:27 [Information] Stepper Motor Controller Enable Y Axis controls after moving to location.
11/18/2024 17:44:27 [Information] Stepper Motor Controller Stopwatch Stopped.
11/18/2024 17:44:27 [Information] Stepper Motor Controller Timer Stopped.
11/18/2024 17:44:27 [Information] Stepper Motor Controller Stopwatch Reset.
11/18/2024 17:44:27 [Information] Stepper Motor Controller Enable Y Axis controls after moving to location.
11/18/2024 17:44:27 [Information] Stepper Motor Controller Stopwatch Stopped.
11/18/2024 17:44:27 [Information] Stepper Motor Controller Timer Stopped.
11/18/2024 17:44:27 [Information] Stepper Motor Controller Stopwatch Reset.
11/18/2024 17:44:27 [Information] Stepper Motor Controller Enable Y Axis controls after moving to location.
11/18/2024 17:44:27 [Information] Stepper Motor Controller Stopwatch Stopped.
11/18/2024 17:44:27 [Information] Stepper Motor Controller Timer Stopped.
11/18/2024 17:44:27 [Information] Stepper Motor Controller Stopwatch Reset.
11/18/2024 17:44:27 [Information] Stepper Motor Controller Enable Y Axis controls after moving to location.
11/18/2024 17:44:27 [Information] Stepper Motor Controller Stopwatch Stopped.
11/18/2024 17:44:27 [Information] Stepper Motor Controller Timer Stopped.
11/18/2024 17:44:27 [Information] Stepper Motor Controller Stopwatch Reset.
11/18/2024 17:44:27 [Information] Stepper Motor Controller Enable Y Axis controls after moving to location.
11/18/2024 17:44:27 [Information] Stepper Motor Controller Stopwatch Stopped.
11/18/2024 17:44:27 [Information] Stepper Motor Controller Timer Stopped.
11/18/2024 17:44:27 [Information] Stepper Motor Controller Stopwatch Reset.
11/18/2024 17:44:27 [Information] Stepper Motor Controller Enable Y Axis controls after moving to location.
11/18/2024 17:44:27 [Information] Stepper Motor Controller Stopwatch Stopped.
11/18/2024 17:44:27 [Information] Stepper Motor Controller Timer Stopped.
11/18/2024 17:44:27 [Information] Stepper Motor Controller Stopwatch Reset.
11/18/2024 17:44:27 [Information] Stepper Motor Controller Enable Y Axis controls after moving to location.
11/18/2024 17:44:27 [Information] Stepper Motor Controller Stopwatch Stopped.
11/18/2024 17:44:27 [Information] Stepper Motor Controller Timer Stopped.
11/18/2024 17:44:27 [Information] Stepper Motor Controller Stopwatch Reset.
11/18/2024 17:44:27 [Information] Stepper Motor Controller Enable Y Axis controls after moving to location.
11/18/2024 17:44:27 [Information] Stepper Motor Controller Stopwatch Stopped.
11/18/2024 17:44:27 [Information] Stepper Motor Controller Timer Stopped.
11/18/2024 17:44:27 [Information] Stepper Motor Controller Stopwatch Reset.
11/18/2024 17:44:27 [Information] Stepper Motor Controller Enable Y Axis controls after moving to location.
11/18/2024 17:44:27 [Information] Stepper Motor Controller Stopwatch Stopped.
11/18/2024 17:44:27 [Information] Stepper Motor Controller Timer Stopped.
11/18/2024 17:44:27 [Information] Stepper Motor Controller Stopwatch Reset.
11/18/2024 17:44:27 [Information] Stepper Motor Controller Enable Y Axis controls after moving to location.
11/18/2024 17:44:27 [Information] Stepper Motor Controller Stopwatch Stopped.
11/18/2024 17:44:27 [Information] Stepper Motor Controller Timer Stopped.
11/18/2024 17:44:27 [Information] Stepper Motor Controller Stopwatch Reset.
11/18/2024 17:44:27 [Information] Stepper Motor Controller Enable Y Axis controls after moving to location.
11/18/2024 17:44:27 [Information] Stepper Motor Controller Stopwatch Stopped.
11/18/2024 17:44:27 [Information] Stepper Motor Controller Timer Stopped.
11/18/2024 17:44:27 [Information] Stepper Motor Controller Stopwatch Reset.
11/18/2024 17:44:27 [Information] Stepper Motor Controller Enable Y Axis controls after moving to location.
11/18/2024 17:44:27 [Information] Stepper Motor Controller Stopwatch Stopped.
11/18/2024 17:44:27 [Information] Stepper Motor Controller Timer Stopped.
11/18/2024 17:44:27 [Information] Stepper Motor Controller Stopwatch Reset.
11/18/2024 17:44:27 [Information] Stepper Motor Controller Enable Y Axis controls after moving to location.
11/18/2024 17:44:27 [Information] Stepper Motor Controller Stopwatch Stopped.
11/18/2024 17:44:27 [Information] Stepper Motor Controller Timer Stopped.
11/18/2024 17:44:27 [Information] Stepper Motor Controller Stopwatch Reset.
11/18/2024 17:44:28 [Information] Stepper Motor Controller Enable Y Axis controls after moving to location.
11/18/2024 17:44:28 [Information] Stepper Motor Controller Stopwatch Stopped.
11/18/2024 17:44:28 [Information] Stepper Motor Controller Timer Stopped.
11/18/2024 17:44:28 [Information] Stepper Motor Controller Stopwatch Reset.
11/18/2024 17:44:28 [Information] Stepper Motor Controller Enable Y Axis controls after moving to location.
11/18/2024 17:44:28 [Information] Stepper Motor Controller Stopwatch Stopped.
11/18/2024 17:44:28 [Information] Stepper Motor Controller Timer Stopped.
11/18/2024 17:44:28 [Information] Stepper Motor Controller Stopwatch Reset.
11/18/2024 17:44:28 [Information] Stepper Motor Controller Enable Y Axis controls after moving to location.
11/18/2024 17:44:28 [Information] Stepper Motor Controller Stopwatch Stopped.
11/18/2024 17:44:28 [Information] Stepper Motor Controller Timer Stopped.
11/18/2024 17:44:28 [Information] Stepper Motor Controller Stopwatch Reset.
11/18/2024 17:44:28 [Information] Stepper Motor Controller Enable Y Axis controls after moving to location.
11/18/2024 17:44:28 [Information] Stepper Motor Controller Stopwatch Stopped.
11/18/2024 17:44:28 [Information] Stepper Motor Controller Timer Stopped.
11/18/2024 17:44:28 [Information] Stepper Motor Controller Stopwatch Reset.
11/18/2024 17:44:28 [Information] Stepper Motor Controller Enable Y Axis controls after moving to location.
11/18/2024 17:44:28 [Information] Stepper Motor Controller Stopwatch Stopped.
11/18/2024 17:44:28 [Information] Stepper Motor Controller Timer Stopped.
11/18/2024 17:44:28 [Information] Stepper Motor Controller Stopwatch Reset.
11/18/2024 17:44:28 [Information] Stepper Motor Controller Enable Y Axis controls after moving to location.
11/18/2024 17:44:28 [Information] Stepper Motor Controller Stopwatch Stopped.
11/18/2024 17:44:28 [Information] Stepper Motor Controller Timer Stopped.
11/18/2024 17:44:28 [Information] Stepper Motor Controller Stopwatch Reset.
11/18/2024 17:44:28 [Information] Stepper Motor Controller Enable Y Axis controls after moving to location.
11/18/2024 17:44:28 [Information] Stepper Motor Controller Stopwatch Stopped.
11/18/2024 17:44:28 [Information] Stepper Motor Controller Timer Stopped.
11/18/2024 17:44:28 [Information] Stepper Motor Controller Stopwatch Reset.
11/18/2024 17:44:28 [Information] Stepper Motor Controller Enable Y Axis controls after moving to location.
11/18/2024 17:44:28 [Information] Stepper Motor Controller Stopwatch Stopped.
11/18/2024 17:44:28 [Information] Stepper Motor Controller Timer Stopped.
11/18/2024 17:44:28 [Information] Stepper Motor Controller Stopwatch Reset.
11/18/2024 17:44:28 [Information] Stepper Motor Controller Enable Y Axis controls after moving to location.
11/18/2024 17:44:28 [Information] Stepper Motor Controller Stopwatch Stopped.
11/18/2024 17:44:28 [Information] Stepper Motor Controller Timer Stopped.
11/18/2024 17:44:28 [Information] Stepper Motor Controller Stopwatch Reset.
11/18/2024 17:44:28 [Information] Stepper Motor Controller Enable Y Axis controls after moving to location.
11/18/2024 17:44:28 [Information] Stepper Motor Controller Stopwatch Stopped.
11/18/2024 17:44:28 [Information] Stepper Motor Controller Timer Stopped.
11/18/2024 17:44:28 [Information] Stepper Motor Controller Stopwatch Reset.
11/18/2024 17:44:28 [Information] Stepper Motor Controller Enable Y Axis controls after moving to location.
11/18/2024 17:44:28 [Information] Stepper Motor Controller Stopwatch Stopped.
11/18/2024 17:44:28 [Information] Stepper Motor Controller Timer Stopped.
11/18/2024 17:44:28 [Information] Stepper Motor Controller Stopwatch Reset.
11/18/2024 17:44:28 [Information] Stepper Motor Controller Enable Y Axis controls after moving to location.
11/18/2024 17:44:28 [Information] Stepper Motor Controller Stopwatch Stopped.
11/18/2024 17:44:28 [Information] Stepper Motor Controller Timer Stopped.
11/18/2024 17:44:28 [Information] Stepper Motor Controller Stopwatch Reset.
11/18/2024 17:44:28 [Information] Stepper Motor Controller Enable Y Axis controls after moving to location.
11/18/2024 17:44:28 [Information] Stepper Motor Controller Stopwatch Stopped.
11/18/2024 17:44:28 [Information] Stepper Motor Controller Timer Stopped.
11/18/2024 17:44:28 [Information] Stepper Motor Controller Stopwatch Reset.
11/18/2024 17:44:28 [Information] Stepper Motor Controller Enable Y Axis controls after moving to location.
11/18/2024 17:44:28 [Information] Stepper Motor Controller Stopwatch Stopped.
11/18/2024 17:44:28 [Information] Stepper Motor Controller Timer Stopped.
11/18/2024 17:44:28 [Information] Stepper Motor Controller Stopwatch Reset.
11/18/2024 17:44:28 [Information] Stepper Motor Controller Enable Y Axis controls after moving to location.
11/18/2024 17:44:28 [Information] Stepper Motor Controller Stopwatch Stopped.
11/18/2024 17:44:28 [Information] Stepper Motor Controller Timer Stopped.
11/18/2024 17:44:28 [Information] Stepper Motor Controller Stopwatch Reset.
11/18/2024 17:44:28 [Information] Stepper Motor Controller Enable Y Axis controls after moving to location.
11/18/2024 17:44:28 [Information] Stepper Motor Controller Stopwatch Stopped.
11/18/2024 17:44:28 [Information] Stepper Motor Controller Timer Stopped.
11/18/2024 17:44:28 [Information] Stepper Motor Controller Stopwatch Reset.
11/18/2024 17:44:28 [Information] Stepper Motor Controller Enable Y Axis controls after moving to location.
11/18/2024 17:44:28 [Information] Stepper Motor Controller Stopwatch Stopped.
11/18/2024 17:44:28 [Information] Stepper Motor Controller Timer Stopped.
11/18/2024 17:44:28 [Information] Stepper Motor Controller Stopwatch Reset.
11/18/2024 17:44:28 [Information] Stepper Motor Controller Enable Y Axis controls after moving to location.
11/18/2024 17:44:28 [Information] Stepper Motor Controller Stopwatch Stopped.
11/18/2024 17:44:28 [Information] Stepper Motor Controller Timer Stopped.
11/18/2024 17:44:28 [Information] Stepper Motor Controller Stopwatch Reset.
11/18/2024 17:44:28 [Information] Stepper Motor Controller Enable Y Axis controls after moving to location.
11/18/2024 17:44:28 [Information] Stepper Motor Controller Stopwatch Stopped.
11/18/2024 17:44:28 [Information] Stepper Motor Controller Timer Stopped.
11/18/2024 17:44:28 [Information] Stepper Motor Controller Stopwatch Reset.
11/18/2024 17:44:28 [Information] Stepper Motor Controller Enable Y Axis controls after moving to location.
11/18/2024 17:44:28 [Information] Stepper Motor Controller Stopwatch Stopped.
11/18/2024 17:44:28 [Information] Stepper Motor Controller Timer Stopped.
11/18/2024 17:44:28 [Information] Stepper Motor Controller Stopwatch Reset.
11/18/2024 17:44:28 [Information] Stepper Motor Controller Enable Y Axis controls after moving to location.
11/18/2024 17:44:28 [Information] Stepper Motor Controller Stopwatch Stopped.
11/18/2024 17:44:28 [Information] Stepper Motor Controller Timer Stopped.
11/18/2024 17:44:28 [Information] Stepper Motor Controller Stopwatch Reset.
11/18/2024 17:44:28 [Information] Stepper Motor Controller Enable Y Axis controls after moving to location.
11/18/2024 17:44:28 [Information] Stepper Motor Controller Stopwatch Stopped.
11/18/2024 17:44:28 [Information] Stepper Motor Controller Timer Stopped.
11/18/2024 17:44:28 [Information] Stepper Motor Controller Stopwatch Reset.
11/18/2024 17:44:28 [Information] Stepper Motor Controller Enable Y Axis controls after moving to location.
11/18/2024 17:44:28 [Information] Stepper Motor Controller Stopwatch Stopped.
11/18/2024 17:44:28 [Information] Stepper Motor Controller Timer Stopped.
11/18/2024 17:44:28 [Information] Stepper Motor Controller Stopwatch Reset.
11/18/2024 17:44:28 [Information] Stepper Motor Controller Enable Y Axis controls after moving to location.
11/18/2024 17:44:28 [Information] Stepper Motor Controller Stopwatch Stopped.
11/18/2024 17:44:28 [Information] Stepper Motor Controller Timer Stopped.
11/18/2024 17:44:28 [Information] Stepper Motor Controller Stopwatch Reset.
11/18/2024 17:44:28 [Information] Stepper Motor Controller Enable Y Axis controls after moving to location.
11/18/2024 17:44:28 [Information] Stepper Motor Controller Stopwatch Stopped.
11/18/2024 17:44:28 [Information] Stepper Motor Controller Timer Stopped.
11/18/2024 17:44:28 [Information] Stepper Motor Controller Stopwatch Reset.
11/18/2024 17:44:28 [Information] Stepper Motor Controller Enable Y Axis controls after moving to location.
11/18/2024 17:44:28 [Information] Stepper Motor Controller Stopwatch Stopped.
11/18/2024 17:44:28 [Information] Stepper Motor Controller Timer Stopped.
11/18/2024 17:44:28 [Information] Stepper Motor Controller Stopwatch Reset.
11/18/2024 17:44:28 [Information] Stepper Motor Controller Enable Y Axis controls after moving to location.
11/18/2024 17:44:28 [Information] Stepper Motor Controller Stopwatch Stopped.
11/18/2024 17:44:28 [Information] Stepper Motor Controller Timer Stopped.
11/18/2024 17:44:28 [Information] Stepper Motor Controller Stopwatch Reset.
11/18/2024 17:44:28 [Information] Stepper Motor Controller Enable Y Axis controls after moving to location.
11/18/2024 17:44:28 [Information] Stepper Motor Controller Stopwatch Stopped.
11/18/2024 17:44:28 [Information] Stepper Motor Controller Timer Stopped.
11/18/2024 17:44:28 [Information] Stepper Motor Controller Stopwatch Reset.
11/18/2024 17:44:29 [Information] Stepper Motor Controller Enable Y Axis controls after moving to location.
11/18/2024 17:44:29 [Information] Stepper Motor Controller Stopwatch Stopped.
11/18/2024 17:44:29 [Information] Stepper Motor Controller Timer Stopped.
11/18/2024 17:44:29 [Information] Stepper Motor Controller Stopwatch Reset.
11/18/2024 17:44:29 [Information] Stepper Motor Controller Enable Y Axis controls after moving to location.
11/18/2024 17:44:29 [Information] Stepper Motor Controller Stopwatch Stopped.
11/18/2024 17:44:29 [Information] Stepper Motor Controller Timer Stopped.
11/18/2024 17:44:29 [Information] Stepper Motor Controller Stopwatch Reset.
11/18/2024 17:44:29 [Information] Stepper Motor Controller Enable Y Axis controls after moving to location.
11/18/2024 17:44:29 [Information] Stepper Motor Controller Stopwatch Stopped.
11/18/2024 17:44:29 [Information] Stepper Motor Controller Timer Stopped.
11/18/2024 17:44:29 [Information] Stepper Motor Controller Stopwatch Reset.
11/18/2024 17:44:29 [Information] Stepper Motor Controller Enable Y Axis controls after moving to location.
11/18/2024 17:44:29 [Information] Stepper Motor Controller Stopwatch Stopped.
11/18/2024 17:44:29 [Information] Stepper Motor Controller Timer Stopped.
11/18/2024 17:44:29 [Information] Stepper Motor Controller Stopwatch Reset.
11/18/2024 17:44:29 [Information] Stepper Motor Controller Enable Y Axis controls after moving to location.
11/18/2024 17:44:29 [Information] Stepper Motor Controller Stopwatch Stopped.
11/18/2024 17:44:29 [Information] Stepper Motor Controller Timer Stopped.
11/18/2024 17:44:29 [Information] Stepper Motor Controller Stopwatch Reset.
11/18/2024 17:44:29 [Information] Stepper Motor Controller Enable Y Axis controls after moving to location.
11/18/2024 17:44:29 [Information] Stepper Motor Controller Stopwatch Stopped.
11/18/2024 17:44:29 [Information] Stepper Motor Controller Timer Stopped.
11/18/2024 17:44:29 [Information] Stepper Motor Controller Stopwatch Reset.
11/18/2024 17:44:29 [Information] Stepper Motor Controller Enable Y Axis controls after moving to location.
11/18/2024 17:44:29 [Information] Stepper Motor Controller Stopwatch Stopped.
11/18/2024 17:44:29 [Information] Stepper Motor Controller Timer Stopped.
11/18/2024 17:44:29 [Information] Stepper Motor Controller Stopwatch Reset.
11/18/2024 17:44:29 [Information] Stepper Motor Controller Enable Y Axis controls after moving to location.
11/18/2024 17:44:29 [Information] Stepper Motor Controller Stopwatch Stopped.
11/18/2024 17:44:29 [Information] Stepper Motor Controller Timer Stopped.
11/18/2024 17:44:29 [Information] Stepper Motor Controller Stopwatch Reset.
11/18/2024 17:44:29 [Information] Stepper Motor Controller Enable Y Axis controls after moving to location.
11/18/2024 17:44:29 [Information] Stepper Motor Controller Stopwatch Stopped.
11/18/2024 17:44:29 [Information] Stepper Motor Controller Timer Stopped.
11/18/2024 17:44:29 [Information] Stepper Motor Controller Stopwatch Reset.
11/18/2024 17:44:29 [Information] Stepper Motor Controller Enable Y Axis controls after moving to location.
11/18/2024 17:44:29 [Information] Stepper Motor Controller Stopwatch Stopped.
11/18/2024 17:44:29 [Information] Stepper Motor Controller Timer Stopped.
11/18/2024 17:44:29 [Information] Stepper Motor Controller Stopwatch Reset.
11/18/2024 17:44:29 [Information] Stepper Motor Controller Enable Y Axis controls after moving to location.
11/18/2024 17:44:29 [Information] Stepper Motor Controller Stopwatch Stopped.
11/18/2024 17:44:29 [Information] Stepper Motor Controller Timer Stopped.
11/18/2024 17:44:29 [Information] Stepper Motor Controller Stopwatch Reset.
11/18/2024 17:44:29 [Information] Stepper Motor Controller Enable Y Axis controls after moving to location.
11/18/2024 17:44:29 [Information] Stepper Motor Controller Stopwatch Stopped.
11/18/2024 17:44:29 [Information] Stepper Motor Controller Timer Stopped.
11/18/2024 17:44:29 [Information] Stepper Motor Controller Stopwatch Reset.
11/18/2024 17:44:29 [Information] Stepper Motor Controller Enable Y Axis controls after moving to location.
11/18/2024 17:44:29 [Information] Stepper Motor Controller Stopwatch Stopped.
11/18/2024 17:44:29 [Information] Stepper Motor Controller Timer Stopped.
11/18/2024 17:44:29 [Information] Stepper Motor Controller Stopwatch Reset.
11/18/2024 17:44:29 [Information] Stepper Motor Controller Enable Y Axis controls after moving to location.
11/18/2024 17:44:29 [Information] Stepper Motor Controller Stopwatch Stopped.
11/18/2024 17:44:29 [Information] Stepper Motor Controller Timer Stopped.
11/18/2024 17:44:29 [Information] Stepper Motor Controller Stopwatch Reset.
11/18/2024 17:44:29 [Information] Stepper Motor Controller Enable Y Axis controls after moving to location.
11/18/2024 17:44:29 [Information] Stepper Motor Controller Stopwatch Stopped.
11/18/2024 17:44:29 [Information] Stepper Motor Controller Timer Stopped.
11/18/2024 17:44:29 [Information] Stepper Motor Controller Stopwatch Reset.
11/18/2024 17:44:29 [Information] Stepper Motor Controller Enable Y Axis controls after moving to location.
11/18/2024 17:44:29 [Information] Stepper Motor Controller Stopwatch Stopped.
11/18/2024 17:44:29 [Information] Stepper Motor Controller Timer Stopped.
11/18/2024 17:44:29 [Information] Stepper Motor Controller Stopwatch Reset.
11/18/2024 17:44:29 [Information] Stepper Motor Controller Enable Y Axis controls after moving to location.
11/18/2024 17:44:29 [Information] Stepper Motor Controller Stopwatch Stopped.
11/18/2024 17:44:29 [Information] Stepper Motor Controller Timer Stopped.
11/18/2024 17:44:29 [Information] Stepper Motor Controller Stopwatch Reset.
11/18/2024 17:44:29 [Information] Stepper Motor Controller Enable Y Axis controls after moving to location.
11/18/2024 17:44:29 [Information] Stepper Motor Controller Stopwatch Stopped.
11/18/2024 17:44:29 [Information] Stepper Motor Controller Timer Stopped.
11/18/2024 17:44:29 [Information] Stepper Motor Controller Stopwatch Reset.
11/18/2024 17:44:29 [Information] Stepper Motor Controller Enable Y Axis controls after moving to location.
11/18/2024 17:44:29 [Information] Stepper Motor Controller Stopwatch Stopped.
11/18/2024 17:44:29 [Information] Stepper Motor Controller Timer Stopped.
11/18/2024 17:44:29 [Information] Stepper Motor Controller Stopwatch Reset.
11/18/2024 17:44:29 [Information] Stepper Motor Controller Enable Y Axis controls after moving to location.
11/18/2024 17:44:29 [Information] Stepper Motor Controller Stopwatch Stopped.
11/18/2024 17:44:29 [Information] Stepper Motor Controller Timer Stopped.
11/18/2024 17:44:29 [Information] Stepper Motor Controller Stopwatch Reset.
11/18/2024 17:44:29 [Information] Stepper Motor Controller Enable Y Axis controls after moving to location.
11/18/2024 17:44:29 [Information] Stepper Motor Controller Stopwatch Stopped.
11/18/2024 17:44:29 [Information] Stepper Motor Controller Timer Stopped.
11/18/2024 17:44:29 [Information] Stepper Motor Controller Stopwatch Reset.
11/18/2024 17:44:29 [Information] Stepper Motor Controller Enable Y Axis controls after moving to location.
11/18/2024 17:44:29 [Information] Stepper Motor Controller Stopwatch Stopped.
11/18/2024 17:44:29 [Information] Stepper Motor Controller Timer Stopped.
11/18/2024 17:44:29 [Information] Stepper Motor Controller Stopwatch Reset.
11/18/2024 17:44:29 [Information] Stepper Motor Controller Enable Y Axis controls after moving to location.
11/18/2024 17:44:29 [Information] Stepper Motor Controller Stopwatch Stopped.
11/18/2024 17:44:29 [Information] Stepper Motor Controller Timer Stopped.
11/18/2024 17:44:29 [Information] Stepper Motor Controller Stopwatch Reset.
11/18/2024 17:44:29 [Information] Stepper Motor Controller Enable Y Axis controls after moving to location.
11/18/2024 17:44:29 [Information] Stepper Motor Controller Stopwatch Stopped.
11/18/2024 17:44:29 [Information] Stepper Motor Controller Timer Stopped.
11/18/2024 17:44:29 [Information] Stepper Motor Controller Stopwatch Reset.
11/18/2024 17:44:29 [Information] Stepper Motor Controller Enable Y Axis controls after moving to location.
11/18/2024 17:44:29 [Information] Stepper Motor Controller Stopwatch Stopped.
11/18/2024 17:44:29 [Information] Stepper Motor Controller Timer Stopped.
11/18/2024 17:44:29 [Information] Stepper Motor Controller Stopwatch Reset.
11/18/2024 17:44:29 [Information] Stepper Motor Controller Enable Y Axis controls after moving to location.
11/18/2024 17:44:29 [Information] Stepper Motor Controller Stopwatch Stopped.
11/18/2024 17:44:29 [Information] Stepper Motor Controller Timer Stopped.
11/18/2024 17:44:29 [Information] Stepper Motor Controller Stopwatch Reset.
11/18/2024 17:44:29 [Information] Stepper Motor Controller Enable Y Axis controls after moving to location.
11/18/2024 17:44:29 [Information] Stepper Motor Controller Stopwatch Stopped.
11/18/2024 17:44:29 [Information] Stepper Motor Controller Timer Stopped.
11/18/2024 17:44:29 [Information] Stepper Motor Controller Stopwatch Reset.
11/18/2024 17:44:30 [Information] Stepper Motor Controller Enable Y Axis controls after moving to location.
11/18/2024 17:44:30 [Information] Stepper Motor Controller Stopwatch Stopped.
11/18/2024 17:44:30 [Information] Stepper Motor Controller Timer Stopped.
11/18/2024 17:44:30 [Information] Stepper Motor Controller Stopwatch Reset.
11/18/2024 17:44:30 [Information] Stepper Motor Controller Enable Y Axis controls after moving to location.
11/18/2024 17:44:30 [Information] Stepper Motor Controller Stopwatch Stopped.
11/18/2024 17:44:30 [Information] Stepper Motor Controller Timer Stopped.
11/18/2024 17:44:30 [Information] Stepper Motor Controller Stopwatch Reset.
11/18/2024 17:44:30 [Information] Stepper Motor Controller Enable Y Axis controls after moving to location.
11/18/2024 17:44:30 [Information] Stepper Motor Controller Stopwatch Stopped.
11/18/2024 17:44:30 [Information] Stepper Motor Controller Timer Stopped.
11/18/2024 17:44:30 [Information] Stepper Motor Controller Stopwatch Reset.
11/18/2024 17:44:30 [Information] Stepper Motor Controller Enable Y Axis controls after moving to location.
11/18/2024 17:44:30 [Information] Stepper Motor Controller Stopwatch Stopped.
11/18/2024 17:44:30 [Information] Stepper Motor Controller Timer Stopped.
11/18/2024 17:44:30 [Information] Stepper Motor Controller Stopwatch Reset.
11/18/2024 17:44:30 [Information] Stepper Motor Controller Enable Y Axis controls after moving to location.
11/18/2024 17:44:30 [Information] Stepper Motor Controller Stopwatch Stopped.
11/18/2024 17:44:30 [Information] Stepper Motor Controller Timer Stopped.
11/18/2024 17:44:30 [Information] Stepper Motor Controller Stopwatch Reset.
11/18/2024 17:44:30 [Information] Stepper Motor Controller Enable Y Axis controls after moving to location.
11/18/2024 17:44:30 [Information] Stepper Motor Controller Stopwatch Stopped.
11/18/2024 17:44:30 [Information] Stepper Motor Controller Timer Stopped.
11/18/2024 17:44:30 [Information] Stepper Motor Controller Stopwatch Reset.
11/18/2024 17:44:30 [Information] Stepper Motor Controller Enable Y Axis controls after moving to location.
11/18/2024 17:44:30 [Information] Stepper Motor Controller Stopwatch Stopped.
11/18/2024 17:44:30 [Information] Stepper Motor Controller Timer Stopped.
11/18/2024 17:44:30 [Information] Stepper Motor Controller Stopwatch Reset.
11/18/2024 17:44:30 [Information] Stepper Motor Controller Enable Y Axis controls after moving to location.
11/18/2024 17:44:30 [Information] Stepper Motor Controller Stopwatch Stopped.
11/18/2024 17:44:30 [Information] Stepper Motor Controller Timer Stopped.
11/18/2024 17:44:30 [Information] Stepper Motor Controller Stopwatch Reset.
11/18/2024 17:44:30 [Information] Stepper Motor Controller Enable Y Axis controls after moving to location.
11/18/2024 17:44:30 [Information] Stepper Motor Controller Stopwatch Stopped.
11/18/2024 17:44:30 [Information] Stepper Motor Controller Timer Stopped.
11/18/2024 17:44:30 [Information] Stepper Motor Controller Stopwatch Reset.
11/18/2024 17:44:30 [Information] Stepper Motor Controller Enable Y Axis controls after moving to location.
11/18/2024 17:44:30 [Information] Stepper Motor Controller Stopwatch Stopped.
11/18/2024 17:44:30 [Information] Stepper Motor Controller Timer Stopped.
11/18/2024 17:44:30 [Information] Stepper Motor Controller Stopwatch Reset.
11/18/2024 17:44:30 [Information] Stepper Motor Controller Enable Y Axis controls after moving to location.
11/18/2024 17:44:30 [Information] Stepper Motor Controller Stopwatch Stopped.
11/18/2024 17:44:30 [Information] Stepper Motor Controller Timer Stopped.
11/18/2024 17:44:30 [Information] Stepper Motor Controller Stopwatch Reset.
11/18/2024 17:44:30 [Information] Stepper Motor Controller Enable Y Axis controls after moving to location.
11/18/2024 17:44:30 [Information] Stepper Motor Controller Stopwatch Stopped.
11/18/2024 17:44:30 [Information] Stepper Motor Controller Timer Stopped.
11/18/2024 17:44:30 [Information] Stepper Motor Controller Stopwatch Reset.
11/18/2024 17:44:30 [Information] Stepper Motor Controller Enable Y Axis controls after moving to location.
11/18/2024 17:44:30 [Information] Stepper Motor Controller Stopwatch Stopped.
11/18/2024 17:44:30 [Information] Stepper Motor Controller Timer Stopped.
11/18/2024 17:44:30 [Information] Stepper Motor Controller Stopwatch Reset.
11/18/2024 17:44:30 [Information] Stepper Motor Controller Enable Y Axis controls after moving to location.
11/18/2024 17:44:30 [Information] Stepper Motor Controller Stopwatch Stopped.
11/18/2024 17:44:30 [Information] Stepper Motor Controller Timer Stopped.
11/18/2024 17:44:30 [Information] Stepper Motor Controller Stopwatch Reset.
11/18/2024 17:44:30 [Information] Stepper Motor Controller Enable Y Axis controls after moving to location.
11/18/2024 17:44:30 [Information] Stepper Motor Controller Stopwatch Stopped.
11/18/2024 17:44:30 [Information] Stepper Motor Controller Timer Stopped.
11/18/2024 17:44:30 [Information] Stepper Motor Controller Stopwatch Reset.
11/18/2024 17:44:30 [Information] Stepper Motor Controller Enable Y Axis controls after moving to location.
11/18/2024 17:44:30 [Information] Stepper Motor Controller Stopwatch Stopped.
11/18/2024 17:44:30 [Information] Stepper Motor Controller Timer Stopped.
11/18/2024 17:44:30 [Information] Stepper Motor Controller Stopwatch Reset.
11/18/2024 17:44:30 [Information] Stepper Motor Controller Enable Y Axis controls after moving to location.
11/18/2024 17:44:30 [Information] Stepper Motor Controller Stopwatch Stopped.
11/18/2024 17:44:30 [Information] Stepper Motor Controller Timer Stopped.
11/18/2024 17:44:30 [Information] Stepper Motor Controller Stopwatch Reset.
11/18/2024 17:44:30 [Information] Stepper Motor Controller Enable Y Axis controls after moving to location.
11/18/2024 17:44:30 [Information] Stepper Motor Controller Stopwatch Stopped.
11/18/2024 17:44:30 [Information] Stepper Motor Controller Timer Stopped.
11/18/2024 17:44:30 [Information] Stepper Motor Controller Stopwatch Reset.
11/18/2024 17:44:30 [Information] Stepper Motor Controller Enable Y Axis controls after moving to location.
11/18/2024 17:44:30 [Information] Stepper Motor Controller Stopwatch Stopped.
11/18/2024 17:44:30 [Information] Stepper Motor Controller Timer Stopped.
11/18/2024 17:44:30 [Information] Stepper Motor Controller Stopwatch Reset.
11/18/2024 17:44:30 [Information] Stepper Motor Controller Enable Y Axis controls after moving to location.
11/18/2024 17:44:30 [Information] Stepper Motor Controller Stopwatch Stopped.
11/18/2024 17:44:30 [Information] Stepper Motor Controller Timer Stopped.
11/18/2024 17:44:30 [Information] Stepper Motor Controller Stopwatch Reset.
11/18/2024 17:44:30 [Information] Stepper Motor Controller Enable Y Axis controls after moving to location.
11/18/2024 17:44:30 [Information] Stepper Motor Controller Stopwatch Stopped.
11/18/2024 17:44:30 [Information] Stepper Motor Controller Timer Stopped.
11/18/2024 17:44:30 [Information] Stepper Motor Controller Stopwatch Reset.
11/18/2024 17:44:30 [Information] Stepper Motor Controller Enable Y Axis controls after moving to location.
11/18/2024 17:44:30 [Information] Stepper Motor Controller Stopwatch Stopped.
11/18/2024 17:44:30 [Information] Stepper Motor Controller Timer Stopped.
11/18/2024 17:44:30 [Information] Stepper Motor Controller Stopwatch Reset.
11/18/2024 17:44:30 [Information] Stepper Motor Controller Enable Y Axis controls after moving to location.
11/18/2024 17:44:30 [Information] Stepper Motor Controller Stopwatch Stopped.
11/18/2024 17:44:30 [Information] Stepper Motor Controller Timer Stopped.
11/18/2024 17:44:30 [Information] Stepper Motor Controller Stopwatch Reset.
11/18/2024 17:44:31 [Information] Stepper Motor Controller Enable Y Axis controls after moving to location.
11/18/2024 17:44:31 [Information] Stepper Motor Controller Stopwatch Stopped.
11/18/2024 17:44:31 [Information] Stepper Motor Controller Timer Stopped.
11/18/2024 17:44:31 [Information] Stepper Motor Controller Stopwatch Reset.
11/18/2024 17:44:31 [Information] Stepper Motor Controller Enable Y Axis controls after moving to location.
11/18/2024 17:44:31 [Information] Stepper Motor Controller Stopwatch Stopped.
11/18/2024 17:44:31 [Information] Stepper Motor Controller Timer Stopped.
11/18/2024 17:44:31 [Information] Stepper Motor Controller Stopwatch Reset.
11/18/2024 17:44:31 [Information] Stepper Motor Controller Enable Y Axis controls after moving to location.
11/18/2024 17:44:31 [Information] Stepper Motor Controller Stopwatch Stopped.
11/18/2024 17:44:31 [Information] Stepper Motor Controller Timer Stopped.
11/18/2024 17:44:31 [Information] Stepper Motor Controller Stopwatch Reset.
11/18/2024 17:44:31 [Information] Stepper Motor Controller Enable Y Axis controls after moving to location.
11/18/2024 17:44:31 [Information] Stepper Motor Controller Stopwatch Stopped.
11/18/2024 17:44:31 [Information] Stepper Motor Controller Timer Stopped.
11/18/2024 17:44:31 [Information] Stepper Motor Controller Stopwatch Reset.
11/18/2024 17:44:31 [Information] Stepper Motor Controller Enable Y Axis controls after moving to location.
11/18/2024 17:44:31 [Information] Stepper Motor Controller Stopwatch Stopped.
11/18/2024 17:44:31 [Information] Stepper Motor Controller Timer Stopped.
11/18/2024 17:44:31 [Information] Stepper Motor Controller Stopwatch Reset.
11/18/2024 17:44:31 [Information] Stepper Motor Controller Enable Y Axis controls after moving to location.
11/18/2024 17:44:31 [Information] Stepper Motor Controller Stopwatch Stopped.
11/18/2024 17:44:31 [Information] Stepper Motor Controller Timer Stopped.
11/18/2024 17:44:31 [Information] Stepper Motor Controller Stopwatch Reset.
11/18/2024 17:44:31 [Information] Stepper Motor Controller Enable Y Axis controls after moving to location.
11/18/2024 17:44:31 [Information] Stepper Motor Controller Stopwatch Stopped.
11/18/2024 17:44:31 [Information] Stepper Motor Controller Timer Stopped.
11/18/2024 17:44:31 [Information] Stepper Motor Controller Stopwatch Reset.
11/18/2024 17:44:31 [Information] Stepper Motor Controller Enable Y Axis controls after moving to location.
11/18/2024 17:44:31 [Information] Stepper Motor Controller Stopwatch Stopped.
11/18/2024 17:44:31 [Information] Stepper Motor Controller Timer Stopped.
11/18/2024 17:44:31 [Information] Stepper Motor Controller Stopwatch Reset.
11/18/2024 17:44:31 [Information] Stepper Motor Controller Enable Y Axis controls after moving to location.
11/18/2024 17:44:31 [Information] Stepper Motor Controller Stopwatch Stopped.
11/18/2024 17:44:31 [Information] Stepper Motor Controller Timer Stopped.
11/18/2024 17:44:31 [Information] Stepper Motor Controller Stopwatch Reset.
11/18/2024 17:44:31 [Information] Stepper Motor Controller Enable Y Axis controls after moving to location.
11/18/2024 17:44:31 [Information] Stepper Motor Controller Stopwatch Stopped.
11/18/2024 17:44:31 [Information] Stepper Motor Controller Timer Stopped.
11/18/2024 17:44:31 [Information] Stepper Motor Controller Stopwatch Reset.
11/18/2024 17:44:31 [Information] Stepper Motor Controller Enable Y Axis controls after moving to location.
11/18/2024 17:44:31 [Information] Stepper Motor Controller Stopwatch Stopped.
11/18/2024 17:44:31 [Information] Stepper Motor Controller Timer Stopped.
11/18/2024 17:44:31 [Information] Stepper Motor Controller Stopwatch Reset.
11/18/2024 17:44:31 [Information] Stepper Motor Controller Enable Y Axis controls after moving to location.
11/18/2024 17:44:31 [Information] Stepper Motor Controller Stopwatch Stopped.
11/18/2024 17:44:31 [Information] Stepper Motor Controller Timer Stopped.
11/18/2024 17:44:31 [Information] Stepper Motor Controller Stopwatch Reset.
11/18/2024 17:44:31 [Information] Stepper Motor Controller Enable Y Axis controls after moving to location.
11/18/2024 17:44:31 [Information] Stepper Motor Controller Stopwatch Stopped.
11/18/2024 17:44:31 [Information] Stepper Motor Controller Timer Stopped.
11/18/2024 17:44:31 [Information] Stepper Motor Controller Stopwatch Reset.
11/18/2024 17:44:31 [Information] Stepper Motor Controller Enable Y Axis controls after moving to location.
11/18/2024 17:44:31 [Information] Stepper Motor Controller Stopwatch Stopped.
11/18/2024 17:44:31 [Information] Stepper Motor Controller Timer Stopped.
11/18/2024 17:44:31 [Information] Stepper Motor Controller Stopwatch Reset.
11/18/2024 17:44:31 [Information] Stepper Motor Controller Enable Y Axis controls after moving to location.
11/18/2024 17:44:31 [Information] Stepper Motor Controller Stopwatch Stopped.
11/18/2024 17:44:31 [Information] Stepper Motor Controller Timer Stopped.
11/18/2024 17:44:31 [Information] Stepper Motor Controller Stopwatch Reset.
11/18/2024 17:44:31 [Information] Stepper Motor Controller Enable Y Axis controls after moving to location.
11/18/2024 17:44:31 [Information] Stepper Motor Controller Stopwatch Stopped.
11/18/2024 17:44:31 [Information] Stepper Motor Controller Timer Stopped.
11/18/2024 17:44:31 [Information] Stepper Motor Controller Stopwatch Reset.
11/18/2024 17:44:31 [Information] Stepper Motor Controller Enable Y Axis controls after moving to location.
11/18/2024 17:44:31 [Information] Stepper Motor Controller Stopwatch Stopped.
11/18/2024 17:44:31 [Information] Stepper Motor Controller Timer Stopped.
11/18/2024 17:44:31 [Information] Stepper Motor Controller Stopwatch Reset.
11/18/2024 17:44:31 [Information] Stepper Motor Controller Enable Y Axis controls after moving to location.
11/18/2024 17:44:31 [Information] Stepper Motor Controller Stopwatch Stopped.
11/18/2024 17:44:31 [Information] Stepper Motor Controller Timer Stopped.
11/18/2024 17:44:31 [Information] Stepper Motor Controller Stopwatch Reset.
11/18/2024 17:44:31 [Information] Stepper Motor Controller Enable Y Axis controls after moving to location.
11/18/2024 17:44:31 [Information] Stepper Motor Controller Stopwatch Stopped.
11/18/2024 17:44:31 [Information] Stepper Motor Controller Timer Stopped.
11/18/2024 17:44:31 [Information] Stepper Motor Controller Stopwatch Reset.
11/18/2024 17:44:31 [Information] Stepper Motor Controller Enable Y Axis controls after moving to location.
11/18/2024 17:44:31 [Information] Stepper Motor Controller Stopwatch Stopped.
11/18/2024 17:44:31 [Information] Stepper Motor Controller Timer Stopped.
11/18/2024 17:44:31 [Information] Stepper Motor Controller Stopwatch Reset.
11/18/2024 17:44:31 [Information] Stepper Motor Controller Enable Y Axis controls after moving to location.
11/18/2024 17:44:31 [Information] Stepper Motor Controller Stopwatch Stopped.
11/18/2024 17:44:31 [Information] Stepper Motor Controller Timer Stopped.
11/18/2024 17:44:31 [Information] Stepper Motor Controller Stopwatch Reset.
11/18/2024 17:44:31 [Information] Stepper Motor Controller Enable Y Axis controls after moving to location.
11/18/2024 17:44:31 [Information] Stepper Motor Controller Stopwatch Stopped.
11/18/2024 17:44:31 [Information] Stepper Motor Controller Timer Stopped.
11/18/2024 17:44:31 [Information] Stepper Motor Controller Stopwatch Reset.
11/18/2024 17:44:31 [Information] Stepper Motor Controller Enable Y Axis controls after moving to location.
11/18/2024 17:44:31 [Information] Stepper Motor Controller Stopwatch Stopped.
11/18/2024 17:44:31 [Information] Stepper Motor Controller Timer Stopped.
11/18/2024 17:44:31 [Information] Stepper Motor Controller Stopwatch Reset.
11/18/2024 17:44:31 [Information] Stepper Motor Controller Enable Y Axis controls after moving to location.
11/18/2024 17:44:31 [Information] Stepper Motor Controller Stopwatch Stopped.
11/18/2024 17:44:31 [Information] Stepper Motor Controller Timer Stopped.
11/18/2024 17:44:31 [Information] Stepper Motor Controller Stopwatch Reset.
11/18/2024 17:44:31 [Information] Stepper Motor Controller Enable Y Axis controls after moving to location.
11/18/2024 17:44:31 [Information] Stepper Motor Controller Stopwatch Stopped.
11/18/2024 17:44:31 [Information] Stepper Motor Controller Timer Stopped.
11/18/2024 17:44:31 [Information] Stepper Motor Controller Stopwatch Reset.
11/18/2024 17:44:31 [Information] Stepper Motor Controller Enable Y Axis controls after moving to location.
11/18/2024 17:44:31 [Information] Stepper Motor Controller Stopwatch Stopped.
11/18/2024 17:44:31 [Information] Stepper Motor Controller Timer Stopped.
11/18/2024 17:44:31 [Information] Stepper Motor Controller Stopwatch Reset.
11/18/2024 17:44:32 [Information] Stepper Motor Controller Enable Y Axis controls after moving to location.
11/18/2024 17:44:32 [Information] Stepper Motor Controller Stopwatch Stopped.
11/18/2024 17:44:32 [Information] Stepper Motor Controller Timer Stopped.
11/18/2024 17:44:32 [Information] Stepper Motor Controller Stopwatch Reset.
11/18/2024 17:44:32 [Information] Stepper Motor Controller Enable Y Axis controls after moving to location.
11/18/2024 17:44:32 [Information] Stepper Motor Controller Stopwatch Stopped.
11/18/2024 17:44:32 [Information] Stepper Motor Controller Timer Stopped.
11/18/2024 17:44:32 [Information] Stepper Motor Controller Stopwatch Reset.
11/18/2024 17:44:32 [Information] Stepper Motor Controller Enable Y Axis controls after moving to location.
11/18/2024 17:44:32 [Information] Stepper Motor Controller Stopwatch Stopped.
11/18/2024 17:44:32 [Information] Stepper Motor Controller Timer Stopped.
11/18/2024 17:44:32 [Information] Stepper Motor Controller Stopwatch Reset.
11/18/2024 17:44:32 [Information] Stepper Motor Controller Enable Y Axis controls after moving to location.
11/18/2024 17:44:32 [Information] Stepper Motor Controller Stopwatch Stopped.
11/18/2024 17:44:32 [Information] Stepper Motor Controller Timer Stopped.
11/18/2024 17:44:32 [Information] Stepper Motor Controller Stopwatch Reset.
11/18/2024 17:44:32 [Information] Stepper Motor Controller Enable Y Axis controls after moving to location.
11/18/2024 17:44:32 [Information] Stepper Motor Controller Stopwatch Stopped.
11/18/2024 17:44:32 [Information] Stepper Motor Controller Timer Stopped.
11/18/2024 17:44:32 [Information] Stepper Motor Controller Stopwatch Reset.
11/18/2024 17:44:32 [Information] Stepper Motor Controller Enable Y Axis controls after moving to location.
11/18/2024 17:44:32 [Information] Stepper Motor Controller Stopwatch Stopped.
11/18/2024 17:44:32 [Information] Stepper Motor Controller Timer Stopped.
11/18/2024 17:44:32 [Information] Stepper Motor Controller Stopwatch Reset.
11/18/2024 17:44:32 [Information] Stepper Motor Controller Enable Y Axis controls after moving to location.
11/18/2024 17:44:32 [Information] Stepper Motor Controller Stopwatch Stopped.
11/18/2024 17:44:32 [Information] Stepper Motor Controller Timer Stopped.
11/18/2024 17:44:32 [Information] Stepper Motor Controller Stopwatch Reset.
11/18/2024 17:44:32 [Information] Stepper Motor Controller Enable Y Axis controls after moving to location.
11/18/2024 17:44:32 [Information] Stepper Motor Controller Stopwatch Stopped.
11/18/2024 17:44:32 [Information] Stepper Motor Controller Timer Stopped.
11/18/2024 17:44:32 [Information] Stepper Motor Controller Stopwatch Reset.
11/18/2024 17:44:32 [Information] Stepper Motor Controller Enable Y Axis controls after moving to location.
11/18/2024 17:44:32 [Information] Stepper Motor Controller Stopwatch Stopped.
11/18/2024 17:44:32 [Information] Stepper Motor Controller Timer Stopped.
11/18/2024 17:44:32 [Information] Stepper Motor Controller Stopwatch Reset.
11/18/2024 17:44:32 [Information] Stepper Motor Controller Enable Y Axis controls after moving to location.
11/18/2024 17:44:32 [Information] Stepper Motor Controller Stopwatch Stopped.
11/18/2024 17:44:32 [Information] Stepper Motor Controller Timer Stopped.
11/18/2024 17:44:32 [Information] Stepper Motor Controller Stopwatch Reset.
11/18/2024 17:44:32 [Information] Stepper Motor Controller Enable Y Axis controls after moving to location.
11/18/2024 17:44:32 [Information] Stepper Motor Controller Stopwatch Stopped.
11/18/2024 17:44:32 [Information] Stepper Motor Controller Timer Stopped.
11/18/2024 17:44:32 [Information] Stepper Motor Controller Stopwatch Reset.
11/18/2024 17:44:32 [Information] Stepper Motor Controller Enable Y Axis controls after moving to location.
11/18/2024 17:44:32 [Information] Stepper Motor Controller Stopwatch Stopped.
11/18/2024 17:44:32 [Information] Stepper Motor Controller Timer Stopped.
11/18/2024 17:44:32 [Information] Stepper Motor Controller Stopwatch Reset.
11/18/2024 17:44:32 [Information] Stepper Motor Controller Enable Y Axis controls after moving to location.
11/18/2024 17:44:32 [Information] Stepper Motor Controller Stopwatch Stopped.
11/18/2024 17:44:32 [Information] Stepper Motor Controller Timer Stopped.
11/18/2024 17:44:32 [Information] Stepper Motor Controller Stopwatch Reset.
11/18/2024 17:44:32 [Information] Stepper Motor Controller Enable Y Axis controls after moving to location.
11/18/2024 17:44:32 [Information] Stepper Motor Controller Stopwatch Stopped.
11/18/2024 17:44:32 [Information] Stepper Motor Controller Timer Stopped.
11/18/2024 17:44:32 [Information] Stepper Motor Controller Stopwatch Reset.
11/18/2024 17:44:32 [Information] Stepper Motor Controller Enable Y Axis controls after moving to location.
11/18/2024 17:44:32 [Information] Stepper Motor Controller Stopwatch Stopped.
11/18/2024 17:44:32 [Information] Stepper Motor Controller Timer Stopped.
11/18/2024 17:44:32 [Information] Stepper Motor Controller Stopwatch Reset.
11/18/2024 17:44:32 [Information] Stepper Motor Controller Enable Y Axis controls after moving to location.
11/18/2024 17:44:32 [Information] Stepper Motor Controller Stopwatch Stopped.
11/18/2024 17:44:32 [Information] Stepper Motor Controller Timer Stopped.
11/18/2024 17:44:32 [Information] Stepper Motor Controller Stopwatch Reset.
11/18/2024 17:44:32 [Information] Stepper Motor Controller Enable Y Axis controls after moving to location.
11/18/2024 17:44:32 [Information] Stepper Motor Controller Stopwatch Stopped.
11/18/2024 17:44:32 [Information] Stepper Motor Controller Timer Stopped.
11/18/2024 17:44:32 [Information] Stepper Motor Controller Stopwatch Reset.
11/18/2024 17:44:32 [Information] Stepper Motor Controller Enable Y Axis controls after moving to location.
11/18/2024 17:44:32 [Information] Stepper Motor Controller Stopwatch Stopped.
11/18/2024 17:44:32 [Information] Stepper Motor Controller Timer Stopped.
11/18/2024 17:44:32 [Information] Stepper Motor Controller Stopwatch Reset.
11/18/2024 17:44:32 [Information] Stepper Motor Controller Enable Y Axis controls after moving to location.
11/18/2024 17:44:32 [Information] Stepper Motor Controller Stopwatch Stopped.
11/18/2024 17:44:32 [Information] Stepper Motor Controller Timer Stopped.
11/18/2024 17:44:32 [Information] Stepper Motor Controller Stopwatch Reset.
11/18/2024 17:44:32 [Information] Stepper Motor Controller Enable Y Axis controls after moving to location.
11/18/2024 17:44:32 [Information] Stepper Motor Controller Stopwatch Stopped.
11/18/2024 17:44:32 [Information] Stepper Motor Controller Timer Stopped.
11/18/2024 17:44:32 [Information] Stepper Motor Controller Stopwatch Reset.
11/18/2024 17:44:32 [Information] Stepper Motor Controller Enable Y Axis controls after moving to location.
11/18/2024 17:44:32 [Information] Stepper Motor Controller Stopwatch Stopped.
11/18/2024 17:44:32 [Information] Stepper Motor Controller Timer Stopped.
11/18/2024 17:44:32 [Information] Stepper Motor Controller Stopwatch Reset.
11/18/2024 17:44:32 [Information] Stepper Motor Controller Enable Y Axis controls after moving to location.
11/18/2024 17:44:32 [Information] Stepper Motor Controller Stopwatch Stopped.
11/18/2024 17:44:32 [Information] Stepper Motor Controller Timer Stopped.
11/18/2024 17:44:32 [Information] Stepper Motor Controller Stopwatch Reset.
11/18/2024 17:44:32 [Information] Stepper Motor Controller Enable Y Axis controls after moving to location.
11/18/2024 17:44:32 [Information] Stepper Motor Controller Stopwatch Stopped.
11/18/2024 17:44:32 [Information] Stepper Motor Controller Timer Stopped.
11/18/2024 17:44:32 [Information] Stepper Motor Controller Stopwatch Reset.
11/18/2024 17:44:32 [Information] Stepper Motor Controller Enable Y Axis controls after moving to location.
11/18/2024 17:44:32 [Information] Stepper Motor Controller Stopwatch Stopped.
11/18/2024 17:44:32 [Information] Stepper Motor Controller Timer Stopped.
11/18/2024 17:44:32 [Information] Stepper Motor Controller Stopwatch Reset.
11/18/2024 17:44:33 [Information] Stepper Motor Controller Enable Y Axis controls after moving to location.
11/18/2024 17:44:33 [Information] Stepper Motor Controller Stopwatch Stopped.
11/18/2024 17:44:33 [Information] Stepper Motor Controller Timer Stopped.
11/18/2024 17:44:33 [Information] Stepper Motor Controller Stopwatch Reset.
11/18/2024 17:44:33 [Information] Stepper Motor Controller Enable Y Axis controls after moving to location.
11/18/2024 17:44:33 [Information] Stepper Motor Controller Stopwatch Stopped.
11/18/2024 17:44:33 [Information] Stepper Motor Controller Timer Stopped.
11/18/2024 17:44:33 [Information] Stepper Motor Controller Stopwatch Reset.
11/18/2024 17:44:33 [Information] Stepper Motor Controller Enable Y Axis controls after moving to location.
11/18/2024 17:44:33 [Information] Stepper Motor Controller Stopwatch Stopped.
11/18/2024 17:44:33 [Information] Stepper Motor Controller Timer Stopped.
11/18/2024 17:44:33 [Information] Stepper Motor Controller Stopwatch Reset.
11/18/2024 17:44:33 [Information] Stepper Motor Controller Enable Y Axis controls after moving to location.
11/18/2024 17:44:33 [Information] Stepper Motor Controller Stopwatch Stopped.
11/18/2024 17:44:33 [Information] Stepper Motor Controller Timer Stopped.
11/18/2024 17:44:33 [Information] Stepper Motor Controller Stopwatch Reset.
11/18/2024 17:44:33 [Information] Stepper Motor Controller Enable Y Axis controls after moving to location.
11/18/2024 17:44:33 [Information] Stepper Motor Controller Stopwatch Stopped.
11/18/2024 17:44:33 [Information] Stepper Motor Controller Timer Stopped.
11/18/2024 17:44:33 [Information] Stepper Motor Controller Stopwatch Reset.
11/18/2024 17:44:33 [Information] Stepper Motor Controller Enable Y Axis controls after moving to location.
11/18/2024 17:44:33 [Information] Stepper Motor Controller Stopwatch Stopped.
11/18/2024 17:44:33 [Information] Stepper Motor Controller Timer Stopped.
11/18/2024 17:44:33 [Information] Stepper Motor Controller Stopwatch Reset.
11/18/2024 17:44:33 [Information] Stepper Motor Controller Enable Y Axis controls after moving to location.
11/18/2024 17:44:33 [Information] Stepper Motor Controller Stopwatch Stopped.
11/18/2024 17:44:33 [Information] Stepper Motor Controller Timer Stopped.
11/18/2024 17:44:33 [Information] Stepper Motor Controller Stopwatch Reset.
11/18/2024 17:44:33 [Information] Stepper Motor Controller Enable Y Axis controls after moving to location.
11/18/2024 17:44:33 [Information] Stepper Motor Controller Stopwatch Stopped.
11/18/2024 17:44:33 [Information] Stepper Motor Controller Timer Stopped.
11/18/2024 17:44:33 [Information] Stepper Motor Controller Stopwatch Reset.
11/18/2024 17:44:33 [Information] Stepper Motor Controller Enable Y Axis controls after moving to location.
11/18/2024 17:44:33 [Information] Stepper Motor Controller Stopwatch Stopped.
11/18/2024 17:44:33 [Information] Stepper Motor Controller Timer Stopped.
11/18/2024 17:44:33 [Information] Stepper Motor Controller Stopwatch Reset.
11/18/2024 17:44:33 [Information] Stepper Motor Controller Enable Y Axis controls after moving to location.
11/18/2024 17:44:33 [Information] Stepper Motor Controller Stopwatch Stopped.
11/18/2024 17:44:33 [Information] Stepper Motor Controller Timer Stopped.
11/18/2024 17:44:33 [Information] Stepper Motor Controller Stopwatch Reset.
11/18/2024 17:44:33 [Information] Stepper Motor Controller Enable Y Axis controls after moving to location.
11/18/2024 17:44:33 [Information] Stepper Motor Controller Stopwatch Stopped.
11/18/2024 17:44:33 [Information] Stepper Motor Controller Timer Stopped.
11/18/2024 17:44:33 [Information] Stepper Motor Controller Stopwatch Reset.
11/18/2024 17:44:33 [Information] Stepper Motor Controller Enable Y Axis controls after moving to location.
11/18/2024 17:44:33 [Information] Stepper Motor Controller Stopwatch Stopped.
11/18/2024 17:44:33 [Information] Stepper Motor Controller Timer Stopped.
11/18/2024 17:44:33 [Information] Stepper Motor Controller Stopwatch Reset.
11/18/2024 17:44:33 [Information] Stepper Motor Controller Enable Y Axis controls after moving to location.
11/18/2024 17:44:33 [Information] Stepper Motor Controller Stopwatch Stopped.
11/18/2024 17:44:33 [Information] Stepper Motor Controller Timer Stopped.
11/18/2024 17:44:33 [Information] Stepper Motor Controller Stopwatch Reset.
11/18/2024 17:44:33 [Information] Stepper Motor Controller Enable Y Axis controls after moving to location.
11/18/2024 17:44:33 [Information] Stepper Motor Controller Stopwatch Stopped.
11/18/2024 17:44:33 [Information] Stepper Motor Controller Timer Stopped.
11/18/2024 17:44:33 [Information] Stepper Motor Controller Stopwatch Reset.
11/18/2024 17:44:33 [Information] Stepper Motor Controller Enable Y Axis controls after moving to location.
11/18/2024 17:44:33 [Information] Stepper Motor Controller Stopwatch Stopped.
11/18/2024 17:44:33 [Information] Stepper Motor Controller Timer Stopped.
11/18/2024 17:44:33 [Information] Stepper Motor Controller Stopwatch Reset.
11/18/2024 17:44:33 [Information] Stepper Motor Controller Enable Y Axis controls after moving to location.
11/18/2024 17:44:33 [Information] Stepper Motor Controller Stopwatch Stopped.
11/18/2024 17:44:33 [Information] Stepper Motor Controller Timer Stopped.
11/18/2024 17:44:33 [Information] Stepper Motor Controller Stopwatch Reset.
11/18/2024 17:44:33 [Information] Stepper Motor Controller Enable Y Axis controls after moving to location.
11/18/2024 17:44:33 [Information] Stepper Motor Controller Stopwatch Stopped.
11/18/2024 17:44:33 [Information] Stepper Motor Controller Timer Stopped.
11/18/2024 17:44:33 [Information] Stepper Motor Controller Stopwatch Reset.
11/18/2024 17:44:33 [Information] Stepper Motor Controller Enable Y Axis controls after moving to location.
11/18/2024 17:44:33 [Information] Stepper Motor Controller Stopwatch Stopped.
11/18/2024 17:44:33 [Information] Stepper Motor Controller Timer Stopped.
11/18/2024 17:44:33 [Information] Stepper Motor Controller Stopwatch Reset.
11/18/2024 17:44:33 [Information] Stepper Motor Controller Enable Y Axis controls after moving to location.
11/18/2024 17:44:33 [Information] Stepper Motor Controller Stopwatch Stopped.
11/18/2024 17:44:33 [Information] Stepper Motor Controller Timer Stopped.
11/18/2024 17:44:33 [Information] Stepper Motor Controller Stopwatch Reset.
11/18/2024 17:44:33 [Information] Stepper Motor Controller Enable Y Axis controls after moving to location.
11/18/2024 17:44:33 [Information] Stepper Motor Controller Stopwatch Stopped.
11/18/2024 17:44:33 [Information] Stepper Motor Controller Timer Stopped.
11/18/2024 17:44:33 [Information] Stepper Motor Controller Stopwatch Reset.
11/18/2024 17:44:33 [Information] Stepper Motor Controller Enable Y Axis controls after moving to location.
11/18/2024 17:44:33 [Information] Stepper Motor Controller Stopwatch Stopped.
11/18/2024 17:44:33 [Information] Stepper Motor Controller Timer Stopped.
11/18/2024 17:44:33 [Information] Stepper Motor Controller Stopwatch Reset.
11/18/2024 17:44:33 [Information] Stepper Motor Controller Enable Y Axis controls after moving to location.
11/18/2024 17:44:33 [Information] Stepper Motor Controller Stopwatch Stopped.
11/18/2024 17:44:33 [Information] Stepper Motor Controller Timer Stopped.
11/18/2024 17:44:33 [Information] Stepper Motor Controller Stopwatch Reset.
11/18/2024 17:44:33 [Information] Stepper Motor Controller Enable Y Axis controls after moving to location.
11/18/2024 17:44:33 [Information] Stepper Motor Controller Stopwatch Stopped.
11/18/2024 17:44:33 [Information] Stepper Motor Controller Timer Stopped.
11/18/2024 17:44:33 [Information] Stepper Motor Controller Stopwatch Reset.
11/18/2024 17:44:33 [Information] Stepper Motor Controller Enable Y Axis controls after moving to location.
11/18/2024 17:44:33 [Information] Stepper Motor Controller Stopwatch Stopped.
11/18/2024 17:44:33 [Information] Stepper Motor Controller Timer Stopped.
11/18/2024 17:44:33 [Information] Stepper Motor Controller Stopwatch Reset.
11/18/2024 17:44:33 [Information] Stepper Motor Controller Enable Y Axis controls after moving to location.
11/18/2024 17:44:33 [Information] Stepper Motor Controller Stopwatch Stopped.
11/18/2024 17:44:33 [Information] Stepper Motor Controller Timer Stopped.
11/18/2024 17:44:33 [Information] Stepper Motor Controller Stopwatch Reset.
11/18/2024 17:44:33 [Information] Stepper Motor Controller Enable Y Axis controls after moving to location.
11/18/2024 17:44:33 [Information] Stepper Motor Controller Stopwatch Stopped.
11/18/2024 17:44:33 [Information] Stepper Motor Controller Timer Stopped.
11/18/2024 17:44:33 [Information] Stepper Motor Controller Stopwatch Reset.
11/18/2024 17:44:34 [Information] Stepper Motor Controller Enable Y Axis controls after moving to location.
11/18/2024 17:44:34 [Information] Stepper Motor Controller Stopwatch Stopped.
11/18/2024 17:44:34 [Information] Stepper Motor Controller Timer Stopped.
11/18/2024 17:44:34 [Information] Stepper Motor Controller Stopwatch Reset.
11/18/2024 17:44:34 [Information] Stepper Motor Controller Enable Y Axis controls after moving to location.
11/18/2024 17:44:34 [Information] Stepper Motor Controller Stopwatch Stopped.
11/18/2024 17:44:34 [Information] Stepper Motor Controller Timer Stopped.
11/18/2024 17:44:34 [Information] Stepper Motor Controller Stopwatch Reset.
11/18/2024 17:44:34 [Information] Stepper Motor Controller Enable Y Axis controls after moving to location.
11/18/2024 17:44:34 [Information] Stepper Motor Controller Stopwatch Stopped.
11/18/2024 17:44:34 [Information] Stepper Motor Controller Timer Stopped.
11/18/2024 17:44:34 [Information] Stepper Motor Controller Stopwatch Reset.
11/18/2024 17:44:34 [Information] Stepper Motor Controller Enable Y Axis controls after moving to location.
11/18/2024 17:44:34 [Information] Stepper Motor Controller Stopwatch Stopped.
11/18/2024 17:44:34 [Information] Stepper Motor Controller Timer Stopped.
11/18/2024 17:44:34 [Information] Stepper Motor Controller Stopwatch Reset.
11/18/2024 17:44:34 [Information] Stepper Motor Controller Enable Y Axis controls after moving to location.
11/18/2024 17:44:34 [Information] Stepper Motor Controller Stopwatch Stopped.
11/18/2024 17:44:34 [Information] Stepper Motor Controller Timer Stopped.
11/18/2024 17:44:34 [Information] Stepper Motor Controller Stopwatch Reset.
11/18/2024 17:44:34 [Information] Stepper Motor Controller Enable Y Axis controls after moving to location.
11/18/2024 17:44:34 [Information] Stepper Motor Controller Stopwatch Stopped.
11/18/2024 17:44:34 [Information] Stepper Motor Controller Timer Stopped.
11/18/2024 17:44:34 [Information] Stepper Motor Controller Stopwatch Reset.
11/18/2024 17:44:34 [Information] Stepper Motor Controller Enable Y Axis controls after moving to location.
11/18/2024 17:44:34 [Information] Stepper Motor Controller Stopwatch Stopped.
11/18/2024 17:44:34 [Information] Stepper Motor Controller Timer Stopped.
11/18/2024 17:44:34 [Information] Stepper Motor Controller Stopwatch Reset.
11/18/2024 17:44:34 [Information] Stepper Motor Controller Enable Y Axis controls after moving to location.
11/18/2024 17:44:34 [Information] Stepper Motor Controller Stopwatch Stopped.
11/18/2024 17:44:34 [Information] Stepper Motor Controller Timer Stopped.
11/18/2024 17:44:34 [Information] Stepper Motor Controller Stopwatch Reset.
11/18/2024 17:44:34 [Information] Stepper Motor Controller Enable Y Axis controls after moving to location.
11/18/2024 17:44:34 [Information] Stepper Motor Controller Stopwatch Stopped.
11/18/2024 17:44:34 [Information] Stepper Motor Controller Timer Stopped.
11/18/2024 17:44:34 [Information] Stepper Motor Controller Stopwatch Reset.
11/18/2024 17:44:34 [Information] Stepper Motor Controller Enable Y Axis controls after moving to location.
11/18/2024 17:44:34 [Information] Stepper Motor Controller Stopwatch Stopped.
11/18/2024 17:44:34 [Information] Stepper Motor Controller Timer Stopped.
11/18/2024 17:44:34 [Information] Stepper Motor Controller Stopwatch Reset.
11/18/2024 17:44:34 [Information] Stepper Motor Controller Enable Y Axis controls after moving to location.
11/18/2024 17:44:34 [Information] Stepper Motor Controller Stopwatch Stopped.
11/18/2024 17:44:34 [Information] Stepper Motor Controller Timer Stopped.
11/18/2024 17:44:34 [Information] Stepper Motor Controller Stopwatch Reset.
11/18/2024 17:44:34 [Information] Stepper Motor Controller Enable Y Axis controls after moving to location.
11/18/2024 17:44:34 [Information] Stepper Motor Controller Stopwatch Stopped.
11/18/2024 17:44:34 [Information] Stepper Motor Controller Timer Stopped.
11/18/2024 17:44:34 [Information] Stepper Motor Controller Stopwatch Reset.
11/18/2024 17:44:34 [Information] Stepper Motor Controller Enable Y Axis controls after moving to location.
11/18/2024 17:44:34 [Information] Stepper Motor Controller Stopwatch Stopped.
11/18/2024 17:44:34 [Information] Stepper Motor Controller Timer Stopped.
11/18/2024 17:44:34 [Information] Stepper Motor Controller Stopwatch Reset.
11/18/2024 17:44:34 [Information] Stepper Motor Controller Enable Y Axis controls after moving to location.
11/18/2024 17:44:34 [Information] Stepper Motor Controller Stopwatch Stopped.
11/18/2024 17:44:34 [Information] Stepper Motor Controller Timer Stopped.
11/18/2024 17:44:34 [Information] Stepper Motor Controller Stopwatch Reset.
11/18/2024 17:44:34 [Information] Stepper Motor Controller Enable Y Axis controls after moving to location.
11/18/2024 17:44:34 [Information] Stepper Motor Controller Stopwatch Stopped.
11/18/2024 17:44:34 [Information] Stepper Motor Controller Timer Stopped.
11/18/2024 17:44:34 [Information] Stepper Motor Controller Stopwatch Reset.
11/18/2024 17:44:34 [Information] Stepper Motor Controller Enable Y Axis controls after moving to location.
11/18/2024 17:44:34 [Information] Stepper Motor Controller Stopwatch Stopped.
11/18/2024 17:44:34 [Information] Stepper Motor Controller Timer Stopped.
11/18/2024 17:44:34 [Information] Stepper Motor Controller Stopwatch Reset.
11/18/2024 17:44:34 [Information] Stepper Motor Controller Enable Y Axis controls after moving to location.
11/18/2024 17:44:34 [Information] Stepper Motor Controller Stopwatch Stopped.
11/18/2024 17:44:34 [Information] Stepper Motor Controller Timer Stopped.
11/18/2024 17:44:34 [Information] Stepper Motor Controller Stopwatch Reset.
11/18/2024 17:44:34 [Information] Stepper Motor Controller Enable Y Axis controls after moving to location.
11/18/2024 17:44:34 [Information] Stepper Motor Controller Stopwatch Stopped.
11/18/2024 17:44:34 [Information] Stepper Motor Controller Timer Stopped.
11/18/2024 17:44:34 [Information] Stepper Motor Controller Stopwatch Reset.
11/18/2024 17:44:34 [Information] Stepper Motor Controller Enable Y Axis controls after moving to location.
11/18/2024 17:44:34 [Information] Stepper Motor Controller Stopwatch Stopped.
11/18/2024 17:44:34 [Information] Stepper Motor Controller Timer Stopped.
11/18/2024 17:44:34 [Information] Stepper Motor Controller Stopwatch Reset.
11/18/2024 17:44:34 [Information] Stepper Motor Controller Enable Y Axis controls after moving to location.
11/18/2024 17:44:34 [Information] Stepper Motor Controller Stopwatch Stopped.
11/18/2024 17:44:34 [Information] Stepper Motor Controller Timer Stopped.
11/18/2024 17:44:34 [Information] Stepper Motor Controller Stopwatch Reset.
11/18/2024 17:44:34 [Information] Stepper Motor Controller Enable Y Axis controls after moving to location.
11/18/2024 17:44:34 [Information] Stepper Motor Controller Stopwatch Stopped.
11/18/2024 17:44:34 [Information] Stepper Motor Controller Timer Stopped.
11/18/2024 17:44:34 [Information] Stepper Motor Controller Stopwatch Reset.
11/18/2024 17:44:34 [Information] Stepper Motor Controller Enable Y Axis controls after moving to location.
11/18/2024 17:44:34 [Information] Stepper Motor Controller Stopwatch Stopped.
11/18/2024 17:44:34 [Information] Stepper Motor Controller Timer Stopped.
11/18/2024 17:44:34 [Information] Stepper Motor Controller Stopwatch Reset.
11/18/2024 17:44:34 [Information] Stepper Motor Controller Enable Y Axis controls after moving to location.
11/18/2024 17:44:34 [Information] Stepper Motor Controller Stopwatch Stopped.
11/18/2024 17:44:34 [Information] Stepper Motor Controller Timer Stopped.
11/18/2024 17:44:34 [Information] Stepper Motor Controller Stopwatch Reset.
11/18/2024 17:44:34 [Information] Stepper Motor Controller Enable Y Axis controls after moving to location.
11/18/2024 17:44:34 [Information] Stepper Motor Controller Stopwatch Stopped.
11/18/2024 17:44:34 [Information] Stepper Motor Controller Timer Stopped.
11/18/2024 17:44:34 [Information] Stepper Motor Controller Stopwatch Reset.
11/18/2024 17:44:34 [Information] Stepper Motor Controller Enable Y Axis controls after moving to location.
11/18/2024 17:44:34 [Information] Stepper Motor Controller Stopwatch Stopped.
11/18/2024 17:44:34 [Information] Stepper Motor Controller Timer Stopped.
11/18/2024 17:44:34 [Information] Stepper Motor Controller Stopwatch Reset.
11/18/2024 17:44:34 [Information] Stepper Motor Controller Enable Y Axis controls after moving to location.
11/18/2024 17:44:34 [Information] Stepper Motor Controller Stopwatch Stopped.
11/18/2024 17:44:34 [Information] Stepper Motor Controller Timer Stopped.
11/18/2024 17:44:34 [Information] Stepper Motor Controller Stopwatch Reset.
11/18/2024 17:44:34 [Information] Stepper Motor Controller Enable Y Axis controls after moving to location.
11/18/2024 17:44:34 [Information] Stepper Motor Controller Stopwatch Stopped.
11/18/2024 17:44:34 [Information] Stepper Motor Controller Timer Stopped.
11/18/2024 17:44:34 [Information] Stepper Motor Controller Stopwatch Reset.
11/18/2024 17:44:35 [Information] Stepper Motor Controller Enable Y Axis controls after moving to location.
11/18/2024 17:44:35 [Information] Stepper Motor Controller Stopwatch Stopped.
11/18/2024 17:44:35 [Information] Stepper Motor Controller Timer Stopped.
11/18/2024 17:44:35 [Information] Stepper Motor Controller Stopwatch Reset.
11/18/2024 17:44:35 [Information] Stepper Motor Controller Enable Y Axis controls after moving to location.
11/18/2024 17:44:35 [Information] Stepper Motor Controller Stopwatch Stopped.
11/18/2024 17:44:35 [Information] Stepper Motor Controller Timer Stopped.
11/18/2024 17:44:35 [Information] Stepper Motor Controller Stopwatch Reset.
11/18/2024 17:44:35 [Information] Stepper Motor Controller Enable Y Axis controls after moving to location.
11/18/2024 17:44:35 [Information] Stepper Motor Controller Stopwatch Stopped.
11/18/2024 17:44:35 [Information] Stepper Motor Controller Timer Stopped.
11/18/2024 17:44:35 [Information] Stepper Motor Controller Stopwatch Reset.
11/18/2024 17:44:35 [Information] Stepper Motor Controller Enable Y Axis controls after moving to location.
11/18/2024 17:44:35 [Information] Stepper Motor Controller Stopwatch Stopped.
11/18/2024 17:44:35 [Information] Stepper Motor Controller Timer Stopped.
11/18/2024 17:44:35 [Information] Stepper Motor Controller Stopwatch Reset.
11/18/2024 17:44:35 [Information] Stepper Motor Controller Enable Y Axis controls after moving to location.
11/18/2024 17:44:35 [Information] Stepper Motor Controller Stopwatch Stopped.
11/18/2024 17:44:35 [Information] Stepper Motor Controller Timer Stopped.
11/18/2024 17:44:35 [Information] Stepper Motor Controller Stopwatch Reset.
11/18/2024 17:44:35 [Information] Stepper Motor Controller Enable Y Axis controls after moving to location.
11/18/2024 17:44:35 [Information] Stepper Motor Controller Stopwatch Stopped.
11/18/2024 17:44:35 [Information] Stepper Motor Controller Timer Stopped.
11/18/2024 17:44:35 [Information] Stepper Motor Controller Stopwatch Reset.
11/18/2024 17:44:35 [Information] Stepper Motor Controller Enable Y Axis controls after moving to location.
11/18/2024 17:44:35 [Information] Stepper Motor Controller Stopwatch Stopped.
11/18/2024 17:44:35 [Information] Stepper Motor Controller Timer Stopped.
11/18/2024 17:44:35 [Information] Stepper Motor Controller Stopwatch Reset.
11/18/2024 17:44:35 [Information] Stepper Motor Controller Enable Y Axis controls after moving to location.
11/18/2024 17:44:35 [Information] Stepper Motor Controller Stopwatch Stopped.
11/18/2024 17:44:35 [Information] Stepper Motor Controller Timer Stopped.
11/18/2024 17:44:35 [Information] Stepper Motor Controller Stopwatch Reset.
11/18/2024 17:44:35 [Information] Stepper Motor Controller Enable Y Axis controls after moving to location.
11/18/2024 17:44:35 [Information] Stepper Motor Controller Stopwatch Stopped.
11/18/2024 17:44:35 [Information] Stepper Motor Controller Timer Stopped.
11/18/2024 17:44:35 [Information] Stepper Motor Controller Stopwatch Reset.
11/18/2024 17:44:35 [Information] Stepper Motor Controller Enable Y Axis controls after moving to location.
11/18/2024 17:44:35 [Information] Stepper Motor Controller Stopwatch Stopped.
11/18/2024 17:44:35 [Information] Stepper Motor Controller Timer Stopped.
11/18/2024 17:44:35 [Information] Stepper Motor Controller Stopwatch Reset.
11/18/2024 17:44:35 [Information] Stepper Motor Controller Enable Y Axis controls after moving to location.
11/18/2024 17:44:35 [Information] Stepper Motor Controller Stopwatch Stopped.
11/18/2024 17:44:35 [Information] Stepper Motor Controller Timer Stopped.
11/18/2024 17:44:35 [Information] Stepper Motor Controller Stopwatch Reset.
11/18/2024 17:44:35 [Information] Stepper Motor Controller Enable Y Axis controls after moving to location.
11/18/2024 17:44:35 [Information] Stepper Motor Controller Stopwatch Stopped.
11/18/2024 17:44:35 [Information] Stepper Motor Controller Timer Stopped.
11/18/2024 17:44:35 [Information] Stepper Motor Controller Stopwatch Reset.
11/18/2024 17:44:35 [Information] Stepper Motor Controller Enable Y Axis controls after moving to location.
11/18/2024 17:44:35 [Information] Stepper Motor Controller Stopwatch Stopped.
11/18/2024 17:44:35 [Information] Stepper Motor Controller Timer Stopped.
11/18/2024 17:44:35 [Information] Stepper Motor Controller Stopwatch Reset.
11/18/2024 17:44:35 [Information] Stepper Motor Controller Enable Y Axis controls after moving to location.
11/18/2024 17:44:35 [Information] Stepper Motor Controller Stopwatch Stopped.
11/18/2024 17:44:35 [Information] Stepper Motor Controller Timer Stopped.
11/18/2024 17:44:35 [Information] Stepper Motor Controller Stopwatch Reset.
11/18/2024 17:44:35 [Information] Stepper Motor Controller Enable Y Axis controls after moving to location.
11/18/2024 17:44:35 [Information] Stepper Motor Controller Stopwatch Stopped.
11/18/2024 17:44:35 [Information] Stepper Motor Controller Timer Stopped.
11/18/2024 17:44:35 [Information] Stepper Motor Controller Stopwatch Reset.
11/18/2024 17:44:35 [Information] Stepper Motor Controller Enable Y Axis controls after moving to location.
11/18/2024 17:44:35 [Information] Stepper Motor Controller Stopwatch Stopped.
11/18/2024 17:44:35 [Information] Stepper Motor Controller Timer Stopped.
11/18/2024 17:44:35 [Information] Stepper Motor Controller Stopwatch Reset.
11/18/2024 17:44:35 [Information] Stepper Motor Controller Enable Y Axis controls after moving to location.
11/18/2024 17:44:35 [Information] Stepper Motor Controller Stopwatch Stopped.
11/18/2024 17:44:35 [Information] Stepper Motor Controller Timer Stopped.
11/18/2024 17:44:35 [Information] Stepper Motor Controller Stopwatch Reset.
11/18/2024 17:44:35 [Information] Stepper Motor Controller Enable Y Axis controls after moving to location.
11/18/2024 17:44:35 [Information] Stepper Motor Controller Stopwatch Stopped.
11/18/2024 17:44:35 [Information] Stepper Motor Controller Timer Stopped.
11/18/2024 17:44:35 [Information] Stepper Motor Controller Stopwatch Reset.
11/18/2024 17:44:35 [Information] Stepper Motor Controller Enable Y Axis controls after moving to location.
11/18/2024 17:44:35 [Information] Stepper Motor Controller Stopwatch Stopped.
11/18/2024 17:44:35 [Information] Stepper Motor Controller Timer Stopped.
11/18/2024 17:44:35 [Information] Stepper Motor Controller Stopwatch Reset.
11/18/2024 17:44:35 [Information] Stepper Motor Controller Enable Y Axis controls after moving to location.
11/18/2024 17:44:35 [Information] Stepper Motor Controller Stopwatch Stopped.
11/18/2024 17:44:35 [Information] Stepper Motor Controller Timer Stopped.
11/18/2024 17:44:35 [Information] Stepper Motor Controller Stopwatch Reset.
11/18/2024 17:44:35 [Information] Stepper Motor Controller Enable Y Axis controls after moving to location.
11/18/2024 17:44:35 [Information] Stepper Motor Controller Stopwatch Stopped.
11/18/2024 17:44:35 [Information] Stepper Motor Controller Timer Stopped.
11/18/2024 17:44:35 [Information] Stepper Motor Controller Stopwatch Reset.
11/18/2024 17:44:35 [Information] Stepper Motor Controller Enable Y Axis controls after moving to location.
11/18/2024 17:44:35 [Information] Stepper Motor Controller Stopwatch Stopped.
11/18/2024 17:44:35 [Information] Stepper Motor Controller Timer Stopped.
11/18/2024 17:44:35 [Information] Stepper Motor Controller Stopwatch Reset.
11/18/2024 17:44:35 [Information] Stepper Motor Controller Enable Y Axis controls after moving to location.
11/18/2024 17:44:35 [Information] Stepper Motor Controller Stopwatch Stopped.
11/18/2024 17:44:35 [Information] Stepper Motor Controller Timer Stopped.
11/18/2024 17:44:35 [Information] Stepper Motor Controller Stopwatch Reset.
11/18/2024 17:44:35 [Information] Stepper Motor Controller Enable Y Axis controls after moving to location.
11/18/2024 17:44:35 [Information] Stepper Motor Controller Stopwatch Stopped.
11/18/2024 17:44:35 [Information] Stepper Motor Controller Timer Stopped.
11/18/2024 17:44:35 [Information] Stepper Motor Controller Stopwatch Reset.
11/18/2024 17:44:35 [Information] Stepper Motor Controller Enable Y Axis controls after moving to location.
11/18/2024 17:44:35 [Information] Stepper Motor Controller Stopwatch Stopped.
11/18/2024 17:44:35 [Information] Stepper Motor Controller Timer Stopped.
11/18/2024 17:44:35 [Information] Stepper Motor Controller Stopwatch Reset.
11/18/2024 17:44:36 [Information] Stepper Motor Controller Enable Y Axis controls after moving to location.
11/18/2024 17:44:36 [Information] Stepper Motor Controller Stopwatch Stopped.
11/18/2024 17:44:36 [Information] Stepper Motor Controller Timer Stopped.
11/18/2024 17:44:36 [Information] Stepper Motor Controller Stopwatch Reset.
11/18/2024 17:44:36 [Information] Stepper Motor Controller Enable Y Axis controls after moving to location.
11/18/2024 17:44:36 [Information] Stepper Motor Controller Stopwatch Stopped.
11/18/2024 17:44:36 [Information] Stepper Motor Controller Timer Stopped.
11/18/2024 17:44:36 [Information] Stepper Motor Controller Stopwatch Reset.
11/18/2024 17:44:36 [Information] Stepper Motor Controller Enable Y Axis controls after moving to location.
11/18/2024 17:44:36 [Information] Stepper Motor Controller Stopwatch Stopped.
11/18/2024 17:44:36 [Information] Stepper Motor Controller Timer Stopped.
11/18/2024 17:44:36 [Information] Stepper Motor Controller Stopwatch Reset.
11/18/2024 17:44:36 [Information] Stepper Motor Controller Enable Y Axis controls after moving to location.
11/18/2024 17:44:36 [Information] Stepper Motor Controller Stopwatch Stopped.
11/18/2024 17:44:36 [Information] Stepper Motor Controller Timer Stopped.
11/18/2024 17:44:36 [Information] Stepper Motor Controller Stopwatch Reset.
11/18/2024 17:44:36 [Information] Stepper Motor Controller Enable Y Axis controls after moving to location.
11/18/2024 17:44:36 [Information] Stepper Motor Controller Stopwatch Stopped.
11/18/2024 17:44:36 [Information] Stepper Motor Controller Timer Stopped.
11/18/2024 17:44:36 [Information] Stepper Motor Controller Stopwatch Reset.
11/18/2024 17:44:36 [Information] Stepper Motor Controller Enable Y Axis controls after moving to location.
11/18/2024 17:44:36 [Information] Stepper Motor Controller Stopwatch Stopped.
11/18/2024 17:44:36 [Information] Stepper Motor Controller Timer Stopped.
11/18/2024 17:44:36 [Information] Stepper Motor Controller Stopwatch Reset.
11/18/2024 17:44:36 [Information] Stepper Motor Controller Enable Y Axis controls after moving to location.
11/18/2024 17:44:36 [Information] Stepper Motor Controller Stopwatch Stopped.
11/18/2024 17:44:36 [Information] Stepper Motor Controller Timer Stopped.
11/18/2024 17:44:36 [Information] Stepper Motor Controller Stopwatch Reset.
11/18/2024 17:44:36 [Information] Stepper Motor Controller Enable Y Axis controls after moving to location.
11/18/2024 17:44:36 [Information] Stepper Motor Controller Stopwatch Stopped.
11/18/2024 17:44:36 [Information] Stepper Motor Controller Timer Stopped.
11/18/2024 17:44:36 [Information] Stepper Motor Controller Stopwatch Reset.
11/18/2024 17:44:36 [Information] Stepper Motor Controller Enable Y Axis controls after moving to location.
11/18/2024 17:44:36 [Information] Stepper Motor Controller Stopwatch Stopped.
11/18/2024 17:44:36 [Information] Stepper Motor Controller Timer Stopped.
11/18/2024 17:44:36 [Information] Stepper Motor Controller Stopwatch Reset.
11/18/2024 17:44:36 [Information] Stepper Motor Controller Enable Y Axis controls after moving to location.
11/18/2024 17:44:36 [Information] Stepper Motor Controller Stopwatch Stopped.
11/18/2024 17:44:36 [Information] Stepper Motor Controller Timer Stopped.
11/18/2024 17:44:36 [Information] Stepper Motor Controller Stopwatch Reset.
11/18/2024 17:44:36 [Information] Stepper Motor Controller Enable Y Axis controls after moving to location.
11/18/2024 17:44:36 [Information] Stepper Motor Controller Stopwatch Stopped.
11/18/2024 17:44:36 [Information] Stepper Motor Controller Timer Stopped.
11/18/2024 17:44:36 [Information] Stepper Motor Controller Stopwatch Reset.
11/18/2024 17:44:36 [Information] Stepper Motor Controller Enable Y Axis controls after moving to location.
11/18/2024 17:44:36 [Information] Stepper Motor Controller Stopwatch Stopped.
11/18/2024 17:44:36 [Information] Stepper Motor Controller Timer Stopped.
11/18/2024 17:44:36 [Information] Stepper Motor Controller Stopwatch Reset.
11/18/2024 17:44:36 [Information] Stepper Motor Controller Enable Y Axis controls after moving to location.
11/18/2024 17:44:36 [Information] Stepper Motor Controller Stopwatch Stopped.
11/18/2024 17:44:36 [Information] Stepper Motor Controller Timer Stopped.
11/18/2024 17:44:36 [Information] Stepper Motor Controller Stopwatch Reset.
11/18/2024 17:44:36 [Information] Stepper Motor Controller Enable Y Axis controls after moving to location.
11/18/2024 17:44:36 [Information] Stepper Motor Controller Stopwatch Stopped.
11/18/2024 17:44:36 [Information] Stepper Motor Controller Timer Stopped.
11/18/2024 17:44:36 [Information] Stepper Motor Controller Stopwatch Reset.
11/18/2024 17:44:36 [Information] Stepper Motor Controller Enable Y Axis controls after moving to location.
11/18/2024 17:44:36 [Information] Stepper Motor Controller Stopwatch Stopped.
11/18/2024 17:44:36 [Information] Stepper Motor Controller Timer Stopped.
11/18/2024 17:44:36 [Information] Stepper Motor Controller Stopwatch Reset.
11/18/2024 17:44:36 [Information] Stepper Motor Controller Enable Y Axis controls after moving to location.
11/18/2024 17:44:36 [Information] Stepper Motor Controller Stopwatch Stopped.
11/18/2024 17:44:36 [Information] Stepper Motor Controller Timer Stopped.
11/18/2024 17:44:36 [Information] Stepper Motor Controller Stopwatch Reset.
11/18/2024 17:44:36 [Information] Stepper Motor Controller Enable Y Axis controls after moving to location.
11/18/2024 17:44:36 [Information] Stepper Motor Controller Stopwatch Stopped.
11/18/2024 17:44:36 [Information] Stepper Motor Controller Timer Stopped.
11/18/2024 17:44:36 [Information] Stepper Motor Controller Stopwatch Reset.
11/18/2024 17:44:36 [Information] Stepper Motor Controller Enable Y Axis controls after moving to location.
11/18/2024 17:44:36 [Information] Stepper Motor Controller Stopwatch Stopped.
11/18/2024 17:44:36 [Information] Stepper Motor Controller Timer Stopped.
11/18/2024 17:44:36 [Information] Stepper Motor Controller Stopwatch Reset.
11/18/2024 17:44:36 [Information] Stepper Motor Controller Enable Y Axis controls after moving to location.
11/18/2024 17:44:36 [Information] Stepper Motor Controller Stopwatch Stopped.
11/18/2024 17:44:36 [Information] Stepper Motor Controller Timer Stopped.
11/18/2024 17:44:36 [Information] Stepper Motor Controller Stopwatch Reset.
11/18/2024 17:44:36 [Information] Stepper Motor Controller Enable Y Axis controls after moving to location.
11/18/2024 17:44:36 [Information] Stepper Motor Controller Stopwatch Stopped.
11/18/2024 17:44:36 [Information] Stepper Motor Controller Timer Stopped.
11/18/2024 17:44:36 [Information] Stepper Motor Controller Stopwatch Reset.
11/18/2024 17:44:36 [Information] Stepper Motor Controller Enable Y Axis controls after moving to location.
11/18/2024 17:44:36 [Information] Stepper Motor Controller Stopwatch Stopped.
11/18/2024 17:44:36 [Information] Stepper Motor Controller Timer Stopped.
11/18/2024 17:44:36 [Information] Stepper Motor Controller Stopwatch Reset.
11/18/2024 17:44:36 [Information] Stepper Motor Controller Enable Y Axis controls after moving to location.
11/18/2024 17:44:36 [Information] Stepper Motor Controller Stopwatch Stopped.
11/18/2024 17:44:36 [Information] Stepper Motor Controller Timer Stopped.
11/18/2024 17:44:36 [Information] Stepper Motor Controller Stopwatch Reset.
11/18/2024 17:44:36 [Information] Stepper Motor Controller Enable Y Axis controls after moving to location.
11/18/2024 17:44:36 [Information] Stepper Motor Controller Stopwatch Stopped.
11/18/2024 17:44:36 [Information] Stepper Motor Controller Timer Stopped.
11/18/2024 17:44:36 [Information] Stepper Motor Controller Stopwatch Reset.
11/18/2024 17:44:36 [Information] Stepper Motor Controller Enable Y Axis controls after moving to location.
11/18/2024 17:44:36 [Information] Stepper Motor Controller Stopwatch Stopped.
11/18/2024 17:44:36 [Information] Stepper Motor Controller Timer Stopped.
11/18/2024 17:44:36 [Information] Stepper Motor Controller Stopwatch Reset.
11/18/2024 17:44:36 [Information] Stepper Motor Controller Enable Y Axis controls after moving to location.
11/18/2024 17:44:36 [Information] Stepper Motor Controller Stopwatch Stopped.
11/18/2024 17:44:36 [Information] Stepper Motor Controller Timer Stopped.
11/18/2024 17:44:36 [Information] Stepper Motor Controller Stopwatch Reset.
11/18/2024 17:44:36 [Information] Stepper Motor Controller Enable Y Axis controls after moving to location.
11/18/2024 17:44:36 [Information] Stepper Motor Controller Stopwatch Stopped.
11/18/2024 17:44:36 [Information] Stepper Motor Controller Timer Stopped.
11/18/2024 17:44:36 [Information] Stepper Motor Controller Stopwatch Reset.
11/18/2024 17:44:37 [Information] Stepper Motor Controller Enable Y Axis controls after moving to location.
11/18/2024 17:44:37 [Information] Stepper Motor Controller Stopwatch Stopped.
11/18/2024 17:44:37 [Information] Stepper Motor Controller Timer Stopped.
11/18/2024 17:44:37 [Information] Stepper Motor Controller Stopwatch Reset.
11/18/2024 17:44:37 [Information] Stepper Motor Controller Enable Y Axis controls after moving to location.
11/18/2024 17:44:37 [Information] Stepper Motor Controller Stopwatch Stopped.
11/18/2024 17:44:37 [Information] Stepper Motor Controller Timer Stopped.
11/18/2024 17:44:37 [Information] Stepper Motor Controller Stopwatch Reset.
11/18/2024 17:44:37 [Information] Stepper Motor Controller Enable Y Axis controls after moving to location.
11/18/2024 17:44:37 [Information] Stepper Motor Controller Stopwatch Stopped.
11/18/2024 17:44:37 [Information] Stepper Motor Controller Timer Stopped.
11/18/2024 17:44:37 [Information] Stepper Motor Controller Stopwatch Reset.
11/18/2024 17:44:37 [Information] Stepper Motor Controller Enable Y Axis controls after moving to location.
11/18/2024 17:44:37 [Information] Stepper Motor Controller Stopwatch Stopped.
11/18/2024 17:44:37 [Information] Stepper Motor Controller Timer Stopped.
11/18/2024 17:44:37 [Information] Stepper Motor Controller Stopwatch Reset.
11/18/2024 17:44:37 [Information] Stepper Motor Controller Enable Y Axis controls after moving to location.
11/18/2024 17:44:37 [Information] Stepper Motor Controller Stopwatch Stopped.
11/18/2024 17:44:37 [Information] Stepper Motor Controller Timer Stopped.
11/18/2024 17:44:37 [Information] Stepper Motor Controller Stopwatch Reset.
11/18/2024 17:44:37 [Information] Stepper Motor Controller Enable Y Axis controls after moving to location.
11/18/2024 17:44:37 [Information] Stepper Motor Controller Stopwatch Stopped.
11/18/2024 17:44:37 [Information] Stepper Motor Controller Timer Stopped.
11/18/2024 17:44:37 [Information] Stepper Motor Controller Stopwatch Reset.
11/18/2024 17:44:37 [Information] Stepper Motor Controller Enable Y Axis controls after moving to location.
11/18/2024 17:44:37 [Information] Stepper Motor Controller Stopwatch Stopped.
11/18/2024 17:44:37 [Information] Stepper Motor Controller Timer Stopped.
11/18/2024 17:44:37 [Information] Stepper Motor Controller Stopwatch Reset.
11/18/2024 17:44:37 [Information] Stepper Motor Controller Enable Y Axis controls after moving to location.
11/18/2024 17:44:37 [Information] Stepper Motor Controller Stopwatch Stopped.
11/18/2024 17:44:37 [Information] Stepper Motor Controller Timer Stopped.
11/18/2024 17:44:37 [Information] Stepper Motor Controller Stopwatch Reset.
11/18/2024 17:44:37 [Information] Stepper Motor Controller Enable Y Axis controls after moving to location.
11/18/2024 17:44:37 [Information] Stepper Motor Controller Stopwatch Stopped.
11/18/2024 17:44:37 [Information] Stepper Motor Controller Timer Stopped.
11/18/2024 17:44:37 [Information] Stepper Motor Controller Stopwatch Reset.
11/18/2024 17:44:37 [Information] Stepper Motor Controller Enable Y Axis controls after moving to location.
11/18/2024 17:44:37 [Information] Stepper Motor Controller Stopwatch Stopped.
11/18/2024 17:44:37 [Information] Stepper Motor Controller Timer Stopped.
11/18/2024 17:44:37 [Information] Stepper Motor Controller Stopwatch Reset.
11/18/2024 17:44:37 [Information] Stepper Motor Controller Enable Y Axis controls after moving to location.
11/18/2024 17:44:37 [Information] Stepper Motor Controller Stopwatch Stopped.
11/18/2024 17:44:37 [Information] Stepper Motor Controller Timer Stopped.
11/18/2024 17:44:37 [Information] Stepper Motor Controller Stopwatch Reset.
11/18/2024 17:44:37 [Information] Stepper Motor Controller Enable Y Axis controls after moving to location.
11/18/2024 17:44:37 [Information] Stepper Motor Controller Stopwatch Stopped.
11/18/2024 17:44:37 [Information] Stepper Motor Controller Timer Stopped.
11/18/2024 17:44:37 [Information] Stepper Motor Controller Stopwatch Reset.
11/18/2024 17:44:37 [Information] Stepper Motor Controller Enable Y Axis controls after moving to location.
11/18/2024 17:44:37 [Information] Stepper Motor Controller Stopwatch Stopped.
11/18/2024 17:44:37 [Information] Stepper Motor Controller Timer Stopped.
11/18/2024 17:44:37 [Information] Stepper Motor Controller Stopwatch Reset.
11/18/2024 17:44:37 [Information] Stepper Motor Controller Enable Y Axis controls after moving to location.
11/18/2024 17:44:37 [Information] Stepper Motor Controller Stopwatch Stopped.
11/18/2024 17:44:37 [Information] Stepper Motor Controller Timer Stopped.
11/18/2024 17:44:37 [Information] Stepper Motor Controller Stopwatch Reset.
11/18/2024 17:44:37 [Information] Stepper Motor Controller Enable Y Axis controls after moving to location.
11/18/2024 17:44:37 [Information] Stepper Motor Controller Stopwatch Stopped.
11/18/2024 17:44:37 [Information] Stepper Motor Controller Timer Stopped.
11/18/2024 17:44:37 [Information] Stepper Motor Controller Stopwatch Reset.
11/18/2024 17:44:37 [Information] Stepper Motor Controller Enable Y Axis controls after moving to location.
11/18/2024 17:44:37 [Information] Stepper Motor Controller Stopwatch Stopped.
11/18/2024 17:44:37 [Information] Stepper Motor Controller Timer Stopped.
11/18/2024 17:44:37 [Information] Stepper Motor Controller Stopwatch Reset.
11/18/2024 17:44:37 [Information] Stepper Motor Controller Enable Y Axis controls after moving to location.
11/18/2024 17:44:37 [Information] Stepper Motor Controller Stopwatch Stopped.
11/18/2024 17:44:37 [Information] Stepper Motor Controller Timer Stopped.
11/18/2024 17:44:37 [Information] Stepper Motor Controller Stopwatch Reset.
11/18/2024 17:44:37 [Information] Stepper Motor Controller Enable Y Axis controls after moving to location.
11/18/2024 17:44:37 [Information] Stepper Motor Controller Stopwatch Stopped.
11/18/2024 17:44:37 [Information] Stepper Motor Controller Timer Stopped.
11/18/2024 17:44:37 [Information] Stepper Motor Controller Stopwatch Reset.
11/18/2024 17:44:37 [Information] Stepper Motor Controller Enable Y Axis controls after moving to location.
11/18/2024 17:44:37 [Information] Stepper Motor Controller Stopwatch Stopped.
11/18/2024 17:44:37 [Information] Stepper Motor Controller Timer Stopped.
11/18/2024 17:44:37 [Information] Stepper Motor Controller Stopwatch Reset.
11/18/2024 17:44:37 [Information] Stepper Motor Controller Enable Y Axis controls after moving to location.
11/18/2024 17:44:37 [Information] Stepper Motor Controller Stopwatch Stopped.
11/18/2024 17:44:37 [Information] Stepper Motor Controller Timer Stopped.
11/18/2024 17:44:37 [Information] Stepper Motor Controller Stopwatch Reset.
11/18/2024 17:44:37 [Information] Stepper Motor Controller Enable Y Axis controls after moving to location.
11/18/2024 17:44:37 [Information] Stepper Motor Controller Stopwatch Stopped.
11/18/2024 17:44:37 [Information] Stepper Motor Controller Timer Stopped.
11/18/2024 17:44:37 [Information] Stepper Motor Controller Stopwatch Reset.
11/18/2024 17:44:37 [Information] Stepper Motor Controller Enable Y Axis controls after moving to location.
11/18/2024 17:44:37 [Information] Stepper Motor Controller Stopwatch Stopped.
11/18/2024 17:44:37 [Information] Stepper Motor Controller Timer Stopped.
11/18/2024 17:44:37 [Information] Stepper Motor Controller Stopwatch Reset.
11/18/2024 17:44:37 [Information] Stepper Motor Controller Enable Y Axis controls after moving to location.
11/18/2024 17:44:37 [Information] Stepper Motor Controller Stopwatch Stopped.
11/18/2024 17:44:37 [Information] Stepper Motor Controller Timer Stopped.
11/18/2024 17:44:37 [Information] Stepper Motor Controller Stopwatch Reset.
11/18/2024 17:44:38 [Information] Stepper Motor Controller Enable Y Axis controls after moving to location.
11/18/2024 17:44:38 [Information] Stepper Motor Controller Stopwatch Stopped.
11/18/2024 17:44:38 [Information] Stepper Motor Controller Timer Stopped.
11/18/2024 17:44:38 [Information] Stepper Motor Controller Stopwatch Reset.
11/18/2024 17:44:38 [Information] Stepper Motor Controller Enable Y Axis controls after moving to location.
11/18/2024 17:44:38 [Information] Stepper Motor Controller Stopwatch Stopped.
11/18/2024 17:44:38 [Information] Stepper Motor Controller Timer Stopped.
11/18/2024 17:44:38 [Information] Stepper Motor Controller Stopwatch Reset.
11/18/2024 17:44:38 [Information] Stepper Motor Controller Enable Y Axis controls after moving to location.
11/18/2024 17:44:38 [Information] Stepper Motor Controller Stopwatch Stopped.
11/18/2024 17:44:38 [Information] Stepper Motor Controller Timer Stopped.
11/18/2024 17:44:38 [Information] Stepper Motor Controller Stopwatch Reset.
11/18/2024 17:44:38 [Information] Stepper Motor Controller Enable Y Axis controls after moving to location.
11/18/2024 17:44:38 [Information] Stepper Motor Controller Stopwatch Stopped.
11/18/2024 17:44:38 [Information] Stepper Motor Controller Timer Stopped.
11/18/2024 17:44:38 [Information] Stepper Motor Controller Stopwatch Reset.
11/18/2024 17:44:38 [Information] Stepper Motor Controller Enable Y Axis controls after moving to location.
11/18/2024 17:44:38 [Information] Stepper Motor Controller Stopwatch Stopped.
11/18/2024 17:44:38 [Information] Stepper Motor Controller Timer Stopped.
11/18/2024 17:44:38 [Information] Stepper Motor Controller Stopwatch Reset.
11/18/2024 17:44:38 [Information] Stepper Motor Controller Enable Y Axis controls after moving to location.
11/18/2024 17:44:38 [Information] Stepper Motor Controller Stopwatch Stopped.
11/18/2024 17:44:38 [Information] Stepper Motor Controller Timer Stopped.
11/18/2024 17:44:38 [Information] Stepper Motor Controller Stopwatch Reset.
11/18/2024 17:44:38 [Information] Stepper Motor Controller Enable Y Axis controls after moving to location.
11/18/2024 17:44:38 [Information] Stepper Motor Controller Stopwatch Stopped.
11/18/2024 17:44:38 [Information] Stepper Motor Controller Timer Stopped.
11/18/2024 17:44:38 [Information] Stepper Motor Controller Stopwatch Reset.
11/18/2024 17:44:38 [Information] Stepper Motor Controller Enable Y Axis controls after moving to location.
11/18/2024 17:44:38 [Information] Stepper Motor Controller Stopwatch Stopped.
11/18/2024 17:44:38 [Information] Stepper Motor Controller Timer Stopped.
11/18/2024 17:44:38 [Information] Stepper Motor Controller Stopwatch Reset.
11/18/2024 17:44:38 [Information] Stepper Motor Controller MainWindow Closing.
11/18/2024 17:44:38 [Information] SerialPort for Z Axis closed.
11/18/2024 17:44:38 [Information] Properties Settings Saved.
11/18/2024 17:44:38 [Information] Properties Settings Form Closed.
11/18/2024 17:44:38 [Information] Stepper Motor Controller Form Closed.
