11/17/2024 19:25:06 [Information] Stepper Motor Controller Application Started.
11/17/2024 19:25:06 [Information] Version: 3.0.9087.34948 (11/17/2024 19:25:06)
11/17/2024 19:25:06 [Error] I/O error occurred while opening the port COM7.
11/17/2024 19:25:12 [Error] I/O error occurred while opening the port COM8.
11/17/2024 19:25:12 [Information] SerialPort COM10 opened successfully.
11/17/2024 19:25:12 [Information] Stepper Motor Controller Application Started.
11/17/2024 19:25:12 [Information] Version: 3.0.9087.34948 (11/17/2024 19:25:12)
11/17/2024 19:25:13 [Information] Version: 3.1.0.34949 (11/17/2024 19:25:13)
11/17/2024 19:25:13 [Warning] Element AssemblyVersion not found in the provided XML document.
11/17/2024 19:25:13 [Warning] Element FileVersion not found in the provided XML document.
11/17/2024 19:25:13 [Information] Version: 3.1.0.34949 (11/17/2024 19:25:13)
11/17/2024 19:25:13 [Information] Stepper Motor Controller Application Settings Window Opened.
11/17/2024 19:25:13 [Information] Stepper Motor Controller Application Settings form is rebuilt each and every time it is opened.
11/17/2024 19:25:13 [Information] int: 9600 BaudRate added to the Settings Form.
11/17/2024 19:25:13 [Information] bool: False ckbXaxisResetToZeroIsChecked added to the Settings Form.
11/17/2024 19:25:13 [Information] bool: False ckbYaxisResetToZeroIsChecked added to the Settings Form.
11/17/2024 19:25:13 [Information] bool: False ckbZaxisResetToZeroIsChecked added to the Settings Form.
11/17/2024 19:25:13 [Information] COM1: ComPort added to the Settings Form.
11/17/2024 19:25:13 [Information] COM2: ComPort added to the Settings Form.
11/17/2024 19:25:13 [Information] COM3: ComPort added to the Settings Form.
11/17/2024 19:25:13 [Information] COM4: ComPort added to the Settings Form.
11/17/2024 19:25:13 [Information] COM5: ComPort added to the Settings Form.
11/17/2024 19:25:13 [Information] COM6: ComPort added to the Settings Form.
11/17/2024 19:25:13 [Information] COM7: ComPort added to the Settings Form.
11/17/2024 19:25:13 [Information] COM8: ComPort added to the Settings Form.
11/17/2024 19:25:13 [Information] COM9: ComPort added to the Settings Form.
11/17/2024 19:25:13 [Information] COM10: ComPort added to the Settings Form.
11/17/2024 19:25:13 [Information] decimal: 4.00 Divider4_00 added to the Settings Form.
11/17/2024 19:25:13 [Information] decimal: 0.00 MathPart2Initlz added to the Settings Form.
11/17/2024 19:25:13 [Information] decimal: 1.00 MilisecondTimerInterval added to the Settings Form.
11/17/2024 19:25:13 [Information] decimal: 1000.00 MillisecondDelay added to the Settings Form.
11/17/2024 19:25:13 [Information] int: 1000 Milliseconds added to the Settings Form.
11/17/2024 19:25:13 [Information] int: 4 mmPerRevolution added to the Settings Form.
11/17/2024 19:25:13 [Information] int: 2000 ThreadSleep added to the Settings Form.
11/17/2024 19:25:13 [Information] decimal: 0.00 Value_0_00 added to the Settings Form.
11/17/2024 19:25:13 [Information] decimal: 50.00 XaxisAcceleration added to the Settings Form.
11/17/2024 19:25:13 [Information] bool: False XaxisChanged added to the Settings Form.
11/17/2024 19:25:13 [Information] decimal: 400.00 XaxisMotorSpeed added to the Settings Form.
11/17/2024 19:25:13 [Information] decimal: 0.00 XaxisStepperCurrent added to the Settings Form.
11/17/2024 19:25:13 [Information] decimal: 0.00 XaxisStepperMove added to the Settings Form.
11/17/2024 19:25:13 [Information] XCOM1: XComPort added to the Settings Form.
11/17/2024 19:25:13 [Information] XCOM2: XComPort added to the Settings Form.
11/17/2024 19:25:13 [Information] XCOM3: XComPort added to the Settings Form.
11/17/2024 19:25:13 [Information] XCOM4: XComPort added to the Settings Form.
11/17/2024 19:25:13 [Information] XCOM5: XComPort added to the Settings Form.
11/17/2024 19:25:13 [Information] XCOM6: XComPort added to the Settings Form.
11/17/2024 19:25:13 [Information] XCOM7: XComPort added to the Settings Form.
11/17/2024 19:25:13 [Information] XCOM8: XComPort added to the Settings Form.
11/17/2024 19:25:13 [Information] XCOM9: XComPort added to the Settings Form.
11/17/2024 19:25:13 [Information] XCOM10: XComPort added to the Settings Form.
11/17/2024 19:25:13 [Information] decimal: 50.00 YaxisAcceleration added to the Settings Form.
11/17/2024 19:25:13 [Information] bool: False YaxisChanged added to the Settings Form.
11/17/2024 19:25:13 [Information] decimal: 400.00 YaxisMotorSpeed added to the Settings Form.
11/17/2024 19:25:13 [Information] decimal: 0.00 YaxisStepperCurrent added to the Settings Form.
11/17/2024 19:25:13 [Information] decimal: 0.00 YaxisStepperMove added to the Settings Form.
11/17/2024 19:25:13 [Information] YCOM1: YComPort added to the Settings Form.
11/17/2024 19:25:13 [Information] YCOM2: YComPort added to the Settings Form.
11/17/2024 19:25:13 [Information] YCOM3: YComPort added to the Settings Form.
11/17/2024 19:25:13 [Information] YCOM4: YComPort added to the Settings Form.
11/17/2024 19:25:13 [Information] YCOM5: YComPort added to the Settings Form.
11/17/2024 19:25:13 [Information] YCOM6: YComPort added to the Settings Form.
11/17/2024 19:25:13 [Information] YCOM7: YComPort added to the Settings Form.
11/17/2024 19:25:13 [Information] YCOM8: YComPort added to the Settings Form.
11/17/2024 19:25:13 [Information] YCOM9: YComPort added to the Settings Form.
11/17/2024 19:25:13 [Information] YCOM10: YComPort added to the Settings Form.
11/17/2024 19:25:13 [Information] decimal: 50.00 ZaxisAcceleration added to the Settings Form.
11/17/2024 19:25:13 [Information] bool: False ZaxisChanged added to the Settings Form.
11/17/2024 19:25:13 [Information] decimal: 400.00 ZaxisMotorSpeed added to the Settings Form.
11/17/2024 19:25:13 [Information] decimal: 0.00 ZaxisStepperCurrent added to the Settings Form.
11/17/2024 19:25:13 [Information] decimal: 0.00 ZaxisStepperMove added to the Settings Form.
11/17/2024 19:25:13 [Information] ZCOM1: ZComPort added to the Settings Form.
11/17/2024 19:25:13 [Information] ZCOM2: ZComPort added to the Settings Form.
11/17/2024 19:25:13 [Information] ZCOM3: ZComPort added to the Settings Form.
11/17/2024 19:25:13 [Information] ZCOM4: ZComPort added to the Settings Form.
11/17/2024 19:25:13 [Information] ZCOM5: ZComPort added to the Settings Form.
11/17/2024 19:25:13 [Information] ZCOM6: ZComPort added to the Settings Form.
11/17/2024 19:25:13 [Information] ZCOM7: ZComPort added to the Settings Form.
11/17/2024 19:25:13 [Information] ZCOM8: ZComPort added to the Settings Form.
11/17/2024 19:25:13 [Information] ZCOM9: ZComPort added to the Settings Form.
11/17/2024 19:25:13 [Information] ZCOM10: ZComPort added to the Settings Form.
11/17/2024 19:25:13 [Information] int: 0 zeroXaxis added to the Settings Form.
11/17/2024 19:25:13 [Information] int: 0 zeroYaxis added to the Settings Form.
11/17/2024 19:25:13 [Information] int: 0 zeroZaxis added to the Settings Form.
11/17/2024 19:25:13 [Information] Stepper Motor Controller MainWindow loaded
11/17/2024 19:25:13 [Information] Set MainWindow Media Brushes to White.
11/17/2024 19:25:21 [Information] Z Axis Run button clicked:
11/17/2024 19:25:22 [Information] Z Axis Run Event: Z,0.00,400.00,0,0.00,400.00,0,0.00,400.00,0
11/17/2024 19:25:22 [Information] Z Axis MotorMovementSeconds: 0
11/17/2024 19:25:22 [Information] Z Axis Timer Started. Target End Time: 07:25:22
11/17/2024 19:25:22 [Information] Z Axis Stopwatch Started.
11/17/2024 19:25:22 [Information] Z Axis Current Time: 07:25:22 + 0 = 07:25:22
11/17/2024 19:25:23 [Information] Z Axis Data Received: erialData: Z,0.00,400.00,0,0.00,400.00,0,0
11/17/2024 19:25:23 [Information] Z Axis Data Received: .00,400.00,0
Z Axis reached target position
Current Position: 0

11/17/2024 19:25:23 [Information] Stepper Motor Controller Enable Y Axis controls after moving to location.
11/17/2024 19:25:23 [Information] Stepper Motor Controller Stopwatch Stopped.
11/17/2024 19:25:23 [Information] Stepper Motor Controller Timer Stopped.
11/17/2024 19:25:23 [Information] Stepper Motor Controller Stopwatch Reset.
11/17/2024 19:25:23 [Information] Stepper Motor Controller Enable Y Axis controls after moving to location.
11/17/2024 19:25:23 [Information] Stepper Motor Controller Stopwatch Stopped.
11/17/2024 19:25:23 [Information] Stepper Motor Controller Timer Stopped.
11/17/2024 19:25:23 [Information] Stepper Motor Controller Stopwatch Reset.
11/17/2024 19:25:23 [Information] Stepper Motor Controller Enable Y Axis controls after moving to location.
11/17/2024 19:25:23 [Information] Stepper Motor Controller Stopwatch Stopped.
11/17/2024 19:25:23 [Information] Stepper Motor Controller Timer Stopped.
11/17/2024 19:25:23 [Information] Stepper Motor Controller Stopwatch Reset.
11/17/2024 19:25:23 [Information] Stepper Motor Controller Enable Y Axis controls after moving to location.
11/17/2024 19:25:23 [Information] Stepper Motor Controller Stopwatch Stopped.
11/17/2024 19:25:23 [Information] Stepper Motor Controller Timer Stopped.
11/17/2024 19:25:23 [Information] Stepper Motor Controller Stopwatch Reset.
11/17/2024 19:25:23 [Information] Stepper Motor Controller Enable Y Axis controls after moving to location.
11/17/2024 19:25:23 [Information] Stepper Motor Controller Stopwatch Stopped.
11/17/2024 19:25:23 [Information] Stepper Motor Controller Timer Stopped.
11/17/2024 19:25:23 [Information] Stepper Motor Controller Stopwatch Reset.
11/17/2024 19:25:23 [Information] Stepper Motor Controller Enable Y Axis controls after moving to location.
11/17/2024 19:25:23 [Information] Stepper Motor Controller Stopwatch Stopped.
11/17/2024 19:25:23 [Information] Stepper Motor Controller Timer Stopped.
11/17/2024 19:25:23 [Information] Stepper Motor Controller Stopwatch Reset.
11/17/2024 19:25:23 [Information] Stepper Motor Controller Enable Y Axis controls after moving to location.
11/17/2024 19:25:23 [Information] Stepper Motor Controller Stopwatch Stopped.
11/17/2024 19:25:23 [Information] Stepper Motor Controller Timer Stopped.
11/17/2024 19:25:23 [Information] Stepper Motor Controller Stopwatch Reset.
11/17/2024 19:25:23 [Information] Stepper Motor Controller Enable Y Axis controls after moving to location.
11/17/2024 19:25:23 [Information] Stepper Motor Controller Stopwatch Stopped.
11/17/2024 19:25:23 [Information] Stepper Motor Controller Timer Stopped.
11/17/2024 19:25:23 [Information] Stepper Motor Controller Stopwatch Reset.
11/17/2024 19:25:23 [Information] Stepper Motor Controller Enable Y Axis controls after moving to location.
11/17/2024 19:25:23 [Information] Stepper Motor Controller Stopwatch Stopped.
11/17/2024 19:25:23 [Information] Stepper Motor Controller Timer Stopped.
11/17/2024 19:25:23 [Information] Stepper Motor Controller Stopwatch Reset.
11/17/2024 19:25:24 [Information] Stepper Motor Controller Enable Y Axis controls after moving to location.
11/17/2024 19:25:24 [Information] Stepper Motor Controller Stopwatch Stopped.
11/17/2024 19:25:24 [Information] Stepper Motor Controller Timer Stopped.
11/17/2024 19:25:24 [Information] Stepper Motor Controller Stopwatch Reset.
11/17/2024 19:25:24 [Information] Stepper Motor Controller Enable Y Axis controls after moving to location.
11/17/2024 19:25:24 [Information] Stepper Motor Controller Stopwatch Stopped.
11/17/2024 19:25:24 [Information] Stepper Motor Controller Timer Stopped.
11/17/2024 19:25:24 [Information] Stepper Motor Controller Stopwatch Reset.
11/17/2024 19:25:24 [Information] Stepper Motor Controller Enable Y Axis controls after moving to location.
11/17/2024 19:25:24 [Information] Stepper Motor Controller Stopwatch Stopped.
11/17/2024 19:25:24 [Information] Stepper Motor Controller Timer Stopped.
11/17/2024 19:25:24 [Information] Stepper Motor Controller Stopwatch Reset.
11/17/2024 19:25:24 [Information] Stepper Motor Controller Enable Y Axis controls after moving to location.
11/17/2024 19:25:24 [Information] Stepper Motor Controller Stopwatch Stopped.
11/17/2024 19:25:24 [Information] Stepper Motor Controller Timer Stopped.
11/17/2024 19:25:24 [Information] Stepper Motor Controller Stopwatch Reset.
11/17/2024 19:25:24 [Information] Stepper Motor Controller Enable Y Axis controls after moving to location.
11/17/2024 19:25:24 [Information] Stepper Motor Controller Stopwatch Stopped.
11/17/2024 19:25:24 [Information] Stepper Motor Controller Timer Stopped.
11/17/2024 19:25:24 [Information] Stepper Motor Controller Stopwatch Reset.
11/17/2024 19:25:24 [Information] Stepper Motor Controller Enable Y Axis controls after moving to location.
11/17/2024 19:25:24 [Information] Stepper Motor Controller Stopwatch Stopped.
11/17/2024 19:25:24 [Information] Stepper Motor Controller Timer Stopped.
11/17/2024 19:25:24 [Information] Stepper Motor Controller Stopwatch Reset.
11/17/2024 19:25:24 [Information] Stepper Motor Controller Enable Y Axis controls after moving to location.
11/17/2024 19:25:24 [Information] Stepper Motor Controller Stopwatch Stopped.
11/17/2024 19:25:24 [Information] Stepper Motor Controller Timer Stopped.
11/17/2024 19:25:24 [Information] Stepper Motor Controller Stopwatch Reset.
11/17/2024 19:25:24 [Information] Stepper Motor Controller Enable Y Axis controls after moving to location.
11/17/2024 19:25:24 [Information] Stepper Motor Controller Stopwatch Stopped.
11/17/2024 19:25:24 [Information] Stepper Motor Controller Timer Stopped.
11/17/2024 19:25:24 [Information] Stepper Motor Controller Stopwatch Reset.
11/17/2024 19:25:24 [Information] Stepper Motor Controller Enable Y Axis controls after moving to location.
11/17/2024 19:25:24 [Information] Stepper Motor Controller Stopwatch Stopped.
11/17/2024 19:25:24 [Information] Stepper Motor Controller Timer Stopped.
11/17/2024 19:25:24 [Information] Stepper Motor Controller Stopwatch Reset.
11/17/2024 19:25:24 [Information] Stepper Motor Controller Enable Y Axis controls after moving to location.
11/17/2024 19:25:24 [Information] Stepper Motor Controller Stopwatch Stopped.
11/17/2024 19:25:24 [Information] Stepper Motor Controller Timer Stopped.
11/17/2024 19:25:24 [Information] Stepper Motor Controller Stopwatch Reset.
11/17/2024 19:25:24 [Information] Stepper Motor Controller Enable Y Axis controls after moving to location.
11/17/2024 19:25:24 [Information] Stepper Motor Controller Stopwatch Stopped.
11/17/2024 19:25:24 [Information] Stepper Motor Controller Timer Stopped.
11/17/2024 19:25:24 [Information] Stepper Motor Controller Stopwatch Reset.
11/17/2024 19:25:25 [Information] Stepper Motor Controller Enable Y Axis controls after moving to location.
11/17/2024 19:25:25 [Information] Stepper Motor Controller Stopwatch Stopped.
11/17/2024 19:25:25 [Information] Stepper Motor Controller Timer Stopped.
11/17/2024 19:25:25 [Information] Stepper Motor Controller Stopwatch Reset.
11/17/2024 19:25:25 [Information] Stepper Motor Controller Enable Y Axis controls after moving to location.
11/17/2024 19:25:25 [Information] Stepper Motor Controller Stopwatch Stopped.
11/17/2024 19:25:25 [Information] Stepper Motor Controller Timer Stopped.
11/17/2024 19:25:25 [Information] Stepper Motor Controller Stopwatch Reset.
11/17/2024 19:25:25 [Information] Stepper Motor Controller Enable Y Axis controls after moving to location.
11/17/2024 19:25:25 [Information] Stepper Motor Controller Stopwatch Stopped.
11/17/2024 19:25:25 [Information] Stepper Motor Controller Timer Stopped.
11/17/2024 19:25:25 [Information] Stepper Motor Controller Stopwatch Reset.
11/17/2024 19:25:25 [Information] Stepper Motor Controller Enable Y Axis controls after moving to location.
11/17/2024 19:25:25 [Information] Stepper Motor Controller Stopwatch Stopped.
11/17/2024 19:25:25 [Information] Stepper Motor Controller Timer Stopped.
11/17/2024 19:25:25 [Information] Stepper Motor Controller Stopwatch Reset.
11/17/2024 19:25:25 [Information] Stepper Motor Controller Enable Y Axis controls after moving to location.
11/17/2024 19:25:25 [Information] Stepper Motor Controller Stopwatch Stopped.
11/17/2024 19:25:25 [Information] Stepper Motor Controller Timer Stopped.
11/17/2024 19:25:25 [Information] Stepper Motor Controller Stopwatch Reset.
11/17/2024 19:25:25 [Information] Stepper Motor Controller Enable Y Axis controls after moving to location.
11/17/2024 19:25:25 [Information] Stepper Motor Controller Stopwatch Stopped.
11/17/2024 19:25:25 [Information] Stepper Motor Controller Timer Stopped.
11/17/2024 19:25:25 [Information] Stepper Motor Controller Stopwatch Reset.
11/17/2024 19:25:25 [Information] Stepper Motor Controller Enable Y Axis controls after moving to location.
11/17/2024 19:25:25 [Information] Stepper Motor Controller Stopwatch Stopped.
11/17/2024 19:25:25 [Information] Stepper Motor Controller Timer Stopped.
11/17/2024 19:25:25 [Information] Stepper Motor Controller Stopwatch Reset.
11/17/2024 19:25:25 [Information] Stepper Motor Controller Enable Y Axis controls after moving to location.
11/17/2024 19:25:25 [Information] Stepper Motor Controller Stopwatch Stopped.
11/17/2024 19:25:25 [Information] Stepper Motor Controller Timer Stopped.
11/17/2024 19:25:25 [Information] Stepper Motor Controller Stopwatch Reset.
11/17/2024 19:25:25 [Information] Stepper Motor Controller Enable Y Axis controls after moving to location.
11/17/2024 19:25:25 [Information] Stepper Motor Controller Stopwatch Stopped.
11/17/2024 19:25:25 [Information] Stepper Motor Controller Timer Stopped.
11/17/2024 19:25:25 [Information] Stepper Motor Controller Stopwatch Reset.
11/17/2024 19:25:25 [Information] Stepper Motor Controller Enable Y Axis controls after moving to location.
11/17/2024 19:25:25 [Information] Stepper Motor Controller Stopwatch Stopped.
11/17/2024 19:25:25 [Information] Stepper Motor Controller Timer Stopped.
11/17/2024 19:25:25 [Information] Stepper Motor Controller Stopwatch Reset.
11/17/2024 19:25:25 [Information] Stepper Motor Controller Enable Y Axis controls after moving to location.
11/17/2024 19:25:25 [Information] Stepper Motor Controller Stopwatch Stopped.
11/17/2024 19:25:25 [Information] Stepper Motor Controller Timer Stopped.
11/17/2024 19:25:25 [Information] Stepper Motor Controller Stopwatch Reset.
11/17/2024 19:25:25 [Information] Stepper Motor Controller Enable Y Axis controls after moving to location.
11/17/2024 19:25:25 [Information] Stepper Motor Controller Stopwatch Stopped.
11/17/2024 19:25:25 [Information] Stepper Motor Controller Timer Stopped.
11/17/2024 19:25:25 [Information] Stepper Motor Controller Stopwatch Reset.
11/17/2024 19:25:25 [Information] Stepper Motor Controller Enable Y Axis controls after moving to location.
11/17/2024 19:25:25 [Information] Stepper Motor Controller Stopwatch Stopped.
11/17/2024 19:25:25 [Information] Stepper Motor Controller Timer Stopped.
11/17/2024 19:25:25 [Information] Stepper Motor Controller Stopwatch Reset.
11/17/2024 19:25:26 [Information] Stepper Motor Controller Enable Y Axis controls after moving to location.
11/17/2024 19:25:26 [Information] Stepper Motor Controller Stopwatch Stopped.
11/17/2024 19:25:26 [Information] Stepper Motor Controller Timer Stopped.
11/17/2024 19:25:26 [Information] Stepper Motor Controller Stopwatch Reset.
11/17/2024 19:25:26 [Information] Stepper Motor Controller Enable Y Axis controls after moving to location.
11/17/2024 19:25:26 [Information] Stepper Motor Controller Stopwatch Stopped.
11/17/2024 19:25:26 [Information] Stepper Motor Controller Timer Stopped.
11/17/2024 19:25:26 [Information] Stepper Motor Controller Stopwatch Reset.
11/17/2024 19:25:26 [Information] Stepper Motor Controller Enable Y Axis controls after moving to location.
11/17/2024 19:25:26 [Information] Stepper Motor Controller Stopwatch Stopped.
11/17/2024 19:25:26 [Information] Stepper Motor Controller Timer Stopped.
11/17/2024 19:25:26 [Information] Stepper Motor Controller Stopwatch Reset.
11/17/2024 19:25:26 [Information] Stepper Motor Controller Enable Y Axis controls after moving to location.
11/17/2024 19:25:26 [Information] Stepper Motor Controller Stopwatch Stopped.
11/17/2024 19:25:26 [Information] Stepper Motor Controller Timer Stopped.
11/17/2024 19:25:26 [Information] Stepper Motor Controller Stopwatch Reset.
11/17/2024 19:25:26 [Information] Stepper Motor Controller Enable Y Axis controls after moving to location.
11/17/2024 19:25:26 [Information] Stepper Motor Controller Stopwatch Stopped.
11/17/2024 19:25:26 [Information] Stepper Motor Controller Timer Stopped.
11/17/2024 19:25:26 [Information] Stepper Motor Controller Stopwatch Reset.
11/17/2024 19:25:26 [Information] Stepper Motor Controller Enable Y Axis controls after moving to location.
11/17/2024 19:25:26 [Information] Stepper Motor Controller Stopwatch Stopped.
11/17/2024 19:25:26 [Information] Stepper Motor Controller Timer Stopped.
11/17/2024 19:25:26 [Information] Stepper Motor Controller Stopwatch Reset.
11/17/2024 19:25:26 [Information] Stepper Motor Controller Enable Y Axis controls after moving to location.
11/17/2024 19:25:26 [Information] Stepper Motor Controller Stopwatch Stopped.
11/17/2024 19:25:26 [Information] Stepper Motor Controller Timer Stopped.
11/17/2024 19:25:26 [Information] Stepper Motor Controller Stopwatch Reset.
11/17/2024 19:25:26 [Information] Stepper Motor Controller Enable Y Axis controls after moving to location.
11/17/2024 19:25:26 [Information] Stepper Motor Controller Stopwatch Stopped.
11/17/2024 19:25:26 [Information] Stepper Motor Controller Timer Stopped.
11/17/2024 19:25:26 [Information] Stepper Motor Controller Stopwatch Reset.
11/17/2024 19:25:26 [Information] Stepper Motor Controller Enable Y Axis controls after moving to location.
11/17/2024 19:25:26 [Information] Stepper Motor Controller Stopwatch Stopped.
11/17/2024 19:25:26 [Information] Stepper Motor Controller Timer Stopped.
11/17/2024 19:25:26 [Information] Stepper Motor Controller Stopwatch Reset.
11/17/2024 19:25:26 [Information] Stepper Motor Controller Enable Y Axis controls after moving to location.
11/17/2024 19:25:26 [Information] Stepper Motor Controller Stopwatch Stopped.
11/17/2024 19:25:26 [Information] Stepper Motor Controller Timer Stopped.
11/17/2024 19:25:26 [Information] Stepper Motor Controller Stopwatch Reset.
11/17/2024 19:25:26 [Information] Stepper Motor Controller Enable Y Axis controls after moving to location.
11/17/2024 19:25:26 [Information] Stepper Motor Controller Stopwatch Stopped.
11/17/2024 19:25:26 [Information] Stepper Motor Controller Timer Stopped.
11/17/2024 19:25:26 [Information] Stepper Motor Controller Stopwatch Reset.
11/17/2024 19:25:26 [Information] Stepper Motor Controller Enable Y Axis controls after moving to location.
11/17/2024 19:25:26 [Information] Stepper Motor Controller Stopwatch Stopped.
11/17/2024 19:25:26 [Information] Stepper Motor Controller Timer Stopped.
11/17/2024 19:25:26 [Information] Stepper Motor Controller Stopwatch Reset.
11/17/2024 19:25:26 [Information] Stepper Motor Controller Enable Y Axis controls after moving to location.
11/17/2024 19:25:26 [Information] Stepper Motor Controller Stopwatch Stopped.
11/17/2024 19:25:26 [Information] Stepper Motor Controller Timer Stopped.
11/17/2024 19:25:26 [Information] Stepper Motor Controller Stopwatch Reset.
11/17/2024 19:25:26 [Information] Stepper Motor Controller Enable Y Axis controls after moving to location.
11/17/2024 19:25:26 [Information] Stepper Motor Controller Stopwatch Stopped.
11/17/2024 19:25:26 [Information] Stepper Motor Controller Timer Stopped.
11/17/2024 19:25:26 [Information] Stepper Motor Controller Stopwatch Reset.
11/17/2024 19:25:26 [Information] Stepper Motor Controller Enable Y Axis controls after moving to location.
11/17/2024 19:25:26 [Information] Stepper Motor Controller Stopwatch Stopped.
11/17/2024 19:25:26 [Information] Stepper Motor Controller Timer Stopped.
11/17/2024 19:25:26 [Information] Stepper Motor Controller Stopwatch Reset.
11/17/2024 19:25:27 [Information] Stepper Motor Controller Enable Y Axis controls after moving to location.
11/17/2024 19:25:27 [Information] Stepper Motor Controller Stopwatch Stopped.
11/17/2024 19:25:27 [Information] Stepper Motor Controller Timer Stopped.
11/17/2024 19:25:27 [Information] Stepper Motor Controller Stopwatch Reset.
11/17/2024 19:25:27 [Information] Stepper Motor Controller Enable Y Axis controls after moving to location.
11/17/2024 19:25:27 [Information] Stepper Motor Controller Stopwatch Stopped.
11/17/2024 19:25:27 [Information] Stepper Motor Controller Timer Stopped.
11/17/2024 19:25:27 [Information] Stepper Motor Controller Stopwatch Reset.
11/17/2024 19:25:27 [Information] Stepper Motor Controller Enable Y Axis controls after moving to location.
11/17/2024 19:25:27 [Information] Stepper Motor Controller Stopwatch Stopped.
11/17/2024 19:25:27 [Information] Stepper Motor Controller Timer Stopped.
11/17/2024 19:25:27 [Information] Stepper Motor Controller Stopwatch Reset.
11/17/2024 19:25:27 [Information] Stepper Motor Controller Enable Y Axis controls after moving to location.
11/17/2024 19:25:27 [Information] Stepper Motor Controller Stopwatch Stopped.
11/17/2024 19:25:27 [Information] Stepper Motor Controller Timer Stopped.
11/17/2024 19:25:27 [Information] Stepper Motor Controller Stopwatch Reset.
11/17/2024 19:25:27 [Information] Stepper Motor Controller Enable Y Axis controls after moving to location.
11/17/2024 19:25:27 [Information] Stepper Motor Controller Stopwatch Stopped.
11/17/2024 19:25:27 [Information] Stepper Motor Controller Timer Stopped.
11/17/2024 19:25:27 [Information] Stepper Motor Controller Stopwatch Reset.
11/17/2024 19:25:27 [Information] Stepper Motor Controller Enable Y Axis controls after moving to location.
11/17/2024 19:25:27 [Information] Stepper Motor Controller Stopwatch Stopped.
11/17/2024 19:25:27 [Information] Stepper Motor Controller Timer Stopped.
11/17/2024 19:25:27 [Information] Stepper Motor Controller Stopwatch Reset.
11/17/2024 19:25:27 [Information] Stepper Motor Controller Enable Y Axis controls after moving to location.
11/17/2024 19:25:27 [Information] Stepper Motor Controller Stopwatch Stopped.
11/17/2024 19:25:27 [Information] Stepper Motor Controller Timer Stopped.
11/17/2024 19:25:27 [Information] Stepper Motor Controller Stopwatch Reset.
11/17/2024 19:25:27 [Information] Stepper Motor Controller Enable Y Axis controls after moving to location.
11/17/2024 19:25:27 [Information] Stepper Motor Controller Stopwatch Stopped.
11/17/2024 19:25:27 [Information] Stepper Motor Controller Timer Stopped.
11/17/2024 19:25:27 [Information] Stepper Motor Controller Stopwatch Reset.
11/17/2024 19:25:27 [Information] Stepper Motor Controller Enable Y Axis controls after moving to location.
11/17/2024 19:25:27 [Information] Stepper Motor Controller Stopwatch Stopped.
11/17/2024 19:25:27 [Information] Stepper Motor Controller Timer Stopped.
11/17/2024 19:25:27 [Information] Stepper Motor Controller Stopwatch Reset.
11/17/2024 19:25:27 [Information] Stepper Motor Controller Enable Y Axis controls after moving to location.
11/17/2024 19:25:27 [Information] Stepper Motor Controller Stopwatch Stopped.
11/17/2024 19:25:27 [Information] Stepper Motor Controller Timer Stopped.
11/17/2024 19:25:27 [Information] Stepper Motor Controller Stopwatch Reset.
11/17/2024 19:25:27 [Information] Stepper Motor Controller Enable Y Axis controls after moving to location.
11/17/2024 19:25:27 [Information] Stepper Motor Controller Stopwatch Stopped.
11/17/2024 19:25:27 [Information] Stepper Motor Controller Timer Stopped.
11/17/2024 19:25:27 [Information] Stepper Motor Controller Stopwatch Reset.
11/17/2024 19:25:27 [Information] Stepper Motor Controller Enable Y Axis controls after moving to location.
11/17/2024 19:25:27 [Information] Stepper Motor Controller Stopwatch Stopped.
11/17/2024 19:25:27 [Information] Stepper Motor Controller Timer Stopped.
11/17/2024 19:25:27 [Information] Stepper Motor Controller Stopwatch Reset.
11/17/2024 19:25:27 [Information] Stepper Motor Controller Enable Y Axis controls after moving to location.
11/17/2024 19:25:27 [Information] Stepper Motor Controller Stopwatch Stopped.
11/17/2024 19:25:27 [Information] Stepper Motor Controller Timer Stopped.
11/17/2024 19:25:27 [Information] Stepper Motor Controller Stopwatch Reset.
11/17/2024 19:25:27 [Information] Stepper Motor Controller Enable Y Axis controls after moving to location.
11/17/2024 19:25:27 [Information] Stepper Motor Controller Stopwatch Stopped.
11/17/2024 19:25:27 [Information] Stepper Motor Controller Timer Stopped.
11/17/2024 19:25:27 [Information] Stepper Motor Controller Stopwatch Reset.
11/17/2024 19:25:27 [Information] Stepper Motor Controller Enable Y Axis controls after moving to location.
11/17/2024 19:25:27 [Information] Stepper Motor Controller Stopwatch Stopped.
11/17/2024 19:25:27 [Information] Stepper Motor Controller Timer Stopped.
11/17/2024 19:25:27 [Information] Stepper Motor Controller Stopwatch Reset.
11/17/2024 19:25:27 [Information] Stepper Motor Controller Enable Y Axis controls after moving to location.
11/17/2024 19:25:27 [Information] Stepper Motor Controller Stopwatch Stopped.
11/17/2024 19:25:27 [Information] Stepper Motor Controller Timer Stopped.
11/17/2024 19:25:27 [Information] Stepper Motor Controller Stopwatch Reset.
11/17/2024 19:25:27 [Information] Stepper Motor Controller Enable Y Axis controls after moving to location.
11/17/2024 19:25:27 [Information] Stepper Motor Controller Stopwatch Stopped.
11/17/2024 19:25:27 [Information] Stepper Motor Controller Timer Stopped.
11/17/2024 19:25:27 [Information] Stepper Motor Controller Stopwatch Reset.
11/17/2024 19:25:28 [Information] Stepper Motor Controller Enable Y Axis controls after moving to location.
11/17/2024 19:25:28 [Information] Stepper Motor Controller Stopwatch Stopped.
11/17/2024 19:25:28 [Information] Stepper Motor Controller Timer Stopped.
11/17/2024 19:25:28 [Information] Stepper Motor Controller Stopwatch Reset.
11/17/2024 19:25:28 [Information] Stepper Motor Controller Enable Y Axis controls after moving to location.
11/17/2024 19:25:28 [Information] Stepper Motor Controller Stopwatch Stopped.
11/17/2024 19:25:28 [Information] Stepper Motor Controller Timer Stopped.
11/17/2024 19:25:28 [Information] Stepper Motor Controller Stopwatch Reset.
11/17/2024 19:25:28 [Information] Stepper Motor Controller Enable Y Axis controls after moving to location.
11/17/2024 19:25:28 [Information] Stepper Motor Controller Stopwatch Stopped.
11/17/2024 19:25:28 [Information] Stepper Motor Controller Timer Stopped.
11/17/2024 19:25:28 [Information] Stepper Motor Controller Stopwatch Reset.
11/17/2024 19:25:28 [Information] Stepper Motor Controller Enable Y Axis controls after moving to location.
11/17/2024 19:25:28 [Information] Stepper Motor Controller Stopwatch Stopped.
11/17/2024 19:25:28 [Information] Stepper Motor Controller Timer Stopped.
11/17/2024 19:25:28 [Information] Stepper Motor Controller Stopwatch Reset.
11/17/2024 19:25:28 [Information] Stepper Motor Controller Enable Y Axis controls after moving to location.
11/17/2024 19:25:28 [Information] Stepper Motor Controller Stopwatch Stopped.
11/17/2024 19:25:28 [Information] Stepper Motor Controller Timer Stopped.
11/17/2024 19:25:28 [Information] Stepper Motor Controller Stopwatch Reset.
11/17/2024 19:25:28 [Information] Stepper Motor Controller Enable Y Axis controls after moving to location.
11/17/2024 19:25:28 [Information] Stepper Motor Controller Stopwatch Stopped.
11/17/2024 19:25:28 [Information] Stepper Motor Controller Timer Stopped.
11/17/2024 19:25:28 [Information] Stepper Motor Controller Stopwatch Reset.
11/17/2024 19:25:28 [Information] Stepper Motor Controller Enable Y Axis controls after moving to location.
11/17/2024 19:25:28 [Information] Stepper Motor Controller Stopwatch Stopped.
11/17/2024 19:25:28 [Information] Stepper Motor Controller Timer Stopped.
11/17/2024 19:25:28 [Information] Stepper Motor Controller Stopwatch Reset.
11/17/2024 19:25:28 [Information] Stepper Motor Controller Enable Y Axis controls after moving to location.
11/17/2024 19:25:28 [Information] Stepper Motor Controller Stopwatch Stopped.
11/17/2024 19:25:28 [Information] Stepper Motor Controller Timer Stopped.
11/17/2024 19:25:28 [Information] Stepper Motor Controller Stopwatch Reset.
11/17/2024 19:25:28 [Information] Stepper Motor Controller Enable Y Axis controls after moving to location.
11/17/2024 19:25:28 [Information] Stepper Motor Controller Stopwatch Stopped.
11/17/2024 19:25:28 [Information] Stepper Motor Controller Timer Stopped.
11/17/2024 19:25:28 [Information] Stepper Motor Controller Stopwatch Reset.
11/17/2024 19:25:28 [Information] Stepper Motor Controller Enable Y Axis controls after moving to location.
11/17/2024 19:25:28 [Information] Stepper Motor Controller Stopwatch Stopped.
11/17/2024 19:25:28 [Information] Stepper Motor Controller Timer Stopped.
11/17/2024 19:25:28 [Information] Stepper Motor Controller Stopwatch Reset.
11/17/2024 19:25:28 [Information] Stepper Motor Controller Enable Y Axis controls after moving to location.
11/17/2024 19:25:28 [Information] Stepper Motor Controller Stopwatch Stopped.
11/17/2024 19:25:28 [Information] Stepper Motor Controller Timer Stopped.
11/17/2024 19:25:28 [Information] Stepper Motor Controller Stopwatch Reset.
11/17/2024 19:25:28 [Information] Stepper Motor Controller Enable Y Axis controls after moving to location.
11/17/2024 19:25:28 [Information] Stepper Motor Controller Stopwatch Stopped.
11/17/2024 19:25:28 [Information] Stepper Motor Controller Timer Stopped.
11/17/2024 19:25:28 [Information] Stepper Motor Controller Stopwatch Reset.
11/17/2024 19:25:28 [Information] Stepper Motor Controller Enable Y Axis controls after moving to location.
11/17/2024 19:25:28 [Information] Stepper Motor Controller Stopwatch Stopped.
11/17/2024 19:25:28 [Information] Stepper Motor Controller Timer Stopped.
11/17/2024 19:25:28 [Information] Stepper Motor Controller Stopwatch Reset.
11/17/2024 19:25:28 [Information] Stepper Motor Controller Enable Y Axis controls after moving to location.
11/17/2024 19:25:28 [Information] Stepper Motor Controller Stopwatch Stopped.
11/17/2024 19:25:28 [Information] Stepper Motor Controller Timer Stopped.
11/17/2024 19:25:28 [Information] Stepper Motor Controller Stopwatch Reset.
11/17/2024 19:25:28 [Information] Stepper Motor Controller Enable Y Axis controls after moving to location.
11/17/2024 19:25:28 [Information] Stepper Motor Controller Stopwatch Stopped.
11/17/2024 19:25:28 [Information] Stepper Motor Controller Timer Stopped.
11/17/2024 19:25:28 [Information] Stepper Motor Controller Stopwatch Reset.
11/17/2024 19:25:28 [Information] Stepper Motor Controller Enable Y Axis controls after moving to location.
11/17/2024 19:25:28 [Information] Stepper Motor Controller Stopwatch Stopped.
11/17/2024 19:25:28 [Information] Stepper Motor Controller Timer Stopped.
11/17/2024 19:25:28 [Information] Stepper Motor Controller Stopwatch Reset.
11/17/2024 19:25:29 [Information] Stepper Motor Controller Enable Y Axis controls after moving to location.
11/17/2024 19:25:29 [Information] Stepper Motor Controller Stopwatch Stopped.
11/17/2024 19:25:29 [Information] Stepper Motor Controller Timer Stopped.
11/17/2024 19:25:29 [Information] Stepper Motor Controller Stopwatch Reset.
11/17/2024 19:25:29 [Information] Stepper Motor Controller Enable Y Axis controls after moving to location.
11/17/2024 19:25:29 [Information] Stepper Motor Controller Stopwatch Stopped.
11/17/2024 19:25:29 [Information] Stepper Motor Controller Timer Stopped.
11/17/2024 19:25:29 [Information] Stepper Motor Controller Stopwatch Reset.
11/17/2024 19:25:29 [Information] Stepper Motor Controller Enable Y Axis controls after moving to location.
11/17/2024 19:25:29 [Information] Stepper Motor Controller Stopwatch Stopped.
11/17/2024 19:25:29 [Information] Stepper Motor Controller Timer Stopped.
11/17/2024 19:25:29 [Information] Stepper Motor Controller Stopwatch Reset.
11/17/2024 19:25:29 [Information] Stepper Motor Controller Enable Y Axis controls after moving to location.
11/17/2024 19:25:29 [Information] Stepper Motor Controller Stopwatch Stopped.
11/17/2024 19:25:29 [Information] Stepper Motor Controller Timer Stopped.
11/17/2024 19:25:29 [Information] Stepper Motor Controller Stopwatch Reset.
11/17/2024 19:25:29 [Information] Stepper Motor Controller Enable Y Axis controls after moving to location.
11/17/2024 19:25:29 [Information] Stepper Motor Controller Stopwatch Stopped.
11/17/2024 19:25:29 [Information] Stepper Motor Controller Timer Stopped.
11/17/2024 19:25:29 [Information] Stepper Motor Controller Stopwatch Reset.
11/17/2024 19:25:29 [Information] Stepper Motor Controller Enable Y Axis controls after moving to location.
11/17/2024 19:25:29 [Information] Stepper Motor Controller Stopwatch Stopped.
11/17/2024 19:25:29 [Information] Stepper Motor Controller Timer Stopped.
11/17/2024 19:25:29 [Information] Stepper Motor Controller Stopwatch Reset.
11/17/2024 19:25:29 [Information] Stepper Motor Controller Enable Y Axis controls after moving to location.
11/17/2024 19:25:29 [Information] Stepper Motor Controller Stopwatch Stopped.
11/17/2024 19:25:29 [Information] Stepper Motor Controller Timer Stopped.
11/17/2024 19:25:29 [Information] Stepper Motor Controller Stopwatch Reset.
11/17/2024 19:25:29 [Information] Stepper Motor Controller Enable Y Axis controls after moving to location.
11/17/2024 19:25:29 [Information] Stepper Motor Controller Stopwatch Stopped.
11/17/2024 19:25:29 [Information] Stepper Motor Controller Timer Stopped.
11/17/2024 19:25:29 [Information] Stepper Motor Controller Stopwatch Reset.
11/17/2024 19:25:29 [Information] Stepper Motor Controller Enable Y Axis controls after moving to location.
11/17/2024 19:25:29 [Information] Stepper Motor Controller Stopwatch Stopped.
11/17/2024 19:25:29 [Information] Stepper Motor Controller Timer Stopped.
11/17/2024 19:25:29 [Information] Stepper Motor Controller Stopwatch Reset.
11/17/2024 19:25:29 [Information] Stepper Motor Controller Enable Y Axis controls after moving to location.
11/17/2024 19:25:29 [Information] Stepper Motor Controller Stopwatch Stopped.
11/17/2024 19:25:29 [Information] Stepper Motor Controller Timer Stopped.
11/17/2024 19:25:29 [Information] Stepper Motor Controller Stopwatch Reset.
11/17/2024 19:25:29 [Information] Stepper Motor Controller Enable Y Axis controls after moving to location.
11/17/2024 19:25:29 [Information] Stepper Motor Controller Stopwatch Stopped.
11/17/2024 19:25:29 [Information] Stepper Motor Controller Timer Stopped.
11/17/2024 19:25:29 [Information] Stepper Motor Controller Stopwatch Reset.
11/17/2024 19:25:30 [Information] Stepper Motor Controller Enable Y Axis controls after moving to location.
11/17/2024 19:25:30 [Information] Stepper Motor Controller Stopwatch Stopped.
11/17/2024 19:25:30 [Information] Stepper Motor Controller Timer Stopped.
11/17/2024 19:25:30 [Information] Stepper Motor Controller Stopwatch Reset.
11/17/2024 19:25:30 [Information] Stepper Motor Controller Enable Y Axis controls after moving to location.
11/17/2024 19:25:30 [Information] Stepper Motor Controller Stopwatch Stopped.
11/17/2024 19:25:30 [Information] Stepper Motor Controller Timer Stopped.
11/17/2024 19:25:30 [Information] Stepper Motor Controller Stopwatch Reset.
11/17/2024 19:25:30 [Information] Stepper Motor Controller Enable Y Axis controls after moving to location.
11/17/2024 19:25:30 [Information] Stepper Motor Controller Stopwatch Stopped.
11/17/2024 19:25:30 [Information] Stepper Motor Controller Timer Stopped.
11/17/2024 19:25:30 [Information] Stepper Motor Controller Stopwatch Reset.
11/17/2024 19:25:30 [Information] Stepper Motor Controller Enable Y Axis controls after moving to location.
11/17/2024 19:25:30 [Information] Stepper Motor Controller Stopwatch Stopped.
11/17/2024 19:25:30 [Information] Stepper Motor Controller Timer Stopped.
11/17/2024 19:25:30 [Information] Stepper Motor Controller Stopwatch Reset.
11/17/2024 19:25:30 [Information] Stepper Motor Controller Enable Y Axis controls after moving to location.
11/17/2024 19:25:30 [Information] Stepper Motor Controller Stopwatch Stopped.
11/17/2024 19:25:30 [Information] Stepper Motor Controller Timer Stopped.
11/17/2024 19:25:30 [Information] Stepper Motor Controller Stopwatch Reset.
11/17/2024 19:25:30 [Information] Stepper Motor Controller Enable Y Axis controls after moving to location.
11/17/2024 19:25:30 [Information] Stepper Motor Controller Stopwatch Stopped.
11/17/2024 19:25:30 [Information] Stepper Motor Controller Timer Stopped.
11/17/2024 19:25:30 [Information] Stepper Motor Controller Stopwatch Reset.
11/17/2024 19:25:30 [Information] Stepper Motor Controller Enable Y Axis controls after moving to location.
11/17/2024 19:25:30 [Information] Stepper Motor Controller Stopwatch Stopped.
11/17/2024 19:25:30 [Information] Stepper Motor Controller Timer Stopped.
11/17/2024 19:25:30 [Information] Stepper Motor Controller Stopwatch Reset.
11/17/2024 19:25:30 [Information] Stepper Motor Controller Enable Y Axis controls after moving to location.
11/17/2024 19:25:30 [Information] Stepper Motor Controller Stopwatch Stopped.
11/17/2024 19:25:30 [Information] Stepper Motor Controller Timer Stopped.
11/17/2024 19:25:30 [Information] Stepper Motor Controller Stopwatch Reset.
11/17/2024 19:25:30 [Information] Stepper Motor Controller Enable Y Axis controls after moving to location.
11/17/2024 19:25:30 [Information] Stepper Motor Controller Stopwatch Stopped.
11/17/2024 19:25:30 [Information] Stepper Motor Controller Timer Stopped.
11/17/2024 19:25:30 [Information] Stepper Motor Controller Stopwatch Reset.
11/17/2024 19:25:30 [Information] Stepper Motor Controller Enable Y Axis controls after moving to location.
11/17/2024 19:25:30 [Information] Stepper Motor Controller Stopwatch Stopped.
11/17/2024 19:25:30 [Information] Stepper Motor Controller Timer Stopped.
11/17/2024 19:25:30 [Information] Stepper Motor Controller Stopwatch Reset.
11/17/2024 19:25:30 [Information] Stepper Motor Controller Enable Y Axis controls after moving to location.
11/17/2024 19:25:30 [Information] Stepper Motor Controller Stopwatch Stopped.
11/17/2024 19:25:30 [Information] Stepper Motor Controller Timer Stopped.
11/17/2024 19:25:30 [Information] Stepper Motor Controller Stopwatch Reset.
11/17/2024 19:25:30 [Information] Stepper Motor Controller Enable Y Axis controls after moving to location.
11/17/2024 19:25:30 [Information] Stepper Motor Controller Stopwatch Stopped.
11/17/2024 19:25:30 [Information] Stepper Motor Controller Timer Stopped.
11/17/2024 19:25:30 [Information] Stepper Motor Controller Stopwatch Reset.
11/17/2024 19:25:30 [Information] Stepper Motor Controller Enable Y Axis controls after moving to location.
11/17/2024 19:25:30 [Information] Stepper Motor Controller Stopwatch Stopped.
11/17/2024 19:25:30 [Information] Stepper Motor Controller Timer Stopped.
11/17/2024 19:25:30 [Information] Stepper Motor Controller Stopwatch Reset.
11/17/2024 19:25:30 [Information] Stepper Motor Controller Enable Y Axis controls after moving to location.
11/17/2024 19:25:30 [Information] Stepper Motor Controller Stopwatch Stopped.
11/17/2024 19:25:30 [Information] Stepper Motor Controller Timer Stopped.
11/17/2024 19:25:30 [Information] Stepper Motor Controller Stopwatch Reset.
11/17/2024 19:25:30 [Information] Stepper Motor Controller Enable Y Axis controls after moving to location.
11/17/2024 19:25:30 [Information] Stepper Motor Controller Stopwatch Stopped.
11/17/2024 19:25:30 [Information] Stepper Motor Controller Timer Stopped.
11/17/2024 19:25:30 [Information] Stepper Motor Controller Stopwatch Reset.
11/17/2024 19:25:31 [Information] Stepper Motor Controller Enable Y Axis controls after moving to location.
11/17/2024 19:25:31 [Information] Stepper Motor Controller Stopwatch Stopped.
11/17/2024 19:25:31 [Information] Stepper Motor Controller Timer Stopped.
11/17/2024 19:25:31 [Information] Stepper Motor Controller Stopwatch Reset.
11/17/2024 19:25:31 [Information] Stepper Motor Controller Enable Y Axis controls after moving to location.
11/17/2024 19:25:31 [Information] Stepper Motor Controller Stopwatch Stopped.
11/17/2024 19:25:31 [Information] Stepper Motor Controller Timer Stopped.
11/17/2024 19:25:31 [Information] Stepper Motor Controller Stopwatch Reset.
11/17/2024 19:25:31 [Information] Stepper Motor Controller Enable Y Axis controls after moving to location.
11/17/2024 19:25:31 [Information] Stepper Motor Controller Stopwatch Stopped.
11/17/2024 19:25:31 [Information] Stepper Motor Controller Timer Stopped.
11/17/2024 19:25:31 [Information] Stepper Motor Controller Stopwatch Reset.
11/17/2024 19:25:31 [Information] Stepper Motor Controller Enable Y Axis controls after moving to location.
11/17/2024 19:25:31 [Information] Stepper Motor Controller Stopwatch Stopped.
11/17/2024 19:25:31 [Information] Stepper Motor Controller Timer Stopped.
11/17/2024 19:25:31 [Information] Stepper Motor Controller Stopwatch Reset.
11/17/2024 19:25:31 [Information] Stepper Motor Controller Enable Y Axis controls after moving to location.
11/17/2024 19:25:31 [Information] Stepper Motor Controller Stopwatch Stopped.
11/17/2024 19:25:31 [Information] Stepper Motor Controller Timer Stopped.
11/17/2024 19:25:31 [Information] Stepper Motor Controller Stopwatch Reset.
11/17/2024 19:25:31 [Information] Stepper Motor Controller Enable Y Axis controls after moving to location.
11/17/2024 19:25:31 [Information] Stepper Motor Controller Stopwatch Stopped.
11/17/2024 19:25:31 [Information] Stepper Motor Controller Timer Stopped.
11/17/2024 19:25:31 [Information] Stepper Motor Controller Stopwatch Reset.
11/17/2024 19:25:31 [Information] Stepper Motor Controller Enable Y Axis controls after moving to location.
11/17/2024 19:25:31 [Information] Stepper Motor Controller Stopwatch Stopped.
11/17/2024 19:25:31 [Information] Stepper Motor Controller Timer Stopped.
11/17/2024 19:25:31 [Information] Stepper Motor Controller Stopwatch Reset.
11/17/2024 19:25:31 [Information] Stepper Motor Controller Enable Y Axis controls after moving to location.
11/17/2024 19:25:31 [Information] Stepper Motor Controller Stopwatch Stopped.
11/17/2024 19:25:31 [Information] Stepper Motor Controller Timer Stopped.
11/17/2024 19:25:31 [Information] Stepper Motor Controller Stopwatch Reset.
11/17/2024 19:25:31 [Information] Stepper Motor Controller Enable Y Axis controls after moving to location.
11/17/2024 19:25:31 [Information] Stepper Motor Controller Stopwatch Stopped.
11/17/2024 19:25:31 [Information] Stepper Motor Controller Timer Stopped.
11/17/2024 19:25:31 [Information] Stepper Motor Controller Stopwatch Reset.
11/17/2024 19:25:31 [Information] Stepper Motor Controller Enable Y Axis controls after moving to location.
11/17/2024 19:25:31 [Information] Stepper Motor Controller Stopwatch Stopped.
11/17/2024 19:25:31 [Information] Stepper Motor Controller Timer Stopped.
11/17/2024 19:25:31 [Information] Stepper Motor Controller Stopwatch Reset.
11/17/2024 19:25:31 [Information] Stepper Motor Controller Enable Y Axis controls after moving to location.
11/17/2024 19:25:31 [Information] Stepper Motor Controller Stopwatch Stopped.
11/17/2024 19:25:31 [Information] Stepper Motor Controller Timer Stopped.
11/17/2024 19:25:31 [Information] Stepper Motor Controller Stopwatch Reset.
11/17/2024 19:25:31 [Information] Stepper Motor Controller Enable Y Axis controls after moving to location.
11/17/2024 19:25:31 [Information] Stepper Motor Controller Stopwatch Stopped.
11/17/2024 19:25:31 [Information] Stepper Motor Controller Timer Stopped.
11/17/2024 19:25:31 [Information] Stepper Motor Controller Stopwatch Reset.
11/17/2024 19:25:31 [Information] Stepper Motor Controller Enable Y Axis controls after moving to location.
11/17/2024 19:25:31 [Information] Stepper Motor Controller Stopwatch Stopped.
11/17/2024 19:25:31 [Information] Stepper Motor Controller Timer Stopped.
11/17/2024 19:25:31 [Information] Stepper Motor Controller Stopwatch Reset.
11/17/2024 19:25:31 [Information] Stepper Motor Controller Enable Y Axis controls after moving to location.
11/17/2024 19:25:31 [Information] Stepper Motor Controller Stopwatch Stopped.
11/17/2024 19:25:31 [Information] Stepper Motor Controller Timer Stopped.
11/17/2024 19:25:31 [Information] Stepper Motor Controller Stopwatch Reset.
11/17/2024 19:25:31 [Information] Stepper Motor Controller Enable Y Axis controls after moving to location.
11/17/2024 19:25:31 [Information] Stepper Motor Controller Stopwatch Stopped.
11/17/2024 19:25:31 [Information] Stepper Motor Controller Timer Stopped.
11/17/2024 19:25:31 [Information] Stepper Motor Controller Stopwatch Reset.
11/17/2024 19:25:32 [Information] Stepper Motor Controller Enable Y Axis controls after moving to location.
11/17/2024 19:25:32 [Information] Stepper Motor Controller Stopwatch Stopped.
11/17/2024 19:25:32 [Information] Stepper Motor Controller Timer Stopped.
11/17/2024 19:25:32 [Information] Stepper Motor Controller Stopwatch Reset.
11/17/2024 19:25:32 [Information] Stepper Motor Controller Enable Y Axis controls after moving to location.
11/17/2024 19:25:32 [Information] Stepper Motor Controller Stopwatch Stopped.
11/17/2024 19:25:32 [Information] Stepper Motor Controller Timer Stopped.
11/17/2024 19:25:32 [Information] Stepper Motor Controller Stopwatch Reset.
11/17/2024 19:25:32 [Information] Stepper Motor Controller Enable Y Axis controls after moving to location.
11/17/2024 19:25:32 [Information] Stepper Motor Controller Stopwatch Stopped.
11/17/2024 19:25:32 [Information] Stepper Motor Controller Timer Stopped.
11/17/2024 19:25:32 [Information] Stepper Motor Controller Stopwatch Reset.
11/17/2024 19:25:32 [Information] Stepper Motor Controller Enable Y Axis controls after moving to location.
11/17/2024 19:25:32 [Information] Stepper Motor Controller Stopwatch Stopped.
11/17/2024 19:25:32 [Information] Stepper Motor Controller Timer Stopped.
11/17/2024 19:25:32 [Information] Stepper Motor Controller Stopwatch Reset.
11/17/2024 19:25:32 [Information] Stepper Motor Controller Enable Y Axis controls after moving to location.
11/17/2024 19:25:32 [Information] Stepper Motor Controller Stopwatch Stopped.
11/17/2024 19:25:32 [Information] Stepper Motor Controller Timer Stopped.
11/17/2024 19:25:32 [Information] Stepper Motor Controller Stopwatch Reset.
11/17/2024 19:25:32 [Information] Stepper Motor Controller Enable Y Axis controls after moving to location.
11/17/2024 19:25:32 [Information] Stepper Motor Controller Stopwatch Stopped.
11/17/2024 19:25:32 [Information] Stepper Motor Controller Timer Stopped.
11/17/2024 19:25:32 [Information] Stepper Motor Controller Stopwatch Reset.
11/17/2024 19:25:32 [Information] Stepper Motor Controller Enable Y Axis controls after moving to location.
11/17/2024 19:25:32 [Information] Stepper Motor Controller Stopwatch Stopped.
11/17/2024 19:25:32 [Information] Stepper Motor Controller Timer Stopped.
11/17/2024 19:25:32 [Information] Stepper Motor Controller Stopwatch Reset.
11/17/2024 19:25:32 [Information] Stepper Motor Controller Enable Y Axis controls after moving to location.
11/17/2024 19:25:32 [Information] Stepper Motor Controller Stopwatch Stopped.
11/17/2024 19:25:32 [Information] Stepper Motor Controller Timer Stopped.
11/17/2024 19:25:32 [Information] Stepper Motor Controller Stopwatch Reset.
11/17/2024 19:25:32 [Information] Stepper Motor Controller Enable Y Axis controls after moving to location.
11/17/2024 19:25:32 [Information] Stepper Motor Controller Stopwatch Stopped.
11/17/2024 19:25:32 [Information] Stepper Motor Controller Timer Stopped.
11/17/2024 19:25:32 [Information] Stepper Motor Controller Stopwatch Reset.
11/17/2024 19:25:32 [Information] Stepper Motor Controller Enable Y Axis controls after moving to location.
11/17/2024 19:25:32 [Information] Stepper Motor Controller Stopwatch Stopped.
11/17/2024 19:25:32 [Information] Stepper Motor Controller Timer Stopped.
11/17/2024 19:25:32 [Information] Stepper Motor Controller Stopwatch Reset.
11/17/2024 19:25:32 [Information] Stepper Motor Controller Enable Y Axis controls after moving to location.
11/17/2024 19:25:32 [Information] Stepper Motor Controller Stopwatch Stopped.
11/17/2024 19:25:32 [Information] Stepper Motor Controller Timer Stopped.
11/17/2024 19:25:32 [Information] Stepper Motor Controller Stopwatch Reset.
11/17/2024 19:25:32 [Information] Stepper Motor Controller Enable Y Axis controls after moving to location.
11/17/2024 19:25:32 [Information] Stepper Motor Controller Stopwatch Stopped.
11/17/2024 19:25:32 [Information] Stepper Motor Controller Timer Stopped.
11/17/2024 19:25:32 [Information] Stepper Motor Controller Stopwatch Reset.
11/17/2024 19:25:32 [Information] Stepper Motor Controller Enable Y Axis controls after moving to location.
11/17/2024 19:25:32 [Information] Stepper Motor Controller Stopwatch Stopped.
11/17/2024 19:25:32 [Information] Stepper Motor Controller Timer Stopped.
11/17/2024 19:25:32 [Information] Stepper Motor Controller Stopwatch Reset.
11/17/2024 19:25:32 [Information] Stepper Motor Controller Enable Y Axis controls after moving to location.
11/17/2024 19:25:32 [Information] Stepper Motor Controller Stopwatch Stopped.
11/17/2024 19:25:32 [Information] Stepper Motor Controller Timer Stopped.
11/17/2024 19:25:32 [Information] Stepper Motor Controller Stopwatch Reset.
11/17/2024 19:25:32 [Information] Stepper Motor Controller Enable Y Axis controls after moving to location.
11/17/2024 19:25:32 [Information] Stepper Motor Controller Stopwatch Stopped.
11/17/2024 19:25:32 [Information] Stepper Motor Controller Timer Stopped.
11/17/2024 19:25:32 [Information] Stepper Motor Controller Stopwatch Reset.
11/17/2024 19:25:32 [Information] Stepper Motor Controller Enable Y Axis controls after moving to location.
11/17/2024 19:25:32 [Information] Stepper Motor Controller Stopwatch Stopped.
11/17/2024 19:25:32 [Information] Stepper Motor Controller Timer Stopped.
11/17/2024 19:25:32 [Information] Stepper Motor Controller Stopwatch Reset.
11/17/2024 19:25:32 [Information] Stepper Motor Controller Enable Y Axis controls after moving to location.
11/17/2024 19:25:32 [Information] Stepper Motor Controller Stopwatch Stopped.
11/17/2024 19:25:32 [Information] Stepper Motor Controller Timer Stopped.
11/17/2024 19:25:32 [Information] Stepper Motor Controller Stopwatch Reset.
11/17/2024 19:25:33 [Information] Stepper Motor Controller Enable Y Axis controls after moving to location.
11/17/2024 19:25:33 [Information] Stepper Motor Controller Stopwatch Stopped.
11/17/2024 19:25:33 [Information] Stepper Motor Controller Timer Stopped.
11/17/2024 19:25:33 [Information] Stepper Motor Controller Stopwatch Reset.
11/17/2024 19:25:33 [Information] Stepper Motor Controller Enable Y Axis controls after moving to location.
11/17/2024 19:25:33 [Information] Stepper Motor Controller Stopwatch Stopped.
11/17/2024 19:25:33 [Information] Stepper Motor Controller Timer Stopped.
11/17/2024 19:25:33 [Information] Stepper Motor Controller Stopwatch Reset.
11/17/2024 19:25:33 [Information] Stepper Motor Controller Enable Y Axis controls after moving to location.
11/17/2024 19:25:33 [Information] Stepper Motor Controller Stopwatch Stopped.
11/17/2024 19:25:33 [Information] Stepper Motor Controller Timer Stopped.
11/17/2024 19:25:33 [Information] Stepper Motor Controller Stopwatch Reset.
11/17/2024 19:25:33 [Information] Stepper Motor Controller Enable Y Axis controls after moving to location.
11/17/2024 19:25:33 [Information] Stepper Motor Controller Stopwatch Stopped.
11/17/2024 19:25:33 [Information] Stepper Motor Controller Timer Stopped.
11/17/2024 19:25:33 [Information] Stepper Motor Controller Stopwatch Reset.
11/17/2024 19:25:33 [Information] Stepper Motor Controller Enable Y Axis controls after moving to location.
11/17/2024 19:25:33 [Information] Stepper Motor Controller Stopwatch Stopped.
11/17/2024 19:25:33 [Information] Stepper Motor Controller Timer Stopped.
11/17/2024 19:25:33 [Information] Stepper Motor Controller Stopwatch Reset.
11/17/2024 19:25:33 [Information] Stepper Motor Controller Enable Y Axis controls after moving to location.
11/17/2024 19:25:33 [Information] Stepper Motor Controller Stopwatch Stopped.
11/17/2024 19:25:33 [Information] Stepper Motor Controller Timer Stopped.
11/17/2024 19:25:33 [Information] Stepper Motor Controller Stopwatch Reset.
11/17/2024 19:25:33 [Information] Stepper Motor Controller Enable Y Axis controls after moving to location.
11/17/2024 19:25:33 [Information] Stepper Motor Controller Stopwatch Stopped.
11/17/2024 19:25:33 [Information] Stepper Motor Controller Timer Stopped.
11/17/2024 19:25:33 [Information] Stepper Motor Controller Stopwatch Reset.
11/17/2024 19:25:33 [Information] Stepper Motor Controller Enable Y Axis controls after moving to location.
11/17/2024 19:25:33 [Information] Stepper Motor Controller Stopwatch Stopped.
11/17/2024 19:25:33 [Information] Stepper Motor Controller Timer Stopped.
11/17/2024 19:25:33 [Information] Stepper Motor Controller Stopwatch Reset.
11/17/2024 19:25:33 [Information] Stepper Motor Controller Enable Y Axis controls after moving to location.
11/17/2024 19:25:33 [Information] Stepper Motor Controller Stopwatch Stopped.
11/17/2024 19:25:33 [Information] Stepper Motor Controller Timer Stopped.
11/17/2024 19:25:33 [Information] Stepper Motor Controller Stopwatch Reset.
11/17/2024 19:25:33 [Information] Stepper Motor Controller Enable Y Axis controls after moving to location.
11/17/2024 19:25:33 [Information] Stepper Motor Controller Stopwatch Stopped.
11/17/2024 19:25:33 [Information] Stepper Motor Controller Timer Stopped.
11/17/2024 19:25:33 [Information] Stepper Motor Controller Stopwatch Reset.
11/17/2024 19:25:33 [Information] Stepper Motor Controller Enable Y Axis controls after moving to location.
11/17/2024 19:25:33 [Information] Stepper Motor Controller Stopwatch Stopped.
11/17/2024 19:25:33 [Information] Stepper Motor Controller Timer Stopped.
11/17/2024 19:25:33 [Information] Stepper Motor Controller Stopwatch Reset.
11/17/2024 19:25:33 [Information] Stepper Motor Controller Enable Y Axis controls after moving to location.
11/17/2024 19:25:33 [Information] Stepper Motor Controller Stopwatch Stopped.
11/17/2024 19:25:33 [Information] Stepper Motor Controller Timer Stopped.
11/17/2024 19:25:33 [Information] Stepper Motor Controller Stopwatch Reset.
11/17/2024 19:25:33 [Information] Stepper Motor Controller Enable Y Axis controls after moving to location.
11/17/2024 19:25:33 [Information] Stepper Motor Controller Stopwatch Stopped.
11/17/2024 19:25:33 [Information] Stepper Motor Controller Timer Stopped.
11/17/2024 19:25:33 [Information] Stepper Motor Controller Stopwatch Reset.
11/17/2024 19:25:33 [Information] Stepper Motor Controller Enable Y Axis controls after moving to location.
11/17/2024 19:25:33 [Information] Stepper Motor Controller Stopwatch Stopped.
11/17/2024 19:25:33 [Information] Stepper Motor Controller Timer Stopped.
11/17/2024 19:25:33 [Information] Stepper Motor Controller Stopwatch Reset.
11/17/2024 19:25:33 [Information] Stepper Motor Controller Enable Y Axis controls after moving to location.
11/17/2024 19:25:33 [Information] Stepper Motor Controller Stopwatch Stopped.
11/17/2024 19:25:33 [Information] Stepper Motor Controller Timer Stopped.
11/17/2024 19:25:33 [Information] Stepper Motor Controller Stopwatch Reset.
11/17/2024 19:25:33 [Information] Stepper Motor Controller Enable Y Axis controls after moving to location.
11/17/2024 19:25:33 [Information] Stepper Motor Controller Stopwatch Stopped.
11/17/2024 19:25:33 [Information] Stepper Motor Controller Timer Stopped.
11/17/2024 19:25:33 [Information] Stepper Motor Controller Stopwatch Reset.
11/17/2024 19:25:34 [Information] Stepper Motor Controller Enable Y Axis controls after moving to location.
11/17/2024 19:25:34 [Information] Stepper Motor Controller Stopwatch Stopped.
11/17/2024 19:25:34 [Information] Stepper Motor Controller Timer Stopped.
11/17/2024 19:25:34 [Information] Stepper Motor Controller Stopwatch Reset.
11/17/2024 19:25:34 [Information] Stepper Motor Controller Enable Y Axis controls after moving to location.
11/17/2024 19:25:34 [Information] Stepper Motor Controller Stopwatch Stopped.
11/17/2024 19:25:34 [Information] Stepper Motor Controller Timer Stopped.
11/17/2024 19:25:34 [Information] Stepper Motor Controller Stopwatch Reset.
11/17/2024 19:25:34 [Information] Stepper Motor Controller Enable Y Axis controls after moving to location.
11/17/2024 19:25:34 [Information] Stepper Motor Controller Stopwatch Stopped.
11/17/2024 19:25:34 [Information] Stepper Motor Controller Timer Stopped.
11/17/2024 19:25:34 [Information] Stepper Motor Controller Stopwatch Reset.
11/17/2024 19:25:34 [Information] Stepper Motor Controller Enable Y Axis controls after moving to location.
11/17/2024 19:25:34 [Information] Stepper Motor Controller Stopwatch Stopped.
11/17/2024 19:25:34 [Information] Stepper Motor Controller Timer Stopped.
11/17/2024 19:25:34 [Information] Stepper Motor Controller Stopwatch Reset.
11/17/2024 19:25:34 [Information] Stepper Motor Controller Enable Y Axis controls after moving to location.
11/17/2024 19:25:34 [Information] Stepper Motor Controller Stopwatch Stopped.
11/17/2024 19:25:34 [Information] Stepper Motor Controller Timer Stopped.
11/17/2024 19:25:34 [Information] Stepper Motor Controller Stopwatch Reset.
11/17/2024 19:25:34 [Information] Stepper Motor Controller Enable Y Axis controls after moving to location.
11/17/2024 19:25:34 [Information] Stepper Motor Controller Stopwatch Stopped.
11/17/2024 19:25:34 [Information] Stepper Motor Controller Timer Stopped.
11/17/2024 19:25:34 [Information] Stepper Motor Controller Stopwatch Reset.
11/17/2024 19:25:34 [Information] Stepper Motor Controller Enable Y Axis controls after moving to location.
11/17/2024 19:25:34 [Information] Stepper Motor Controller Stopwatch Stopped.
11/17/2024 19:25:34 [Information] Stepper Motor Controller Timer Stopped.
11/17/2024 19:25:34 [Information] Stepper Motor Controller Stopwatch Reset.
11/17/2024 19:25:34 [Information] Stepper Motor Controller Enable Y Axis controls after moving to location.
11/17/2024 19:25:34 [Information] Stepper Motor Controller Stopwatch Stopped.
11/17/2024 19:25:34 [Information] Stepper Motor Controller Timer Stopped.
11/17/2024 19:25:34 [Information] Stepper Motor Controller Stopwatch Reset.
11/17/2024 19:25:34 [Information] Stepper Motor Controller Enable Y Axis controls after moving to location.
11/17/2024 19:25:34 [Information] Stepper Motor Controller Stopwatch Stopped.
11/17/2024 19:25:34 [Information] Stepper Motor Controller Timer Stopped.
11/17/2024 19:25:34 [Information] Stepper Motor Controller Stopwatch Reset.
11/17/2024 19:25:34 [Information] Stepper Motor Controller Enable Y Axis controls after moving to location.
11/17/2024 19:25:34 [Information] Stepper Motor Controller Stopwatch Stopped.
11/17/2024 19:25:34 [Information] Stepper Motor Controller Timer Stopped.
11/17/2024 19:25:34 [Information] Stepper Motor Controller Stopwatch Reset.
11/17/2024 19:25:34 [Information] Stepper Motor Controller Enable Y Axis controls after moving to location.
11/17/2024 19:25:34 [Information] Stepper Motor Controller Stopwatch Stopped.
11/17/2024 19:25:34 [Information] Stepper Motor Controller Timer Stopped.
11/17/2024 19:25:34 [Information] Stepper Motor Controller Stopwatch Reset.
11/17/2024 19:25:34 [Information] Stepper Motor Controller Enable Y Axis controls after moving to location.
11/17/2024 19:25:34 [Information] Stepper Motor Controller Stopwatch Stopped.
11/17/2024 19:25:34 [Information] Stepper Motor Controller Timer Stopped.
11/17/2024 19:25:34 [Information] Stepper Motor Controller Stopwatch Reset.
11/17/2024 19:25:35 [Information] Stepper Motor Controller Enable Y Axis controls after moving to location.
11/17/2024 19:25:35 [Information] Stepper Motor Controller Stopwatch Stopped.
11/17/2024 19:25:35 [Information] Stepper Motor Controller Timer Stopped.
11/17/2024 19:25:35 [Information] Stepper Motor Controller Stopwatch Reset.
11/17/2024 19:25:35 [Information] Stepper Motor Controller Enable Y Axis controls after moving to location.
11/17/2024 19:25:35 [Information] Stepper Motor Controller Stopwatch Stopped.
11/17/2024 19:25:35 [Information] Stepper Motor Controller Timer Stopped.
11/17/2024 19:25:35 [Information] Stepper Motor Controller Stopwatch Reset.
11/17/2024 19:25:35 [Information] Stepper Motor Controller Enable Y Axis controls after moving to location.
11/17/2024 19:25:35 [Information] Stepper Motor Controller Stopwatch Stopped.
11/17/2024 19:25:35 [Information] Stepper Motor Controller Timer Stopped.
11/17/2024 19:25:35 [Information] Stepper Motor Controller Stopwatch Reset.
11/17/2024 19:25:35 [Information] Stepper Motor Controller Enable Y Axis controls after moving to location.
11/17/2024 19:25:35 [Information] Stepper Motor Controller Stopwatch Stopped.
11/17/2024 19:25:35 [Information] Stepper Motor Controller Timer Stopped.
11/17/2024 19:25:35 [Information] Stepper Motor Controller Stopwatch Reset.
11/17/2024 19:25:35 [Information] Stepper Motor Controller Enable Y Axis controls after moving to location.
11/17/2024 19:25:35 [Information] Stepper Motor Controller Stopwatch Stopped.
11/17/2024 19:25:35 [Information] Stepper Motor Controller Timer Stopped.
11/17/2024 19:25:35 [Information] Stepper Motor Controller Stopwatch Reset.
11/17/2024 19:25:35 [Information] Stepper Motor Controller Enable Y Axis controls after moving to location.
11/17/2024 19:25:35 [Information] Stepper Motor Controller Stopwatch Stopped.
11/17/2024 19:25:35 [Information] Stepper Motor Controller Timer Stopped.
11/17/2024 19:25:35 [Information] Stepper Motor Controller Stopwatch Reset.
11/17/2024 19:25:35 [Information] Stepper Motor Controller Enable Y Axis controls after moving to location.
11/17/2024 19:25:35 [Information] Stepper Motor Controller Stopwatch Stopped.
11/17/2024 19:25:35 [Information] Stepper Motor Controller Timer Stopped.
11/17/2024 19:25:35 [Information] Stepper Motor Controller Stopwatch Reset.
11/17/2024 19:25:35 [Information] Stepper Motor Controller Enable Y Axis controls after moving to location.
11/17/2024 19:25:35 [Information] Stepper Motor Controller Stopwatch Stopped.
11/17/2024 19:25:35 [Information] Stepper Motor Controller Timer Stopped.
11/17/2024 19:25:35 [Information] Stepper Motor Controller Stopwatch Reset.
11/17/2024 19:25:35 [Information] Stepper Motor Controller Enable Y Axis controls after moving to location.
11/17/2024 19:25:35 [Information] Stepper Motor Controller Stopwatch Stopped.
11/17/2024 19:25:35 [Information] Stepper Motor Controller Timer Stopped.
11/17/2024 19:25:35 [Information] Stepper Motor Controller Stopwatch Reset.
11/17/2024 19:25:35 [Information] Stepper Motor Controller Enable Y Axis controls after moving to location.
11/17/2024 19:25:35 [Information] Stepper Motor Controller Stopwatch Stopped.
11/17/2024 19:25:35 [Information] Stepper Motor Controller Timer Stopped.
11/17/2024 19:25:35 [Information] Stepper Motor Controller Stopwatch Reset.
11/17/2024 19:25:35 [Information] Stepper Motor Controller Enable Y Axis controls after moving to location.
11/17/2024 19:25:35 [Information] Stepper Motor Controller Stopwatch Stopped.
11/17/2024 19:25:35 [Information] Stepper Motor Controller Timer Stopped.
11/17/2024 19:25:35 [Information] Stepper Motor Controller Stopwatch Reset.
11/17/2024 19:25:35 [Information] Stepper Motor Controller Enable Y Axis controls after moving to location.
11/17/2024 19:25:35 [Information] Stepper Motor Controller Stopwatch Stopped.
11/17/2024 19:25:35 [Information] Stepper Motor Controller Timer Stopped.
11/17/2024 19:25:35 [Information] Stepper Motor Controller Stopwatch Reset.
11/17/2024 19:25:35 [Information] Stepper Motor Controller Enable Y Axis controls after moving to location.
11/17/2024 19:25:35 [Information] Stepper Motor Controller Stopwatch Stopped.
11/17/2024 19:25:35 [Information] Stepper Motor Controller Timer Stopped.
11/17/2024 19:25:35 [Information] Stepper Motor Controller Stopwatch Reset.
11/17/2024 19:25:35 [Information] Stepper Motor Controller Enable Y Axis controls after moving to location.
11/17/2024 19:25:35 [Information] Stepper Motor Controller Stopwatch Stopped.
11/17/2024 19:25:35 [Information] Stepper Motor Controller Timer Stopped.
11/17/2024 19:25:35 [Information] Stepper Motor Controller Stopwatch Reset.
11/17/2024 19:25:36 [Information] Stepper Motor Controller Enable Y Axis controls after moving to location.
11/17/2024 19:25:36 [Information] Stepper Motor Controller Stopwatch Stopped.
11/17/2024 19:25:36 [Information] Stepper Motor Controller Timer Stopped.
11/17/2024 19:25:36 [Information] Stepper Motor Controller Stopwatch Reset.
11/17/2024 19:25:36 [Information] Stepper Motor Controller Enable Y Axis controls after moving to location.
11/17/2024 19:25:36 [Information] Stepper Motor Controller Stopwatch Stopped.
11/17/2024 19:25:36 [Information] Stepper Motor Controller Timer Stopped.
11/17/2024 19:25:36 [Information] Stepper Motor Controller Stopwatch Reset.
11/17/2024 19:25:36 [Information] Stepper Motor Controller Enable Y Axis controls after moving to location.
11/17/2024 19:25:36 [Information] Stepper Motor Controller Stopwatch Stopped.
11/17/2024 19:25:36 [Information] Stepper Motor Controller Timer Stopped.
11/17/2024 19:25:36 [Information] Stepper Motor Controller Stopwatch Reset.
11/17/2024 19:25:36 [Information] Stepper Motor Controller Enable Y Axis controls after moving to location.
11/17/2024 19:25:36 [Information] Stepper Motor Controller Stopwatch Stopped.
11/17/2024 19:25:36 [Information] Stepper Motor Controller Timer Stopped.
11/17/2024 19:25:36 [Information] Stepper Motor Controller Stopwatch Reset.
11/17/2024 19:25:36 [Information] Stepper Motor Controller Enable Y Axis controls after moving to location.
11/17/2024 19:25:36 [Information] Stepper Motor Controller Stopwatch Stopped.
11/17/2024 19:25:36 [Information] Stepper Motor Controller Timer Stopped.
11/17/2024 19:25:36 [Information] Stepper Motor Controller Stopwatch Reset.
11/17/2024 19:25:36 [Information] Stepper Motor Controller Enable Y Axis controls after moving to location.
11/17/2024 19:25:36 [Information] Stepper Motor Controller Stopwatch Stopped.
11/17/2024 19:25:36 [Information] Stepper Motor Controller Timer Stopped.
11/17/2024 19:25:36 [Information] Stepper Motor Controller Stopwatch Reset.
11/17/2024 19:25:36 [Information] Stepper Motor Controller Enable Y Axis controls after moving to location.
11/17/2024 19:25:36 [Information] Stepper Motor Controller Stopwatch Stopped.
11/17/2024 19:25:36 [Information] Stepper Motor Controller Timer Stopped.
11/17/2024 19:25:36 [Information] Stepper Motor Controller Stopwatch Reset.
11/17/2024 19:25:36 [Information] Stepper Motor Controller Enable Y Axis controls after moving to location.
11/17/2024 19:25:36 [Information] Stepper Motor Controller Stopwatch Stopped.
11/17/2024 19:25:36 [Information] Stepper Motor Controller Timer Stopped.
11/17/2024 19:25:36 [Information] Stepper Motor Controller Stopwatch Reset.
11/17/2024 19:25:36 [Information] Stepper Motor Controller Enable Y Axis controls after moving to location.
11/17/2024 19:25:36 [Information] Stepper Motor Controller Stopwatch Stopped.
11/17/2024 19:25:36 [Information] Stepper Motor Controller Timer Stopped.
11/17/2024 19:25:36 [Information] Stepper Motor Controller Stopwatch Reset.
11/17/2024 19:25:36 [Information] Stepper Motor Controller Enable Y Axis controls after moving to location.
11/17/2024 19:25:36 [Information] Stepper Motor Controller Stopwatch Stopped.
11/17/2024 19:25:36 [Information] Stepper Motor Controller Timer Stopped.
11/17/2024 19:25:36 [Information] Stepper Motor Controller Stopwatch Reset.
11/17/2024 19:25:36 [Information] Stepper Motor Controller Enable Y Axis controls after moving to location.
11/17/2024 19:25:36 [Information] Stepper Motor Controller Stopwatch Stopped.
11/17/2024 19:25:36 [Information] Stepper Motor Controller Timer Stopped.
11/17/2024 19:25:36 [Information] Stepper Motor Controller Stopwatch Reset.
11/17/2024 19:25:36 [Information] Stepper Motor Controller Enable Y Axis controls after moving to location.
11/17/2024 19:25:36 [Information] Stepper Motor Controller Stopwatch Stopped.
11/17/2024 19:25:36 [Information] Stepper Motor Controller Timer Stopped.
11/17/2024 19:25:36 [Information] Stepper Motor Controller Stopwatch Reset.
11/17/2024 19:25:36 [Information] Stepper Motor Controller Enable Y Axis controls after moving to location.
11/17/2024 19:25:36 [Information] Stepper Motor Controller Stopwatch Stopped.
11/17/2024 19:25:36 [Information] Stepper Motor Controller Timer Stopped.
11/17/2024 19:25:36 [Information] Stepper Motor Controller Stopwatch Reset.
11/17/2024 19:25:36 [Information] Stepper Motor Controller Enable Y Axis controls after moving to location.
11/17/2024 19:25:36 [Information] Stepper Motor Controller Stopwatch Stopped.
11/17/2024 19:25:36 [Information] Stepper Motor Controller Timer Stopped.
11/17/2024 19:25:36 [Information] Stepper Motor Controller Stopwatch Reset.
11/17/2024 19:25:37 [Information] Stepper Motor Controller Enable Y Axis controls after moving to location.
11/17/2024 19:25:37 [Information] Stepper Motor Controller Stopwatch Stopped.
11/17/2024 19:25:37 [Information] Stepper Motor Controller Timer Stopped.
11/17/2024 19:25:37 [Information] Stepper Motor Controller Stopwatch Reset.
11/17/2024 19:25:37 [Information] Stepper Motor Controller Enable Y Axis controls after moving to location.
11/17/2024 19:25:37 [Information] Stepper Motor Controller Stopwatch Stopped.
11/17/2024 19:25:37 [Information] Stepper Motor Controller Timer Stopped.
11/17/2024 19:25:37 [Information] Stepper Motor Controller Stopwatch Reset.
11/17/2024 19:25:37 [Information] Stepper Motor Controller Enable Y Axis controls after moving to location.
11/17/2024 19:25:37 [Information] Stepper Motor Controller Stopwatch Stopped.
11/17/2024 19:25:37 [Information] Stepper Motor Controller Timer Stopped.
11/17/2024 19:25:37 [Information] Stepper Motor Controller Stopwatch Reset.
11/17/2024 19:25:37 [Information] Stepper Motor Controller Enable Y Axis controls after moving to location.
11/17/2024 19:25:37 [Information] Stepper Motor Controller Stopwatch Stopped.
11/17/2024 19:25:37 [Information] Stepper Motor Controller Timer Stopped.
11/17/2024 19:25:37 [Information] Stepper Motor Controller Stopwatch Reset.
11/17/2024 19:25:37 [Information] Stepper Motor Controller Enable Y Axis controls after moving to location.
11/17/2024 19:25:37 [Information] Stepper Motor Controller Stopwatch Stopped.
11/17/2024 19:25:37 [Information] Stepper Motor Controller Timer Stopped.
11/17/2024 19:25:37 [Information] Stepper Motor Controller Stopwatch Reset.
11/17/2024 19:25:37 [Information] Stepper Motor Controller Enable Y Axis controls after moving to location.
11/17/2024 19:25:37 [Information] Stepper Motor Controller Stopwatch Stopped.
11/17/2024 19:25:37 [Information] Stepper Motor Controller Timer Stopped.
11/17/2024 19:25:37 [Information] Stepper Motor Controller Stopwatch Reset.
11/17/2024 19:25:37 [Information] Stepper Motor Controller Enable Y Axis controls after moving to location.
11/17/2024 19:25:37 [Information] Stepper Motor Controller Stopwatch Stopped.
11/17/2024 19:25:37 [Information] Stepper Motor Controller Timer Stopped.
11/17/2024 19:25:37 [Information] Stepper Motor Controller Stopwatch Reset.
11/17/2024 19:25:37 [Information] Stepper Motor Controller Enable Y Axis controls after moving to location.
11/17/2024 19:25:37 [Information] Stepper Motor Controller Stopwatch Stopped.
11/17/2024 19:25:37 [Information] Stepper Motor Controller Timer Stopped.
11/17/2024 19:25:37 [Information] Stepper Motor Controller Stopwatch Reset.
11/17/2024 19:25:37 [Information] Stepper Motor Controller Enable Y Axis controls after moving to location.
11/17/2024 19:25:37 [Information] Stepper Motor Controller Stopwatch Stopped.
11/17/2024 19:25:37 [Information] Stepper Motor Controller Timer Stopped.
11/17/2024 19:25:37 [Information] Stepper Motor Controller Stopwatch Reset.
11/17/2024 19:25:37 [Information] Stepper Motor Controller Enable Y Axis controls after moving to location.
11/17/2024 19:25:37 [Information] Stepper Motor Controller Stopwatch Stopped.
11/17/2024 19:25:37 [Information] Stepper Motor Controller Timer Stopped.
11/17/2024 19:25:37 [Information] Stepper Motor Controller Stopwatch Reset.
11/17/2024 19:25:37 [Information] Stepper Motor Controller Enable Y Axis controls after moving to location.
11/17/2024 19:25:37 [Information] Stepper Motor Controller Stopwatch Stopped.
11/17/2024 19:25:37 [Information] Stepper Motor Controller Timer Stopped.
11/17/2024 19:25:37 [Information] Stepper Motor Controller Stopwatch Reset.
11/17/2024 19:25:37 [Information] Stepper Motor Controller Enable Y Axis controls after moving to location.
11/17/2024 19:25:37 [Information] Stepper Motor Controller Stopwatch Stopped.
11/17/2024 19:25:37 [Information] Stepper Motor Controller Timer Stopped.
11/17/2024 19:25:37 [Information] Stepper Motor Controller Stopwatch Reset.
11/17/2024 19:25:37 [Information] Stepper Motor Controller Enable Y Axis controls after moving to location.
11/17/2024 19:25:37 [Information] Stepper Motor Controller Stopwatch Stopped.
11/17/2024 19:25:37 [Information] Stepper Motor Controller Timer Stopped.
11/17/2024 19:25:37 [Information] Stepper Motor Controller Stopwatch Reset.
11/17/2024 19:25:37 [Information] Stepper Motor Controller Enable Y Axis controls after moving to location.
11/17/2024 19:25:37 [Information] Stepper Motor Controller Stopwatch Stopped.
11/17/2024 19:25:37 [Information] Stepper Motor Controller Timer Stopped.
11/17/2024 19:25:37 [Information] Stepper Motor Controller Stopwatch Reset.
11/17/2024 19:25:38 [Information] Stepper Motor Controller Enable Y Axis controls after moving to location.
11/17/2024 19:25:38 [Information] Stepper Motor Controller Stopwatch Stopped.
11/17/2024 19:25:38 [Information] Stepper Motor Controller Timer Stopped.
11/17/2024 19:25:38 [Information] Stepper Motor Controller Stopwatch Reset.
11/17/2024 19:25:38 [Information] Stepper Motor Controller Enable Y Axis controls after moving to location.
11/17/2024 19:25:38 [Information] Stepper Motor Controller Stopwatch Stopped.
11/17/2024 19:25:38 [Information] Stepper Motor Controller Timer Stopped.
11/17/2024 19:25:38 [Information] Stepper Motor Controller Stopwatch Reset.
11/17/2024 19:25:38 [Information] Stepper Motor Controller Enable Y Axis controls after moving to location.
11/17/2024 19:25:38 [Information] Stepper Motor Controller Stopwatch Stopped.
11/17/2024 19:25:38 [Information] Stepper Motor Controller Timer Stopped.
11/17/2024 19:25:38 [Information] Stepper Motor Controller Stopwatch Reset.
11/17/2024 19:25:38 [Information] Stepper Motor Controller Enable Y Axis controls after moving to location.
11/17/2024 19:25:38 [Information] Stepper Motor Controller Stopwatch Stopped.
11/17/2024 19:25:38 [Information] Stepper Motor Controller Timer Stopped.
11/17/2024 19:25:38 [Information] Stepper Motor Controller Stopwatch Reset.
11/17/2024 19:25:38 [Information] Stepper Motor Controller Enable Y Axis controls after moving to location.
11/17/2024 19:25:38 [Information] Stepper Motor Controller Stopwatch Stopped.
11/17/2024 19:25:38 [Information] Stepper Motor Controller Timer Stopped.
11/17/2024 19:25:38 [Information] Stepper Motor Controller Stopwatch Reset.
11/17/2024 19:25:38 [Information] Stepper Motor Controller Enable Y Axis controls after moving to location.
11/17/2024 19:25:38 [Information] Stepper Motor Controller Stopwatch Stopped.
11/17/2024 19:25:38 [Information] Stepper Motor Controller Timer Stopped.
11/17/2024 19:25:38 [Information] Stepper Motor Controller Stopwatch Reset.
11/17/2024 19:25:38 [Information] Stepper Motor Controller Enable Y Axis controls after moving to location.
11/17/2024 19:25:38 [Information] Stepper Motor Controller Stopwatch Stopped.
11/17/2024 19:25:38 [Information] Stepper Motor Controller Timer Stopped.
11/17/2024 19:25:38 [Information] Stepper Motor Controller Stopwatch Reset.
11/17/2024 19:25:38 [Information] Stepper Motor Controller Enable Y Axis controls after moving to location.
11/17/2024 19:25:38 [Information] Stepper Motor Controller Stopwatch Stopped.
11/17/2024 19:25:38 [Information] Stepper Motor Controller Timer Stopped.
11/17/2024 19:25:38 [Information] Stepper Motor Controller Stopwatch Reset.
11/17/2024 19:25:38 [Information] Stepper Motor Controller Enable Y Axis controls after moving to location.
11/17/2024 19:25:38 [Information] Stepper Motor Controller Stopwatch Stopped.
11/17/2024 19:25:38 [Information] Stepper Motor Controller Timer Stopped.
11/17/2024 19:25:38 [Information] Stepper Motor Controller Stopwatch Reset.
11/17/2024 19:25:38 [Information] Stepper Motor Controller Enable Y Axis controls after moving to location.
11/17/2024 19:25:38 [Information] Stepper Motor Controller Stopwatch Stopped.
11/17/2024 19:25:38 [Information] Stepper Motor Controller Timer Stopped.
11/17/2024 19:25:38 [Information] Stepper Motor Controller Stopwatch Reset.
11/17/2024 19:25:38 [Information] Stepper Motor Controller Enable Y Axis controls after moving to location.
11/17/2024 19:25:38 [Information] Stepper Motor Controller Stopwatch Stopped.
11/17/2024 19:25:38 [Information] Stepper Motor Controller Timer Stopped.
11/17/2024 19:25:38 [Information] Stepper Motor Controller Stopwatch Reset.
11/17/2024 19:25:38 [Information] Stepper Motor Controller Enable Y Axis controls after moving to location.
11/17/2024 19:25:38 [Information] Stepper Motor Controller Stopwatch Stopped.
11/17/2024 19:25:38 [Information] Stepper Motor Controller Timer Stopped.
11/17/2024 19:25:38 [Information] Stepper Motor Controller Stopwatch Reset.
11/17/2024 19:25:38 [Information] Stepper Motor Controller Enable Y Axis controls after moving to location.
11/17/2024 19:25:38 [Information] Stepper Motor Controller Stopwatch Stopped.
11/17/2024 19:25:38 [Information] Stepper Motor Controller Timer Stopped.
11/17/2024 19:25:38 [Information] Stepper Motor Controller Stopwatch Reset.
11/17/2024 19:25:38 [Information] Stepper Motor Controller Enable Y Axis controls after moving to location.
11/17/2024 19:25:38 [Information] Stepper Motor Controller Stopwatch Stopped.
11/17/2024 19:25:38 [Information] Stepper Motor Controller Timer Stopped.
11/17/2024 19:25:38 [Information] Stepper Motor Controller Stopwatch Reset.
11/17/2024 19:25:39 [Information] Stepper Motor Controller Enable Y Axis controls after moving to location.
11/17/2024 19:25:39 [Information] Stepper Motor Controller Stopwatch Stopped.
11/17/2024 19:25:39 [Information] Stepper Motor Controller Timer Stopped.
11/17/2024 19:25:39 [Information] Stepper Motor Controller Stopwatch Reset.
11/17/2024 19:25:39 [Information] Stepper Motor Controller Enable Y Axis controls after moving to location.
11/17/2024 19:25:39 [Information] Stepper Motor Controller Stopwatch Stopped.
11/17/2024 19:25:39 [Information] Stepper Motor Controller Timer Stopped.
11/17/2024 19:25:39 [Information] Stepper Motor Controller Stopwatch Reset.
11/17/2024 19:25:39 [Information] Stepper Motor Controller Enable Y Axis controls after moving to location.
11/17/2024 19:25:39 [Information] Stepper Motor Controller Stopwatch Stopped.
11/17/2024 19:25:39 [Information] Stepper Motor Controller Timer Stopped.
11/17/2024 19:25:39 [Information] Stepper Motor Controller Stopwatch Reset.
11/17/2024 19:25:39 [Information] Stepper Motor Controller Enable Y Axis controls after moving to location.
11/17/2024 19:25:39 [Information] Stepper Motor Controller Stopwatch Stopped.
11/17/2024 19:25:39 [Information] Stepper Motor Controller Timer Stopped.
11/17/2024 19:25:39 [Information] Stepper Motor Controller Stopwatch Reset.
11/17/2024 19:25:39 [Information] Stepper Motor Controller Enable Y Axis controls after moving to location.
11/17/2024 19:25:39 [Information] Stepper Motor Controller Stopwatch Stopped.
11/17/2024 19:25:39 [Information] Stepper Motor Controller Timer Stopped.
11/17/2024 19:25:39 [Information] Stepper Motor Controller Stopwatch Reset.
11/17/2024 19:25:39 [Information] Stepper Motor Controller Enable Y Axis controls after moving to location.
11/17/2024 19:25:39 [Information] Stepper Motor Controller Stopwatch Stopped.
11/17/2024 19:25:39 [Information] Stepper Motor Controller Timer Stopped.
11/17/2024 19:25:39 [Information] Stepper Motor Controller Stopwatch Reset.
11/17/2024 19:25:39 [Information] Stepper Motor Controller Enable Y Axis controls after moving to location.
11/17/2024 19:25:39 [Information] Stepper Motor Controller Stopwatch Stopped.
11/17/2024 19:25:39 [Information] Stepper Motor Controller Timer Stopped.
11/17/2024 19:25:39 [Information] Stepper Motor Controller Stopwatch Reset.
11/17/2024 19:25:39 [Information] Stepper Motor Controller Enable Y Axis controls after moving to location.
11/17/2024 19:25:39 [Information] Stepper Motor Controller Stopwatch Stopped.
11/17/2024 19:25:39 [Information] Stepper Motor Controller Timer Stopped.
11/17/2024 19:25:39 [Information] Stepper Motor Controller Stopwatch Reset.
11/17/2024 19:25:39 [Information] Stepper Motor Controller Enable Y Axis controls after moving to location.
11/17/2024 19:25:39 [Information] Stepper Motor Controller Stopwatch Stopped.
11/17/2024 19:25:39 [Information] Stepper Motor Controller Timer Stopped.
11/17/2024 19:25:39 [Information] Stepper Motor Controller Stopwatch Reset.
11/17/2024 19:25:39 [Information] Stepper Motor Controller Enable Y Axis controls after moving to location.
11/17/2024 19:25:39 [Information] Stepper Motor Controller Stopwatch Stopped.
11/17/2024 19:25:39 [Information] Stepper Motor Controller Timer Stopped.
11/17/2024 19:25:39 [Information] Stepper Motor Controller Stopwatch Reset.
11/17/2024 19:25:39 [Information] Stepper Motor Controller Enable Y Axis controls after moving to location.
11/17/2024 19:25:39 [Information] Stepper Motor Controller Stopwatch Stopped.
11/17/2024 19:25:39 [Information] Stepper Motor Controller Timer Stopped.
11/17/2024 19:25:39 [Information] Stepper Motor Controller Stopwatch Reset.
11/17/2024 19:25:39 [Information] Stepper Motor Controller Enable Y Axis controls after moving to location.
11/17/2024 19:25:39 [Information] Stepper Motor Controller Stopwatch Stopped.
11/17/2024 19:25:39 [Information] Stepper Motor Controller Timer Stopped.
11/17/2024 19:25:39 [Information] Stepper Motor Controller Stopwatch Reset.
11/17/2024 19:25:39 [Information] Stepper Motor Controller Enable Y Axis controls after moving to location.
11/17/2024 19:25:39 [Information] Stepper Motor Controller Stopwatch Stopped.
11/17/2024 19:25:39 [Information] Stepper Motor Controller Timer Stopped.
11/17/2024 19:25:39 [Information] Stepper Motor Controller Stopwatch Reset.
11/17/2024 19:25:39 [Information] Stepper Motor Controller Enable Y Axis controls after moving to location.
11/17/2024 19:25:39 [Information] Stepper Motor Controller Stopwatch Stopped.
11/17/2024 19:25:39 [Information] Stepper Motor Controller Timer Stopped.
11/17/2024 19:25:39 [Information] Stepper Motor Controller Stopwatch Reset.
11/17/2024 19:25:39 [Information] Stepper Motor Controller Enable Y Axis controls after moving to location.
11/17/2024 19:25:39 [Information] Stepper Motor Controller Stopwatch Stopped.
11/17/2024 19:25:39 [Information] Stepper Motor Controller Timer Stopped.
11/17/2024 19:25:39 [Information] Stepper Motor Controller Stopwatch Reset.
11/17/2024 19:25:39 [Information] Stepper Motor Controller Enable Y Axis controls after moving to location.
11/17/2024 19:25:39 [Information] Stepper Motor Controller Stopwatch Stopped.
11/17/2024 19:25:39 [Information] Stepper Motor Controller Timer Stopped.
11/17/2024 19:25:39 [Information] Stepper Motor Controller Stopwatch Reset.
11/17/2024 19:25:40 [Information] Stepper Motor Controller Enable Y Axis controls after moving to location.
11/17/2024 19:25:40 [Information] Stepper Motor Controller Stopwatch Stopped.
11/17/2024 19:25:40 [Information] Stepper Motor Controller Timer Stopped.
11/17/2024 19:25:40 [Information] Stepper Motor Controller Stopwatch Reset.
11/17/2024 19:25:40 [Information] Stepper Motor Controller Enable Y Axis controls after moving to location.
11/17/2024 19:25:40 [Information] Stepper Motor Controller Stopwatch Stopped.
11/17/2024 19:25:40 [Information] Stepper Motor Controller Timer Stopped.
11/17/2024 19:25:40 [Information] Stepper Motor Controller Stopwatch Reset.
11/17/2024 19:25:40 [Information] Stepper Motor Controller Enable Y Axis controls after moving to location.
11/17/2024 19:25:40 [Information] Stepper Motor Controller Stopwatch Stopped.
11/17/2024 19:25:40 [Information] Stepper Motor Controller Timer Stopped.
11/17/2024 19:25:40 [Information] Stepper Motor Controller Stopwatch Reset.
11/17/2024 19:25:40 [Information] Stepper Motor Controller Enable Y Axis controls after moving to location.
11/17/2024 19:25:40 [Information] Stepper Motor Controller Stopwatch Stopped.
11/17/2024 19:25:40 [Information] Stepper Motor Controller Timer Stopped.
11/17/2024 19:25:40 [Information] Stepper Motor Controller Stopwatch Reset.
11/17/2024 19:25:40 [Information] Stepper Motor Controller Enable Y Axis controls after moving to location.
11/17/2024 19:25:40 [Information] Stepper Motor Controller Stopwatch Stopped.
11/17/2024 19:25:40 [Information] Stepper Motor Controller Timer Stopped.
11/17/2024 19:25:40 [Information] Stepper Motor Controller Stopwatch Reset.
11/17/2024 19:25:40 [Information] Stepper Motor Controller Enable Y Axis controls after moving to location.
11/17/2024 19:25:40 [Information] Stepper Motor Controller Stopwatch Stopped.
11/17/2024 19:25:40 [Information] Stepper Motor Controller Timer Stopped.
11/17/2024 19:25:40 [Information] Stepper Motor Controller Stopwatch Reset.
11/17/2024 19:25:40 [Information] Stepper Motor Controller Enable Y Axis controls after moving to location.
11/17/2024 19:25:40 [Information] Stepper Motor Controller Stopwatch Stopped.
11/17/2024 19:25:40 [Information] Stepper Motor Controller Timer Stopped.
11/17/2024 19:25:40 [Information] Stepper Motor Controller Stopwatch Reset.
11/17/2024 19:25:40 [Information] Stepper Motor Controller Enable Y Axis controls after moving to location.
11/17/2024 19:25:40 [Information] Stepper Motor Controller Stopwatch Stopped.
11/17/2024 19:25:40 [Information] Stepper Motor Controller Timer Stopped.
11/17/2024 19:25:40 [Information] Stepper Motor Controller Stopwatch Reset.
11/17/2024 19:25:40 [Information] Stepper Motor Controller Enable Y Axis controls after moving to location.
11/17/2024 19:25:40 [Information] Stepper Motor Controller Stopwatch Stopped.
11/17/2024 19:25:40 [Information] Stepper Motor Controller Timer Stopped.
11/17/2024 19:25:40 [Information] Stepper Motor Controller Stopwatch Reset.
11/17/2024 19:25:40 [Information] Stepper Motor Controller Enable Y Axis controls after moving to location.
11/17/2024 19:25:40 [Information] Stepper Motor Controller Stopwatch Stopped.
11/17/2024 19:25:40 [Information] Stepper Motor Controller Timer Stopped.
11/17/2024 19:25:40 [Information] Stepper Motor Controller Stopwatch Reset.
11/17/2024 19:25:40 [Information] Stepper Motor Controller Enable Y Axis controls after moving to location.
11/17/2024 19:25:40 [Information] Stepper Motor Controller Stopwatch Stopped.
11/17/2024 19:25:40 [Information] Stepper Motor Controller Timer Stopped.
11/17/2024 19:25:40 [Information] Stepper Motor Controller Stopwatch Reset.
11/17/2024 19:25:40 [Information] Stepper Motor Controller Enable Y Axis controls after moving to location.
11/17/2024 19:25:40 [Information] Stepper Motor Controller Stopwatch Stopped.
11/17/2024 19:25:40 [Information] Stepper Motor Controller Timer Stopped.
11/17/2024 19:25:40 [Information] Stepper Motor Controller Stopwatch Reset.
11/17/2024 19:25:40 [Information] Stepper Motor Controller Enable Y Axis controls after moving to location.
11/17/2024 19:25:40 [Information] Stepper Motor Controller Stopwatch Stopped.
11/17/2024 19:25:40 [Information] Stepper Motor Controller Timer Stopped.
11/17/2024 19:25:40 [Information] Stepper Motor Controller Stopwatch Reset.
11/17/2024 19:25:41 [Information] Stepper Motor Controller Enable Y Axis controls after moving to location.
11/17/2024 19:25:41 [Information] Stepper Motor Controller Stopwatch Stopped.
11/17/2024 19:25:41 [Information] Stepper Motor Controller Timer Stopped.
11/17/2024 19:25:41 [Information] Stepper Motor Controller Stopwatch Reset.
11/17/2024 19:25:41 [Information] Stepper Motor Controller Enable Y Axis controls after moving to location.
11/17/2024 19:25:41 [Information] Stepper Motor Controller Stopwatch Stopped.
11/17/2024 19:25:41 [Information] Stepper Motor Controller Timer Stopped.
11/17/2024 19:25:41 [Information] Stepper Motor Controller Stopwatch Reset.
11/17/2024 19:25:41 [Information] Stepper Motor Controller Enable Y Axis controls after moving to location.
11/17/2024 19:25:41 [Information] Stepper Motor Controller Stopwatch Stopped.
11/17/2024 19:25:41 [Information] Stepper Motor Controller Timer Stopped.
11/17/2024 19:25:41 [Information] Stepper Motor Controller Stopwatch Reset.
11/17/2024 19:25:41 [Information] Stepper Motor Controller Enable Y Axis controls after moving to location.
11/17/2024 19:25:41 [Information] Stepper Motor Controller Stopwatch Stopped.
11/17/2024 19:25:41 [Information] Stepper Motor Controller Timer Stopped.
11/17/2024 19:25:41 [Information] Stepper Motor Controller Stopwatch Reset.
11/17/2024 19:25:41 [Information] Stepper Motor Controller Enable Y Axis controls after moving to location.
11/17/2024 19:25:41 [Information] Stepper Motor Controller Stopwatch Stopped.
11/17/2024 19:25:41 [Information] Stepper Motor Controller Timer Stopped.
11/17/2024 19:25:41 [Information] Stepper Motor Controller Stopwatch Reset.
11/17/2024 19:25:41 [Information] Stepper Motor Controller Enable Y Axis controls after moving to location.
11/17/2024 19:25:41 [Information] Stepper Motor Controller Stopwatch Stopped.
11/17/2024 19:25:41 [Information] Stepper Motor Controller Timer Stopped.
11/17/2024 19:25:41 [Information] Stepper Motor Controller Stopwatch Reset.
11/17/2024 19:25:41 [Information] Stepper Motor Controller Enable Y Axis controls after moving to location.
11/17/2024 19:25:41 [Information] Stepper Motor Controller Stopwatch Stopped.
11/17/2024 19:25:41 [Information] Stepper Motor Controller Timer Stopped.
11/17/2024 19:25:41 [Information] Stepper Motor Controller Stopwatch Reset.
11/17/2024 19:25:41 [Information] Stepper Motor Controller Enable Y Axis controls after moving to location.
11/17/2024 19:25:41 [Information] Stepper Motor Controller Stopwatch Stopped.
11/17/2024 19:25:41 [Information] Stepper Motor Controller Timer Stopped.
11/17/2024 19:25:41 [Information] Stepper Motor Controller Stopwatch Reset.
11/17/2024 19:25:41 [Information] Stepper Motor Controller Enable Y Axis controls after moving to location.
11/17/2024 19:25:41 [Information] Stepper Motor Controller Stopwatch Stopped.
11/17/2024 19:25:41 [Information] Stepper Motor Controller Timer Stopped.
11/17/2024 19:25:41 [Information] Stepper Motor Controller Stopwatch Reset.
11/17/2024 19:25:41 [Information] Stepper Motor Controller Enable Y Axis controls after moving to location.
11/17/2024 19:25:41 [Information] Stepper Motor Controller Stopwatch Stopped.
11/17/2024 19:25:41 [Information] Stepper Motor Controller Timer Stopped.
11/17/2024 19:25:41 [Information] Stepper Motor Controller Stopwatch Reset.
11/17/2024 19:25:41 [Information] Stepper Motor Controller Enable Y Axis controls after moving to location.
11/17/2024 19:25:41 [Information] Stepper Motor Controller Stopwatch Stopped.
11/17/2024 19:25:41 [Information] Stepper Motor Controller Timer Stopped.
11/17/2024 19:25:41 [Information] Stepper Motor Controller Stopwatch Reset.
11/17/2024 19:25:41 [Information] Stepper Motor Controller Enable Y Axis controls after moving to location.
11/17/2024 19:25:41 [Information] Stepper Motor Controller Stopwatch Stopped.
11/17/2024 19:25:41 [Information] Stepper Motor Controller Timer Stopped.
11/17/2024 19:25:41 [Information] Stepper Motor Controller Stopwatch Reset.
11/17/2024 19:25:41 [Information] Stepper Motor Controller Enable Y Axis controls after moving to location.
11/17/2024 19:25:41 [Information] Stepper Motor Controller Stopwatch Stopped.
11/17/2024 19:25:41 [Information] Stepper Motor Controller Timer Stopped.
11/17/2024 19:25:41 [Information] Stepper Motor Controller Stopwatch Reset.
11/17/2024 19:25:41 [Information] Stepper Motor Controller Enable Y Axis controls after moving to location.
11/17/2024 19:25:41 [Information] Stepper Motor Controller Stopwatch Stopped.
11/17/2024 19:25:41 [Information] Stepper Motor Controller Timer Stopped.
11/17/2024 19:25:41 [Information] Stepper Motor Controller Stopwatch Reset.
11/17/2024 19:25:41 [Information] Stepper Motor Controller Enable Y Axis controls after moving to location.
11/17/2024 19:25:41 [Information] Stepper Motor Controller Stopwatch Stopped.
11/17/2024 19:25:41 [Information] Stepper Motor Controller Timer Stopped.
11/17/2024 19:25:41 [Information] Stepper Motor Controller Stopwatch Reset.
11/17/2024 19:25:41 [Information] Stepper Motor Controller Enable Y Axis controls after moving to location.
11/17/2024 19:25:41 [Information] Stepper Motor Controller Stopwatch Stopped.
11/17/2024 19:25:41 [Information] Stepper Motor Controller Timer Stopped.
11/17/2024 19:25:41 [Information] Stepper Motor Controller Stopwatch Reset.
11/17/2024 19:25:41 [Information] Stepper Motor Controller Enable Y Axis controls after moving to location.
11/17/2024 19:25:41 [Information] Stepper Motor Controller Stopwatch Stopped.
11/17/2024 19:25:41 [Information] Stepper Motor Controller Timer Stopped.
11/17/2024 19:25:41 [Information] Stepper Motor Controller Stopwatch Reset.
11/17/2024 19:25:41 [Information] Stepper Motor Controller Enable Y Axis controls after moving to location.
11/17/2024 19:25:41 [Information] Stepper Motor Controller Stopwatch Stopped.
11/17/2024 19:25:41 [Information] Stepper Motor Controller Timer Stopped.
11/17/2024 19:25:41 [Information] Stepper Motor Controller Stopwatch Reset.
11/17/2024 19:25:42 [Information] Stepper Motor Controller Enable Y Axis controls after moving to location.
11/17/2024 19:25:42 [Information] Stepper Motor Controller Stopwatch Stopped.
11/17/2024 19:25:42 [Information] Stepper Motor Controller Timer Stopped.
11/17/2024 19:25:42 [Information] Stepper Motor Controller Stopwatch Reset.
11/17/2024 19:25:42 [Information] Stepper Motor Controller Enable Y Axis controls after moving to location.
11/17/2024 19:25:42 [Information] Stepper Motor Controller Stopwatch Stopped.
11/17/2024 19:25:42 [Information] Stepper Motor Controller Timer Stopped.
11/17/2024 19:25:42 [Information] Stepper Motor Controller Stopwatch Reset.
11/17/2024 19:25:42 [Information] Stepper Motor Controller Enable Y Axis controls after moving to location.
11/17/2024 19:25:42 [Information] Stepper Motor Controller Stopwatch Stopped.
11/17/2024 19:25:42 [Information] Stepper Motor Controller Timer Stopped.
11/17/2024 19:25:42 [Information] Stepper Motor Controller Stopwatch Reset.
11/17/2024 19:25:42 [Information] Stepper Motor Controller Enable Y Axis controls after moving to location.
11/17/2024 19:25:42 [Information] Stepper Motor Controller Stopwatch Stopped.
11/17/2024 19:25:42 [Information] Stepper Motor Controller Timer Stopped.
11/17/2024 19:25:42 [Information] Stepper Motor Controller Stopwatch Reset.
11/17/2024 19:25:42 [Information] Stepper Motor Controller Enable Y Axis controls after moving to location.
11/17/2024 19:25:42 [Information] Stepper Motor Controller Stopwatch Stopped.
11/17/2024 19:25:42 [Information] Stepper Motor Controller Timer Stopped.
11/17/2024 19:25:42 [Information] Stepper Motor Controller Stopwatch Reset.
11/17/2024 19:25:42 [Information] Stepper Motor Controller Enable Y Axis controls after moving to location.
11/17/2024 19:25:42 [Information] Stepper Motor Controller Stopwatch Stopped.
11/17/2024 19:25:42 [Information] Stepper Motor Controller Timer Stopped.
11/17/2024 19:25:42 [Information] Stepper Motor Controller Stopwatch Reset.
11/17/2024 19:25:42 [Information] Stepper Motor Controller Enable Y Axis controls after moving to location.
11/17/2024 19:25:42 [Information] Stepper Motor Controller Stopwatch Stopped.
11/17/2024 19:25:42 [Information] Stepper Motor Controller Timer Stopped.
11/17/2024 19:25:42 [Information] Stepper Motor Controller Stopwatch Reset.
11/17/2024 19:25:42 [Information] Stepper Motor Controller Enable Y Axis controls after moving to location.
11/17/2024 19:25:42 [Information] Stepper Motor Controller Stopwatch Stopped.
11/17/2024 19:25:42 [Information] Stepper Motor Controller Timer Stopped.
11/17/2024 19:25:42 [Information] Stepper Motor Controller Stopwatch Reset.
11/17/2024 19:25:42 [Information] Stepper Motor Controller Enable Y Axis controls after moving to location.
11/17/2024 19:25:42 [Information] Stepper Motor Controller Stopwatch Stopped.
11/17/2024 19:25:42 [Information] Stepper Motor Controller Timer Stopped.
11/17/2024 19:25:42 [Information] Stepper Motor Controller Stopwatch Reset.
11/17/2024 19:25:42 [Information] Stepper Motor Controller Enable Y Axis controls after moving to location.
11/17/2024 19:25:42 [Information] Stepper Motor Controller Stopwatch Stopped.
11/17/2024 19:25:42 [Information] Stepper Motor Controller Timer Stopped.
11/17/2024 19:25:42 [Information] Stepper Motor Controller Stopwatch Reset.
11/17/2024 19:25:42 [Information] Stepper Motor Controller Enable Y Axis controls after moving to location.
11/17/2024 19:25:42 [Information] Stepper Motor Controller Stopwatch Stopped.
11/17/2024 19:25:42 [Information] Stepper Motor Controller Timer Stopped.
11/17/2024 19:25:42 [Information] Stepper Motor Controller Stopwatch Reset.
11/17/2024 19:25:42 [Information] Stepper Motor Controller Enable Y Axis controls after moving to location.
11/17/2024 19:25:42 [Information] Stepper Motor Controller Stopwatch Stopped.
11/17/2024 19:25:42 [Information] Stepper Motor Controller Timer Stopped.
11/17/2024 19:25:42 [Information] Stepper Motor Controller Stopwatch Reset.
11/17/2024 19:25:42 [Information] Stepper Motor Controller Enable Y Axis controls after moving to location.
11/17/2024 19:25:42 [Information] Stepper Motor Controller Stopwatch Stopped.
11/17/2024 19:25:42 [Information] Stepper Motor Controller Timer Stopped.
11/17/2024 19:25:42 [Information] Stepper Motor Controller Stopwatch Reset.
11/17/2024 19:25:42 [Information] Stepper Motor Controller Enable Y Axis controls after moving to location.
11/17/2024 19:25:42 [Information] Stepper Motor Controller Stopwatch Stopped.
11/17/2024 19:25:42 [Information] Stepper Motor Controller Timer Stopped.
11/17/2024 19:25:42 [Information] Stepper Motor Controller Stopwatch Reset.
11/17/2024 19:25:42 [Information] Stepper Motor Controller Enable Y Axis controls after moving to location.
11/17/2024 19:25:42 [Information] Stepper Motor Controller Stopwatch Stopped.
11/17/2024 19:25:42 [Information] Stepper Motor Controller Timer Stopped.
11/17/2024 19:25:42 [Information] Stepper Motor Controller Stopwatch Reset.
11/17/2024 19:25:42 [Information] Stepper Motor Controller Enable Y Axis controls after moving to location.
11/17/2024 19:25:42 [Information] Stepper Motor Controller Stopwatch Stopped.
11/17/2024 19:25:42 [Information] Stepper Motor Controller Timer Stopped.
11/17/2024 19:25:42 [Information] Stepper Motor Controller Stopwatch Reset.
11/17/2024 19:25:42 [Information] Stepper Motor Controller Enable Y Axis controls after moving to location.
11/17/2024 19:25:42 [Information] Stepper Motor Controller Stopwatch Stopped.
11/17/2024 19:25:42 [Information] Stepper Motor Controller Timer Stopped.
11/17/2024 19:25:42 [Information] Stepper Motor Controller Stopwatch Reset.
11/17/2024 19:25:43 [Information] Stepper Motor Controller Enable Y Axis controls after moving to location.
11/17/2024 19:25:43 [Information] Stepper Motor Controller Stopwatch Stopped.
11/17/2024 19:25:43 [Information] Stepper Motor Controller Timer Stopped.
11/17/2024 19:25:43 [Information] Stepper Motor Controller Stopwatch Reset.
11/17/2024 19:25:43 [Information] Stepper Motor Controller Enable Y Axis controls after moving to location.
11/17/2024 19:25:43 [Information] Stepper Motor Controller Stopwatch Stopped.
11/17/2024 19:25:43 [Information] Stepper Motor Controller Timer Stopped.
11/17/2024 19:25:43 [Information] Stepper Motor Controller Stopwatch Reset.
11/17/2024 19:25:43 [Information] Stepper Motor Controller Enable Y Axis controls after moving to location.
11/17/2024 19:25:43 [Information] Stepper Motor Controller Stopwatch Stopped.
11/17/2024 19:25:43 [Information] Stepper Motor Controller Timer Stopped.
11/17/2024 19:25:43 [Information] Stepper Motor Controller Stopwatch Reset.
11/17/2024 19:25:43 [Information] Stepper Motor Controller Enable Y Axis controls after moving to location.
11/17/2024 19:25:43 [Information] Stepper Motor Controller Stopwatch Stopped.
11/17/2024 19:25:43 [Information] Stepper Motor Controller Timer Stopped.
11/17/2024 19:25:43 [Information] Stepper Motor Controller Stopwatch Reset.
11/17/2024 19:25:43 [Information] Stepper Motor Controller Enable Y Axis controls after moving to location.
11/17/2024 19:25:43 [Information] Stepper Motor Controller Stopwatch Stopped.
11/17/2024 19:25:43 [Information] Stepper Motor Controller Timer Stopped.
11/17/2024 19:25:43 [Information] Stepper Motor Controller Stopwatch Reset.
11/17/2024 19:25:43 [Information] Stepper Motor Controller Enable Y Axis controls after moving to location.
11/17/2024 19:25:43 [Information] Stepper Motor Controller Stopwatch Stopped.
11/17/2024 19:25:43 [Information] Stepper Motor Controller Timer Stopped.
11/17/2024 19:25:43 [Information] Stepper Motor Controller Stopwatch Reset.
11/17/2024 19:25:43 [Information] Stepper Motor Controller Enable Y Axis controls after moving to location.
11/17/2024 19:25:43 [Information] Stepper Motor Controller Stopwatch Stopped.
11/17/2024 19:25:43 [Information] Stepper Motor Controller Timer Stopped.
11/17/2024 19:25:43 [Information] Stepper Motor Controller Stopwatch Reset.
11/17/2024 19:25:43 [Information] Stepper Motor Controller Enable Y Axis controls after moving to location.
11/17/2024 19:25:43 [Information] Stepper Motor Controller Stopwatch Stopped.
11/17/2024 19:25:43 [Information] Stepper Motor Controller Timer Stopped.
11/17/2024 19:25:43 [Information] Stepper Motor Controller Stopwatch Reset.
11/17/2024 19:25:43 [Information] Stepper Motor Controller Enable Y Axis controls after moving to location.
11/17/2024 19:25:43 [Information] Stepper Motor Controller Stopwatch Stopped.
11/17/2024 19:25:43 [Information] Stepper Motor Controller Timer Stopped.
11/17/2024 19:25:43 [Information] Stepper Motor Controller Stopwatch Reset.
11/17/2024 19:25:43 [Information] Stepper Motor Controller Enable Y Axis controls after moving to location.
11/17/2024 19:25:43 [Information] Stepper Motor Controller Stopwatch Stopped.
11/17/2024 19:25:43 [Information] Stepper Motor Controller Timer Stopped.
11/17/2024 19:25:43 [Information] Stepper Motor Controller Stopwatch Reset.
11/17/2024 19:25:43 [Information] Stepper Motor Controller Enable Y Axis controls after moving to location.
11/17/2024 19:25:43 [Information] Stepper Motor Controller Stopwatch Stopped.
11/17/2024 19:25:43 [Information] Stepper Motor Controller Timer Stopped.
11/17/2024 19:25:43 [Information] Stepper Motor Controller Stopwatch Reset.
11/17/2024 19:25:44 [Information] Stepper Motor Controller Enable Y Axis controls after moving to location.
11/17/2024 19:25:44 [Information] Stepper Motor Controller Stopwatch Stopped.
11/17/2024 19:25:44 [Information] Stepper Motor Controller Timer Stopped.
11/17/2024 19:25:44 [Information] Stepper Motor Controller Stopwatch Reset.
11/17/2024 19:25:44 [Information] Stepper Motor Controller Enable Y Axis controls after moving to location.
11/17/2024 19:25:44 [Information] Stepper Motor Controller Stopwatch Stopped.
11/17/2024 19:25:44 [Information] Stepper Motor Controller Timer Stopped.
11/17/2024 19:25:44 [Information] Stepper Motor Controller Stopwatch Reset.
11/17/2024 19:25:44 [Information] Stepper Motor Controller Enable Y Axis controls after moving to location.
11/17/2024 19:25:44 [Information] Stepper Motor Controller Stopwatch Stopped.
11/17/2024 19:25:44 [Information] Stepper Motor Controller Timer Stopped.
11/17/2024 19:25:44 [Information] Stepper Motor Controller Stopwatch Reset.
11/17/2024 19:25:44 [Information] Stepper Motor Controller Enable Y Axis controls after moving to location.
11/17/2024 19:25:44 [Information] Stepper Motor Controller Stopwatch Stopped.
11/17/2024 19:25:44 [Information] Stepper Motor Controller Timer Stopped.
11/17/2024 19:25:44 [Information] Stepper Motor Controller Stopwatch Reset.
11/17/2024 19:25:44 [Information] Stepper Motor Controller Enable Y Axis controls after moving to location.
11/17/2024 19:25:44 [Information] Stepper Motor Controller Stopwatch Stopped.
11/17/2024 19:25:44 [Information] Stepper Motor Controller Timer Stopped.
11/17/2024 19:25:44 [Information] Stepper Motor Controller Stopwatch Reset.
11/17/2024 19:25:44 [Information] Stepper Motor Controller Enable Y Axis controls after moving to location.
11/17/2024 19:25:44 [Information] Stepper Motor Controller Stopwatch Stopped.
11/17/2024 19:25:44 [Information] Stepper Motor Controller Timer Stopped.
11/17/2024 19:25:44 [Information] Stepper Motor Controller Stopwatch Reset.
11/17/2024 19:25:44 [Information] Stepper Motor Controller Enable Y Axis controls after moving to location.
11/17/2024 19:25:44 [Information] Stepper Motor Controller Stopwatch Stopped.
11/17/2024 19:25:44 [Information] Stepper Motor Controller Timer Stopped.
11/17/2024 19:25:44 [Information] Stepper Motor Controller Stopwatch Reset.
11/17/2024 19:25:44 [Information] Stepper Motor Controller Enable Y Axis controls after moving to location.
11/17/2024 19:25:44 [Information] Stepper Motor Controller Stopwatch Stopped.
11/17/2024 19:25:44 [Information] Stepper Motor Controller Timer Stopped.
11/17/2024 19:25:44 [Information] Stepper Motor Controller Stopwatch Reset.
11/17/2024 19:25:44 [Information] Stepper Motor Controller Enable Y Axis controls after moving to location.
11/17/2024 19:25:44 [Information] Stepper Motor Controller Stopwatch Stopped.
11/17/2024 19:25:44 [Information] Stepper Motor Controller Timer Stopped.
11/17/2024 19:25:44 [Information] Stepper Motor Controller Stopwatch Reset.
11/17/2024 19:25:44 [Information] Stepper Motor Controller Enable Y Axis controls after moving to location.
11/17/2024 19:25:44 [Information] Stepper Motor Controller Stopwatch Stopped.
11/17/2024 19:25:44 [Information] Stepper Motor Controller Timer Stopped.
11/17/2024 19:25:44 [Information] Stepper Motor Controller Stopwatch Reset.
11/17/2024 19:25:44 [Information] Stepper Motor Controller Enable Y Axis controls after moving to location.
11/17/2024 19:25:44 [Information] Stepper Motor Controller Stopwatch Stopped.
11/17/2024 19:25:44 [Information] Stepper Motor Controller Timer Stopped.
11/17/2024 19:25:44 [Information] Stepper Motor Controller Stopwatch Reset.
11/17/2024 19:25:44 [Information] Stepper Motor Controller Enable Y Axis controls after moving to location.
11/17/2024 19:25:44 [Information] Stepper Motor Controller Stopwatch Stopped.
11/17/2024 19:25:44 [Information] Stepper Motor Controller Timer Stopped.
11/17/2024 19:25:44 [Information] Stepper Motor Controller Stopwatch Reset.
11/17/2024 19:25:44 [Information] Stepper Motor Controller Enable Y Axis controls after moving to location.
11/17/2024 19:25:44 [Information] Stepper Motor Controller Stopwatch Stopped.
11/17/2024 19:25:44 [Information] Stepper Motor Controller Timer Stopped.
11/17/2024 19:25:44 [Information] Stepper Motor Controller Stopwatch Reset.
11/17/2024 19:25:44 [Information] Stepper Motor Controller Enable Y Axis controls after moving to location.
11/17/2024 19:25:44 [Information] Stepper Motor Controller Stopwatch Stopped.
11/17/2024 19:25:44 [Information] Stepper Motor Controller Timer Stopped.
11/17/2024 19:25:44 [Information] Stepper Motor Controller Stopwatch Reset.
11/17/2024 19:25:44 [Information] Stepper Motor Controller Enable Y Axis controls after moving to location.
11/17/2024 19:25:44 [Information] Stepper Motor Controller Stopwatch Stopped.
11/17/2024 19:25:44 [Information] Stepper Motor Controller Timer Stopped.
11/17/2024 19:25:44 [Information] Stepper Motor Controller Stopwatch Reset.
11/17/2024 19:25:44 [Information] Stepper Motor Controller Enable Y Axis controls after moving to location.
11/17/2024 19:25:44 [Information] Stepper Motor Controller Stopwatch Stopped.
11/17/2024 19:25:44 [Information] Stepper Motor Controller Timer Stopped.
11/17/2024 19:25:44 [Information] Stepper Motor Controller Stopwatch Reset.
11/17/2024 19:25:44 [Information] Stepper Motor Controller Enable Y Axis controls after moving to location.
11/17/2024 19:25:44 [Information] Stepper Motor Controller Stopwatch Stopped.
11/17/2024 19:25:44 [Information] Stepper Motor Controller Timer Stopped.
11/17/2024 19:25:44 [Information] Stepper Motor Controller Stopwatch Reset.
11/17/2024 19:25:44 [Information] Stepper Motor Controller Enable Y Axis controls after moving to location.
11/17/2024 19:25:44 [Information] Stepper Motor Controller Stopwatch Stopped.
11/17/2024 19:25:44 [Information] Stepper Motor Controller Timer Stopped.
11/17/2024 19:25:44 [Information] Stepper Motor Controller Stopwatch Reset.
11/17/2024 19:25:44 [Information] Stepper Motor Controller Enable Y Axis controls after moving to location.
11/17/2024 19:25:44 [Information] Stepper Motor Controller Stopwatch Stopped.
11/17/2024 19:25:44 [Information] Stepper Motor Controller Timer Stopped.
11/17/2024 19:25:44 [Information] Stepper Motor Controller Stopwatch Reset.
11/17/2024 19:25:45 [Information] Stepper Motor Controller Enable Y Axis controls after moving to location.
11/17/2024 19:25:45 [Information] Stepper Motor Controller Stopwatch Stopped.
11/17/2024 19:25:45 [Information] Stepper Motor Controller Timer Stopped.
11/17/2024 19:25:45 [Information] Stepper Motor Controller Stopwatch Reset.
11/17/2024 19:25:45 [Information] Stepper Motor Controller Enable Y Axis controls after moving to location.
11/17/2024 19:25:45 [Information] Stepper Motor Controller Stopwatch Stopped.
11/17/2024 19:25:45 [Information] Stepper Motor Controller Timer Stopped.
11/17/2024 19:25:45 [Information] Stepper Motor Controller Stopwatch Reset.
11/17/2024 19:25:45 [Information] Stepper Motor Controller Enable Y Axis controls after moving to location.
11/17/2024 19:25:45 [Information] Stepper Motor Controller Stopwatch Stopped.
11/17/2024 19:25:45 [Information] Stepper Motor Controller Timer Stopped.
11/17/2024 19:25:45 [Information] Stepper Motor Controller Stopwatch Reset.
11/17/2024 19:25:45 [Information] Stepper Motor Controller Enable Y Axis controls after moving to location.
11/17/2024 19:25:45 [Information] Stepper Motor Controller Stopwatch Stopped.
11/17/2024 19:25:45 [Information] Stepper Motor Controller Timer Stopped.
11/17/2024 19:25:45 [Information] Stepper Motor Controller Stopwatch Reset.
11/17/2024 19:25:45 [Information] Stepper Motor Controller Enable Y Axis controls after moving to location.
11/17/2024 19:25:45 [Information] Stepper Motor Controller Stopwatch Stopped.
11/17/2024 19:25:45 [Information] Stepper Motor Controller Timer Stopped.
11/17/2024 19:25:45 [Information] Stepper Motor Controller Stopwatch Reset.
11/17/2024 19:25:45 [Information] Stepper Motor Controller Enable Y Axis controls after moving to location.
11/17/2024 19:25:45 [Information] Stepper Motor Controller Stopwatch Stopped.
11/17/2024 19:25:45 [Information] Stepper Motor Controller Timer Stopped.
11/17/2024 19:25:45 [Information] Stepper Motor Controller Stopwatch Reset.
11/17/2024 19:25:45 [Information] Stepper Motor Controller Enable Y Axis controls after moving to location.
11/17/2024 19:25:45 [Information] Stepper Motor Controller Stopwatch Stopped.
11/17/2024 19:25:45 [Information] Stepper Motor Controller Timer Stopped.
11/17/2024 19:25:45 [Information] Stepper Motor Controller Stopwatch Reset.
11/17/2024 19:25:45 [Information] Stepper Motor Controller Enable Y Axis controls after moving to location.
11/17/2024 19:25:45 [Information] Stepper Motor Controller Stopwatch Stopped.
11/17/2024 19:25:45 [Information] Stepper Motor Controller Timer Stopped.
11/17/2024 19:25:45 [Information] Stepper Motor Controller Stopwatch Reset.
11/17/2024 19:25:45 [Information] Stepper Motor Controller Enable Y Axis controls after moving to location.
11/17/2024 19:25:45 [Information] Stepper Motor Controller Stopwatch Stopped.
11/17/2024 19:25:45 [Information] Stepper Motor Controller Timer Stopped.
11/17/2024 19:25:45 [Information] Stepper Motor Controller Stopwatch Reset.
11/17/2024 19:25:45 [Information] Stepper Motor Controller Enable Y Axis controls after moving to location.
11/17/2024 19:25:45 [Information] Stepper Motor Controller Stopwatch Stopped.
11/17/2024 19:25:45 [Information] Stepper Motor Controller Timer Stopped.
11/17/2024 19:25:45 [Information] Stepper Motor Controller Stopwatch Reset.
11/17/2024 19:25:45 [Information] Stepper Motor Controller Enable Y Axis controls after moving to location.
11/17/2024 19:25:45 [Information] Stepper Motor Controller Stopwatch Stopped.
11/17/2024 19:25:45 [Information] Stepper Motor Controller Timer Stopped.
11/17/2024 19:25:45 [Information] Stepper Motor Controller Stopwatch Reset.
11/17/2024 19:25:45 [Information] Stepper Motor Controller Enable Y Axis controls after moving to location.
11/17/2024 19:25:45 [Information] Stepper Motor Controller Stopwatch Stopped.
11/17/2024 19:25:45 [Information] Stepper Motor Controller Timer Stopped.
11/17/2024 19:25:45 [Information] Stepper Motor Controller Stopwatch Reset.
11/17/2024 19:25:45 [Information] Stepper Motor Controller Enable Y Axis controls after moving to location.
11/17/2024 19:25:45 [Information] Stepper Motor Controller Stopwatch Stopped.
11/17/2024 19:25:45 [Information] Stepper Motor Controller Timer Stopped.
11/17/2024 19:25:45 [Information] Stepper Motor Controller Stopwatch Reset.
11/17/2024 19:25:45 [Information] Stepper Motor Controller Enable Y Axis controls after moving to location.
11/17/2024 19:25:45 [Information] Stepper Motor Controller Stopwatch Stopped.
11/17/2024 19:25:45 [Information] Stepper Motor Controller Timer Stopped.
11/17/2024 19:25:45 [Information] Stepper Motor Controller Stopwatch Reset.
11/17/2024 19:25:46 [Information] Stepper Motor Controller Enable Y Axis controls after moving to location.
11/17/2024 19:25:46 [Information] Stepper Motor Controller Stopwatch Stopped.
11/17/2024 19:25:46 [Information] Stepper Motor Controller Timer Stopped.
11/17/2024 19:25:46 [Information] Stepper Motor Controller Stopwatch Reset.
11/17/2024 19:25:46 [Information] Stepper Motor Controller Enable Y Axis controls after moving to location.
11/17/2024 19:25:46 [Information] Stepper Motor Controller Stopwatch Stopped.
11/17/2024 19:25:46 [Information] Stepper Motor Controller Timer Stopped.
11/17/2024 19:25:46 [Information] Stepper Motor Controller Stopwatch Reset.
11/17/2024 19:25:46 [Information] Stepper Motor Controller Enable Y Axis controls after moving to location.
11/17/2024 19:25:46 [Information] Stepper Motor Controller Stopwatch Stopped.
11/17/2024 19:25:46 [Information] Stepper Motor Controller Timer Stopped.
11/17/2024 19:25:46 [Information] Stepper Motor Controller Stopwatch Reset.
11/17/2024 19:25:46 [Information] Stepper Motor Controller Enable Y Axis controls after moving to location.
11/17/2024 19:25:46 [Information] Stepper Motor Controller Stopwatch Stopped.
11/17/2024 19:25:46 [Information] Stepper Motor Controller Timer Stopped.
11/17/2024 19:25:46 [Information] Stepper Motor Controller Stopwatch Reset.
11/17/2024 19:25:46 [Information] Stepper Motor Controller Enable Y Axis controls after moving to location.
11/17/2024 19:25:46 [Information] Stepper Motor Controller Stopwatch Stopped.
11/17/2024 19:25:46 [Information] Stepper Motor Controller Timer Stopped.
11/17/2024 19:25:46 [Information] Stepper Motor Controller Stopwatch Reset.
11/17/2024 19:25:46 [Information] Stepper Motor Controller Enable Y Axis controls after moving to location.
11/17/2024 19:25:46 [Information] Stepper Motor Controller Stopwatch Stopped.
11/17/2024 19:25:46 [Information] Stepper Motor Controller Timer Stopped.
11/17/2024 19:25:46 [Information] Stepper Motor Controller Stopwatch Reset.
11/17/2024 19:25:46 [Information] Stepper Motor Controller Enable Y Axis controls after moving to location.
11/17/2024 19:25:46 [Information] Stepper Motor Controller Stopwatch Stopped.
11/17/2024 19:25:46 [Information] Stepper Motor Controller Timer Stopped.
11/17/2024 19:25:46 [Information] Stepper Motor Controller Stopwatch Reset.
11/17/2024 19:25:46 [Information] Stepper Motor Controller Enable Y Axis controls after moving to location.
11/17/2024 19:25:46 [Information] Stepper Motor Controller Stopwatch Stopped.
11/17/2024 19:25:46 [Information] Stepper Motor Controller Timer Stopped.
11/17/2024 19:25:46 [Information] Stepper Motor Controller Stopwatch Reset.
11/17/2024 19:25:46 [Information] Stepper Motor Controller Enable Y Axis controls after moving to location.
11/17/2024 19:25:46 [Information] Stepper Motor Controller Stopwatch Stopped.
11/17/2024 19:25:46 [Information] Stepper Motor Controller Timer Stopped.
11/17/2024 19:25:46 [Information] Stepper Motor Controller Stopwatch Reset.
11/17/2024 19:25:46 [Information] Stepper Motor Controller Enable Y Axis controls after moving to location.
11/17/2024 19:25:46 [Information] Stepper Motor Controller Stopwatch Stopped.
11/17/2024 19:25:46 [Information] Stepper Motor Controller Timer Stopped.
11/17/2024 19:25:46 [Information] Stepper Motor Controller Stopwatch Reset.
11/17/2024 19:25:46 [Information] Stepper Motor Controller Enable Y Axis controls after moving to location.
11/17/2024 19:25:46 [Information] Stepper Motor Controller Stopwatch Stopped.
11/17/2024 19:25:46 [Information] Stepper Motor Controller Timer Stopped.
11/17/2024 19:25:46 [Information] Stepper Motor Controller Stopwatch Reset.
11/17/2024 19:25:46 [Information] Stepper Motor Controller Enable Y Axis controls after moving to location.
11/17/2024 19:25:46 [Information] Stepper Motor Controller Stopwatch Stopped.
11/17/2024 19:25:46 [Information] Stepper Motor Controller Timer Stopped.
11/17/2024 19:25:46 [Information] Stepper Motor Controller Stopwatch Reset.
11/17/2024 19:25:46 [Information] Stepper Motor Controller Enable Y Axis controls after moving to location.
11/17/2024 19:25:46 [Information] Stepper Motor Controller Stopwatch Stopped.
11/17/2024 19:25:46 [Information] Stepper Motor Controller Timer Stopped.
11/17/2024 19:25:46 [Information] Stepper Motor Controller Stopwatch Reset.
11/17/2024 19:25:46 [Information] Stepper Motor Controller Enable Y Axis controls after moving to location.
11/17/2024 19:25:46 [Information] Stepper Motor Controller Stopwatch Stopped.
11/17/2024 19:25:46 [Information] Stepper Motor Controller Timer Stopped.
11/17/2024 19:25:46 [Information] Stepper Motor Controller Stopwatch Reset.
11/17/2024 19:25:46 [Information] Stepper Motor Controller Enable Y Axis controls after moving to location.
11/17/2024 19:25:46 [Information] Stepper Motor Controller Stopwatch Stopped.
11/17/2024 19:25:46 [Information] Stepper Motor Controller Timer Stopped.
11/17/2024 19:25:46 [Information] Stepper Motor Controller Stopwatch Reset.
11/17/2024 19:25:47 [Information] Stepper Motor Controller Enable Y Axis controls after moving to location.
11/17/2024 19:25:47 [Information] Stepper Motor Controller Stopwatch Stopped.
11/17/2024 19:25:47 [Information] Stepper Motor Controller Timer Stopped.
11/17/2024 19:25:47 [Information] Stepper Motor Controller Stopwatch Reset.
11/17/2024 19:25:47 [Information] Stepper Motor Controller Enable Y Axis controls after moving to location.
11/17/2024 19:25:47 [Information] Stepper Motor Controller Stopwatch Stopped.
11/17/2024 19:25:47 [Information] Stepper Motor Controller Timer Stopped.
11/17/2024 19:25:47 [Information] Stepper Motor Controller Stopwatch Reset.
11/17/2024 19:25:47 [Information] Stepper Motor Controller Enable Y Axis controls after moving to location.
11/17/2024 19:25:47 [Information] Stepper Motor Controller Stopwatch Stopped.
11/17/2024 19:25:47 [Information] Stepper Motor Controller Timer Stopped.
11/17/2024 19:25:47 [Information] Stepper Motor Controller Stopwatch Reset.
11/17/2024 19:25:47 [Information] Stepper Motor Controller Enable Y Axis controls after moving to location.
11/17/2024 19:25:47 [Information] Stepper Motor Controller Stopwatch Stopped.
11/17/2024 19:25:47 [Information] Stepper Motor Controller Timer Stopped.
11/17/2024 19:25:47 [Information] Stepper Motor Controller Stopwatch Reset.
11/17/2024 19:25:47 [Information] Stepper Motor Controller Enable Y Axis controls after moving to location.
11/17/2024 19:25:47 [Information] Stepper Motor Controller Stopwatch Stopped.
11/17/2024 19:25:47 [Information] Stepper Motor Controller Timer Stopped.
11/17/2024 19:25:47 [Information] Stepper Motor Controller Stopwatch Reset.
11/17/2024 19:25:47 [Information] Stepper Motor Controller Enable Y Axis controls after moving to location.
11/17/2024 19:25:47 [Information] Stepper Motor Controller Stopwatch Stopped.
11/17/2024 19:25:47 [Information] Stepper Motor Controller Timer Stopped.
11/17/2024 19:25:47 [Information] Stepper Motor Controller Stopwatch Reset.
11/17/2024 19:25:47 [Information] Stepper Motor Controller Enable Y Axis controls after moving to location.
11/17/2024 19:25:47 [Information] Stepper Motor Controller Stopwatch Stopped.
11/17/2024 19:25:47 [Information] Stepper Motor Controller Timer Stopped.
11/17/2024 19:25:47 [Information] Stepper Motor Controller Stopwatch Reset.
11/17/2024 19:25:47 [Information] Stepper Motor Controller Enable Y Axis controls after moving to location.
11/17/2024 19:25:47 [Information] Stepper Motor Controller Stopwatch Stopped.
11/17/2024 19:25:47 [Information] Stepper Motor Controller Timer Stopped.
11/17/2024 19:25:47 [Information] Stepper Motor Controller Stopwatch Reset.
11/17/2024 19:25:47 [Information] Stepper Motor Controller Enable Y Axis controls after moving to location.
11/17/2024 19:25:47 [Information] Stepper Motor Controller Stopwatch Stopped.
11/17/2024 19:25:47 [Information] Stepper Motor Controller Timer Stopped.
11/17/2024 19:25:47 [Information] Stepper Motor Controller Stopwatch Reset.
11/17/2024 19:25:47 [Information] Stepper Motor Controller Enable Y Axis controls after moving to location.
11/17/2024 19:25:47 [Information] Stepper Motor Controller Stopwatch Stopped.
11/17/2024 19:25:47 [Information] Stepper Motor Controller Timer Stopped.
11/17/2024 19:25:47 [Information] Stepper Motor Controller Stopwatch Reset.
11/17/2024 19:25:47 [Information] Stepper Motor Controller Enable Y Axis controls after moving to location.
11/17/2024 19:25:47 [Information] Stepper Motor Controller Stopwatch Stopped.
11/17/2024 19:25:47 [Information] Stepper Motor Controller Timer Stopped.
11/17/2024 19:25:47 [Information] Stepper Motor Controller Stopwatch Reset.
11/17/2024 19:25:47 [Information] Stepper Motor Controller Enable Y Axis controls after moving to location.
11/17/2024 19:25:47 [Information] Stepper Motor Controller Stopwatch Stopped.
11/17/2024 19:25:47 [Information] Stepper Motor Controller Timer Stopped.
11/17/2024 19:25:47 [Information] Stepper Motor Controller Stopwatch Reset.
11/17/2024 19:25:47 [Information] Stepper Motor Controller Enable Y Axis controls after moving to location.
11/17/2024 19:25:47 [Information] Stepper Motor Controller Stopwatch Stopped.
11/17/2024 19:25:47 [Information] Stepper Motor Controller Timer Stopped.
11/17/2024 19:25:47 [Information] Stepper Motor Controller Stopwatch Reset.
11/17/2024 19:25:47 [Information] Stepper Motor Controller Enable Y Axis controls after moving to location.
11/17/2024 19:25:47 [Information] Stepper Motor Controller Stopwatch Stopped.
11/17/2024 19:25:47 [Information] Stepper Motor Controller Timer Stopped.
11/17/2024 19:25:47 [Information] Stepper Motor Controller Stopwatch Reset.
11/17/2024 19:25:47 [Information] Stepper Motor Controller Enable Y Axis controls after moving to location.
11/17/2024 19:25:47 [Information] Stepper Motor Controller Stopwatch Stopped.
11/17/2024 19:25:47 [Information] Stepper Motor Controller Timer Stopped.
11/17/2024 19:25:47 [Information] Stepper Motor Controller Stopwatch Reset.
11/17/2024 19:25:47 [Information] Stepper Motor Controller Enable Y Axis controls after moving to location.
11/17/2024 19:25:47 [Information] Stepper Motor Controller Stopwatch Stopped.
11/17/2024 19:25:47 [Information] Stepper Motor Controller Timer Stopped.
11/17/2024 19:25:47 [Information] Stepper Motor Controller Stopwatch Reset.
11/17/2024 19:25:48 [Information] Stepper Motor Controller Enable Y Axis controls after moving to location.
11/17/2024 19:25:48 [Information] Stepper Motor Controller Stopwatch Stopped.
11/17/2024 19:25:48 [Information] Stepper Motor Controller Timer Stopped.
11/17/2024 19:25:48 [Information] Stepper Motor Controller Stopwatch Reset.
11/17/2024 19:25:48 [Information] Stepper Motor Controller Enable Y Axis controls after moving to location.
11/17/2024 19:25:48 [Information] Stepper Motor Controller Stopwatch Stopped.
11/17/2024 19:25:48 [Information] Stepper Motor Controller Timer Stopped.
11/17/2024 19:25:48 [Information] Stepper Motor Controller Stopwatch Reset.
11/17/2024 19:25:48 [Information] Stepper Motor Controller Enable Y Axis controls after moving to location.
11/17/2024 19:25:48 [Information] Stepper Motor Controller Stopwatch Stopped.
11/17/2024 19:25:48 [Information] Stepper Motor Controller Timer Stopped.
11/17/2024 19:25:48 [Information] Stepper Motor Controller Stopwatch Reset.
11/17/2024 19:25:48 [Information] Stepper Motor Controller Enable Y Axis controls after moving to location.
11/17/2024 19:25:48 [Information] Stepper Motor Controller Stopwatch Stopped.
11/17/2024 19:25:48 [Information] Stepper Motor Controller Timer Stopped.
11/17/2024 19:25:48 [Information] Stepper Motor Controller Stopwatch Reset.
11/17/2024 19:25:48 [Information] Stepper Motor Controller Enable Y Axis controls after moving to location.
11/17/2024 19:25:48 [Information] Stepper Motor Controller Stopwatch Stopped.
11/17/2024 19:25:48 [Information] Stepper Motor Controller Timer Stopped.
11/17/2024 19:25:48 [Information] Stepper Motor Controller Stopwatch Reset.
11/17/2024 19:25:48 [Information] Stepper Motor Controller Enable Y Axis controls after moving to location.
11/17/2024 19:25:48 [Information] Stepper Motor Controller Stopwatch Stopped.
11/17/2024 19:25:48 [Information] Stepper Motor Controller Timer Stopped.
11/17/2024 19:25:48 [Information] Stepper Motor Controller Stopwatch Reset.
11/17/2024 19:25:48 [Information] Stepper Motor Controller Enable Y Axis controls after moving to location.
11/17/2024 19:25:48 [Information] Stepper Motor Controller Stopwatch Stopped.
11/17/2024 19:25:48 [Information] Stepper Motor Controller Timer Stopped.
11/17/2024 19:25:48 [Information] Stepper Motor Controller Stopwatch Reset.
11/17/2024 19:25:48 [Information] Stepper Motor Controller Enable Y Axis controls after moving to location.
11/17/2024 19:25:48 [Information] Stepper Motor Controller Stopwatch Stopped.
11/17/2024 19:25:48 [Information] Stepper Motor Controller Timer Stopped.
11/17/2024 19:25:48 [Information] Stepper Motor Controller Stopwatch Reset.
11/17/2024 19:25:48 [Information] Stepper Motor Controller Enable Y Axis controls after moving to location.
11/17/2024 19:25:48 [Information] Stepper Motor Controller Stopwatch Stopped.
11/17/2024 19:25:48 [Information] Stepper Motor Controller Timer Stopped.
11/17/2024 19:25:48 [Information] Stepper Motor Controller Stopwatch Reset.
11/17/2024 19:25:48 [Information] Stepper Motor Controller Enable Y Axis controls after moving to location.
11/17/2024 19:25:48 [Information] Stepper Motor Controller Stopwatch Stopped.
11/17/2024 19:25:48 [Information] Stepper Motor Controller Timer Stopped.
11/17/2024 19:25:48 [Information] Stepper Motor Controller Stopwatch Reset.
11/17/2024 19:25:48 [Information] Stepper Motor Controller Enable Y Axis controls after moving to location.
11/17/2024 19:25:48 [Information] Stepper Motor Controller Stopwatch Stopped.
11/17/2024 19:25:48 [Information] Stepper Motor Controller Timer Stopped.
11/17/2024 19:25:48 [Information] Stepper Motor Controller Stopwatch Reset.
11/17/2024 19:25:48 [Information] Stepper Motor Controller Enable Y Axis controls after moving to location.
11/17/2024 19:25:48 [Information] Stepper Motor Controller Stopwatch Stopped.
11/17/2024 19:25:48 [Information] Stepper Motor Controller Timer Stopped.
11/17/2024 19:25:48 [Information] Stepper Motor Controller Stopwatch Reset.
11/17/2024 19:25:48 [Information] Stepper Motor Controller Enable Y Axis controls after moving to location.
11/17/2024 19:25:48 [Information] Stepper Motor Controller Stopwatch Stopped.
11/17/2024 19:25:48 [Information] Stepper Motor Controller Timer Stopped.
11/17/2024 19:25:48 [Information] Stepper Motor Controller Stopwatch Reset.
11/17/2024 19:25:49 [Information] Stepper Motor Controller Enable Y Axis controls after moving to location.
11/17/2024 19:25:49 [Information] Stepper Motor Controller Stopwatch Stopped.
11/17/2024 19:25:49 [Information] Stepper Motor Controller Timer Stopped.
11/17/2024 19:25:49 [Information] Stepper Motor Controller Stopwatch Reset.
11/17/2024 19:25:49 [Information] Stepper Motor Controller Enable Y Axis controls after moving to location.
11/17/2024 19:25:49 [Information] Stepper Motor Controller Stopwatch Stopped.
11/17/2024 19:25:49 [Information] Stepper Motor Controller Timer Stopped.
11/17/2024 19:25:49 [Information] Stepper Motor Controller Stopwatch Reset.
11/17/2024 19:25:49 [Information] Stepper Motor Controller Enable Y Axis controls after moving to location.
11/17/2024 19:25:49 [Information] Stepper Motor Controller Stopwatch Stopped.
11/17/2024 19:25:49 [Information] Stepper Motor Controller Timer Stopped.
11/17/2024 19:25:49 [Information] Stepper Motor Controller Stopwatch Reset.
11/17/2024 19:25:49 [Information] Stepper Motor Controller Enable Y Axis controls after moving to location.
11/17/2024 19:25:49 [Information] Stepper Motor Controller Stopwatch Stopped.
11/17/2024 19:25:49 [Information] Stepper Motor Controller Timer Stopped.
11/17/2024 19:25:49 [Information] Stepper Motor Controller Stopwatch Reset.
11/17/2024 19:25:49 [Information] Stepper Motor Controller Enable Y Axis controls after moving to location.
11/17/2024 19:25:49 [Information] Stepper Motor Controller Stopwatch Stopped.
11/17/2024 19:25:49 [Information] Stepper Motor Controller Timer Stopped.
11/17/2024 19:25:49 [Information] Stepper Motor Controller Stopwatch Reset.
11/17/2024 19:25:49 [Information] Stepper Motor Controller Enable Y Axis controls after moving to location.
11/17/2024 19:25:49 [Information] Stepper Motor Controller Stopwatch Stopped.
11/17/2024 19:25:49 [Information] Stepper Motor Controller Timer Stopped.
11/17/2024 19:25:49 [Information] Stepper Motor Controller Stopwatch Reset.
11/17/2024 19:25:49 [Information] Stepper Motor Controller Enable Y Axis controls after moving to location.
11/17/2024 19:25:49 [Information] Stepper Motor Controller Stopwatch Stopped.
11/17/2024 19:25:49 [Information] Stepper Motor Controller Timer Stopped.
11/17/2024 19:25:49 [Information] Stepper Motor Controller Stopwatch Reset.
11/17/2024 19:25:49 [Information] Stepper Motor Controller Enable Y Axis controls after moving to location.
11/17/2024 19:25:49 [Information] Stepper Motor Controller Stopwatch Stopped.
11/17/2024 19:25:49 [Information] Stepper Motor Controller Timer Stopped.
11/17/2024 19:25:49 [Information] Stepper Motor Controller Stopwatch Reset.
11/17/2024 19:25:49 [Information] Stepper Motor Controller Enable Y Axis controls after moving to location.
11/17/2024 19:25:49 [Information] Stepper Motor Controller Stopwatch Stopped.
11/17/2024 19:25:49 [Information] Stepper Motor Controller Timer Stopped.
11/17/2024 19:25:49 [Information] Stepper Motor Controller Stopwatch Reset.
11/17/2024 19:25:49 [Information] Stepper Motor Controller Enable Y Axis controls after moving to location.
11/17/2024 19:25:49 [Information] Stepper Motor Controller Stopwatch Stopped.
11/17/2024 19:25:49 [Information] Stepper Motor Controller Timer Stopped.
11/17/2024 19:25:49 [Information] Stepper Motor Controller Stopwatch Reset.
11/17/2024 19:25:49 [Information] Stepper Motor Controller Enable Y Axis controls after moving to location.
11/17/2024 19:25:49 [Information] Stepper Motor Controller Stopwatch Stopped.
11/17/2024 19:25:49 [Information] Stepper Motor Controller Timer Stopped.
11/17/2024 19:25:49 [Information] Stepper Motor Controller Stopwatch Reset.
11/17/2024 19:25:49 [Information] Stepper Motor Controller Enable Y Axis controls after moving to location.
11/17/2024 19:25:49 [Information] Stepper Motor Controller Stopwatch Stopped.
11/17/2024 19:25:49 [Information] Stepper Motor Controller Timer Stopped.
11/17/2024 19:25:49 [Information] Stepper Motor Controller Stopwatch Reset.
11/17/2024 19:25:49 [Information] Stepper Motor Controller Enable Y Axis controls after moving to location.
11/17/2024 19:25:49 [Information] Stepper Motor Controller Stopwatch Stopped.
11/17/2024 19:25:49 [Information] Stepper Motor Controller Timer Stopped.
11/17/2024 19:25:49 [Information] Stepper Motor Controller Stopwatch Reset.
11/17/2024 19:25:49 [Information] Stepper Motor Controller Enable Y Axis controls after moving to location.
11/17/2024 19:25:49 [Information] Stepper Motor Controller Stopwatch Stopped.
11/17/2024 19:25:49 [Information] Stepper Motor Controller Timer Stopped.
11/17/2024 19:25:49 [Information] Stepper Motor Controller Stopwatch Reset.
11/17/2024 19:25:49 [Information] Stepper Motor Controller Enable Y Axis controls after moving to location.
11/17/2024 19:25:49 [Information] Stepper Motor Controller Stopwatch Stopped.
11/17/2024 19:25:49 [Information] Stepper Motor Controller Timer Stopped.
11/17/2024 19:25:49 [Information] Stepper Motor Controller Stopwatch Reset.
11/17/2024 19:25:49 [Information] Stepper Motor Controller Enable Y Axis controls after moving to location.
11/17/2024 19:25:49 [Information] Stepper Motor Controller Stopwatch Stopped.
11/17/2024 19:25:49 [Information] Stepper Motor Controller Timer Stopped.
11/17/2024 19:25:49 [Information] Stepper Motor Controller Stopwatch Reset.
11/17/2024 19:25:50 [Information] Stepper Motor Controller Enable Y Axis controls after moving to location.
11/17/2024 19:25:50 [Information] Stepper Motor Controller Stopwatch Stopped.
11/17/2024 19:25:50 [Information] Stepper Motor Controller Timer Stopped.
11/17/2024 19:25:50 [Information] Stepper Motor Controller Stopwatch Reset.
11/17/2024 19:25:50 [Information] Stepper Motor Controller Enable Y Axis controls after moving to location.
11/17/2024 19:25:50 [Information] Stepper Motor Controller Stopwatch Stopped.
11/17/2024 19:25:50 [Information] Stepper Motor Controller Timer Stopped.
11/17/2024 19:25:50 [Information] Stepper Motor Controller Stopwatch Reset.
11/17/2024 19:25:50 [Information] Stepper Motor Controller Enable Y Axis controls after moving to location.
11/17/2024 19:25:50 [Information] Stepper Motor Controller Stopwatch Stopped.
11/17/2024 19:25:50 [Information] Stepper Motor Controller Timer Stopped.
11/17/2024 19:25:50 [Information] Stepper Motor Controller Stopwatch Reset.
11/17/2024 19:25:50 [Information] Stepper Motor Controller Enable Y Axis controls after moving to location.
11/17/2024 19:25:50 [Information] Stepper Motor Controller Stopwatch Stopped.
11/17/2024 19:25:50 [Information] Stepper Motor Controller Timer Stopped.
11/17/2024 19:25:50 [Information] Stepper Motor Controller Stopwatch Reset.
11/17/2024 19:25:50 [Information] Stepper Motor Controller Enable Y Axis controls after moving to location.
11/17/2024 19:25:50 [Information] Stepper Motor Controller Stopwatch Stopped.
11/17/2024 19:25:50 [Information] Stepper Motor Controller Timer Stopped.
11/17/2024 19:25:50 [Information] Stepper Motor Controller Stopwatch Reset.
11/17/2024 19:25:50 [Information] Stepper Motor Controller Enable Y Axis controls after moving to location.
11/17/2024 19:25:50 [Information] Stepper Motor Controller Stopwatch Stopped.
11/17/2024 19:25:50 [Information] Stepper Motor Controller Timer Stopped.
11/17/2024 19:25:50 [Information] Stepper Motor Controller Stopwatch Reset.
11/17/2024 19:25:50 [Information] Stepper Motor Controller Enable Y Axis controls after moving to location.
11/17/2024 19:25:50 [Information] Stepper Motor Controller Stopwatch Stopped.
11/17/2024 19:25:50 [Information] Stepper Motor Controller Timer Stopped.
11/17/2024 19:25:50 [Information] Stepper Motor Controller Stopwatch Reset.
11/17/2024 19:25:50 [Information] Stepper Motor Controller Enable Y Axis controls after moving to location.
11/17/2024 19:25:50 [Information] Stepper Motor Controller Stopwatch Stopped.
11/17/2024 19:25:50 [Information] Stepper Motor Controller Timer Stopped.
11/17/2024 19:25:50 [Information] Stepper Motor Controller Stopwatch Reset.
11/17/2024 19:25:50 [Information] Stepper Motor Controller Enable Y Axis controls after moving to location.
11/17/2024 19:25:50 [Information] Stepper Motor Controller Stopwatch Stopped.
11/17/2024 19:25:50 [Information] Stepper Motor Controller Timer Stopped.
11/17/2024 19:25:50 [Information] Stepper Motor Controller Stopwatch Reset.
11/17/2024 19:25:50 [Information] Stepper Motor Controller Enable Y Axis controls after moving to location.
11/17/2024 19:25:50 [Information] Stepper Motor Controller Stopwatch Stopped.
11/17/2024 19:25:50 [Information] Stepper Motor Controller Timer Stopped.
11/17/2024 19:25:50 [Information] Stepper Motor Controller Stopwatch Reset.
11/17/2024 19:25:50 [Information] Stepper Motor Controller Enable Y Axis controls after moving to location.
11/17/2024 19:25:50 [Information] Stepper Motor Controller Stopwatch Stopped.
11/17/2024 19:25:50 [Information] Stepper Motor Controller Timer Stopped.
11/17/2024 19:25:50 [Information] Stepper Motor Controller Stopwatch Reset.
11/17/2024 19:25:50 [Information] Stepper Motor Controller Enable Y Axis controls after moving to location.
11/17/2024 19:25:50 [Information] Stepper Motor Controller Stopwatch Stopped.
11/17/2024 19:25:50 [Information] Stepper Motor Controller Timer Stopped.
11/17/2024 19:25:50 [Information] Stepper Motor Controller Stopwatch Reset.
11/17/2024 19:25:51 [Information] Stepper Motor Controller Enable Y Axis controls after moving to location.
11/17/2024 19:25:51 [Information] Stepper Motor Controller Stopwatch Stopped.
11/17/2024 19:25:51 [Information] Stepper Motor Controller Timer Stopped.
11/17/2024 19:25:51 [Information] Stepper Motor Controller Stopwatch Reset.
11/17/2024 19:25:51 [Information] Stepper Motor Controller Enable Y Axis controls after moving to location.
11/17/2024 19:25:51 [Information] Stepper Motor Controller Stopwatch Stopped.
11/17/2024 19:25:51 [Information] Stepper Motor Controller Timer Stopped.
11/17/2024 19:25:51 [Information] Stepper Motor Controller Stopwatch Reset.
11/17/2024 19:25:51 [Information] Stepper Motor Controller Enable Y Axis controls after moving to location.
11/17/2024 19:25:51 [Information] Stepper Motor Controller Stopwatch Stopped.
11/17/2024 19:25:51 [Information] Stepper Motor Controller Timer Stopped.
11/17/2024 19:25:51 [Information] Stepper Motor Controller Stopwatch Reset.
11/17/2024 19:25:51 [Information] Stepper Motor Controller Enable Y Axis controls after moving to location.
11/17/2024 19:25:51 [Information] Stepper Motor Controller Stopwatch Stopped.
11/17/2024 19:25:51 [Information] Stepper Motor Controller Timer Stopped.
11/17/2024 19:25:51 [Information] Stepper Motor Controller Stopwatch Reset.
11/17/2024 19:25:51 [Information] Stepper Motor Controller Enable Y Axis controls after moving to location.
11/17/2024 19:25:51 [Information] Stepper Motor Controller Stopwatch Stopped.
11/17/2024 19:25:51 [Information] Stepper Motor Controller Timer Stopped.
11/17/2024 19:25:51 [Information] Stepper Motor Controller Stopwatch Reset.
11/17/2024 19:25:51 [Information] Stepper Motor Controller Enable Y Axis controls after moving to location.
11/17/2024 19:25:51 [Information] Stepper Motor Controller Stopwatch Stopped.
11/17/2024 19:25:51 [Information] Stepper Motor Controller Timer Stopped.
11/17/2024 19:25:51 [Information] Stepper Motor Controller Stopwatch Reset.
11/17/2024 19:25:51 [Information] Stepper Motor Controller Enable Y Axis controls after moving to location.
11/17/2024 19:25:51 [Information] Stepper Motor Controller Stopwatch Stopped.
11/17/2024 19:25:51 [Information] Stepper Motor Controller Timer Stopped.
11/17/2024 19:25:51 [Information] Stepper Motor Controller Stopwatch Reset.
11/17/2024 19:25:51 [Information] Stepper Motor Controller Enable Y Axis controls after moving to location.
11/17/2024 19:25:51 [Information] Stepper Motor Controller Stopwatch Stopped.
11/17/2024 19:25:51 [Information] Stepper Motor Controller Timer Stopped.
11/17/2024 19:25:51 [Information] Stepper Motor Controller Stopwatch Reset.
11/17/2024 19:25:51 [Information] Stepper Motor Controller Enable Y Axis controls after moving to location.
11/17/2024 19:25:51 [Information] Stepper Motor Controller Stopwatch Stopped.
11/17/2024 19:25:51 [Information] Stepper Motor Controller Timer Stopped.
11/17/2024 19:25:51 [Information] Stepper Motor Controller Stopwatch Reset.
11/17/2024 19:25:51 [Information] Stepper Motor Controller Enable Y Axis controls after moving to location.
11/17/2024 19:25:51 [Information] Stepper Motor Controller Stopwatch Stopped.
11/17/2024 19:25:51 [Information] Stepper Motor Controller Timer Stopped.
11/17/2024 19:25:51 [Information] Stepper Motor Controller Stopwatch Reset.
11/17/2024 19:25:52 [Information] Stepper Motor Controller Enable Y Axis controls after moving to location.
11/17/2024 19:25:52 [Information] Stepper Motor Controller Stopwatch Stopped.
11/17/2024 19:25:52 [Information] Stepper Motor Controller Timer Stopped.
11/17/2024 19:25:52 [Information] Stepper Motor Controller Stopwatch Reset.
11/17/2024 19:25:52 [Information] Stepper Motor Controller Enable Y Axis controls after moving to location.
11/17/2024 19:25:52 [Information] Stepper Motor Controller Stopwatch Stopped.
11/17/2024 19:25:52 [Information] Stepper Motor Controller Timer Stopped.
11/17/2024 19:25:52 [Information] Stepper Motor Controller Stopwatch Reset.
11/17/2024 19:25:52 [Information] Stepper Motor Controller Enable Y Axis controls after moving to location.
11/17/2024 19:25:52 [Information] Stepper Motor Controller Stopwatch Stopped.
11/17/2024 19:25:52 [Information] Stepper Motor Controller Timer Stopped.
11/17/2024 19:25:52 [Information] Stepper Motor Controller Stopwatch Reset.
11/17/2024 19:25:52 [Information] Stepper Motor Controller Enable Y Axis controls after moving to location.
11/17/2024 19:25:52 [Information] Stepper Motor Controller Stopwatch Stopped.
11/17/2024 19:25:52 [Information] Stepper Motor Controller Timer Stopped.
11/17/2024 19:25:52 [Information] Stepper Motor Controller Stopwatch Reset.
11/17/2024 19:25:52 [Information] Stepper Motor Controller Enable Y Axis controls after moving to location.
11/17/2024 19:25:52 [Information] Stepper Motor Controller Stopwatch Stopped.
11/17/2024 19:25:52 [Information] Stepper Motor Controller Timer Stopped.
11/17/2024 19:25:52 [Information] Stepper Motor Controller Stopwatch Reset.
11/17/2024 19:25:52 [Information] Stepper Motor Controller Enable Y Axis controls after moving to location.
11/17/2024 19:25:52 [Information] Stepper Motor Controller Stopwatch Stopped.
11/17/2024 19:25:52 [Information] Stepper Motor Controller Timer Stopped.
11/17/2024 19:25:52 [Information] Stepper Motor Controller Stopwatch Reset.
11/17/2024 19:25:52 [Information] Stepper Motor Controller Enable Y Axis controls after moving to location.
11/17/2024 19:25:52 [Information] Stepper Motor Controller Stopwatch Stopped.
11/17/2024 19:25:52 [Information] Stepper Motor Controller Timer Stopped.
11/17/2024 19:25:52 [Information] Stepper Motor Controller Stopwatch Reset.
11/17/2024 19:25:52 [Information] Stepper Motor Controller Enable Y Axis controls after moving to location.
11/17/2024 19:25:52 [Information] Stepper Motor Controller Stopwatch Stopped.
11/17/2024 19:25:52 [Information] Stepper Motor Controller Timer Stopped.
11/17/2024 19:25:52 [Information] Stepper Motor Controller Stopwatch Reset.
11/17/2024 19:25:52 [Information] Stepper Motor Controller Enable Y Axis controls after moving to location.
11/17/2024 19:25:52 [Information] Stepper Motor Controller Stopwatch Stopped.
11/17/2024 19:25:52 [Information] Stepper Motor Controller Timer Stopped.
11/17/2024 19:25:52 [Information] Stepper Motor Controller Stopwatch Reset.
11/17/2024 19:25:52 [Information] Stepper Motor Controller Enable Y Axis controls after moving to location.
11/17/2024 19:25:52 [Information] Stepper Motor Controller Stopwatch Stopped.
11/17/2024 19:25:52 [Information] Stepper Motor Controller Timer Stopped.
11/17/2024 19:25:52 [Information] Stepper Motor Controller Stopwatch Reset.
11/17/2024 19:25:52 [Information] Stepper Motor Controller Enable Y Axis controls after moving to location.
11/17/2024 19:25:52 [Information] Stepper Motor Controller Stopwatch Stopped.
11/17/2024 19:25:52 [Information] Stepper Motor Controller Timer Stopped.
11/17/2024 19:25:52 [Information] Stepper Motor Controller Stopwatch Reset.
11/17/2024 19:25:52 [Information] Stepper Motor Controller Enable Y Axis controls after moving to location.
11/17/2024 19:25:52 [Information] Stepper Motor Controller Stopwatch Stopped.
11/17/2024 19:25:52 [Information] Stepper Motor Controller Timer Stopped.
11/17/2024 19:25:52 [Information] Stepper Motor Controller Stopwatch Reset.
11/17/2024 19:25:52 [Information] Stepper Motor Controller Enable Y Axis controls after moving to location.
11/17/2024 19:25:52 [Information] Stepper Motor Controller Stopwatch Stopped.
11/17/2024 19:25:52 [Information] Stepper Motor Controller Timer Stopped.
11/17/2024 19:25:52 [Information] Stepper Motor Controller Stopwatch Reset.
11/17/2024 19:25:52 [Information] Stepper Motor Controller Enable Y Axis controls after moving to location.
11/17/2024 19:25:52 [Information] Stepper Motor Controller Stopwatch Stopped.
11/17/2024 19:25:52 [Information] Stepper Motor Controller Timer Stopped.
11/17/2024 19:25:52 [Information] Stepper Motor Controller Stopwatch Reset.
11/17/2024 19:25:52 [Information] Stepper Motor Controller Enable Y Axis controls after moving to location.
11/17/2024 19:25:52 [Information] Stepper Motor Controller Stopwatch Stopped.
11/17/2024 19:25:52 [Information] Stepper Motor Controller Timer Stopped.
11/17/2024 19:25:52 [Information] Stepper Motor Controller Stopwatch Reset.
11/17/2024 19:25:53 [Information] Stepper Motor Controller Enable Y Axis controls after moving to location.
11/17/2024 19:25:53 [Information] Stepper Motor Controller Stopwatch Stopped.
11/17/2024 19:25:53 [Information] Stepper Motor Controller Timer Stopped.
11/17/2024 19:25:53 [Information] Stepper Motor Controller Stopwatch Reset.
11/17/2024 19:25:53 [Information] Stepper Motor Controller Enable Y Axis controls after moving to location.
11/17/2024 19:25:53 [Information] Stepper Motor Controller Stopwatch Stopped.
11/17/2024 19:25:53 [Information] Stepper Motor Controller Timer Stopped.
11/17/2024 19:25:53 [Information] Stepper Motor Controller Stopwatch Reset.
11/17/2024 19:25:53 [Information] Stepper Motor Controller Enable Y Axis controls after moving to location.
11/17/2024 19:25:53 [Information] Stepper Motor Controller Stopwatch Stopped.
11/17/2024 19:25:53 [Information] Stepper Motor Controller Timer Stopped.
11/17/2024 19:25:53 [Information] Stepper Motor Controller Stopwatch Reset.
11/17/2024 19:25:53 [Information] Stepper Motor Controller Enable Y Axis controls after moving to location.
11/17/2024 19:25:53 [Information] Stepper Motor Controller Stopwatch Stopped.
11/17/2024 19:25:53 [Information] Stepper Motor Controller Timer Stopped.
11/17/2024 19:25:53 [Information] Stepper Motor Controller Stopwatch Reset.
11/17/2024 19:25:53 [Information] Stepper Motor Controller Enable Y Axis controls after moving to location.
11/17/2024 19:25:53 [Information] Stepper Motor Controller Stopwatch Stopped.
11/17/2024 19:25:53 [Information] Stepper Motor Controller Timer Stopped.
11/17/2024 19:25:53 [Information] Stepper Motor Controller Stopwatch Reset.
11/17/2024 19:25:53 [Information] Stepper Motor Controller Enable Y Axis controls after moving to location.
11/17/2024 19:25:53 [Information] Stepper Motor Controller Stopwatch Stopped.
11/17/2024 19:25:53 [Information] Stepper Motor Controller Timer Stopped.
11/17/2024 19:25:53 [Information] Stepper Motor Controller Stopwatch Reset.
11/17/2024 19:25:53 [Information] Stepper Motor Controller Enable Y Axis controls after moving to location.
11/17/2024 19:25:53 [Information] Stepper Motor Controller Stopwatch Stopped.
11/17/2024 19:25:53 [Information] Stepper Motor Controller Timer Stopped.
11/17/2024 19:25:53 [Information] Stepper Motor Controller Stopwatch Reset.
11/17/2024 19:25:53 [Information] Stepper Motor Controller Enable Y Axis controls after moving to location.
11/17/2024 19:25:53 [Information] Stepper Motor Controller Stopwatch Stopped.
11/17/2024 19:25:53 [Information] Stepper Motor Controller Timer Stopped.
11/17/2024 19:25:53 [Information] Stepper Motor Controller Stopwatch Reset.
11/17/2024 19:25:53 [Information] Stepper Motor Controller Enable Y Axis controls after moving to location.
11/17/2024 19:25:53 [Information] Stepper Motor Controller Stopwatch Stopped.
11/17/2024 19:25:53 [Information] Stepper Motor Controller Timer Stopped.
11/17/2024 19:25:53 [Information] Stepper Motor Controller Stopwatch Reset.
11/17/2024 19:25:53 [Information] Stepper Motor Controller Enable Y Axis controls after moving to location.
11/17/2024 19:25:53 [Information] Stepper Motor Controller Stopwatch Stopped.
11/17/2024 19:25:53 [Information] Stepper Motor Controller Timer Stopped.
11/17/2024 19:25:53 [Information] Stepper Motor Controller Stopwatch Reset.
11/17/2024 19:25:53 [Information] Stepper Motor Controller Enable Y Axis controls after moving to location.
11/17/2024 19:25:53 [Information] Stepper Motor Controller Stopwatch Stopped.
11/17/2024 19:25:53 [Information] Stepper Motor Controller Timer Stopped.
11/17/2024 19:25:53 [Information] Stepper Motor Controller Stopwatch Reset.
11/17/2024 19:25:53 [Information] Stepper Motor Controller Enable Y Axis controls after moving to location.
11/17/2024 19:25:53 [Information] Stepper Motor Controller Stopwatch Stopped.
11/17/2024 19:25:53 [Information] Stepper Motor Controller Timer Stopped.
11/17/2024 19:25:53 [Information] Stepper Motor Controller Stopwatch Reset.
11/17/2024 19:25:53 [Information] Stepper Motor Controller Enable Y Axis controls after moving to location.
11/17/2024 19:25:53 [Information] Stepper Motor Controller Stopwatch Stopped.
11/17/2024 19:25:53 [Information] Stepper Motor Controller Timer Stopped.
11/17/2024 19:25:53 [Information] Stepper Motor Controller Stopwatch Reset.
11/17/2024 19:25:53 [Information] Stepper Motor Controller Enable Y Axis controls after moving to location.
11/17/2024 19:25:53 [Information] Stepper Motor Controller Stopwatch Stopped.
11/17/2024 19:25:53 [Information] Stepper Motor Controller Timer Stopped.
11/17/2024 19:25:53 [Information] Stepper Motor Controller Stopwatch Reset.
11/17/2024 19:25:53 [Information] Stepper Motor Controller Enable Y Axis controls after moving to location.
11/17/2024 19:25:53 [Information] Stepper Motor Controller Stopwatch Stopped.
11/17/2024 19:25:53 [Information] Stepper Motor Controller Timer Stopped.
11/17/2024 19:25:53 [Information] Stepper Motor Controller Stopwatch Reset.
11/17/2024 19:25:53 [Information] Stepper Motor Controller Enable Y Axis controls after moving to location.
11/17/2024 19:25:53 [Information] Stepper Motor Controller Stopwatch Stopped.
11/17/2024 19:25:53 [Information] Stepper Motor Controller Timer Stopped.
11/17/2024 19:25:53 [Information] Stepper Motor Controller Stopwatch Reset.
11/17/2024 19:25:54 [Information] Stepper Motor Controller Enable Y Axis controls after moving to location.
11/17/2024 19:25:54 [Information] Stepper Motor Controller Stopwatch Stopped.
11/17/2024 19:25:54 [Information] Stepper Motor Controller Timer Stopped.
11/17/2024 19:25:54 [Information] Stepper Motor Controller Stopwatch Reset.
11/17/2024 19:25:54 [Information] Stepper Motor Controller Enable Y Axis controls after moving to location.
11/17/2024 19:25:54 [Information] Stepper Motor Controller Stopwatch Stopped.
11/17/2024 19:25:54 [Information] Stepper Motor Controller Timer Stopped.
11/17/2024 19:25:54 [Information] Stepper Motor Controller Stopwatch Reset.
11/17/2024 19:25:54 [Information] Stepper Motor Controller Enable Y Axis controls after moving to location.
11/17/2024 19:25:54 [Information] Stepper Motor Controller Stopwatch Stopped.
11/17/2024 19:25:54 [Information] Stepper Motor Controller Timer Stopped.
11/17/2024 19:25:54 [Information] Stepper Motor Controller Stopwatch Reset.
11/17/2024 19:25:54 [Information] Stepper Motor Controller Enable Y Axis controls after moving to location.
11/17/2024 19:25:54 [Information] Stepper Motor Controller Stopwatch Stopped.
11/17/2024 19:25:54 [Information] Stepper Motor Controller Timer Stopped.
11/17/2024 19:25:54 [Information] Stepper Motor Controller Stopwatch Reset.
11/17/2024 19:25:54 [Information] Stepper Motor Controller Enable Y Axis controls after moving to location.
11/17/2024 19:25:54 [Information] Stepper Motor Controller Stopwatch Stopped.
11/17/2024 19:25:54 [Information] Stepper Motor Controller Timer Stopped.
11/17/2024 19:25:54 [Information] Stepper Motor Controller Stopwatch Reset.
11/17/2024 19:25:54 [Information] Stepper Motor Controller Enable Y Axis controls after moving to location.
11/17/2024 19:25:54 [Information] Stepper Motor Controller Stopwatch Stopped.
11/17/2024 19:25:54 [Information] Stepper Motor Controller Timer Stopped.
11/17/2024 19:25:54 [Information] Stepper Motor Controller Stopwatch Reset.
11/17/2024 19:25:54 [Information] Stepper Motor Controller Enable Y Axis controls after moving to location.
11/17/2024 19:25:54 [Information] Stepper Motor Controller Stopwatch Stopped.
11/17/2024 19:25:54 [Information] Stepper Motor Controller Timer Stopped.
11/17/2024 19:25:54 [Information] Stepper Motor Controller Stopwatch Reset.
11/17/2024 19:25:54 [Information] Stepper Motor Controller Enable Y Axis controls after moving to location.
11/17/2024 19:25:54 [Information] Stepper Motor Controller Stopwatch Stopped.
11/17/2024 19:25:54 [Information] Stepper Motor Controller Timer Stopped.
11/17/2024 19:25:54 [Information] Stepper Motor Controller Stopwatch Reset.
11/17/2024 19:25:54 [Information] Stepper Motor Controller Enable Y Axis controls after moving to location.
11/17/2024 19:25:54 [Information] Stepper Motor Controller Stopwatch Stopped.
11/17/2024 19:25:54 [Information] Stepper Motor Controller Timer Stopped.
11/17/2024 19:25:54 [Information] Stepper Motor Controller Stopwatch Reset.
11/17/2024 19:25:54 [Information] Stepper Motor Controller Enable Y Axis controls after moving to location.
11/17/2024 19:25:54 [Information] Stepper Motor Controller Stopwatch Stopped.
11/17/2024 19:25:54 [Information] Stepper Motor Controller Timer Stopped.
11/17/2024 19:25:54 [Information] Stepper Motor Controller Stopwatch Reset.
11/17/2024 19:25:54 [Information] Stepper Motor Controller Enable Y Axis controls after moving to location.
11/17/2024 19:25:54 [Information] Stepper Motor Controller Stopwatch Stopped.
11/17/2024 19:25:54 [Information] Stepper Motor Controller Timer Stopped.
11/17/2024 19:25:54 [Information] Stepper Motor Controller Stopwatch Reset.
11/17/2024 19:25:55 [Information] Stepper Motor Controller Enable Y Axis controls after moving to location.
11/17/2024 19:25:55 [Information] Stepper Motor Controller Stopwatch Stopped.
11/17/2024 19:25:55 [Information] Stepper Motor Controller Timer Stopped.
11/17/2024 19:25:55 [Information] Stepper Motor Controller Stopwatch Reset.
11/17/2024 19:25:55 [Information] Stepper Motor Controller Enable Y Axis controls after moving to location.
11/17/2024 19:25:55 [Information] Stepper Motor Controller Stopwatch Stopped.
11/17/2024 19:25:55 [Information] Stepper Motor Controller Timer Stopped.
11/17/2024 19:25:55 [Information] Stepper Motor Controller Stopwatch Reset.
11/17/2024 19:25:55 [Information] Stepper Motor Controller Enable Y Axis controls after moving to location.
11/17/2024 19:25:55 [Information] Stepper Motor Controller Stopwatch Stopped.
11/17/2024 19:25:55 [Information] Stepper Motor Controller Timer Stopped.
11/17/2024 19:25:55 [Information] Stepper Motor Controller Stopwatch Reset.
11/17/2024 19:25:55 [Information] Stepper Motor Controller Enable Y Axis controls after moving to location.
11/17/2024 19:25:55 [Information] Stepper Motor Controller Stopwatch Stopped.
11/17/2024 19:25:55 [Information] Stepper Motor Controller Timer Stopped.
11/17/2024 19:25:55 [Information] Stepper Motor Controller Stopwatch Reset.
11/17/2024 19:25:55 [Information] Stepper Motor Controller Enable Y Axis controls after moving to location.
11/17/2024 19:25:55 [Information] Stepper Motor Controller Stopwatch Stopped.
11/17/2024 19:25:55 [Information] Stepper Motor Controller Timer Stopped.
11/17/2024 19:25:55 [Information] Stepper Motor Controller Stopwatch Reset.
11/17/2024 19:25:55 [Information] Stepper Motor Controller Enable Y Axis controls after moving to location.
11/17/2024 19:25:55 [Information] Stepper Motor Controller Stopwatch Stopped.
11/17/2024 19:25:55 [Information] Stepper Motor Controller Timer Stopped.
11/17/2024 19:25:55 [Information] Stepper Motor Controller Stopwatch Reset.
11/17/2024 19:25:55 [Information] Stepper Motor Controller Enable Y Axis controls after moving to location.
11/17/2024 19:25:55 [Information] Stepper Motor Controller Stopwatch Stopped.
11/17/2024 19:25:55 [Information] Stepper Motor Controller Timer Stopped.
11/17/2024 19:25:55 [Information] Stepper Motor Controller Stopwatch Reset.
11/17/2024 19:25:55 [Information] Stepper Motor Controller Enable Y Axis controls after moving to location.
11/17/2024 19:25:55 [Information] Stepper Motor Controller Stopwatch Stopped.
11/17/2024 19:25:55 [Information] Stepper Motor Controller Timer Stopped.
11/17/2024 19:25:55 [Information] Stepper Motor Controller Stopwatch Reset.
11/17/2024 19:25:55 [Information] Stepper Motor Controller Enable Y Axis controls after moving to location.
11/17/2024 19:25:55 [Information] Stepper Motor Controller Stopwatch Stopped.
11/17/2024 19:25:55 [Information] Stepper Motor Controller Timer Stopped.
11/17/2024 19:25:55 [Information] Stepper Motor Controller Stopwatch Reset.
11/17/2024 19:25:55 [Information] Stepper Motor Controller Enable Y Axis controls after moving to location.
11/17/2024 19:25:55 [Information] Stepper Motor Controller Stopwatch Stopped.
11/17/2024 19:25:55 [Information] Stepper Motor Controller Timer Stopped.
11/17/2024 19:25:55 [Information] Stepper Motor Controller Stopwatch Reset.
11/17/2024 19:25:55 [Information] Stepper Motor Controller Enable Y Axis controls after moving to location.
11/17/2024 19:25:55 [Information] Stepper Motor Controller Stopwatch Stopped.
11/17/2024 19:25:55 [Information] Stepper Motor Controller Timer Stopped.
11/17/2024 19:25:55 [Information] Stepper Motor Controller Stopwatch Reset.
11/17/2024 19:25:55 [Information] Stepper Motor Controller Enable Y Axis controls after moving to location.
11/17/2024 19:25:55 [Information] Stepper Motor Controller Stopwatch Stopped.
11/17/2024 19:25:55 [Information] Stepper Motor Controller Timer Stopped.
11/17/2024 19:25:55 [Information] Stepper Motor Controller Stopwatch Reset.
11/17/2024 19:25:55 [Information] Stepper Motor Controller Enable Y Axis controls after moving to location.
11/17/2024 19:25:55 [Information] Stepper Motor Controller Stopwatch Stopped.
11/17/2024 19:25:55 [Information] Stepper Motor Controller Timer Stopped.
11/17/2024 19:25:55 [Information] Stepper Motor Controller Stopwatch Reset.
11/17/2024 19:25:55 [Information] Stepper Motor Controller Enable Y Axis controls after moving to location.
11/17/2024 19:25:55 [Information] Stepper Motor Controller Stopwatch Stopped.
11/17/2024 19:25:55 [Information] Stepper Motor Controller Timer Stopped.
11/17/2024 19:25:55 [Information] Stepper Motor Controller Stopwatch Reset.
11/17/2024 19:25:56 [Information] Stepper Motor Controller Enable Y Axis controls after moving to location.
11/17/2024 19:25:56 [Information] Stepper Motor Controller Stopwatch Stopped.
11/17/2024 19:25:56 [Information] Stepper Motor Controller Timer Stopped.
11/17/2024 19:25:56 [Information] Stepper Motor Controller Stopwatch Reset.
11/17/2024 19:25:56 [Information] Stepper Motor Controller Enable Y Axis controls after moving to location.
11/17/2024 19:25:56 [Information] Stepper Motor Controller Stopwatch Stopped.
11/17/2024 19:25:56 [Information] Stepper Motor Controller Timer Stopped.
11/17/2024 19:25:56 [Information] Stepper Motor Controller Stopwatch Reset.
11/17/2024 19:25:56 [Information] Stepper Motor Controller Enable Y Axis controls after moving to location.
11/17/2024 19:25:56 [Information] Stepper Motor Controller Stopwatch Stopped.
11/17/2024 19:25:56 [Information] Stepper Motor Controller Timer Stopped.
11/17/2024 19:25:56 [Information] Stepper Motor Controller Stopwatch Reset.
11/17/2024 19:25:56 [Information] Stepper Motor Controller Enable Y Axis controls after moving to location.
11/17/2024 19:25:56 [Information] Stepper Motor Controller Stopwatch Stopped.
11/17/2024 19:25:56 [Information] Stepper Motor Controller Timer Stopped.
11/17/2024 19:25:56 [Information] Stepper Motor Controller Stopwatch Reset.
11/17/2024 19:25:56 [Information] Stepper Motor Controller Enable Y Axis controls after moving to location.
11/17/2024 19:25:56 [Information] Stepper Motor Controller Stopwatch Stopped.
11/17/2024 19:25:56 [Information] Stepper Motor Controller Timer Stopped.
11/17/2024 19:25:56 [Information] Stepper Motor Controller Stopwatch Reset.
11/17/2024 19:25:56 [Information] Stepper Motor Controller Enable Y Axis controls after moving to location.
11/17/2024 19:25:56 [Information] Stepper Motor Controller Stopwatch Stopped.
11/17/2024 19:25:56 [Information] Stepper Motor Controller Timer Stopped.
11/17/2024 19:25:56 [Information] Stepper Motor Controller Stopwatch Reset.
11/17/2024 19:25:56 [Information] Stepper Motor Controller Enable Y Axis controls after moving to location.
11/17/2024 19:25:56 [Information] Stepper Motor Controller Stopwatch Stopped.
11/17/2024 19:25:56 [Information] Stepper Motor Controller Timer Stopped.
11/17/2024 19:25:56 [Information] Stepper Motor Controller Stopwatch Reset.
11/17/2024 19:25:56 [Information] Stepper Motor Controller Enable Y Axis controls after moving to location.
11/17/2024 19:25:56 [Information] Stepper Motor Controller Stopwatch Stopped.
11/17/2024 19:25:56 [Information] Stepper Motor Controller Timer Stopped.
11/17/2024 19:25:56 [Information] Stepper Motor Controller Stopwatch Reset.
11/17/2024 19:25:56 [Information] Stepper Motor Controller Enable Y Axis controls after moving to location.
11/17/2024 19:25:56 [Information] Stepper Motor Controller Stopwatch Stopped.
11/17/2024 19:25:56 [Information] Stepper Motor Controller Timer Stopped.
11/17/2024 19:25:56 [Information] Stepper Motor Controller Stopwatch Reset.
11/17/2024 19:25:56 [Information] Stepper Motor Controller Enable Y Axis controls after moving to location.
11/17/2024 19:25:56 [Information] Stepper Motor Controller Stopwatch Stopped.
11/17/2024 19:25:56 [Information] Stepper Motor Controller Timer Stopped.
11/17/2024 19:25:56 [Information] Stepper Motor Controller Stopwatch Reset.
11/17/2024 19:25:56 [Information] Stepper Motor Controller Enable Y Axis controls after moving to location.
11/17/2024 19:25:56 [Information] Stepper Motor Controller Stopwatch Stopped.
11/17/2024 19:25:56 [Information] Stepper Motor Controller Timer Stopped.
11/17/2024 19:25:56 [Information] Stepper Motor Controller Stopwatch Reset.
11/17/2024 19:25:56 [Information] Stepper Motor Controller Enable Y Axis controls after moving to location.
11/17/2024 19:25:56 [Information] Stepper Motor Controller Stopwatch Stopped.
11/17/2024 19:25:56 [Information] Stepper Motor Controller Timer Stopped.
11/17/2024 19:25:56 [Information] Stepper Motor Controller Stopwatch Reset.
11/17/2024 19:25:56 [Information] Stepper Motor Controller Enable Y Axis controls after moving to location.
11/17/2024 19:25:56 [Information] Stepper Motor Controller Stopwatch Stopped.
11/17/2024 19:25:56 [Information] Stepper Motor Controller Timer Stopped.
11/17/2024 19:25:56 [Information] Stepper Motor Controller Stopwatch Reset.
11/17/2024 19:25:56 [Information] Stepper Motor Controller Enable Y Axis controls after moving to location.
11/17/2024 19:25:56 [Information] Stepper Motor Controller Stopwatch Stopped.
11/17/2024 19:25:56 [Information] Stepper Motor Controller Timer Stopped.
11/17/2024 19:25:56 [Information] Stepper Motor Controller Stopwatch Reset.
11/17/2024 19:25:57 [Information] Stepper Motor Controller Enable Y Axis controls after moving to location.
11/17/2024 19:25:57 [Information] Stepper Motor Controller Stopwatch Stopped.
11/17/2024 19:25:57 [Information] Stepper Motor Controller Timer Stopped.
11/17/2024 19:25:57 [Information] Stepper Motor Controller Stopwatch Reset.
11/17/2024 19:25:57 [Information] Stepper Motor Controller Enable Y Axis controls after moving to location.
11/17/2024 19:25:57 [Information] Stepper Motor Controller Stopwatch Stopped.
11/17/2024 19:25:57 [Information] Stepper Motor Controller Timer Stopped.
11/17/2024 19:25:57 [Information] Stepper Motor Controller Stopwatch Reset.
11/17/2024 19:25:57 [Information] Stepper Motor Controller Enable Y Axis controls after moving to location.
11/17/2024 19:25:57 [Information] Stepper Motor Controller Stopwatch Stopped.
11/17/2024 19:25:57 [Information] Stepper Motor Controller Timer Stopped.
11/17/2024 19:25:57 [Information] Stepper Motor Controller Stopwatch Reset.
11/17/2024 19:25:57 [Information] Stepper Motor Controller Enable Y Axis controls after moving to location.
11/17/2024 19:25:57 [Information] Stepper Motor Controller Stopwatch Stopped.
11/17/2024 19:25:57 [Information] Stepper Motor Controller Timer Stopped.
11/17/2024 19:25:57 [Information] Stepper Motor Controller Stopwatch Reset.
11/17/2024 19:25:57 [Information] Stepper Motor Controller Enable Y Axis controls after moving to location.
11/17/2024 19:25:57 [Information] Stepper Motor Controller Stopwatch Stopped.
11/17/2024 19:25:57 [Information] Stepper Motor Controller Timer Stopped.
11/17/2024 19:25:57 [Information] Stepper Motor Controller Stopwatch Reset.
11/17/2024 19:25:57 [Information] Stepper Motor Controller Enable Y Axis controls after moving to location.
11/17/2024 19:25:57 [Information] Stepper Motor Controller Stopwatch Stopped.
11/17/2024 19:25:57 [Information] Stepper Motor Controller Timer Stopped.
11/17/2024 19:25:57 [Information] Stepper Motor Controller Stopwatch Reset.
11/17/2024 19:25:57 [Information] Stepper Motor Controller Enable Y Axis controls after moving to location.
11/17/2024 19:25:57 [Information] Stepper Motor Controller Stopwatch Stopped.
11/17/2024 19:25:57 [Information] Stepper Motor Controller Timer Stopped.
11/17/2024 19:25:57 [Information] Stepper Motor Controller Stopwatch Reset.
11/17/2024 19:25:57 [Information] Stepper Motor Controller Enable Y Axis controls after moving to location.
11/17/2024 19:25:57 [Information] Stepper Motor Controller Stopwatch Stopped.
11/17/2024 19:25:57 [Information] Stepper Motor Controller Timer Stopped.
11/17/2024 19:25:57 [Information] Stepper Motor Controller Stopwatch Reset.
11/17/2024 19:25:57 [Information] Stepper Motor Controller Enable Y Axis controls after moving to location.
11/17/2024 19:25:57 [Information] Stepper Motor Controller Stopwatch Stopped.
11/17/2024 19:25:57 [Information] Stepper Motor Controller Timer Stopped.
11/17/2024 19:25:57 [Information] Stepper Motor Controller Stopwatch Reset.
11/17/2024 19:25:57 [Information] Stepper Motor Controller Enable Y Axis controls after moving to location.
11/17/2024 19:25:57 [Information] Stepper Motor Controller Stopwatch Stopped.
11/17/2024 19:25:57 [Information] Stepper Motor Controller Timer Stopped.
11/17/2024 19:25:57 [Information] Stepper Motor Controller Stopwatch Reset.
11/17/2024 19:25:57 [Information] Stepper Motor Controller Enable Y Axis controls after moving to location.
11/17/2024 19:25:57 [Information] Stepper Motor Controller Stopwatch Stopped.
11/17/2024 19:25:57 [Information] Stepper Motor Controller Timer Stopped.
11/17/2024 19:25:57 [Information] Stepper Motor Controller Stopwatch Reset.
11/17/2024 19:25:57 [Information] Stepper Motor Controller Enable Y Axis controls after moving to location.
11/17/2024 19:25:57 [Information] Stepper Motor Controller Stopwatch Stopped.
11/17/2024 19:25:57 [Information] Stepper Motor Controller Timer Stopped.
11/17/2024 19:25:57 [Information] Stepper Motor Controller Stopwatch Reset.
11/17/2024 19:25:57 [Information] Stepper Motor Controller Enable Y Axis controls after moving to location.
11/17/2024 19:25:57 [Information] Stepper Motor Controller Stopwatch Stopped.
11/17/2024 19:25:57 [Information] Stepper Motor Controller Timer Stopped.
11/17/2024 19:25:57 [Information] Stepper Motor Controller Stopwatch Reset.
11/17/2024 19:25:57 [Information] Stepper Motor Controller Enable Y Axis controls after moving to location.
11/17/2024 19:25:57 [Information] Stepper Motor Controller Stopwatch Stopped.
11/17/2024 19:25:57 [Information] Stepper Motor Controller Timer Stopped.
11/17/2024 19:25:57 [Information] Stepper Motor Controller Stopwatch Reset.
11/17/2024 19:25:57 [Information] Stepper Motor Controller Enable Y Axis controls after moving to location.
11/17/2024 19:25:57 [Information] Stepper Motor Controller Stopwatch Stopped.
11/17/2024 19:25:57 [Information] Stepper Motor Controller Timer Stopped.
11/17/2024 19:25:57 [Information] Stepper Motor Controller Stopwatch Reset.
11/17/2024 19:25:57 [Information] Stepper Motor Controller Enable Y Axis controls after moving to location.
11/17/2024 19:25:57 [Information] Stepper Motor Controller Stopwatch Stopped.
11/17/2024 19:25:57 [Information] Stepper Motor Controller Timer Stopped.
11/17/2024 19:25:57 [Information] Stepper Motor Controller Stopwatch Reset.
11/17/2024 19:25:58 [Information] Stepper Motor Controller Enable Y Axis controls after moving to location.
11/17/2024 19:25:58 [Information] Stepper Motor Controller Stopwatch Stopped.
11/17/2024 19:25:58 [Information] Stepper Motor Controller Timer Stopped.
11/17/2024 19:25:58 [Information] Stepper Motor Controller Stopwatch Reset.
11/17/2024 19:25:58 [Information] Stepper Motor Controller Enable Y Axis controls after moving to location.
11/17/2024 19:25:58 [Information] Stepper Motor Controller Stopwatch Stopped.
11/17/2024 19:25:58 [Information] Stepper Motor Controller Timer Stopped.
11/17/2024 19:25:58 [Information] Stepper Motor Controller Stopwatch Reset.
11/17/2024 19:25:58 [Information] Stepper Motor Controller Enable Y Axis controls after moving to location.
11/17/2024 19:25:58 [Information] Stepper Motor Controller Stopwatch Stopped.
11/17/2024 19:25:58 [Information] Stepper Motor Controller Timer Stopped.
11/17/2024 19:25:58 [Information] Stepper Motor Controller Stopwatch Reset.
11/17/2024 19:25:58 [Information] Stepper Motor Controller Enable Y Axis controls after moving to location.
11/17/2024 19:25:58 [Information] Stepper Motor Controller Stopwatch Stopped.
11/17/2024 19:25:58 [Information] Stepper Motor Controller Timer Stopped.
11/17/2024 19:25:58 [Information] Stepper Motor Controller Stopwatch Reset.
11/17/2024 19:25:58 [Information] Stepper Motor Controller Enable Y Axis controls after moving to location.
11/17/2024 19:25:58 [Information] Stepper Motor Controller Stopwatch Stopped.
11/17/2024 19:25:58 [Information] Stepper Motor Controller Timer Stopped.
11/17/2024 19:25:58 [Information] Stepper Motor Controller Stopwatch Reset.
11/17/2024 19:25:58 [Information] Stepper Motor Controller Enable Y Axis controls after moving to location.
11/17/2024 19:25:58 [Information] Stepper Motor Controller Stopwatch Stopped.
11/17/2024 19:25:58 [Information] Stepper Motor Controller Timer Stopped.
11/17/2024 19:25:58 [Information] Stepper Motor Controller Stopwatch Reset.
11/17/2024 19:25:58 [Information] Stepper Motor Controller Enable Y Axis controls after moving to location.
11/17/2024 19:25:58 [Information] Stepper Motor Controller Stopwatch Stopped.
11/17/2024 19:25:58 [Information] Stepper Motor Controller Timer Stopped.
11/17/2024 19:25:58 [Information] Stepper Motor Controller Stopwatch Reset.
11/17/2024 19:25:58 [Information] Stepper Motor Controller Enable Y Axis controls after moving to location.
11/17/2024 19:25:58 [Information] Stepper Motor Controller Stopwatch Stopped.
11/17/2024 19:25:58 [Information] Stepper Motor Controller Timer Stopped.
11/17/2024 19:25:58 [Information] Stepper Motor Controller Stopwatch Reset.
11/17/2024 19:25:58 [Information] Stepper Motor Controller Enable Y Axis controls after moving to location.
11/17/2024 19:25:58 [Information] Stepper Motor Controller Stopwatch Stopped.
11/17/2024 19:25:58 [Information] Stepper Motor Controller Timer Stopped.
11/17/2024 19:25:58 [Information] Stepper Motor Controller Stopwatch Reset.
11/17/2024 19:25:58 [Information] Stepper Motor Controller Enable Y Axis controls after moving to location.
11/17/2024 19:25:58 [Information] Stepper Motor Controller Stopwatch Stopped.
11/17/2024 19:25:58 [Information] Stepper Motor Controller Timer Stopped.
11/17/2024 19:25:58 [Information] Stepper Motor Controller Stopwatch Reset.
11/17/2024 19:25:58 [Information] Stepper Motor Controller Enable Y Axis controls after moving to location.
11/17/2024 19:25:58 [Information] Stepper Motor Controller Stopwatch Stopped.
11/17/2024 19:25:58 [Information] Stepper Motor Controller Timer Stopped.
11/17/2024 19:25:58 [Information] Stepper Motor Controller Stopwatch Reset.
11/17/2024 19:25:58 [Information] Stepper Motor Controller Enable Y Axis controls after moving to location.
11/17/2024 19:25:58 [Information] Stepper Motor Controller Stopwatch Stopped.
11/17/2024 19:25:58 [Information] Stepper Motor Controller Timer Stopped.
11/17/2024 19:25:58 [Information] Stepper Motor Controller Stopwatch Reset.
11/17/2024 19:25:58 [Information] Stepper Motor Controller Enable Y Axis controls after moving to location.
11/17/2024 19:25:58 [Information] Stepper Motor Controller Stopwatch Stopped.
11/17/2024 19:25:58 [Information] Stepper Motor Controller Timer Stopped.
11/17/2024 19:25:58 [Information] Stepper Motor Controller Stopwatch Reset.
11/17/2024 19:25:58 [Information] Stepper Motor Controller Enable Y Axis controls after moving to location.
11/17/2024 19:25:58 [Information] Stepper Motor Controller Stopwatch Stopped.
11/17/2024 19:25:58 [Information] Stepper Motor Controller Timer Stopped.
11/17/2024 19:25:58 [Information] Stepper Motor Controller Stopwatch Reset.
11/17/2024 19:25:58 [Information] Stepper Motor Controller Enable Y Axis controls after moving to location.
11/17/2024 19:25:58 [Information] Stepper Motor Controller Stopwatch Stopped.
11/17/2024 19:25:58 [Information] Stepper Motor Controller Timer Stopped.
11/17/2024 19:25:58 [Information] Stepper Motor Controller Stopwatch Reset.
11/17/2024 19:25:59 [Information] Stepper Motor Controller Enable Y Axis controls after moving to location.
11/17/2024 19:25:59 [Information] Stepper Motor Controller Stopwatch Stopped.
11/17/2024 19:25:59 [Information] Stepper Motor Controller Timer Stopped.
11/17/2024 19:25:59 [Information] Stepper Motor Controller Stopwatch Reset.
11/17/2024 19:25:59 [Information] Stepper Motor Controller Enable Y Axis controls after moving to location.
11/17/2024 19:25:59 [Information] Stepper Motor Controller Stopwatch Stopped.
11/17/2024 19:25:59 [Information] Stepper Motor Controller Timer Stopped.
11/17/2024 19:25:59 [Information] Stepper Motor Controller Stopwatch Reset.
11/17/2024 19:25:59 [Information] Stepper Motor Controller Enable Y Axis controls after moving to location.
11/17/2024 19:25:59 [Information] Stepper Motor Controller Stopwatch Stopped.
11/17/2024 19:25:59 [Information] Stepper Motor Controller Timer Stopped.
11/17/2024 19:25:59 [Information] Stepper Motor Controller Stopwatch Reset.
11/17/2024 19:25:59 [Information] Stepper Motor Controller Enable Y Axis controls after moving to location.
11/17/2024 19:25:59 [Information] Stepper Motor Controller Stopwatch Stopped.
11/17/2024 19:25:59 [Information] Stepper Motor Controller Timer Stopped.
11/17/2024 19:25:59 [Information] Stepper Motor Controller Stopwatch Reset.
11/17/2024 19:25:59 [Information] Stepper Motor Controller Enable Y Axis controls after moving to location.
11/17/2024 19:25:59 [Information] Stepper Motor Controller Stopwatch Stopped.
11/17/2024 19:25:59 [Information] Stepper Motor Controller Timer Stopped.
11/17/2024 19:25:59 [Information] Stepper Motor Controller Stopwatch Reset.
11/17/2024 19:25:59 [Information] Stepper Motor Controller Enable Y Axis controls after moving to location.
11/17/2024 19:25:59 [Information] Stepper Motor Controller Stopwatch Stopped.
11/17/2024 19:25:59 [Information] Stepper Motor Controller Timer Stopped.
11/17/2024 19:25:59 [Information] Stepper Motor Controller Stopwatch Reset.
11/17/2024 19:25:59 [Information] Stepper Motor Controller Enable Y Axis controls after moving to location.
11/17/2024 19:25:59 [Information] Stepper Motor Controller Stopwatch Stopped.
11/17/2024 19:25:59 [Information] Stepper Motor Controller Timer Stopped.
11/17/2024 19:25:59 [Information] Stepper Motor Controller Stopwatch Reset.
11/17/2024 19:25:59 [Information] Stepper Motor Controller Enable Y Axis controls after moving to location.
11/17/2024 19:25:59 [Information] Stepper Motor Controller Stopwatch Stopped.
11/17/2024 19:25:59 [Information] Stepper Motor Controller Timer Stopped.
11/17/2024 19:25:59 [Information] Stepper Motor Controller Stopwatch Reset.
11/17/2024 19:25:59 [Information] Stepper Motor Controller Enable Y Axis controls after moving to location.
11/17/2024 19:25:59 [Information] Stepper Motor Controller Stopwatch Stopped.
11/17/2024 19:25:59 [Information] Stepper Motor Controller Timer Stopped.
11/17/2024 19:25:59 [Information] Stepper Motor Controller Stopwatch Reset.
11/17/2024 19:25:59 [Information] Stepper Motor Controller Enable Y Axis controls after moving to location.
11/17/2024 19:25:59 [Information] Stepper Motor Controller Stopwatch Stopped.
11/17/2024 19:25:59 [Information] Stepper Motor Controller Timer Stopped.
11/17/2024 19:25:59 [Information] Stepper Motor Controller Stopwatch Reset.
11/17/2024 19:25:59 [Information] Stepper Motor Controller Enable Y Axis controls after moving to location.
11/17/2024 19:25:59 [Information] Stepper Motor Controller Stopwatch Stopped.
11/17/2024 19:25:59 [Information] Stepper Motor Controller Timer Stopped.
11/17/2024 19:25:59 [Information] Stepper Motor Controller Stopwatch Reset.
11/17/2024 19:25:59 [Information] Stepper Motor Controller Enable Y Axis controls after moving to location.
11/17/2024 19:25:59 [Information] Stepper Motor Controller Stopwatch Stopped.
11/17/2024 19:25:59 [Information] Stepper Motor Controller Timer Stopped.
11/17/2024 19:25:59 [Information] Stepper Motor Controller Stopwatch Reset.
11/17/2024 19:25:59 [Information] Stepper Motor Controller Enable Y Axis controls after moving to location.
11/17/2024 19:25:59 [Information] Stepper Motor Controller Stopwatch Stopped.
11/17/2024 19:25:59 [Information] Stepper Motor Controller Timer Stopped.
11/17/2024 19:25:59 [Information] Stepper Motor Controller Stopwatch Reset.
11/17/2024 19:25:59 [Information] Stepper Motor Controller Enable Y Axis controls after moving to location.
11/17/2024 19:25:59 [Information] Stepper Motor Controller Stopwatch Stopped.
11/17/2024 19:25:59 [Information] Stepper Motor Controller Timer Stopped.
11/17/2024 19:25:59 [Information] Stepper Motor Controller Stopwatch Reset.
11/17/2024 19:26:00 [Information] Stepper Motor Controller Enable Y Axis controls after moving to location.
11/17/2024 19:26:00 [Information] Stepper Motor Controller Stopwatch Stopped.
11/17/2024 19:26:00 [Information] Stepper Motor Controller Timer Stopped.
11/17/2024 19:26:00 [Information] Stepper Motor Controller Stopwatch Reset.
11/17/2024 19:26:00 [Information] Stepper Motor Controller Enable Y Axis controls after moving to location.
11/17/2024 19:26:00 [Information] Stepper Motor Controller Stopwatch Stopped.
11/17/2024 19:26:00 [Information] Stepper Motor Controller Timer Stopped.
11/17/2024 19:26:00 [Information] Stepper Motor Controller Stopwatch Reset.
11/17/2024 19:26:00 [Information] Stepper Motor Controller Enable Y Axis controls after moving to location.
11/17/2024 19:26:00 [Information] Stepper Motor Controller Stopwatch Stopped.
11/17/2024 19:26:00 [Information] Stepper Motor Controller Timer Stopped.
11/17/2024 19:26:00 [Information] Stepper Motor Controller Stopwatch Reset.
11/17/2024 19:26:00 [Information] Stepper Motor Controller Enable Y Axis controls after moving to location.
11/17/2024 19:26:00 [Information] Stepper Motor Controller Stopwatch Stopped.
11/17/2024 19:26:00 [Information] Stepper Motor Controller Timer Stopped.
11/17/2024 19:26:00 [Information] Stepper Motor Controller Stopwatch Reset.
11/17/2024 19:26:00 [Information] Stepper Motor Controller Enable Y Axis controls after moving to location.
11/17/2024 19:26:00 [Information] Stepper Motor Controller Stopwatch Stopped.
11/17/2024 19:26:00 [Information] Stepper Motor Controller Timer Stopped.
11/17/2024 19:26:00 [Information] Stepper Motor Controller Stopwatch Reset.
11/17/2024 19:26:00 [Information] Stepper Motor Controller Enable Y Axis controls after moving to location.
11/17/2024 19:26:00 [Information] Stepper Motor Controller Stopwatch Stopped.
11/17/2024 19:26:00 [Information] Stepper Motor Controller Timer Stopped.
11/17/2024 19:26:00 [Information] Stepper Motor Controller Stopwatch Reset.
11/17/2024 19:26:00 [Information] Stepper Motor Controller Enable Y Axis controls after moving to location.
11/17/2024 19:26:00 [Information] Stepper Motor Controller Stopwatch Stopped.
11/17/2024 19:26:00 [Information] Stepper Motor Controller Timer Stopped.
11/17/2024 19:26:00 [Information] Stepper Motor Controller Stopwatch Reset.
11/17/2024 19:26:00 [Information] Stepper Motor Controller Enable Y Axis controls after moving to location.
11/17/2024 19:26:00 [Information] Stepper Motor Controller Stopwatch Stopped.
11/17/2024 19:26:00 [Information] Stepper Motor Controller Timer Stopped.
11/17/2024 19:26:00 [Information] Stepper Motor Controller Stopwatch Reset.
11/17/2024 19:26:00 [Information] Stepper Motor Controller Enable Y Axis controls after moving to location.
11/17/2024 19:26:00 [Information] Stepper Motor Controller Stopwatch Stopped.
11/17/2024 19:26:00 [Information] Stepper Motor Controller Timer Stopped.
11/17/2024 19:26:00 [Information] Stepper Motor Controller Stopwatch Reset.
11/17/2024 19:26:00 [Information] Stepper Motor Controller Enable Y Axis controls after moving to location.
11/17/2024 19:26:00 [Information] Stepper Motor Controller Stopwatch Stopped.
11/17/2024 19:26:00 [Information] Stepper Motor Controller Timer Stopped.
11/17/2024 19:26:00 [Information] Stepper Motor Controller Stopwatch Reset.
11/17/2024 19:26:00 [Information] Stepper Motor Controller Enable Y Axis controls after moving to location.
11/17/2024 19:26:00 [Information] Stepper Motor Controller Stopwatch Stopped.
11/17/2024 19:26:00 [Information] Stepper Motor Controller Timer Stopped.
11/17/2024 19:26:00 [Information] Stepper Motor Controller Stopwatch Reset.
11/17/2024 19:26:00 [Information] Stepper Motor Controller Enable Y Axis controls after moving to location.
11/17/2024 19:26:00 [Information] Stepper Motor Controller Stopwatch Stopped.
11/17/2024 19:26:00 [Information] Stepper Motor Controller Timer Stopped.
11/17/2024 19:26:00 [Information] Stepper Motor Controller Stopwatch Reset.
11/17/2024 19:26:00 [Information] Stepper Motor Controller Enable Y Axis controls after moving to location.
11/17/2024 19:26:00 [Information] Stepper Motor Controller Stopwatch Stopped.
11/17/2024 19:26:00 [Information] Stepper Motor Controller Timer Stopped.
11/17/2024 19:26:00 [Information] Stepper Motor Controller Stopwatch Reset.
11/17/2024 19:26:00 [Information] Stepper Motor Controller Enable Y Axis controls after moving to location.
11/17/2024 19:26:00 [Information] Stepper Motor Controller Stopwatch Stopped.
11/17/2024 19:26:00 [Information] Stepper Motor Controller Timer Stopped.
11/17/2024 19:26:00 [Information] Stepper Motor Controller Stopwatch Reset.
11/17/2024 19:26:01 [Information] Stepper Motor Controller Enable Y Axis controls after moving to location.
11/17/2024 19:26:01 [Information] Stepper Motor Controller Stopwatch Stopped.
11/17/2024 19:26:01 [Information] Stepper Motor Controller Timer Stopped.
11/17/2024 19:26:01 [Information] Stepper Motor Controller Stopwatch Reset.
11/17/2024 19:26:01 [Information] Stepper Motor Controller Enable Y Axis controls after moving to location.
11/17/2024 19:26:01 [Information] Stepper Motor Controller Stopwatch Stopped.
11/17/2024 19:26:01 [Information] Stepper Motor Controller Timer Stopped.
11/17/2024 19:26:01 [Information] Stepper Motor Controller Stopwatch Reset.
11/17/2024 19:26:01 [Information] Stepper Motor Controller Enable Y Axis controls after moving to location.
11/17/2024 19:26:01 [Information] Stepper Motor Controller Stopwatch Stopped.
11/17/2024 19:26:01 [Information] Stepper Motor Controller Timer Stopped.
11/17/2024 19:26:01 [Information] Stepper Motor Controller Stopwatch Reset.
11/17/2024 19:26:01 [Information] Stepper Motor Controller Enable Y Axis controls after moving to location.
11/17/2024 19:26:01 [Information] Stepper Motor Controller Stopwatch Stopped.
11/17/2024 19:26:01 [Information] Stepper Motor Controller Timer Stopped.
11/17/2024 19:26:01 [Information] Stepper Motor Controller Stopwatch Reset.
11/17/2024 19:26:01 [Information] Stepper Motor Controller Enable Y Axis controls after moving to location.
11/17/2024 19:26:01 [Information] Stepper Motor Controller Stopwatch Stopped.
11/17/2024 19:26:01 [Information] Stepper Motor Controller Timer Stopped.
11/17/2024 19:26:01 [Information] Stepper Motor Controller Stopwatch Reset.
11/17/2024 19:26:01 [Information] Stepper Motor Controller Enable Y Axis controls after moving to location.
11/17/2024 19:26:01 [Information] Stepper Motor Controller Stopwatch Stopped.
11/17/2024 19:26:01 [Information] Stepper Motor Controller Timer Stopped.
11/17/2024 19:26:01 [Information] Stepper Motor Controller Stopwatch Reset.
11/17/2024 19:26:01 [Information] Stepper Motor Controller Enable Y Axis controls after moving to location.
11/17/2024 19:26:01 [Information] Stepper Motor Controller Stopwatch Stopped.
11/17/2024 19:26:01 [Information] Stepper Motor Controller Timer Stopped.
11/17/2024 19:26:01 [Information] Stepper Motor Controller Stopwatch Reset.
11/17/2024 19:26:01 [Information] Stepper Motor Controller Enable Y Axis controls after moving to location.
11/17/2024 19:26:01 [Information] Stepper Motor Controller Stopwatch Stopped.
11/17/2024 19:26:01 [Information] Stepper Motor Controller Timer Stopped.
11/17/2024 19:26:01 [Information] Stepper Motor Controller Stopwatch Reset.
11/17/2024 19:26:01 [Information] Stepper Motor Controller Enable Y Axis controls after moving to location.
11/17/2024 19:26:01 [Information] Stepper Motor Controller Stopwatch Stopped.
11/17/2024 19:26:01 [Information] Stepper Motor Controller Timer Stopped.
11/17/2024 19:26:01 [Information] Stepper Motor Controller Stopwatch Reset.
11/17/2024 19:26:01 [Information] Stepper Motor Controller Enable Y Axis controls after moving to location.
11/17/2024 19:26:01 [Information] Stepper Motor Controller Stopwatch Stopped.
11/17/2024 19:26:01 [Information] Stepper Motor Controller Timer Stopped.
11/17/2024 19:26:01 [Information] Stepper Motor Controller Stopwatch Reset.
11/17/2024 19:26:01 [Information] Stepper Motor Controller Enable Y Axis controls after moving to location.
11/17/2024 19:26:01 [Information] Stepper Motor Controller Stopwatch Stopped.
11/17/2024 19:26:01 [Information] Stepper Motor Controller Timer Stopped.
11/17/2024 19:26:01 [Information] Stepper Motor Controller Stopwatch Reset.
11/17/2024 19:26:01 [Information] Stepper Motor Controller Enable Y Axis controls after moving to location.
11/17/2024 19:26:01 [Information] Stepper Motor Controller Stopwatch Stopped.
11/17/2024 19:26:01 [Information] Stepper Motor Controller Timer Stopped.
11/17/2024 19:26:01 [Information] Stepper Motor Controller Stopwatch Reset.
11/17/2024 19:26:01 [Information] Stepper Motor Controller Enable Y Axis controls after moving to location.
11/17/2024 19:26:01 [Information] Stepper Motor Controller Stopwatch Stopped.
11/17/2024 19:26:01 [Information] Stepper Motor Controller Timer Stopped.
11/17/2024 19:26:01 [Information] Stepper Motor Controller Stopwatch Reset.
11/17/2024 19:26:01 [Information] Stepper Motor Controller Enable Y Axis controls after moving to location.
11/17/2024 19:26:01 [Information] Stepper Motor Controller Stopwatch Stopped.
11/17/2024 19:26:01 [Information] Stepper Motor Controller Timer Stopped.
11/17/2024 19:26:01 [Information] Stepper Motor Controller Stopwatch Reset.
11/17/2024 19:26:02 [Information] Stepper Motor Controller Enable Y Axis controls after moving to location.
11/17/2024 19:26:02 [Information] Stepper Motor Controller Stopwatch Stopped.
11/17/2024 19:26:02 [Information] Stepper Motor Controller Timer Stopped.
11/17/2024 19:26:02 [Information] Stepper Motor Controller Stopwatch Reset.
11/17/2024 19:26:02 [Information] Stepper Motor Controller Enable Y Axis controls after moving to location.
11/17/2024 19:26:02 [Information] Stepper Motor Controller Stopwatch Stopped.
11/17/2024 19:26:02 [Information] Stepper Motor Controller Timer Stopped.
11/17/2024 19:26:02 [Information] Stepper Motor Controller Stopwatch Reset.
11/17/2024 19:26:02 [Information] Stepper Motor Controller Enable Y Axis controls after moving to location.
11/17/2024 19:26:02 [Information] Stepper Motor Controller Stopwatch Stopped.
11/17/2024 19:26:02 [Information] Stepper Motor Controller Timer Stopped.
11/17/2024 19:26:02 [Information] Stepper Motor Controller Stopwatch Reset.
11/17/2024 19:26:02 [Information] Stepper Motor Controller Enable Y Axis controls after moving to location.
11/17/2024 19:26:02 [Information] Stepper Motor Controller Stopwatch Stopped.
11/17/2024 19:26:02 [Information] Stepper Motor Controller Timer Stopped.
11/17/2024 19:26:02 [Information] Stepper Motor Controller Stopwatch Reset.
11/17/2024 19:26:02 [Information] Stepper Motor Controller Enable Y Axis controls after moving to location.
11/17/2024 19:26:02 [Information] Stepper Motor Controller Stopwatch Stopped.
11/17/2024 19:26:02 [Information] Stepper Motor Controller Timer Stopped.
11/17/2024 19:26:02 [Information] Stepper Motor Controller Stopwatch Reset.
11/17/2024 19:26:02 [Information] Stepper Motor Controller Enable Y Axis controls after moving to location.
11/17/2024 19:26:02 [Information] Stepper Motor Controller Stopwatch Stopped.
11/17/2024 19:26:02 [Information] Stepper Motor Controller Timer Stopped.
11/17/2024 19:26:02 [Information] Stepper Motor Controller Stopwatch Reset.
11/17/2024 19:26:02 [Information] Stepper Motor Controller Enable Y Axis controls after moving to location.
11/17/2024 19:26:02 [Information] Stepper Motor Controller Stopwatch Stopped.
11/17/2024 19:26:02 [Information] Stepper Motor Controller Timer Stopped.
11/17/2024 19:26:02 [Information] Stepper Motor Controller Stopwatch Reset.
11/17/2024 19:26:02 [Information] Stepper Motor Controller Enable Y Axis controls after moving to location.
11/17/2024 19:26:02 [Information] Stepper Motor Controller Stopwatch Stopped.
11/17/2024 19:26:02 [Information] Stepper Motor Controller Timer Stopped.
11/17/2024 19:26:02 [Information] Stepper Motor Controller Stopwatch Reset.
11/17/2024 19:26:02 [Information] Stepper Motor Controller Enable Y Axis controls after moving to location.
11/17/2024 19:26:02 [Information] Stepper Motor Controller Stopwatch Stopped.
11/17/2024 19:26:02 [Information] Stepper Motor Controller Timer Stopped.
11/17/2024 19:26:02 [Information] Stepper Motor Controller Stopwatch Reset.
11/17/2024 19:26:02 [Information] Stepper Motor Controller Enable Y Axis controls after moving to location.
11/17/2024 19:26:02 [Information] Stepper Motor Controller Stopwatch Stopped.
11/17/2024 19:26:02 [Information] Stepper Motor Controller Timer Stopped.
11/17/2024 19:26:02 [Information] Stepper Motor Controller Stopwatch Reset.
11/17/2024 19:26:03 [Information] Stepper Motor Controller Enable Y Axis controls after moving to location.
11/17/2024 19:26:03 [Information] Stepper Motor Controller Stopwatch Stopped.
11/17/2024 19:26:03 [Information] Stepper Motor Controller Timer Stopped.
11/17/2024 19:26:03 [Information] Stepper Motor Controller Stopwatch Reset.
11/17/2024 19:26:03 [Information] Stepper Motor Controller Enable Y Axis controls after moving to location.
11/17/2024 19:26:03 [Information] Stepper Motor Controller Stopwatch Stopped.
11/17/2024 19:26:03 [Information] Stepper Motor Controller Timer Stopped.
11/17/2024 19:26:03 [Information] Stepper Motor Controller Stopwatch Reset.
11/17/2024 19:26:03 [Information] Stepper Motor Controller Enable Y Axis controls after moving to location.
11/17/2024 19:26:03 [Information] Stepper Motor Controller Stopwatch Stopped.
11/17/2024 19:26:03 [Information] Stepper Motor Controller Timer Stopped.
11/17/2024 19:26:03 [Information] Stepper Motor Controller Stopwatch Reset.
11/17/2024 19:26:03 [Information] Stepper Motor Controller Enable Y Axis controls after moving to location.
11/17/2024 19:26:03 [Information] Stepper Motor Controller Stopwatch Stopped.
11/17/2024 19:26:03 [Information] Stepper Motor Controller Timer Stopped.
11/17/2024 19:26:03 [Information] Stepper Motor Controller Stopwatch Reset.
11/17/2024 19:26:03 [Information] Stepper Motor Controller Enable Y Axis controls after moving to location.
11/17/2024 19:26:03 [Information] Stepper Motor Controller Stopwatch Stopped.
11/17/2024 19:26:03 [Information] Stepper Motor Controller Timer Stopped.
11/17/2024 19:26:03 [Information] Stepper Motor Controller Stopwatch Reset.
11/17/2024 19:26:03 [Information] Stepper Motor Controller Enable Y Axis controls after moving to location.
11/17/2024 19:26:03 [Information] Stepper Motor Controller Stopwatch Stopped.
11/17/2024 19:26:03 [Information] Stepper Motor Controller Timer Stopped.
11/17/2024 19:26:03 [Information] Stepper Motor Controller Stopwatch Reset.
11/17/2024 19:26:03 [Information] Stepper Motor Controller Enable Y Axis controls after moving to location.
11/17/2024 19:26:03 [Information] Stepper Motor Controller Stopwatch Stopped.
11/17/2024 19:26:03 [Information] Stepper Motor Controller Timer Stopped.
11/17/2024 19:26:03 [Information] Stepper Motor Controller Stopwatch Reset.
11/17/2024 19:26:03 [Information] Stepper Motor Controller Enable Y Axis controls after moving to location.
11/17/2024 19:26:03 [Information] Stepper Motor Controller Stopwatch Stopped.
11/17/2024 19:26:03 [Information] Stepper Motor Controller Timer Stopped.
11/17/2024 19:26:03 [Information] Stepper Motor Controller Stopwatch Reset.
11/17/2024 19:26:03 [Information] Stepper Motor Controller Enable Y Axis controls after moving to location.
11/17/2024 19:26:03 [Information] Stepper Motor Controller Stopwatch Stopped.
11/17/2024 19:26:03 [Information] Stepper Motor Controller Timer Stopped.
11/17/2024 19:26:03 [Information] Stepper Motor Controller Stopwatch Reset.
11/17/2024 19:26:03 [Information] Stepper Motor Controller Enable Y Axis controls after moving to location.
11/17/2024 19:26:03 [Information] Stepper Motor Controller Stopwatch Stopped.
11/17/2024 19:26:03 [Information] Stepper Motor Controller Timer Stopped.
11/17/2024 19:26:03 [Information] Stepper Motor Controller Stopwatch Reset.
11/17/2024 19:26:03 [Information] Stepper Motor Controller Enable Y Axis controls after moving to location.
11/17/2024 19:26:03 [Information] Stepper Motor Controller Stopwatch Stopped.
11/17/2024 19:26:03 [Information] Stepper Motor Controller Timer Stopped.
11/17/2024 19:26:03 [Information] Stepper Motor Controller Stopwatch Reset.
11/17/2024 19:26:03 [Information] Stepper Motor Controller Enable Y Axis controls after moving to location.
11/17/2024 19:26:03 [Information] Stepper Motor Controller Stopwatch Stopped.
11/17/2024 19:26:03 [Information] Stepper Motor Controller Timer Stopped.
11/17/2024 19:26:03 [Information] Stepper Motor Controller Stopwatch Reset.
11/17/2024 19:26:03 [Information] Stepper Motor Controller Enable Y Axis controls after moving to location.
11/17/2024 19:26:03 [Information] Stepper Motor Controller Stopwatch Stopped.
11/17/2024 19:26:03 [Information] Stepper Motor Controller Timer Stopped.
11/17/2024 19:26:03 [Information] Stepper Motor Controller Stopwatch Reset.
11/17/2024 19:26:03 [Information] Stepper Motor Controller Enable Y Axis controls after moving to location.
11/17/2024 19:26:03 [Information] Stepper Motor Controller Stopwatch Stopped.
11/17/2024 19:26:03 [Information] Stepper Motor Controller Timer Stopped.
11/17/2024 19:26:03 [Information] Stepper Motor Controller Stopwatch Reset.
11/17/2024 19:26:03 [Information] Stepper Motor Controller Enable Y Axis controls after moving to location.
11/17/2024 19:26:03 [Information] Stepper Motor Controller Stopwatch Stopped.
11/17/2024 19:26:03 [Information] Stepper Motor Controller Timer Stopped.
11/17/2024 19:26:03 [Information] Stepper Motor Controller Stopwatch Reset.
11/17/2024 19:26:03 [Information] Stepper Motor Controller Enable Y Axis controls after moving to location.
11/17/2024 19:26:03 [Information] Stepper Motor Controller Stopwatch Stopped.
11/17/2024 19:26:03 [Information] Stepper Motor Controller Timer Stopped.
11/17/2024 19:26:03 [Information] Stepper Motor Controller Stopwatch Reset.
11/17/2024 19:26:03 [Information] Stepper Motor Controller Enable Y Axis controls after moving to location.
11/17/2024 19:26:03 [Information] Stepper Motor Controller Stopwatch Stopped.
11/17/2024 19:26:03 [Information] Stepper Motor Controller Timer Stopped.
11/17/2024 19:26:03 [Information] Stepper Motor Controller Stopwatch Reset.
11/17/2024 19:26:03 [Information] Stepper Motor Controller Enable Y Axis controls after moving to location.
11/17/2024 19:26:03 [Information] Stepper Motor Controller Stopwatch Stopped.
11/17/2024 19:26:03 [Information] Stepper Motor Controller Timer Stopped.
11/17/2024 19:26:03 [Information] Stepper Motor Controller Stopwatch Reset.
11/17/2024 19:26:03 [Information] Stepper Motor Controller Enable Y Axis controls after moving to location.
11/17/2024 19:26:03 [Information] Stepper Motor Controller Stopwatch Stopped.
11/17/2024 19:26:03 [Information] Stepper Motor Controller Timer Stopped.
11/17/2024 19:26:03 [Information] Stepper Motor Controller Stopwatch Reset.
11/17/2024 19:26:04 [Information] Stepper Motor Controller Enable Y Axis controls after moving to location.
11/17/2024 19:26:04 [Information] Stepper Motor Controller Stopwatch Stopped.
11/17/2024 19:26:04 [Information] Stepper Motor Controller Timer Stopped.
11/17/2024 19:26:04 [Information] Stepper Motor Controller Stopwatch Reset.
11/17/2024 19:26:04 [Information] Stepper Motor Controller Enable Y Axis controls after moving to location.
11/17/2024 19:26:04 [Information] Stepper Motor Controller Stopwatch Stopped.
11/17/2024 19:26:04 [Information] Stepper Motor Controller Timer Stopped.
11/17/2024 19:26:04 [Information] Stepper Motor Controller Stopwatch Reset.
11/17/2024 19:26:04 [Information] Stepper Motor Controller Enable Y Axis controls after moving to location.
11/17/2024 19:26:04 [Information] Stepper Motor Controller Stopwatch Stopped.
11/17/2024 19:26:04 [Information] Stepper Motor Controller Timer Stopped.
11/17/2024 19:26:04 [Information] Stepper Motor Controller Stopwatch Reset.
11/17/2024 19:26:04 [Information] Stepper Motor Controller Enable Y Axis controls after moving to location.
11/17/2024 19:26:04 [Information] Stepper Motor Controller Stopwatch Stopped.
11/17/2024 19:26:04 [Information] Stepper Motor Controller Timer Stopped.
11/17/2024 19:26:04 [Information] Stepper Motor Controller Stopwatch Reset.
11/17/2024 19:26:04 [Information] Stepper Motor Controller Enable Y Axis controls after moving to location.
11/17/2024 19:26:04 [Information] Stepper Motor Controller Stopwatch Stopped.
11/17/2024 19:26:04 [Information] Stepper Motor Controller Timer Stopped.
11/17/2024 19:26:04 [Information] Stepper Motor Controller Stopwatch Reset.
11/17/2024 19:26:04 [Information] Stepper Motor Controller Enable Y Axis controls after moving to location.
11/17/2024 19:26:04 [Information] Stepper Motor Controller Stopwatch Stopped.
11/17/2024 19:26:04 [Information] Stepper Motor Controller Timer Stopped.
11/17/2024 19:26:04 [Information] Stepper Motor Controller Stopwatch Reset.
11/17/2024 19:26:04 [Information] Stepper Motor Controller Enable Y Axis controls after moving to location.
11/17/2024 19:26:04 [Information] Stepper Motor Controller Stopwatch Stopped.
11/17/2024 19:26:04 [Information] Stepper Motor Controller Timer Stopped.
11/17/2024 19:26:04 [Information] Stepper Motor Controller Stopwatch Reset.
11/17/2024 19:26:04 [Information] Stepper Motor Controller Enable Y Axis controls after moving to location.
11/17/2024 19:26:04 [Information] Stepper Motor Controller Stopwatch Stopped.
11/17/2024 19:26:04 [Information] Stepper Motor Controller Timer Stopped.
11/17/2024 19:26:04 [Information] Stepper Motor Controller Stopwatch Reset.
11/17/2024 19:26:04 [Information] Stepper Motor Controller Enable Y Axis controls after moving to location.
11/17/2024 19:26:04 [Information] Stepper Motor Controller Stopwatch Stopped.
11/17/2024 19:26:04 [Information] Stepper Motor Controller Timer Stopped.
11/17/2024 19:26:04 [Information] Stepper Motor Controller Stopwatch Reset.
11/17/2024 19:26:04 [Information] Stepper Motor Controller Enable Y Axis controls after moving to location.
11/17/2024 19:26:04 [Information] Stepper Motor Controller Stopwatch Stopped.
11/17/2024 19:26:04 [Information] Stepper Motor Controller Timer Stopped.
11/17/2024 19:26:04 [Information] Stepper Motor Controller Stopwatch Reset.
11/17/2024 19:26:04 [Information] Stepper Motor Controller Enable Y Axis controls after moving to location.
11/17/2024 19:26:04 [Information] Stepper Motor Controller Stopwatch Stopped.
11/17/2024 19:26:04 [Information] Stepper Motor Controller Timer Stopped.
11/17/2024 19:26:04 [Information] Stepper Motor Controller Stopwatch Reset.
11/17/2024 19:26:04 [Information] Stepper Motor Controller Enable Y Axis controls after moving to location.
11/17/2024 19:26:04 [Information] Stepper Motor Controller Stopwatch Stopped.
11/17/2024 19:26:04 [Information] Stepper Motor Controller Timer Stopped.
11/17/2024 19:26:04 [Information] Stepper Motor Controller Stopwatch Reset.
11/17/2024 19:26:04 [Information] Stepper Motor Controller Enable Y Axis controls after moving to location.
11/17/2024 19:26:04 [Information] Stepper Motor Controller Stopwatch Stopped.
11/17/2024 19:26:04 [Information] Stepper Motor Controller Timer Stopped.
11/17/2024 19:26:04 [Information] Stepper Motor Controller Stopwatch Reset.
11/17/2024 19:26:04 [Information] Stepper Motor Controller Enable Y Axis controls after moving to location.
11/17/2024 19:26:04 [Information] Stepper Motor Controller Stopwatch Stopped.
11/17/2024 19:26:04 [Information] Stepper Motor Controller Timer Stopped.
11/17/2024 19:26:04 [Information] Stepper Motor Controller Stopwatch Reset.
11/17/2024 19:26:04 [Information] Stepper Motor Controller Enable Y Axis controls after moving to location.
11/17/2024 19:26:04 [Information] Stepper Motor Controller Stopwatch Stopped.
11/17/2024 19:26:04 [Information] Stepper Motor Controller Timer Stopped.
11/17/2024 19:26:04 [Information] Stepper Motor Controller Stopwatch Reset.
11/17/2024 19:26:04 [Information] Stepper Motor Controller Enable Y Axis controls after moving to location.
11/17/2024 19:26:04 [Information] Stepper Motor Controller Stopwatch Stopped.
11/17/2024 19:26:04 [Information] Stepper Motor Controller Timer Stopped.
11/17/2024 19:26:04 [Information] Stepper Motor Controller Stopwatch Reset.
11/17/2024 19:26:05 [Information] Stepper Motor Controller Enable Y Axis controls after moving to location.
11/17/2024 19:26:05 [Information] Stepper Motor Controller Stopwatch Stopped.
11/17/2024 19:26:05 [Information] Stepper Motor Controller Timer Stopped.
11/17/2024 19:26:05 [Information] Stepper Motor Controller Stopwatch Reset.
11/17/2024 19:26:05 [Information] Stepper Motor Controller Enable Y Axis controls after moving to location.
11/17/2024 19:26:05 [Information] Stepper Motor Controller Stopwatch Stopped.
11/17/2024 19:26:05 [Information] Stepper Motor Controller Timer Stopped.
11/17/2024 19:26:05 [Information] Stepper Motor Controller Stopwatch Reset.
11/17/2024 19:26:05 [Information] Stepper Motor Controller Enable Y Axis controls after moving to location.
11/17/2024 19:26:05 [Information] Stepper Motor Controller Stopwatch Stopped.
11/17/2024 19:26:05 [Information] Stepper Motor Controller Timer Stopped.
11/17/2024 19:26:05 [Information] Stepper Motor Controller Stopwatch Reset.
11/17/2024 19:26:05 [Information] Stepper Motor Controller Enable Y Axis controls after moving to location.
11/17/2024 19:26:05 [Information] Stepper Motor Controller Stopwatch Stopped.
11/17/2024 19:26:05 [Information] Stepper Motor Controller Timer Stopped.
11/17/2024 19:26:05 [Information] Stepper Motor Controller Stopwatch Reset.
11/17/2024 19:26:05 [Information] Stepper Motor Controller Enable Y Axis controls after moving to location.
11/17/2024 19:26:05 [Information] Stepper Motor Controller Stopwatch Stopped.
11/17/2024 19:26:05 [Information] Stepper Motor Controller Timer Stopped.
11/17/2024 19:26:05 [Information] Stepper Motor Controller Stopwatch Reset.
11/17/2024 19:26:05 [Information] Stepper Motor Controller Enable Y Axis controls after moving to location.
11/17/2024 19:26:05 [Information] Stepper Motor Controller Stopwatch Stopped.
11/17/2024 19:26:05 [Information] Stepper Motor Controller Timer Stopped.
11/17/2024 19:26:05 [Information] Stepper Motor Controller Stopwatch Reset.
11/17/2024 19:26:05 [Information] Stepper Motor Controller Enable Y Axis controls after moving to location.
11/17/2024 19:26:05 [Information] Stepper Motor Controller Stopwatch Stopped.
11/17/2024 19:26:05 [Information] Stepper Motor Controller Timer Stopped.
11/17/2024 19:26:05 [Information] Stepper Motor Controller Stopwatch Reset.
11/17/2024 19:26:05 [Information] Stepper Motor Controller Enable Y Axis controls after moving to location.
11/17/2024 19:26:05 [Information] Stepper Motor Controller Stopwatch Stopped.
11/17/2024 19:26:05 [Information] Stepper Motor Controller Timer Stopped.
11/17/2024 19:26:05 [Information] Stepper Motor Controller Stopwatch Reset.
11/17/2024 19:26:05 [Information] Stepper Motor Controller Enable Y Axis controls after moving to location.
11/17/2024 19:26:05 [Information] Stepper Motor Controller Stopwatch Stopped.
11/17/2024 19:26:05 [Information] Stepper Motor Controller Timer Stopped.
11/17/2024 19:26:05 [Information] Stepper Motor Controller Stopwatch Reset.
11/17/2024 19:26:05 [Information] Stepper Motor Controller Enable Y Axis controls after moving to location.
11/17/2024 19:26:05 [Information] Stepper Motor Controller Stopwatch Stopped.
11/17/2024 19:26:05 [Information] Stepper Motor Controller Timer Stopped.
11/17/2024 19:26:05 [Information] Stepper Motor Controller Stopwatch Reset.
11/17/2024 19:26:05 [Information] Stepper Motor Controller Enable Y Axis controls after moving to location.
11/17/2024 19:26:05 [Information] Stepper Motor Controller Stopwatch Stopped.
11/17/2024 19:26:05 [Information] Stepper Motor Controller Timer Stopped.
11/17/2024 19:26:05 [Information] Stepper Motor Controller Stopwatch Reset.
11/17/2024 19:26:05 [Information] Stepper Motor Controller Enable Y Axis controls after moving to location.
11/17/2024 19:26:05 [Information] Stepper Motor Controller Stopwatch Stopped.
11/17/2024 19:26:05 [Information] Stepper Motor Controller Timer Stopped.
11/17/2024 19:26:05 [Information] Stepper Motor Controller Stopwatch Reset.
11/17/2024 19:26:05 [Information] Stepper Motor Controller Enable Y Axis controls after moving to location.
11/17/2024 19:26:05 [Information] Stepper Motor Controller Stopwatch Stopped.
11/17/2024 19:26:05 [Information] Stepper Motor Controller Timer Stopped.
11/17/2024 19:26:05 [Information] Stepper Motor Controller Stopwatch Reset.
11/17/2024 19:26:05 [Information] Stepper Motor Controller Enable Y Axis controls after moving to location.
11/17/2024 19:26:05 [Information] Stepper Motor Controller Stopwatch Stopped.
11/17/2024 19:26:05 [Information] Stepper Motor Controller Timer Stopped.
11/17/2024 19:26:05 [Information] Stepper Motor Controller Stopwatch Reset.
11/17/2024 19:26:06 [Information] Stepper Motor Controller Enable Y Axis controls after moving to location.
11/17/2024 19:26:06 [Information] Stepper Motor Controller Stopwatch Stopped.
11/17/2024 19:26:06 [Information] Stepper Motor Controller Timer Stopped.
11/17/2024 19:26:06 [Information] Stepper Motor Controller Stopwatch Reset.
11/17/2024 19:26:06 [Information] Stepper Motor Controller Enable Y Axis controls after moving to location.
11/17/2024 19:26:06 [Information] Stepper Motor Controller Stopwatch Stopped.
11/17/2024 19:26:06 [Information] Stepper Motor Controller Timer Stopped.
11/17/2024 19:26:06 [Information] Stepper Motor Controller Stopwatch Reset.
11/17/2024 19:26:06 [Information] Stepper Motor Controller Enable Y Axis controls after moving to location.
11/17/2024 19:26:06 [Information] Stepper Motor Controller Stopwatch Stopped.
11/17/2024 19:26:06 [Information] Stepper Motor Controller Timer Stopped.
11/17/2024 19:26:06 [Information] Stepper Motor Controller Stopwatch Reset.
11/17/2024 19:26:06 [Information] Stepper Motor Controller Enable Y Axis controls after moving to location.
11/17/2024 19:26:06 [Information] Stepper Motor Controller Stopwatch Stopped.
11/17/2024 19:26:06 [Information] Stepper Motor Controller Timer Stopped.
11/17/2024 19:26:06 [Information] Stepper Motor Controller Stopwatch Reset.
11/17/2024 19:26:06 [Information] Stepper Motor Controller Enable Y Axis controls after moving to location.
11/17/2024 19:26:06 [Information] Stepper Motor Controller Stopwatch Stopped.
11/17/2024 19:26:06 [Information] Stepper Motor Controller Timer Stopped.
11/17/2024 19:26:06 [Information] Stepper Motor Controller Stopwatch Reset.
11/17/2024 19:26:06 [Information] Stepper Motor Controller Enable Y Axis controls after moving to location.
11/17/2024 19:26:06 [Information] Stepper Motor Controller Stopwatch Stopped.
11/17/2024 19:26:06 [Information] Stepper Motor Controller Timer Stopped.
11/17/2024 19:26:06 [Information] Stepper Motor Controller Stopwatch Reset.
11/17/2024 19:26:06 [Information] Stepper Motor Controller Enable Y Axis controls after moving to location.
11/17/2024 19:26:06 [Information] Stepper Motor Controller Stopwatch Stopped.
11/17/2024 19:26:06 [Information] Stepper Motor Controller Timer Stopped.
11/17/2024 19:26:06 [Information] Stepper Motor Controller Stopwatch Reset.
11/17/2024 19:26:06 [Information] Stepper Motor Controller Enable Y Axis controls after moving to location.
11/17/2024 19:26:06 [Information] Stepper Motor Controller Stopwatch Stopped.
11/17/2024 19:26:06 [Information] Stepper Motor Controller Timer Stopped.
11/17/2024 19:26:06 [Information] Stepper Motor Controller Stopwatch Reset.
11/17/2024 19:26:06 [Information] Stepper Motor Controller Enable Y Axis controls after moving to location.
11/17/2024 19:26:06 [Information] Stepper Motor Controller Stopwatch Stopped.
11/17/2024 19:26:06 [Information] Stepper Motor Controller Timer Stopped.
11/17/2024 19:26:06 [Information] Stepper Motor Controller Stopwatch Reset.
11/17/2024 19:26:06 [Information] Stepper Motor Controller Enable Y Axis controls after moving to location.
11/17/2024 19:26:06 [Information] Stepper Motor Controller Stopwatch Stopped.
11/17/2024 19:26:06 [Information] Stepper Motor Controller Timer Stopped.
11/17/2024 19:26:06 [Information] Stepper Motor Controller Stopwatch Reset.
11/17/2024 19:26:06 [Information] Stepper Motor Controller Enable Y Axis controls after moving to location.
11/17/2024 19:26:06 [Information] Stepper Motor Controller Stopwatch Stopped.
11/17/2024 19:26:06 [Information] Stepper Motor Controller Timer Stopped.
11/17/2024 19:26:06 [Information] Stepper Motor Controller Stopwatch Reset.
11/17/2024 19:26:06 [Information] Stepper Motor Controller Enable Y Axis controls after moving to location.
11/17/2024 19:26:06 [Information] Stepper Motor Controller Stopwatch Stopped.
11/17/2024 19:26:06 [Information] Stepper Motor Controller Timer Stopped.
11/17/2024 19:26:06 [Information] Stepper Motor Controller Stopwatch Reset.
11/17/2024 19:26:06 [Information] Stepper Motor Controller Enable Y Axis controls after moving to location.
11/17/2024 19:26:06 [Information] Stepper Motor Controller Stopwatch Stopped.
11/17/2024 19:26:06 [Information] Stepper Motor Controller Timer Stopped.
11/17/2024 19:26:06 [Information] Stepper Motor Controller Stopwatch Reset.
11/17/2024 19:26:06 [Information] Stepper Motor Controller Enable Y Axis controls after moving to location.
11/17/2024 19:26:06 [Information] Stepper Motor Controller Stopwatch Stopped.
11/17/2024 19:26:06 [Information] Stepper Motor Controller Timer Stopped.
11/17/2024 19:26:06 [Information] Stepper Motor Controller Stopwatch Reset.
11/17/2024 19:26:06 [Information] Stepper Motor Controller Enable Y Axis controls after moving to location.
11/17/2024 19:26:06 [Information] Stepper Motor Controller Stopwatch Stopped.
11/17/2024 19:26:06 [Information] Stepper Motor Controller Timer Stopped.
11/17/2024 19:26:06 [Information] Stepper Motor Controller Stopwatch Reset.
11/17/2024 19:26:06 [Information] Stepper Motor Controller Enable Y Axis controls after moving to location.
11/17/2024 19:26:06 [Information] Stepper Motor Controller Stopwatch Stopped.
11/17/2024 19:26:06 [Information] Stepper Motor Controller Timer Stopped.
11/17/2024 19:26:06 [Information] Stepper Motor Controller Stopwatch Reset.
11/17/2024 19:26:07 [Information] Stepper Motor Controller Enable Y Axis controls after moving to location.
11/17/2024 19:26:07 [Information] Stepper Motor Controller Stopwatch Stopped.
11/17/2024 19:26:07 [Information] Stepper Motor Controller Timer Stopped.
11/17/2024 19:26:07 [Information] Stepper Motor Controller Stopwatch Reset.
11/17/2024 19:26:07 [Information] Stepper Motor Controller Enable Y Axis controls after moving to location.
11/17/2024 19:26:07 [Information] Stepper Motor Controller Stopwatch Stopped.
11/17/2024 19:26:07 [Information] Stepper Motor Controller Timer Stopped.
11/17/2024 19:26:07 [Information] Stepper Motor Controller Stopwatch Reset.
11/17/2024 19:26:07 [Information] Stepper Motor Controller Enable Y Axis controls after moving to location.
11/17/2024 19:26:07 [Information] Stepper Motor Controller Stopwatch Stopped.
11/17/2024 19:26:07 [Information] Stepper Motor Controller Timer Stopped.
11/17/2024 19:26:07 [Information] Stepper Motor Controller Stopwatch Reset.
11/17/2024 19:26:07 [Information] Stepper Motor Controller Enable Y Axis controls after moving to location.
11/17/2024 19:26:07 [Information] Stepper Motor Controller Stopwatch Stopped.
11/17/2024 19:26:07 [Information] Stepper Motor Controller Timer Stopped.
11/17/2024 19:26:07 [Information] Stepper Motor Controller Stopwatch Reset.
11/17/2024 19:26:07 [Information] Stepper Motor Controller Enable Y Axis controls after moving to location.
11/17/2024 19:26:07 [Information] Stepper Motor Controller Stopwatch Stopped.
11/17/2024 19:26:07 [Information] Stepper Motor Controller Timer Stopped.
11/17/2024 19:26:07 [Information] Stepper Motor Controller Stopwatch Reset.
11/17/2024 19:26:07 [Information] Stepper Motor Controller Enable Y Axis controls after moving to location.
11/17/2024 19:26:07 [Information] Stepper Motor Controller Stopwatch Stopped.
11/17/2024 19:26:07 [Information] Stepper Motor Controller Timer Stopped.
11/17/2024 19:26:07 [Information] Stepper Motor Controller Stopwatch Reset.
11/17/2024 19:26:07 [Information] Stepper Motor Controller Enable Y Axis controls after moving to location.
11/17/2024 19:26:07 [Information] Stepper Motor Controller Stopwatch Stopped.
11/17/2024 19:26:07 [Information] Stepper Motor Controller Timer Stopped.
11/17/2024 19:26:07 [Information] Stepper Motor Controller Stopwatch Reset.
11/17/2024 19:26:07 [Information] Stepper Motor Controller Enable Y Axis controls after moving to location.
11/17/2024 19:26:07 [Information] Stepper Motor Controller Stopwatch Stopped.
11/17/2024 19:26:07 [Information] Stepper Motor Controller Timer Stopped.
11/17/2024 19:26:07 [Information] Stepper Motor Controller Stopwatch Reset.
11/17/2024 19:26:07 [Information] Stepper Motor Controller Enable Y Axis controls after moving to location.
11/17/2024 19:26:07 [Information] Stepper Motor Controller Stopwatch Stopped.
11/17/2024 19:26:07 [Information] Stepper Motor Controller Timer Stopped.
11/17/2024 19:26:07 [Information] Stepper Motor Controller Stopwatch Reset.
11/17/2024 19:26:07 [Information] Stepper Motor Controller Enable Y Axis controls after moving to location.
11/17/2024 19:26:07 [Information] Stepper Motor Controller Stopwatch Stopped.
11/17/2024 19:26:07 [Information] Stepper Motor Controller Timer Stopped.
11/17/2024 19:26:07 [Information] Stepper Motor Controller Stopwatch Reset.
11/17/2024 19:26:07 [Information] Stepper Motor Controller Enable Y Axis controls after moving to location.
11/17/2024 19:26:07 [Information] Stepper Motor Controller Stopwatch Stopped.
11/17/2024 19:26:07 [Information] Stepper Motor Controller Timer Stopped.
11/17/2024 19:26:07 [Information] Stepper Motor Controller Stopwatch Reset.
11/17/2024 19:26:07 [Information] Stepper Motor Controller Enable Y Axis controls after moving to location.
11/17/2024 19:26:07 [Information] Stepper Motor Controller Stopwatch Stopped.
11/17/2024 19:26:07 [Information] Stepper Motor Controller Timer Stopped.
11/17/2024 19:26:07 [Information] Stepper Motor Controller Stopwatch Reset.
11/17/2024 19:26:07 [Information] Stepper Motor Controller Enable Y Axis controls after moving to location.
11/17/2024 19:26:07 [Information] Stepper Motor Controller Stopwatch Stopped.
11/17/2024 19:26:07 [Information] Stepper Motor Controller Timer Stopped.
11/17/2024 19:26:07 [Information] Stepper Motor Controller Stopwatch Reset.
11/17/2024 19:26:07 [Information] Stepper Motor Controller Enable Y Axis controls after moving to location.
11/17/2024 19:26:07 [Information] Stepper Motor Controller Stopwatch Stopped.
11/17/2024 19:26:07 [Information] Stepper Motor Controller Timer Stopped.
11/17/2024 19:26:07 [Information] Stepper Motor Controller Stopwatch Reset.
11/17/2024 19:26:07 [Information] Stepper Motor Controller Enable Y Axis controls after moving to location.
11/17/2024 19:26:07 [Information] Stepper Motor Controller Stopwatch Stopped.
11/17/2024 19:26:07 [Information] Stepper Motor Controller Timer Stopped.
11/17/2024 19:26:07 [Information] Stepper Motor Controller Stopwatch Reset.
11/17/2024 19:26:07 [Information] Stepper Motor Controller Enable Y Axis controls after moving to location.
11/17/2024 19:26:07 [Information] Stepper Motor Controller Stopwatch Stopped.
11/17/2024 19:26:07 [Information] Stepper Motor Controller Timer Stopped.
11/17/2024 19:26:07 [Information] Stepper Motor Controller Stopwatch Reset.
11/17/2024 19:26:07 [Information] Stepper Motor Controller Enable Y Axis controls after moving to location.
11/17/2024 19:26:07 [Information] Stepper Motor Controller Stopwatch Stopped.
11/17/2024 19:26:07 [Information] Stepper Motor Controller Timer Stopped.
11/17/2024 19:26:07 [Information] Stepper Motor Controller Stopwatch Reset.
11/17/2024 19:26:07 [Information] Stepper Motor Controller Enable Y Axis controls after moving to location.
11/17/2024 19:26:07 [Information] Stepper Motor Controller Stopwatch Stopped.
11/17/2024 19:26:07 [Information] Stepper Motor Controller Timer Stopped.
11/17/2024 19:26:07 [Information] Stepper Motor Controller Stopwatch Reset.
11/17/2024 19:26:07 [Information] Stepper Motor Controller Enable Y Axis controls after moving to location.
11/17/2024 19:26:07 [Information] Stepper Motor Controller Stopwatch Stopped.
11/17/2024 19:26:07 [Information] Stepper Motor Controller Timer Stopped.
11/17/2024 19:26:07 [Information] Stepper Motor Controller Stopwatch Reset.
11/17/2024 19:26:07 [Information] Stepper Motor Controller Enable Y Axis controls after moving to location.
11/17/2024 19:26:07 [Information] Stepper Motor Controller Stopwatch Stopped.
11/17/2024 19:26:07 [Information] Stepper Motor Controller Timer Stopped.
11/17/2024 19:26:07 [Information] Stepper Motor Controller Stopwatch Reset.
11/17/2024 19:26:07 [Information] Stepper Motor Controller Enable Y Axis controls after moving to location.
11/17/2024 19:26:07 [Information] Stepper Motor Controller Stopwatch Stopped.
11/17/2024 19:26:07 [Information] Stepper Motor Controller Timer Stopped.
11/17/2024 19:26:07 [Information] Stepper Motor Controller Stopwatch Reset.
11/17/2024 19:26:07 [Information] Stepper Motor Controller Enable Y Axis controls after moving to location.
11/17/2024 19:26:07 [Information] Stepper Motor Controller Stopwatch Stopped.
11/17/2024 19:26:07 [Information] Stepper Motor Controller Timer Stopped.
11/17/2024 19:26:07 [Information] Stepper Motor Controller Stopwatch Reset.
11/17/2024 19:26:07 [Information] Stepper Motor Controller Enable Y Axis controls after moving to location.
11/17/2024 19:26:07 [Information] Stepper Motor Controller Stopwatch Stopped.
11/17/2024 19:26:07 [Information] Stepper Motor Controller Timer Stopped.
11/17/2024 19:26:07 [Information] Stepper Motor Controller Stopwatch Reset.
11/17/2024 19:26:07 [Information] Stepper Motor Controller Enable Y Axis controls after moving to location.
11/17/2024 19:26:07 [Information] Stepper Motor Controller Stopwatch Stopped.
11/17/2024 19:26:07 [Information] Stepper Motor Controller Timer Stopped.
11/17/2024 19:26:07 [Information] Stepper Motor Controller Stopwatch Reset.
11/17/2024 19:26:08 [Information] Stepper Motor Controller Enable Y Axis controls after moving to location.
11/17/2024 19:26:08 [Information] Stepper Motor Controller Stopwatch Stopped.
11/17/2024 19:26:08 [Information] Stepper Motor Controller Timer Stopped.
11/17/2024 19:26:08 [Information] Stepper Motor Controller Stopwatch Reset.
11/17/2024 19:26:08 [Information] Stepper Motor Controller Enable Y Axis controls after moving to location.
11/17/2024 19:26:08 [Information] Stepper Motor Controller Stopwatch Stopped.
11/17/2024 19:26:08 [Information] Stepper Motor Controller Timer Stopped.
11/17/2024 19:26:08 [Information] Stepper Motor Controller Stopwatch Reset.
11/17/2024 19:26:08 [Information] Stepper Motor Controller Enable Y Axis controls after moving to location.
11/17/2024 19:26:08 [Information] Stepper Motor Controller Stopwatch Stopped.
11/17/2024 19:26:08 [Information] Stepper Motor Controller Timer Stopped.
11/17/2024 19:26:08 [Information] Stepper Motor Controller Stopwatch Reset.
11/17/2024 19:26:08 [Information] Stepper Motor Controller Enable Y Axis controls after moving to location.
11/17/2024 19:26:08 [Information] Stepper Motor Controller Stopwatch Stopped.
11/17/2024 19:26:08 [Information] Stepper Motor Controller Timer Stopped.
11/17/2024 19:26:08 [Information] Stepper Motor Controller Stopwatch Reset.
11/17/2024 19:26:08 [Information] Stepper Motor Controller Enable Y Axis controls after moving to location.
11/17/2024 19:26:08 [Information] Stepper Motor Controller Stopwatch Stopped.
11/17/2024 19:26:08 [Information] Stepper Motor Controller Timer Stopped.
11/17/2024 19:26:08 [Information] Stepper Motor Controller Stopwatch Reset.
11/17/2024 19:26:08 [Information] Stepper Motor Controller Enable Y Axis controls after moving to location.
11/17/2024 19:26:08 [Information] Stepper Motor Controller Stopwatch Stopped.
11/17/2024 19:26:08 [Information] Stepper Motor Controller Timer Stopped.
11/17/2024 19:26:08 [Information] Stepper Motor Controller Stopwatch Reset.
11/17/2024 19:26:08 [Information] Stepper Motor Controller Enable Y Axis controls after moving to location.
11/17/2024 19:26:08 [Information] Stepper Motor Controller Stopwatch Stopped.
11/17/2024 19:26:08 [Information] Stepper Motor Controller Timer Stopped.
11/17/2024 19:26:08 [Information] Stepper Motor Controller Stopwatch Reset.
11/17/2024 19:26:08 [Information] Stepper Motor Controller Enable Y Axis controls after moving to location.
11/17/2024 19:26:08 [Information] Stepper Motor Controller Stopwatch Stopped.
11/17/2024 19:26:08 [Information] Stepper Motor Controller Timer Stopped.
11/17/2024 19:26:08 [Information] Stepper Motor Controller Stopwatch Reset.
11/17/2024 19:26:08 [Information] Stepper Motor Controller Enable Y Axis controls after moving to location.
11/17/2024 19:26:08 [Information] Stepper Motor Controller Stopwatch Stopped.
11/17/2024 19:26:08 [Information] Stepper Motor Controller Timer Stopped.
11/17/2024 19:26:08 [Information] Stepper Motor Controller Stopwatch Reset.
11/17/2024 19:26:08 [Information] Stepper Motor Controller Enable Y Axis controls after moving to location.
11/17/2024 19:26:08 [Information] Stepper Motor Controller Stopwatch Stopped.
11/17/2024 19:26:08 [Information] Stepper Motor Controller Timer Stopped.
11/17/2024 19:26:08 [Information] Stepper Motor Controller Stopwatch Reset.
11/17/2024 19:26:08 [Information] Stepper Motor Controller Enable Y Axis controls after moving to location.
11/17/2024 19:26:08 [Information] Stepper Motor Controller Stopwatch Stopped.
11/17/2024 19:26:08 [Information] Stepper Motor Controller Timer Stopped.
11/17/2024 19:26:08 [Information] Stepper Motor Controller Stopwatch Reset.
11/17/2024 19:26:08 [Information] Stepper Motor Controller Enable Y Axis controls after moving to location.
11/17/2024 19:26:08 [Information] Stepper Motor Controller Stopwatch Stopped.
11/17/2024 19:26:08 [Information] Stepper Motor Controller Timer Stopped.
11/17/2024 19:26:08 [Information] Stepper Motor Controller Stopwatch Reset.
11/17/2024 19:26:08 [Information] Stepper Motor Controller Enable Y Axis controls after moving to location.
11/17/2024 19:26:08 [Information] Stepper Motor Controller Stopwatch Stopped.
11/17/2024 19:26:08 [Information] Stepper Motor Controller Timer Stopped.
11/17/2024 19:26:08 [Information] Stepper Motor Controller Stopwatch Reset.
11/17/2024 19:26:08 [Information] Stepper Motor Controller Enable Y Axis controls after moving to location.
11/17/2024 19:26:08 [Information] Stepper Motor Controller Stopwatch Stopped.
11/17/2024 19:26:08 [Information] Stepper Motor Controller Timer Stopped.
11/17/2024 19:26:08 [Information] Stepper Motor Controller Stopwatch Reset.
11/17/2024 19:26:08 [Information] Stepper Motor Controller Enable Y Axis controls after moving to location.
11/17/2024 19:26:08 [Information] Stepper Motor Controller Stopwatch Stopped.
11/17/2024 19:26:08 [Information] Stepper Motor Controller Timer Stopped.
11/17/2024 19:26:08 [Information] Stepper Motor Controller Stopwatch Reset.
11/17/2024 19:26:08 [Information] Stepper Motor Controller Enable Y Axis controls after moving to location.
11/17/2024 19:26:08 [Information] Stepper Motor Controller Stopwatch Stopped.
11/17/2024 19:26:08 [Information] Stepper Motor Controller Timer Stopped.
11/17/2024 19:26:08 [Information] Stepper Motor Controller Stopwatch Reset.
11/17/2024 19:26:08 [Information] Stepper Motor Controller Enable Y Axis controls after moving to location.
11/17/2024 19:26:08 [Information] Stepper Motor Controller Stopwatch Stopped.
11/17/2024 19:26:08 [Information] Stepper Motor Controller Timer Stopped.
11/17/2024 19:26:08 [Information] Stepper Motor Controller Stopwatch Reset.
11/17/2024 19:26:09 [Information] Stepper Motor Controller Enable Y Axis controls after moving to location.
11/17/2024 19:26:09 [Information] Stepper Motor Controller Stopwatch Stopped.
11/17/2024 19:26:09 [Information] Stepper Motor Controller Timer Stopped.
11/17/2024 19:26:09 [Information] Stepper Motor Controller Stopwatch Reset.
11/17/2024 19:26:09 [Information] Stepper Motor Controller Enable Y Axis controls after moving to location.
11/17/2024 19:26:09 [Information] Stepper Motor Controller Stopwatch Stopped.
11/17/2024 19:26:09 [Information] Stepper Motor Controller Timer Stopped.
11/17/2024 19:26:09 [Information] Stepper Motor Controller Stopwatch Reset.
11/17/2024 19:26:09 [Information] Stepper Motor Controller Enable Y Axis controls after moving to location.
11/17/2024 19:26:09 [Information] Stepper Motor Controller Stopwatch Stopped.
11/17/2024 19:26:09 [Information] Stepper Motor Controller Timer Stopped.
11/17/2024 19:26:09 [Information] Stepper Motor Controller Stopwatch Reset.
11/17/2024 19:26:09 [Information] Stepper Motor Controller Enable Y Axis controls after moving to location.
11/17/2024 19:26:09 [Information] Stepper Motor Controller Stopwatch Stopped.
11/17/2024 19:26:09 [Information] Stepper Motor Controller Timer Stopped.
11/17/2024 19:26:09 [Information] Stepper Motor Controller Stopwatch Reset.
11/17/2024 19:26:09 [Information] Stepper Motor Controller Enable Y Axis controls after moving to location.
11/17/2024 19:26:09 [Information] Stepper Motor Controller Stopwatch Stopped.
11/17/2024 19:26:09 [Information] Stepper Motor Controller Timer Stopped.
11/17/2024 19:26:09 [Information] Stepper Motor Controller Stopwatch Reset.
11/17/2024 19:26:09 [Information] Stepper Motor Controller Enable Y Axis controls after moving to location.
11/17/2024 19:26:09 [Information] Stepper Motor Controller Stopwatch Stopped.
11/17/2024 19:26:09 [Information] Stepper Motor Controller Timer Stopped.
11/17/2024 19:26:09 [Information] Stepper Motor Controller Stopwatch Reset.
11/17/2024 19:26:09 [Information] Stepper Motor Controller Enable Y Axis controls after moving to location.
11/17/2024 19:26:09 [Information] Stepper Motor Controller Stopwatch Stopped.
11/17/2024 19:26:09 [Information] Stepper Motor Controller Timer Stopped.
11/17/2024 19:26:09 [Information] Stepper Motor Controller Stopwatch Reset.
11/17/2024 19:26:09 [Information] Stepper Motor Controller Enable Y Axis controls after moving to location.
11/17/2024 19:26:09 [Information] Stepper Motor Controller Stopwatch Stopped.
11/17/2024 19:26:09 [Information] Stepper Motor Controller Timer Stopped.
11/17/2024 19:26:09 [Information] Stepper Motor Controller Stopwatch Reset.
11/17/2024 19:26:09 [Information] Stepper Motor Controller Enable Y Axis controls after moving to location.
11/17/2024 19:26:09 [Information] Stepper Motor Controller Stopwatch Stopped.
11/17/2024 19:26:09 [Information] Stepper Motor Controller Timer Stopped.
11/17/2024 19:26:09 [Information] Stepper Motor Controller Stopwatch Reset.
11/17/2024 19:26:09 [Information] Stepper Motor Controller Enable Y Axis controls after moving to location.
11/17/2024 19:26:09 [Information] Stepper Motor Controller Stopwatch Stopped.
11/17/2024 19:26:09 [Information] Stepper Motor Controller Timer Stopped.
11/17/2024 19:26:09 [Information] Stepper Motor Controller Stopwatch Reset.
11/17/2024 19:26:09 [Information] Stepper Motor Controller Enable Y Axis controls after moving to location.
11/17/2024 19:26:09 [Information] Stepper Motor Controller Stopwatch Stopped.
11/17/2024 19:26:09 [Information] Stepper Motor Controller Timer Stopped.
11/17/2024 19:26:09 [Information] Stepper Motor Controller Stopwatch Reset.
11/17/2024 19:26:09 [Information] Stepper Motor Controller Enable Y Axis controls after moving to location.
11/17/2024 19:26:09 [Information] Stepper Motor Controller Stopwatch Stopped.
11/17/2024 19:26:09 [Information] Stepper Motor Controller Timer Stopped.
11/17/2024 19:26:09 [Information] Stepper Motor Controller Stopwatch Reset.
11/17/2024 19:26:09 [Information] Stepper Motor Controller Enable Y Axis controls after moving to location.
11/17/2024 19:26:09 [Information] Stepper Motor Controller Stopwatch Stopped.
11/17/2024 19:26:09 [Information] Stepper Motor Controller Timer Stopped.
11/17/2024 19:26:09 [Information] Stepper Motor Controller Stopwatch Reset.
11/17/2024 19:26:09 [Information] Stepper Motor Controller Enable Y Axis controls after moving to location.
11/17/2024 19:26:09 [Information] Stepper Motor Controller Stopwatch Stopped.
11/17/2024 19:26:09 [Information] Stepper Motor Controller Timer Stopped.
11/17/2024 19:26:09 [Information] Stepper Motor Controller Stopwatch Reset.
11/17/2024 19:26:09 [Information] Stepper Motor Controller Enable Y Axis controls after moving to location.
11/17/2024 19:26:09 [Information] Stepper Motor Controller Stopwatch Stopped.
11/17/2024 19:26:09 [Information] Stepper Motor Controller Timer Stopped.
11/17/2024 19:26:09 [Information] Stepper Motor Controller Stopwatch Reset.
11/17/2024 19:26:09 [Information] Stepper Motor Controller Enable Y Axis controls after moving to location.
11/17/2024 19:26:09 [Information] Stepper Motor Controller Stopwatch Stopped.
11/17/2024 19:26:09 [Information] Stepper Motor Controller Timer Stopped.
11/17/2024 19:26:09 [Information] Stepper Motor Controller Stopwatch Reset.
11/17/2024 19:26:09 [Information] Stepper Motor Controller Enable Y Axis controls after moving to location.
11/17/2024 19:26:09 [Information] Stepper Motor Controller Stopwatch Stopped.
11/17/2024 19:26:09 [Information] Stepper Motor Controller Timer Stopped.
11/17/2024 19:26:09 [Information] Stepper Motor Controller Stopwatch Reset.
11/17/2024 19:26:09 [Information] Stepper Motor Controller Enable Y Axis controls after moving to location.
11/17/2024 19:26:09 [Information] Stepper Motor Controller Stopwatch Stopped.
11/17/2024 19:26:09 [Information] Stepper Motor Controller Timer Stopped.
11/17/2024 19:26:09 [Information] Stepper Motor Controller Stopwatch Reset.
11/17/2024 19:26:10 [Information] Stepper Motor Controller Enable Y Axis controls after moving to location.
11/17/2024 19:26:10 [Information] Stepper Motor Controller Stopwatch Stopped.
11/17/2024 19:26:10 [Information] Stepper Motor Controller Timer Stopped.
11/17/2024 19:26:10 [Information] Stepper Motor Controller Stopwatch Reset.
11/17/2024 19:26:10 [Information] Stepper Motor Controller Enable Y Axis controls after moving to location.
11/17/2024 19:26:10 [Information] Stepper Motor Controller Stopwatch Stopped.
11/17/2024 19:26:10 [Information] Stepper Motor Controller Timer Stopped.
11/17/2024 19:26:10 [Information] Stepper Motor Controller Stopwatch Reset.
11/17/2024 19:26:10 [Information] Stepper Motor Controller Enable Y Axis controls after moving to location.
11/17/2024 19:26:10 [Information] Stepper Motor Controller Stopwatch Stopped.
11/17/2024 19:26:10 [Information] Stepper Motor Controller Timer Stopped.
11/17/2024 19:26:10 [Information] Stepper Motor Controller Stopwatch Reset.
11/17/2024 19:26:10 [Information] Stepper Motor Controller Enable Y Axis controls after moving to location.
11/17/2024 19:26:10 [Information] Stepper Motor Controller Stopwatch Stopped.
11/17/2024 19:26:10 [Information] Stepper Motor Controller Timer Stopped.
11/17/2024 19:26:10 [Information] Stepper Motor Controller Stopwatch Reset.
11/17/2024 19:26:10 [Information] Stepper Motor Controller Enable Y Axis controls after moving to location.
11/17/2024 19:26:10 [Information] Stepper Motor Controller Stopwatch Stopped.
11/17/2024 19:26:10 [Information] Stepper Motor Controller Timer Stopped.
11/17/2024 19:26:10 [Information] Stepper Motor Controller Stopwatch Reset.
11/17/2024 19:26:10 [Information] Stepper Motor Controller Enable Y Axis controls after moving to location.
11/17/2024 19:26:10 [Information] Stepper Motor Controller Stopwatch Stopped.
11/17/2024 19:26:10 [Information] Stepper Motor Controller Timer Stopped.
11/17/2024 19:26:10 [Information] Stepper Motor Controller Stopwatch Reset.
11/17/2024 19:26:10 [Information] Stepper Motor Controller Enable Y Axis controls after moving to location.
11/17/2024 19:26:10 [Information] Stepper Motor Controller Stopwatch Stopped.
11/17/2024 19:26:10 [Information] Stepper Motor Controller Timer Stopped.
11/17/2024 19:26:10 [Information] Stepper Motor Controller Stopwatch Reset.
11/17/2024 19:26:10 [Information] Stepper Motor Controller Enable Y Axis controls after moving to location.
11/17/2024 19:26:10 [Information] Stepper Motor Controller Stopwatch Stopped.
11/17/2024 19:26:10 [Information] Stepper Motor Controller Timer Stopped.
11/17/2024 19:26:10 [Information] Stepper Motor Controller Stopwatch Reset.
11/17/2024 19:26:10 [Information] Stepper Motor Controller Enable Y Axis controls after moving to location.
11/17/2024 19:26:10 [Information] Stepper Motor Controller Stopwatch Stopped.
11/17/2024 19:26:10 [Information] Stepper Motor Controller Timer Stopped.
11/17/2024 19:26:10 [Information] Stepper Motor Controller Stopwatch Reset.
11/17/2024 19:26:10 [Information] Stepper Motor Controller Enable Y Axis controls after moving to location.
11/17/2024 19:26:10 [Information] Stepper Motor Controller Stopwatch Stopped.
11/17/2024 19:26:10 [Information] Stepper Motor Controller Timer Stopped.
11/17/2024 19:26:10 [Information] Stepper Motor Controller Stopwatch Reset.
11/17/2024 19:26:10 [Information] Stepper Motor Controller Enable Y Axis controls after moving to location.
11/17/2024 19:26:10 [Information] Stepper Motor Controller Stopwatch Stopped.
11/17/2024 19:26:10 [Information] Stepper Motor Controller Timer Stopped.
11/17/2024 19:26:10 [Information] Stepper Motor Controller Stopwatch Reset.
11/17/2024 19:26:10 [Information] Stepper Motor Controller Enable Y Axis controls after moving to location.
11/17/2024 19:26:10 [Information] Stepper Motor Controller Stopwatch Stopped.
11/17/2024 19:26:10 [Information] Stepper Motor Controller Timer Stopped.
11/17/2024 19:26:10 [Information] Stepper Motor Controller Stopwatch Reset.
11/17/2024 19:26:10 [Information] Stepper Motor Controller Enable Y Axis controls after moving to location.
11/17/2024 19:26:10 [Information] Stepper Motor Controller Stopwatch Stopped.
11/17/2024 19:26:10 [Information] Stepper Motor Controller Timer Stopped.
11/17/2024 19:26:10 [Information] Stepper Motor Controller Stopwatch Reset.
11/17/2024 19:26:10 [Information] Stepper Motor Controller Enable Y Axis controls after moving to location.
11/17/2024 19:26:10 [Information] Stepper Motor Controller Stopwatch Stopped.
11/17/2024 19:26:10 [Information] Stepper Motor Controller Timer Stopped.
11/17/2024 19:26:10 [Information] Stepper Motor Controller Stopwatch Reset.
11/17/2024 19:26:10 [Information] Stepper Motor Controller Enable Y Axis controls after moving to location.
11/17/2024 19:26:10 [Information] Stepper Motor Controller Stopwatch Stopped.
11/17/2024 19:26:10 [Information] Stepper Motor Controller Timer Stopped.
11/17/2024 19:26:10 [Information] Stepper Motor Controller Stopwatch Reset.
11/17/2024 19:26:10 [Information] Stepper Motor Controller Enable Y Axis controls after moving to location.
11/17/2024 19:26:10 [Information] Stepper Motor Controller Stopwatch Stopped.
11/17/2024 19:26:10 [Information] Stepper Motor Controller Timer Stopped.
11/17/2024 19:26:10 [Information] Stepper Motor Controller Stopwatch Reset.
11/17/2024 19:26:10 [Information] Stepper Motor Controller Enable Y Axis controls after moving to location.
11/17/2024 19:26:10 [Information] Stepper Motor Controller Stopwatch Stopped.
11/17/2024 19:26:10 [Information] Stepper Motor Controller Timer Stopped.
11/17/2024 19:26:10 [Information] Stepper Motor Controller Stopwatch Reset.
11/17/2024 19:26:11 [Information] Stepper Motor Controller Enable Y Axis controls after moving to location.
11/17/2024 19:26:11 [Information] Stepper Motor Controller Stopwatch Stopped.
11/17/2024 19:26:11 [Information] Stepper Motor Controller Timer Stopped.
11/17/2024 19:26:11 [Information] Stepper Motor Controller Stopwatch Reset.
11/17/2024 19:26:11 [Information] Stepper Motor Controller Enable Y Axis controls after moving to location.
11/17/2024 19:26:11 [Information] Stepper Motor Controller Stopwatch Stopped.
11/17/2024 19:26:11 [Information] Stepper Motor Controller Timer Stopped.
11/17/2024 19:26:11 [Information] Stepper Motor Controller Stopwatch Reset.
11/17/2024 19:26:11 [Information] Stepper Motor Controller Enable Y Axis controls after moving to location.
11/17/2024 19:26:11 [Information] Stepper Motor Controller Stopwatch Stopped.
11/17/2024 19:26:11 [Information] Stepper Motor Controller Timer Stopped.
11/17/2024 19:26:11 [Information] Stepper Motor Controller Stopwatch Reset.
11/17/2024 19:26:11 [Information] Stepper Motor Controller Enable Y Axis controls after moving to location.
11/17/2024 19:26:11 [Information] Stepper Motor Controller Stopwatch Stopped.
11/17/2024 19:26:11 [Information] Stepper Motor Controller Timer Stopped.
11/17/2024 19:26:11 [Information] Stepper Motor Controller Stopwatch Reset.
11/17/2024 19:26:11 [Information] Stepper Motor Controller Enable Y Axis controls after moving to location.
11/17/2024 19:26:11 [Information] Stepper Motor Controller Stopwatch Stopped.
11/17/2024 19:26:11 [Information] Stepper Motor Controller Timer Stopped.
11/17/2024 19:26:11 [Information] Stepper Motor Controller Stopwatch Reset.
11/17/2024 19:26:11 [Information] Stepper Motor Controller Enable Y Axis controls after moving to location.
11/17/2024 19:26:11 [Information] Stepper Motor Controller Stopwatch Stopped.
11/17/2024 19:26:11 [Information] Stepper Motor Controller Timer Stopped.
11/17/2024 19:26:11 [Information] Stepper Motor Controller Stopwatch Reset.
11/17/2024 19:26:11 [Information] Stepper Motor Controller Enable Y Axis controls after moving to location.
11/17/2024 19:26:11 [Information] Stepper Motor Controller Stopwatch Stopped.
11/17/2024 19:26:11 [Information] Stepper Motor Controller Timer Stopped.
11/17/2024 19:26:11 [Information] Stepper Motor Controller Stopwatch Reset.
11/17/2024 19:26:11 [Information] Stepper Motor Controller Enable Y Axis controls after moving to location.
11/17/2024 19:26:11 [Information] Stepper Motor Controller Stopwatch Stopped.
11/17/2024 19:26:11 [Information] Stepper Motor Controller Timer Stopped.
11/17/2024 19:26:11 [Information] Stepper Motor Controller Stopwatch Reset.
11/17/2024 19:26:11 [Information] Stepper Motor Controller Enable Y Axis controls after moving to location.
11/17/2024 19:26:11 [Information] Stepper Motor Controller Stopwatch Stopped.
11/17/2024 19:26:11 [Information] Stepper Motor Controller Timer Stopped.
11/17/2024 19:26:11 [Information] Stepper Motor Controller Stopwatch Reset.
11/17/2024 19:26:11 [Information] Stepper Motor Controller Enable Y Axis controls after moving to location.
11/17/2024 19:26:11 [Information] Stepper Motor Controller Stopwatch Stopped.
11/17/2024 19:26:11 [Information] Stepper Motor Controller Timer Stopped.
11/17/2024 19:26:11 [Information] Stepper Motor Controller Stopwatch Reset.
11/17/2024 19:26:11 [Information] Stepper Motor Controller Enable Y Axis controls after moving to location.
11/17/2024 19:26:11 [Information] Stepper Motor Controller Stopwatch Stopped.
11/17/2024 19:26:11 [Information] Stepper Motor Controller Timer Stopped.
11/17/2024 19:26:11 [Information] Stepper Motor Controller Stopwatch Reset.
11/17/2024 19:26:11 [Information] Stepper Motor Controller Enable Y Axis controls after moving to location.
11/17/2024 19:26:11 [Information] Stepper Motor Controller Stopwatch Stopped.
11/17/2024 19:26:11 [Information] Stepper Motor Controller Timer Stopped.
11/17/2024 19:26:11 [Information] Stepper Motor Controller Stopwatch Reset.
11/17/2024 19:26:11 [Information] Stepper Motor Controller Enable Y Axis controls after moving to location.
11/17/2024 19:26:11 [Information] Stepper Motor Controller Stopwatch Stopped.
11/17/2024 19:26:11 [Information] Stepper Motor Controller Timer Stopped.
11/17/2024 19:26:11 [Information] Stepper Motor Controller Stopwatch Reset.
11/17/2024 19:26:11 [Information] Stepper Motor Controller Enable Y Axis controls after moving to location.
11/17/2024 19:26:11 [Information] Stepper Motor Controller Stopwatch Stopped.
11/17/2024 19:26:11 [Information] Stepper Motor Controller Timer Stopped.
11/17/2024 19:26:11 [Information] Stepper Motor Controller Stopwatch Reset.
11/17/2024 19:26:11 [Information] Stepper Motor Controller Enable Y Axis controls after moving to location.
11/17/2024 19:26:11 [Information] Stepper Motor Controller Stopwatch Stopped.
11/17/2024 19:26:11 [Information] Stepper Motor Controller Timer Stopped.
11/17/2024 19:26:11 [Information] Stepper Motor Controller Stopwatch Reset.
11/17/2024 19:26:12 [Information] Stepper Motor Controller Enable Y Axis controls after moving to location.
11/17/2024 19:26:12 [Information] Stepper Motor Controller Stopwatch Stopped.
11/17/2024 19:26:12 [Information] Stepper Motor Controller Timer Stopped.
11/17/2024 19:26:12 [Information] Stepper Motor Controller Stopwatch Reset.
11/17/2024 19:26:12 [Information] Stepper Motor Controller Enable Y Axis controls after moving to location.
11/17/2024 19:26:12 [Information] Stepper Motor Controller Stopwatch Stopped.
11/17/2024 19:26:12 [Information] Stepper Motor Controller Timer Stopped.
11/17/2024 19:26:12 [Information] Stepper Motor Controller Stopwatch Reset.
11/17/2024 19:26:12 [Information] Stepper Motor Controller Enable Y Axis controls after moving to location.
11/17/2024 19:26:12 [Information] Stepper Motor Controller Stopwatch Stopped.
11/17/2024 19:26:12 [Information] Stepper Motor Controller Timer Stopped.
11/17/2024 19:26:12 [Information] Stepper Motor Controller Stopwatch Reset.
11/17/2024 19:26:12 [Information] Stepper Motor Controller Enable Y Axis controls after moving to location.
11/17/2024 19:26:12 [Information] Stepper Motor Controller Stopwatch Stopped.
11/17/2024 19:26:12 [Information] Stepper Motor Controller Timer Stopped.
11/17/2024 19:26:12 [Information] Stepper Motor Controller Stopwatch Reset.
11/17/2024 19:26:12 [Information] txtZaxisStepperMove Axis mouse controlled Keypad returned: 32.00
11/17/2024 19:26:12 [Information] Stepper Motor Controller Enable Y Axis controls after moving to location.
11/17/2024 19:26:12 [Information] Stepper Motor Controller Stopwatch Stopped.
11/17/2024 19:26:12 [Information] Stepper Motor Controller Timer Stopped.
11/17/2024 19:26:12 [Information] Stepper Motor Controller Stopwatch Reset.
11/17/2024 19:26:12 [Information] Stepper Motor Controller Enable Y Axis controls after moving to location.
11/17/2024 19:26:12 [Information] Stepper Motor Controller Stopwatch Stopped.
11/17/2024 19:26:12 [Information] Stepper Motor Controller Timer Stopped.
11/17/2024 19:26:12 [Information] Stepper Motor Controller Stopwatch Reset.
11/17/2024 19:26:12 [Information] Stepper Motor Controller Enable Y Axis controls after moving to location.
11/17/2024 19:26:12 [Information] Stepper Motor Controller Stopwatch Stopped.
11/17/2024 19:26:12 [Information] Stepper Motor Controller Timer Stopped.
11/17/2024 19:26:12 [Information] Stepper Motor Controller Stopwatch Reset.
11/17/2024 19:26:12 [Information] Stepper Motor Controller Enable Y Axis controls after moving to location.
11/17/2024 19:26:12 [Information] Stepper Motor Controller Stopwatch Stopped.
11/17/2024 19:26:12 [Information] Stepper Motor Controller Timer Stopped.
11/17/2024 19:26:12 [Information] Stepper Motor Controller Stopwatch Reset.
11/17/2024 19:26:12 [Information] Stepper Motor Controller Enable Y Axis controls after moving to location.
11/17/2024 19:26:12 [Information] Stepper Motor Controller Stopwatch Stopped.
11/17/2024 19:26:12 [Information] Stepper Motor Controller Timer Stopped.
11/17/2024 19:26:12 [Information] Stepper Motor Controller Stopwatch Reset.
11/17/2024 19:26:12 [Information] Stepper Motor Controller Enable Y Axis controls after moving to location.
11/17/2024 19:26:12 [Information] Stepper Motor Controller Stopwatch Stopped.
11/17/2024 19:26:12 [Information] Stepper Motor Controller Timer Stopped.
11/17/2024 19:26:12 [Information] Stepper Motor Controller Stopwatch Reset.
11/17/2024 19:26:12 [Information] Stepper Motor Controller Enable Y Axis controls after moving to location.
11/17/2024 19:26:12 [Information] Stepper Motor Controller Stopwatch Stopped.
11/17/2024 19:26:12 [Information] Stepper Motor Controller Timer Stopped.
11/17/2024 19:26:12 [Information] Stepper Motor Controller Stopwatch Reset.
11/17/2024 19:26:12 [Information] Stepper Motor Controller Enable Y Axis controls after moving to location.
11/17/2024 19:26:12 [Information] Stepper Motor Controller Stopwatch Stopped.
11/17/2024 19:26:12 [Information] Stepper Motor Controller Timer Stopped.
11/17/2024 19:26:12 [Information] Stepper Motor Controller Stopwatch Reset.
11/17/2024 19:26:12 [Information] Stepper Motor Controller Enable Y Axis controls after moving to location.
11/17/2024 19:26:12 [Information] Stepper Motor Controller Stopwatch Stopped.
11/17/2024 19:26:12 [Information] Stepper Motor Controller Timer Stopped.
11/17/2024 19:26:12 [Information] Stepper Motor Controller Stopwatch Reset.
11/17/2024 19:26:12 [Information] Stepper Motor Controller Enable Y Axis controls after moving to location.
11/17/2024 19:26:12 [Information] Stepper Motor Controller Stopwatch Stopped.
11/17/2024 19:26:12 [Information] Stepper Motor Controller Timer Stopped.
11/17/2024 19:26:12 [Information] Stepper Motor Controller Stopwatch Reset.
11/17/2024 19:26:12 [Information] Stepper Motor Controller Enable Y Axis controls after moving to location.
11/17/2024 19:26:12 [Information] Stepper Motor Controller Stopwatch Stopped.
11/17/2024 19:26:12 [Information] Stepper Motor Controller Timer Stopped.
11/17/2024 19:26:12 [Information] Stepper Motor Controller Stopwatch Reset.
11/17/2024 19:26:12 [Information] Stepper Motor Controller Enable Y Axis controls after moving to location.
11/17/2024 19:26:12 [Information] Stepper Motor Controller Stopwatch Stopped.
11/17/2024 19:26:12 [Information] Stepper Motor Controller Timer Stopped.
11/17/2024 19:26:12 [Information] Stepper Motor Controller Stopwatch Reset.
11/17/2024 19:26:12 [Information] Stepper Motor Controller Enable Y Axis controls after moving to location.
11/17/2024 19:26:12 [Information] Stepper Motor Controller Stopwatch Stopped.
11/17/2024 19:26:12 [Information] Stepper Motor Controller Timer Stopped.
11/17/2024 19:26:12 [Information] Stepper Motor Controller Stopwatch Reset.
11/17/2024 19:26:12 [Information] Stepper Motor Controller Enable Y Axis controls after moving to location.
11/17/2024 19:26:12 [Information] Stepper Motor Controller Stopwatch Stopped.
11/17/2024 19:26:12 [Information] Stepper Motor Controller Timer Stopped.
11/17/2024 19:26:12 [Information] Stepper Motor Controller Stopwatch Reset.
11/17/2024 19:26:12 [Information] Stepper Motor Controller Enable Y Axis controls after moving to location.
11/17/2024 19:26:12 [Information] Stepper Motor Controller Stopwatch Stopped.
11/17/2024 19:26:12 [Information] Stepper Motor Controller Timer Stopped.
11/17/2024 19:26:12 [Information] Stepper Motor Controller Stopwatch Reset.
11/17/2024 19:26:12 [Information] Stepper Motor Controller Enable Y Axis controls after moving to location.
11/17/2024 19:26:12 [Information] Stepper Motor Controller Stopwatch Stopped.
11/17/2024 19:26:12 [Information] Stepper Motor Controller Timer Stopped.
11/17/2024 19:26:12 [Information] Stepper Motor Controller Stopwatch Reset.
11/17/2024 19:26:12 [Information] Stepper Motor Controller Enable Y Axis controls after moving to location.
11/17/2024 19:26:12 [Information] Stepper Motor Controller Stopwatch Stopped.
11/17/2024 19:26:12 [Information] Stepper Motor Controller Timer Stopped.
11/17/2024 19:26:12 [Information] Stepper Motor Controller Stopwatch Reset.
11/17/2024 19:26:12 [Information] Stepper Motor Controller Enable Y Axis controls after moving to location.
11/17/2024 19:26:12 [Information] Stepper Motor Controller Stopwatch Stopped.
11/17/2024 19:26:12 [Information] Stepper Motor Controller Timer Stopped.
11/17/2024 19:26:12 [Information] Stepper Motor Controller Stopwatch Reset.
11/17/2024 19:26:12 [Information] Stepper Motor Controller Enable Y Axis controls after moving to location.
11/17/2024 19:26:12 [Information] Stepper Motor Controller Stopwatch Stopped.
11/17/2024 19:26:12 [Information] Stepper Motor Controller Timer Stopped.
11/17/2024 19:26:12 [Information] Stepper Motor Controller Stopwatch Reset.
11/17/2024 19:26:13 [Information] Stepper Motor Controller Enable Y Axis controls after moving to location.
11/17/2024 19:26:13 [Information] Stepper Motor Controller Stopwatch Stopped.
11/17/2024 19:26:13 [Information] Stepper Motor Controller Timer Stopped.
11/17/2024 19:26:13 [Information] Stepper Motor Controller Stopwatch Reset.
11/17/2024 19:26:13 [Information] Stepper Motor Controller Enable Y Axis controls after moving to location.
11/17/2024 19:26:13 [Information] Stepper Motor Controller Stopwatch Stopped.
11/17/2024 19:26:13 [Information] Stepper Motor Controller Timer Stopped.
11/17/2024 19:26:13 [Information] Stepper Motor Controller Stopwatch Reset.
11/17/2024 19:26:13 [Information] Stepper Motor Controller Enable Y Axis controls after moving to location.
11/17/2024 19:26:13 [Information] Stepper Motor Controller Stopwatch Stopped.
11/17/2024 19:26:13 [Information] Stepper Motor Controller Timer Stopped.
11/17/2024 19:26:13 [Information] Stepper Motor Controller Stopwatch Reset.
11/17/2024 19:26:13 [Information] Stepper Motor Controller Enable Y Axis controls after moving to location.
11/17/2024 19:26:13 [Information] Stepper Motor Controller Stopwatch Stopped.
11/17/2024 19:26:13 [Information] Stepper Motor Controller Timer Stopped.
11/17/2024 19:26:13 [Information] Stepper Motor Controller Stopwatch Reset.
11/17/2024 19:26:13 [Information] Stepper Motor Controller Enable Y Axis controls after moving to location.
11/17/2024 19:26:13 [Information] Stepper Motor Controller Stopwatch Stopped.
11/17/2024 19:26:13 [Information] Stepper Motor Controller Timer Stopped.
11/17/2024 19:26:13 [Information] Stepper Motor Controller Stopwatch Reset.
11/17/2024 19:26:13 [Information] Stepper Motor Controller Enable Y Axis controls after moving to location.
11/17/2024 19:26:13 [Information] Stepper Motor Controller Stopwatch Stopped.
11/17/2024 19:26:13 [Information] Stepper Motor Controller Timer Stopped.
11/17/2024 19:26:13 [Information] Stepper Motor Controller Stopwatch Reset.
11/17/2024 19:26:13 [Information] Stepper Motor Controller Enable Y Axis controls after moving to location.
11/17/2024 19:26:13 [Information] Stepper Motor Controller Stopwatch Stopped.
11/17/2024 19:26:13 [Information] Stepper Motor Controller Timer Stopped.
11/17/2024 19:26:13 [Information] Stepper Motor Controller Stopwatch Reset.
11/17/2024 19:26:13 [Information] Stepper Motor Controller Enable Y Axis controls after moving to location.
11/17/2024 19:26:13 [Information] Stepper Motor Controller Stopwatch Stopped.
11/17/2024 19:26:13 [Information] Stepper Motor Controller Timer Stopped.
11/17/2024 19:26:13 [Information] Stepper Motor Controller Stopwatch Reset.
11/17/2024 19:26:13 [Information] Stepper Motor Controller Enable Y Axis controls after moving to location.
11/17/2024 19:26:13 [Information] Stepper Motor Controller Stopwatch Stopped.
11/17/2024 19:26:13 [Information] Stepper Motor Controller Timer Stopped.
11/17/2024 19:26:13 [Information] Stepper Motor Controller Stopwatch Reset.
11/17/2024 19:26:13 [Information] Stepper Motor Controller Enable Y Axis controls after moving to location.
11/17/2024 19:26:13 [Information] Stepper Motor Controller Stopwatch Stopped.
11/17/2024 19:26:13 [Information] Stepper Motor Controller Timer Stopped.
11/17/2024 19:26:13 [Information] Stepper Motor Controller Stopwatch Reset.
11/17/2024 19:26:13 [Information] Stepper Motor Controller Enable Y Axis controls after moving to location.
11/17/2024 19:26:13 [Information] Stepper Motor Controller Stopwatch Stopped.
11/17/2024 19:26:13 [Information] Stepper Motor Controller Timer Stopped.
11/17/2024 19:26:13 [Information] Stepper Motor Controller Stopwatch Reset.
11/17/2024 19:26:13 [Information] Stepper Motor Controller Enable Y Axis controls after moving to location.
11/17/2024 19:26:13 [Information] Stepper Motor Controller Stopwatch Stopped.
11/17/2024 19:26:13 [Information] Stepper Motor Controller Timer Stopped.
11/17/2024 19:26:13 [Information] Stepper Motor Controller Stopwatch Reset.
11/17/2024 19:26:13 [Information] Stepper Motor Controller Enable Y Axis controls after moving to location.
11/17/2024 19:26:13 [Information] Stepper Motor Controller Stopwatch Stopped.
11/17/2024 19:26:13 [Information] Stepper Motor Controller Timer Stopped.
11/17/2024 19:26:13 [Information] Stepper Motor Controller Stopwatch Reset.
11/17/2024 19:26:13 [Information] Stepper Motor Controller Enable Y Axis controls after moving to location.
11/17/2024 19:26:13 [Information] Stepper Motor Controller Stopwatch Stopped.
11/17/2024 19:26:13 [Information] Stepper Motor Controller Timer Stopped.
11/17/2024 19:26:13 [Information] Stepper Motor Controller Stopwatch Reset.
11/17/2024 19:26:13 [Information] Stepper Motor Controller Enable Y Axis controls after moving to location.
11/17/2024 19:26:13 [Information] Stepper Motor Controller Stopwatch Stopped.
11/17/2024 19:26:13 [Information] Stepper Motor Controller Timer Stopped.
11/17/2024 19:26:13 [Information] Stepper Motor Controller Stopwatch Reset.
11/17/2024 19:26:13 [Information] Stepper Motor Controller Enable Y Axis controls after moving to location.
11/17/2024 19:26:13 [Information] Stepper Motor Controller Stopwatch Stopped.
11/17/2024 19:26:13 [Information] Stepper Motor Controller Timer Stopped.
11/17/2024 19:26:13 [Information] Stepper Motor Controller Stopwatch Reset.
11/17/2024 19:26:13 [Information] Stepper Motor Controller Enable Y Axis controls after moving to location.
11/17/2024 19:26:13 [Information] Stepper Motor Controller Stopwatch Stopped.
11/17/2024 19:26:13 [Information] Stepper Motor Controller Timer Stopped.
11/17/2024 19:26:13 [Information] Stepper Motor Controller Stopwatch Reset.
11/17/2024 19:26:13 [Information] Stepper Motor Controller Enable Y Axis controls after moving to location.
11/17/2024 19:26:13 [Information] Stepper Motor Controller Stopwatch Stopped.
11/17/2024 19:26:13 [Information] Stepper Motor Controller Timer Stopped.
11/17/2024 19:26:13 [Information] Stepper Motor Controller Stopwatch Reset.
11/17/2024 19:26:13 [Information] Z Axis Run button clicked:
11/17/2024 19:26:13 [Information] Stepper Motor Controller Enable Y Axis controls after moving to location.
11/17/2024 19:26:13 [Information] Stepper Motor Controller Stopwatch Stopped.
11/17/2024 19:26:13 [Information] Stepper Motor Controller Timer Stopped.
11/17/2024 19:26:13 [Information] Stepper Motor Controller Stopwatch Reset.
11/17/2024 19:26:13 [Information] Stepper Motor Controller Enable Y Axis controls after moving to location.
11/17/2024 19:26:13 [Information] Stepper Motor Controller Stopwatch Stopped.
11/17/2024 19:26:13 [Information] Stepper Motor Controller Timer Stopped.
11/17/2024 19:26:13 [Information] Stepper Motor Controller Stopwatch Reset.
11/17/2024 19:26:13 [Information] Stepper Motor Controller Enable Y Axis controls after moving to location.
11/17/2024 19:26:13 [Information] Stepper Motor Controller Stopwatch Stopped.
11/17/2024 19:26:13 [Information] Stepper Motor Controller Timer Stopped.
11/17/2024 19:26:13 [Information] Stepper Motor Controller Stopwatch Reset.
11/17/2024 19:26:13 [Information] Stepper Motor Controller Enable Y Axis controls after moving to location.
11/17/2024 19:26:13 [Information] Stepper Motor Controller Stopwatch Stopped.
11/17/2024 19:26:13 [Information] Stepper Motor Controller Timer Stopped.
11/17/2024 19:26:13 [Information] Stepper Motor Controller Stopwatch Reset.
11/17/2024 19:26:14 [Information] Stepper Motor Controller Enable Y Axis controls after moving to location.
11/17/2024 19:26:14 [Information] Stepper Motor Controller Stopwatch Stopped.
11/17/2024 19:26:14 [Information] Stepper Motor Controller Timer Stopped.
11/17/2024 19:26:14 [Information] Stepper Motor Controller Stopwatch Reset.
11/17/2024 19:26:14 [Information] Stepper Motor Controller Enable Y Axis controls after moving to location.
11/17/2024 19:26:14 [Information] Stepper Motor Controller Stopwatch Stopped.
11/17/2024 19:26:14 [Information] Stepper Motor Controller Timer Stopped.
11/17/2024 19:26:14 [Information] Stepper Motor Controller Stopwatch Reset.
11/17/2024 19:26:14 [Information] Stepper Motor Controller Enable Y Axis controls after moving to location.
11/17/2024 19:26:14 [Information] Stepper Motor Controller Stopwatch Stopped.
11/17/2024 19:26:14 [Information] Stepper Motor Controller Timer Stopped.
11/17/2024 19:26:14 [Information] Stepper Motor Controller Stopwatch Reset.
11/17/2024 19:26:14 [Information] Stepper Motor Controller Enable Y Axis controls after moving to location.
11/17/2024 19:26:14 [Information] Stepper Motor Controller Stopwatch Stopped.
11/17/2024 19:26:14 [Information] Stepper Motor Controller Timer Stopped.
11/17/2024 19:26:14 [Information] Stepper Motor Controller Stopwatch Reset.
11/17/2024 19:26:14 [Information] Stepper Motor Controller Enable Y Axis controls after moving to location.
11/17/2024 19:26:14 [Information] Stepper Motor Controller Stopwatch Stopped.
11/17/2024 19:26:14 [Information] Stepper Motor Controller Timer Stopped.
11/17/2024 19:26:14 [Information] Stepper Motor Controller Stopwatch Reset.
11/17/2024 19:26:14 [Information] Stepper Motor Controller Enable Y Axis controls after moving to location.
11/17/2024 19:26:14 [Information] Stepper Motor Controller Stopwatch Stopped.
11/17/2024 19:26:14 [Information] Stepper Motor Controller Timer Stopped.
11/17/2024 19:26:14 [Information] Stepper Motor Controller Stopwatch Reset.
11/17/2024 19:26:14 [Information] Stepper Motor Controller Enable Y Axis controls after moving to location.
11/17/2024 19:26:14 [Information] Stepper Motor Controller Stopwatch Stopped.
11/17/2024 19:26:14 [Information] Stepper Motor Controller Timer Stopped.
11/17/2024 19:26:14 [Information] Stepper Motor Controller Stopwatch Reset.
11/17/2024 19:26:14 [Information] Stepper Motor Controller Enable Y Axis controls after moving to location.
11/17/2024 19:26:14 [Information] Stepper Motor Controller Stopwatch Stopped.
11/17/2024 19:26:14 [Information] Stepper Motor Controller Timer Stopped.
11/17/2024 19:26:14 [Information] Stepper Motor Controller Stopwatch Reset.
11/17/2024 19:26:14 [Information] Stepper Motor Controller Enable Y Axis controls after moving to location.
11/17/2024 19:26:14 [Information] Stepper Motor Controller Stopwatch Stopped.
11/17/2024 19:26:14 [Information] Stepper Motor Controller Timer Stopped.
11/17/2024 19:26:14 [Information] Stepper Motor Controller Stopwatch Reset.
11/17/2024 19:26:14 [Information] Stepper Motor Controller Enable Y Axis controls after moving to location.
11/17/2024 19:26:14 [Information] Stepper Motor Controller Stopwatch Stopped.
11/17/2024 19:26:14 [Information] Stepper Motor Controller Timer Stopped.
11/17/2024 19:26:14 [Information] Stepper Motor Controller Stopwatch Reset.
11/17/2024 19:26:14 [Information] Stepper Motor Controller Enable Y Axis controls after moving to location.
11/17/2024 19:26:14 [Information] Stepper Motor Controller Stopwatch Stopped.
11/17/2024 19:26:14 [Information] Stepper Motor Controller Timer Stopped.
11/17/2024 19:26:14 [Information] Stepper Motor Controller Stopwatch Reset.
11/17/2024 19:26:14 [Information] Stepper Motor Controller Enable Y Axis controls after moving to location.
11/17/2024 19:26:14 [Information] Stepper Motor Controller Stopwatch Stopped.
11/17/2024 19:26:14 [Information] Stepper Motor Controller Timer Stopped.
11/17/2024 19:26:14 [Information] Stepper Motor Controller Stopwatch Reset.
11/17/2024 19:26:14 [Information] Stepper Motor Controller Enable Y Axis controls after moving to location.
11/17/2024 19:26:14 [Information] Stepper Motor Controller Stopwatch Stopped.
11/17/2024 19:26:14 [Information] Stepper Motor Controller Timer Stopped.
11/17/2024 19:26:14 [Information] Stepper Motor Controller Stopwatch Reset.
11/17/2024 19:26:14 [Information] Stepper Motor Controller Enable Y Axis controls after moving to location.
11/17/2024 19:26:14 [Information] Stepper Motor Controller Stopwatch Stopped.
11/17/2024 19:26:14 [Information] Stepper Motor Controller Timer Stopped.
11/17/2024 19:26:14 [Information] Stepper Motor Controller Stopwatch Reset.
11/17/2024 19:26:14 [Information] Stepper Motor Controller Enable Y Axis controls after moving to location.
11/17/2024 19:26:14 [Information] Stepper Motor Controller Stopwatch Stopped.
11/17/2024 19:26:14 [Information] Stepper Motor Controller Timer Stopped.
11/17/2024 19:26:14 [Information] Stepper Motor Controller Stopwatch Reset.
11/17/2024 19:26:14 [Information] Stepper Motor Controller Enable Y Axis controls after moving to location.
11/17/2024 19:26:14 [Information] Stepper Motor Controller Stopwatch Stopped.
11/17/2024 19:26:14 [Information] Stepper Motor Controller Timer Stopped.
11/17/2024 19:26:14 [Information] Stepper Motor Controller Stopwatch Reset.
11/17/2024 19:26:14 [Information] Stepper Motor Controller Enable Y Axis controls after moving to location.
11/17/2024 19:26:14 [Information] Stepper Motor Controller Stopwatch Stopped.
11/17/2024 19:26:14 [Information] Stepper Motor Controller Timer Stopped.
11/17/2024 19:26:14 [Information] Stepper Motor Controller Stopwatch Reset.
11/17/2024 19:26:14 [Information] Stepper Motor Controller Enable Y Axis controls after moving to location.
11/17/2024 19:26:14 [Information] Stepper Motor Controller Stopwatch Stopped.
11/17/2024 19:26:14 [Information] Stepper Motor Controller Timer Stopped.
11/17/2024 19:26:14 [Information] Stepper Motor Controller Stopwatch Reset.
11/17/2024 19:26:14 [Information] Stepper Motor Controller Enable Y Axis controls after moving to location.
11/17/2024 19:26:14 [Information] Stepper Motor Controller Stopwatch Stopped.
11/17/2024 19:26:14 [Information] Stepper Motor Controller Timer Stopped.
11/17/2024 19:26:14 [Information] Stepper Motor Controller Stopwatch Reset.
11/17/2024 19:26:14 [Information] Z Axis Data Received: s
11/17/2024 19:26:15 [Information] Stepper Motor Controller Enable Y Axis controls after moving to location.
11/17/2024 19:26:15 [Information] Stepper Motor Controller Stopwatch Stopped.
11/17/2024 19:26:15 [Information] Stepper Motor Controller Timer Stopped.
11/17/2024 19:26:15 [Information] Stepper Motor Controller Stopwatch Reset.
11/17/2024 19:26:15 [Information] Z Axis Run Event: Z,0.00,400.00,0,0.00,400.00,0,32.00,400.00,0
11/17/2024 19:26:15 [Information] Z Axis MotorMovementSeconds: 0.08
11/17/2024 19:26:15 [Information] Z Axis Timer Started. Target End Time: 07:26:15
11/17/2024 19:26:15 [Information] Z Axis Stopwatch Started.
11/17/2024 19:26:15 [Information] Z Axis Current Time: 07:26:15 + 0 = 07:26:15
11/17/2024 19:26:15 [Information] Stepper Motor Controller Enable Y Axis controls after moving to location.
11/17/2024 19:26:15 [Information] Stepper Motor Controller Stopwatch Stopped.
11/17/2024 19:26:15 [Information] Stepper Motor Controller Timer Stopped.
11/17/2024 19:26:15 [Information] Stepper Motor Controller Stopwatch Reset.
11/17/2024 19:26:15 [Information] Stepper Motor Controller Enable Y Axis controls after moving to location.
11/17/2024 19:26:15 [Information] Stepper Motor Controller Stopwatch Stopped.
11/17/2024 19:26:15 [Information] Stepper Motor Controller Timer Stopped.
11/17/2024 19:26:15 [Information] Stepper Motor Controller Stopwatch Reset.
11/17/2024 19:26:15 [Information] Stepper Motor Controller Enable Y Axis controls after moving to location.
11/17/2024 19:26:15 [Information] Stepper Motor Controller Stopwatch Stopped.
11/17/2024 19:26:15 [Information] Stepper Motor Controller Timer Stopped.
11/17/2024 19:26:15 [Information] Stepper Motor Controller Stopwatch Reset.
11/17/2024 19:26:15 [Information] Stepper Motor Controller Enable Y Axis controls after moving to location.
11/17/2024 19:26:15 [Information] Stepper Motor Controller Stopwatch Stopped.
11/17/2024 19:26:15 [Information] Stepper Motor Controller Timer Stopped.
11/17/2024 19:26:15 [Information] Stepper Motor Controller Stopwatch Reset.
11/17/2024 19:26:15 [Information] Stepper Motor Controller Enable Y Axis controls after moving to location.
11/17/2024 19:26:15 [Information] Stepper Motor Controller Stopwatch Stopped.
11/17/2024 19:26:15 [Information] Stepper Motor Controller Timer Stopped.
11/17/2024 19:26:15 [Information] Stepper Motor Controller Stopwatch Reset.
11/17/2024 19:26:15 [Information] Stepper Motor Controller Enable Y Axis controls after moving to location.
11/17/2024 19:26:15 [Information] Stepper Motor Controller Stopwatch Stopped.
11/17/2024 19:26:15 [Information] Stepper Motor Controller Timer Stopped.
11/17/2024 19:26:15 [Information] Stepper Motor Controller Stopwatch Reset.
11/17/2024 19:26:15 [Information] Stepper Motor Controller Enable Y Axis controls after moving to location.
11/17/2024 19:26:15 [Information] Stepper Motor Controller Stopwatch Stopped.
11/17/2024 19:26:15 [Information] Stepper Motor Controller Timer Stopped.
11/17/2024 19:26:15 [Information] Stepper Motor Controller Stopwatch Reset.
11/17/2024 19:26:15 [Information] Stepper Motor Controller Enable Y Axis controls after moving to location.
11/17/2024 19:26:15 [Information] Stepper Motor Controller Stopwatch Stopped.
11/17/2024 19:26:15 [Information] Stepper Motor Controller Timer Stopped.
11/17/2024 19:26:15 [Information] Stepper Motor Controller Stopwatch Reset.
11/17/2024 19:26:15 [Information] Stepper Motor Controller Enable Y Axis controls after moving to location.
11/17/2024 19:26:15 [Information] Stepper Motor Controller Stopwatch Stopped.
11/17/2024 19:26:15 [Information] Stepper Motor Controller Timer Stopped.
11/17/2024 19:26:15 [Information] Stepper Motor Controller Stopwatch Reset.
11/17/2024 19:26:15 [Information] Stepper Motor Controller Enable Y Axis controls after moving to location.
11/17/2024 19:26:15 [Information] Stepper Motor Controller Stopwatch Stopped.
11/17/2024 19:26:15 [Information] Stepper Motor Controller Timer Stopped.
11/17/2024 19:26:15 [Information] Stepper Motor Controller Stopwatch Reset.
11/17/2024 19:26:15 [Information] Stepper Motor Controller Enable Y Axis controls after moving to location.
11/17/2024 19:26:15 [Information] Stepper Motor Controller Stopwatch Stopped.
11/17/2024 19:26:15 [Information] Stepper Motor Controller Timer Stopped.
11/17/2024 19:26:15 [Information] Stepper Motor Controller Stopwatch Reset.
11/17/2024 19:26:15 [Information] Stepper Motor Controller Enable Y Axis controls after moving to location.
11/17/2024 19:26:15 [Information] Stepper Motor Controller Stopwatch Stopped.
11/17/2024 19:26:15 [Information] Stepper Motor Controller Timer Stopped.
11/17/2024 19:26:15 [Information] Stepper Motor Controller Stopwatch Reset.
11/17/2024 19:26:15 [Information] Stepper Motor Controller Enable Y Axis controls after moving to location.
11/17/2024 19:26:15 [Information] Stepper Motor Controller Stopwatch Stopped.
11/17/2024 19:26:15 [Information] Stepper Motor Controller Timer Stopped.
11/17/2024 19:26:15 [Information] Stepper Motor Controller Stopwatch Reset.
11/17/2024 19:26:15 [Information] Stepper Motor Controller Enable Y Axis controls after moving to location.
11/17/2024 19:26:15 [Information] Stepper Motor Controller Stopwatch Stopped.
11/17/2024 19:26:15 [Information] Stepper Motor Controller Timer Stopped.
11/17/2024 19:26:15 [Information] Stepper Motor Controller Stopwatch Reset.
11/17/2024 19:26:15 [Information] Stepper Motor Controller Enable Y Axis controls after moving to location.
11/17/2024 19:26:15 [Information] Stepper Motor Controller Stopwatch Stopped.
11/17/2024 19:26:15 [Information] Stepper Motor Controller Timer Stopped.
11/17/2024 19:26:15 [Information] Stepper Motor Controller Stopwatch Reset.
11/17/2024 19:26:15 [Information] Stepper Motor Controller Enable Y Axis controls after moving to location.
11/17/2024 19:26:15 [Information] Stepper Motor Controller Stopwatch Stopped.
11/17/2024 19:26:15 [Information] Stepper Motor Controller Timer Stopped.
11/17/2024 19:26:15 [Information] Stepper Motor Controller Stopwatch Reset.
11/17/2024 19:26:16 [Information] Stepper Motor Controller Enable Y Axis controls after moving to location.
11/17/2024 19:26:16 [Information] Stepper Motor Controller Stopwatch Stopped.
11/17/2024 19:26:16 [Information] Stepper Motor Controller Timer Stopped.
11/17/2024 19:26:16 [Information] Stepper Motor Controller Stopwatch Reset.
11/17/2024 19:26:16 [Information] Stepper Motor Controller Enable Y Axis controls after moving to location.
11/17/2024 19:26:16 [Information] Stepper Motor Controller Stopwatch Stopped.
11/17/2024 19:26:16 [Information] Stepper Motor Controller Timer Stopped.
11/17/2024 19:26:16 [Information] Stepper Motor Controller Stopwatch Reset.
11/17/2024 19:26:16 [Information] Stepper Motor Controller Enable Y Axis controls after moving to location.
11/17/2024 19:26:16 [Information] Stepper Motor Controller Stopwatch Stopped.
11/17/2024 19:26:16 [Information] Stepper Motor Controller Timer Stopped.
11/17/2024 19:26:16 [Information] Stepper Motor Controller Stopwatch Reset.
11/17/2024 19:26:16 [Information] Stepper Motor Controller Enable Y Axis controls after moving to location.
11/17/2024 19:26:16 [Information] Stepper Motor Controller Stopwatch Stopped.
11/17/2024 19:26:16 [Information] Stepper Motor Controller Timer Stopped.
11/17/2024 19:26:16 [Information] Stepper Motor Controller Stopwatch Reset.
11/17/2024 19:26:16 [Information] Stepper Motor Controller Enable Y Axis controls after moving to location.
11/17/2024 19:26:16 [Information] Stepper Motor Controller Stopwatch Stopped.
11/17/2024 19:26:16 [Information] Stepper Motor Controller Timer Stopped.
11/17/2024 19:26:16 [Information] Stepper Motor Controller Stopwatch Reset.
11/17/2024 19:26:16 [Information] Stepper Motor Controller Enable Y Axis controls after moving to location.
11/17/2024 19:26:16 [Information] Stepper Motor Controller Stopwatch Stopped.
11/17/2024 19:26:16 [Information] Stepper Motor Controller Timer Stopped.
11/17/2024 19:26:16 [Information] Stepper Motor Controller Stopwatch Reset.
11/17/2024 19:26:16 [Information] Z Axis Data Received: erialData: Z,0.00,400.00,0,0.00,400.00,0,32.00,400.00,0
Z Axis CW STOPPED
Z Axis CW Motor Current Position: 0
Z Axis reached target position
Current Position: 1

11/17/2024 19:26:16 [Information] Z Axis Motor Stopped
11/17/2024 19:26:20 [Information] Z Axis Run button clicked:
11/17/2024 19:26:21 [Information] Z Axis Run Event: Z,0.00,400.00,0,0.00,400.00,0,32.00,400.00,0
11/17/2024 19:26:21 [Information] Z Axis MotorMovementSeconds: 0.08
11/17/2024 19:26:21 [Information] Z Axis Timer Started. Target End Time: 07:26:21
11/17/2024 19:26:21 [Information] Z Axis Stopwatch Started.
11/17/2024 19:26:21 [Information] Z Axis Current Time: 07:26:21 + 0 = 07:26:21
11/17/2024 19:26:21 [Information] Z Axis Data Received: s
11/17/2024 19:26:21 [Information] Stepper Motor Controller Enable Y Axis controls after moving to location.
11/17/2024 19:26:21 [Information] Stepper Motor Controller Stopwatch Stopped.
11/17/2024 19:26:21 [Information] Stepper Motor Controller Timer Stopped.
11/17/2024 19:26:21 [Information] Stepper Motor Controller Stopwatch Reset.
11/17/2024 19:26:21 [Information] Stepper Motor Controller Enable Y Axis controls after moving to location.
11/17/2024 19:26:21 [Information] Stepper Motor Controller Stopwatch Stopped.
11/17/2024 19:26:21 [Information] Stepper Motor Controller Timer Stopped.
11/17/2024 19:26:21 [Information] Stepper Motor Controller Stopwatch Reset.
11/17/2024 19:26:21 [Information] Stepper Motor Controller Enable Y Axis controls after moving to location.
11/17/2024 19:26:21 [Information] Stepper Motor Controller Stopwatch Stopped.
11/17/2024 19:26:21 [Information] Stepper Motor Controller Timer Stopped.
11/17/2024 19:26:21 [Information] Stepper Motor Controller Stopwatch Reset.
11/17/2024 19:26:21 [Information] Stepper Motor Controller Enable Y Axis controls after moving to location.
11/17/2024 19:26:21 [Information] Stepper Motor Controller Stopwatch Stopped.
11/17/2024 19:26:21 [Information] Stepper Motor Controller Timer Stopped.
11/17/2024 19:26:21 [Information] Stepper Motor Controller Stopwatch Reset.
11/17/2024 19:26:21 [Information] Stepper Motor Controller Enable Y Axis controls after moving to location.
11/17/2024 19:26:21 [Information] Stepper Motor Controller Stopwatch Stopped.
11/17/2024 19:26:21 [Information] Stepper Motor Controller Timer Stopped.
11/17/2024 19:26:21 [Information] Stepper Motor Controller Stopwatch Reset.
11/17/2024 19:26:21 [Information] Stepper Motor Controller Enable Y Axis controls after moving to location.
11/17/2024 19:26:21 [Information] Stepper Motor Controller Stopwatch Stopped.
11/17/2024 19:26:21 [Information] Stepper Motor Controller Timer Stopped.
11/17/2024 19:26:21 [Information] Stepper Motor Controller Stopwatch Reset.
11/17/2024 19:26:21 [Information] Stepper Motor Controller Enable Y Axis controls after moving to location.
11/17/2024 19:26:21 [Information] Stepper Motor Controller Stopwatch Stopped.
11/17/2024 19:26:21 [Information] Stepper Motor Controller Timer Stopped.
11/17/2024 19:26:21 [Information] Stepper Motor Controller Stopwatch Reset.
11/17/2024 19:26:21 [Information] Stepper Motor Controller Enable Y Axis controls after moving to location.
11/17/2024 19:26:21 [Information] Stepper Motor Controller Stopwatch Stopped.
11/17/2024 19:26:21 [Information] Stepper Motor Controller Timer Stopped.
11/17/2024 19:26:21 [Information] Stepper Motor Controller Stopwatch Reset.
11/17/2024 19:26:21 [Information] Stepper Motor Controller Enable Y Axis controls after moving to location.
11/17/2024 19:26:21 [Information] Stepper Motor Controller Stopwatch Stopped.
11/17/2024 19:26:21 [Information] Stepper Motor Controller Timer Stopped.
11/17/2024 19:26:21 [Information] Stepper Motor Controller Stopwatch Reset.
11/17/2024 19:26:21 [Information] Stepper Motor Controller Enable Y Axis controls after moving to location.
11/17/2024 19:26:21 [Information] Stepper Motor Controller Stopwatch Stopped.
11/17/2024 19:26:21 [Information] Stepper Motor Controller Timer Stopped.
11/17/2024 19:26:21 [Information] Stepper Motor Controller Stopwatch Reset.
11/17/2024 19:26:21 [Information] Stepper Motor Controller Enable Y Axis controls after moving to location.
11/17/2024 19:26:21 [Information] Stepper Motor Controller Stopwatch Stopped.
11/17/2024 19:26:21 [Information] Stepper Motor Controller Timer Stopped.
11/17/2024 19:26:21 [Information] Stepper Motor Controller Stopwatch Reset.
11/17/2024 19:26:21 [Information] Stepper Motor Controller Enable Y Axis controls after moving to location.
11/17/2024 19:26:21 [Information] Stepper Motor Controller Stopwatch Stopped.
11/17/2024 19:26:21 [Information] Stepper Motor Controller Timer Stopped.
11/17/2024 19:26:21 [Information] Stepper Motor Controller Stopwatch Reset.
11/17/2024 19:26:21 [Information] Stepper Motor Controller Enable Y Axis controls after moving to location.
11/17/2024 19:26:21 [Information] Stepper Motor Controller Stopwatch Stopped.
11/17/2024 19:26:21 [Information] Stepper Motor Controller Timer Stopped.
11/17/2024 19:26:21 [Information] Stepper Motor Controller Stopwatch Reset.
11/17/2024 19:26:21 [Information] Stepper Motor Controller Enable Y Axis controls after moving to location.
11/17/2024 19:26:21 [Information] Stepper Motor Controller Stopwatch Stopped.
11/17/2024 19:26:21 [Information] Stepper Motor Controller Timer Stopped.
11/17/2024 19:26:21 [Information] Stepper Motor Controller Stopwatch Reset.
11/17/2024 19:26:21 [Information] Stepper Motor Controller Enable Y Axis controls after moving to location.
11/17/2024 19:26:21 [Information] Stepper Motor Controller Stopwatch Stopped.
11/17/2024 19:26:21 [Information] Stepper Motor Controller Timer Stopped.
11/17/2024 19:26:21 [Information] Stepper Motor Controller Stopwatch Reset.
11/17/2024 19:26:21 [Information] Stepper Motor Controller Enable Y Axis controls after moving to location.
11/17/2024 19:26:21 [Information] Stepper Motor Controller Stopwatch Stopped.
11/17/2024 19:26:21 [Information] Stepper Motor Controller Timer Stopped.
11/17/2024 19:26:21 [Information] Stepper Motor Controller Stopwatch Reset.
11/17/2024 19:26:21 [Information] Stepper Motor Controller Enable Y Axis controls after moving to location.
11/17/2024 19:26:21 [Information] Stepper Motor Controller Stopwatch Stopped.
11/17/2024 19:26:21 [Information] Stepper Motor Controller Timer Stopped.
11/17/2024 19:26:21 [Information] Stepper Motor Controller Stopwatch Reset.
11/17/2024 19:26:21 [Information] Stepper Motor Controller Enable Y Axis controls after moving to location.
11/17/2024 19:26:21 [Information] Stepper Motor Controller Stopwatch Stopped.
11/17/2024 19:26:21 [Information] Stepper Motor Controller Timer Stopped.
11/17/2024 19:26:21 [Information] Stepper Motor Controller Stopwatch Reset.
11/17/2024 19:26:21 [Information] Stepper Motor Controller Enable Y Axis controls after moving to location.
11/17/2024 19:26:21 [Information] Stepper Motor Controller Stopwatch Stopped.
11/17/2024 19:26:21 [Information] Stepper Motor Controller Timer Stopped.
11/17/2024 19:26:21 [Information] Stepper Motor Controller Stopwatch Reset.
11/17/2024 19:26:21 [Information] Stepper Motor Controller Enable Y Axis controls after moving to location.
11/17/2024 19:26:21 [Information] Stepper Motor Controller Stopwatch Stopped.
11/17/2024 19:26:21 [Information] Stepper Motor Controller Timer Stopped.
11/17/2024 19:26:21 [Information] Stepper Motor Controller Stopwatch Reset.
11/17/2024 19:26:21 [Information] Stepper Motor Controller Enable Y Axis controls after moving to location.
11/17/2024 19:26:21 [Information] Stepper Motor Controller Stopwatch Stopped.
11/17/2024 19:26:21 [Information] Stepper Motor Controller Timer Stopped.
11/17/2024 19:26:21 [Information] Stepper Motor Controller Stopwatch Reset.
11/17/2024 19:26:21 [Information] Stepper Motor Controller Enable Y Axis controls after moving to location.
11/17/2024 19:26:21 [Information] Stepper Motor Controller Stopwatch Stopped.
11/17/2024 19:26:21 [Information] Stepper Motor Controller Timer Stopped.
11/17/2024 19:26:21 [Information] Stepper Motor Controller Stopwatch Reset.
11/17/2024 19:26:22 [Information] Z Axis Data Received: erialData: Z,0.00,400.00,0
11/17/2024 19:26:22 [Information] Stepper Motor Controller Enable Y Axis controls after moving to location.
11/17/2024 19:26:22 [Information] Stepper Motor Controller Stopwatch Stopped.
11/17/2024 19:26:22 [Information] Stepper Motor Controller Timer Stopped.
11/17/2024 19:26:22 [Information] Stepper Motor Controller Stopwatch Reset.
11/17/2024 19:26:22 [Information] Stepper Motor Controller Enable Y Axis controls after moving to location.
11/17/2024 19:26:22 [Information] Stepper Motor Controller Stopwatch Stopped.
11/17/2024 19:26:22 [Information] Stepper Motor Controller Timer Stopped.
11/17/2024 19:26:22 [Information] Stepper Motor Controller Stopwatch Reset.
11/17/2024 19:26:22 [Information] Stepper Motor Controller Enable Y Axis controls after moving to location.
11/17/2024 19:26:22 [Information] Stepper Motor Controller Stopwatch Stopped.
11/17/2024 19:26:22 [Information] Stepper Motor Controller Timer Stopped.
11/17/2024 19:26:22 [Information] Stepper Motor Controller Stopwatch Reset.
11/17/2024 19:26:22 [Information] Stepper Motor Controller Enable Y Axis controls after moving to location.
11/17/2024 19:26:22 [Information] Stepper Motor Controller Stopwatch Stopped.
11/17/2024 19:26:22 [Information] Stepper Motor Controller Timer Stopped.
11/17/2024 19:26:22 [Information] Stepper Motor Controller Stopwatch Reset.
11/17/2024 19:26:22 [Information] Stepper Motor Controller Enable Y Axis controls after moving to location.
11/17/2024 19:26:22 [Information] Stepper Motor Controller Stopwatch Stopped.
11/17/2024 19:26:22 [Information] Stepper Motor Controller Timer Stopped.
11/17/2024 19:26:22 [Information] Stepper Motor Controller Stopwatch Reset.
11/17/2024 19:26:22 [Information] Stepper Motor Controller Enable Y Axis controls after moving to location.
11/17/2024 19:26:22 [Information] Stepper Motor Controller Stopwatch Stopped.
11/17/2024 19:26:22 [Information] Stepper Motor Controller Timer Stopped.
11/17/2024 19:26:22 [Information] Stepper Motor Controller Stopwatch Reset.
11/17/2024 19:26:22 [Information] Stepper Motor Controller Enable Y Axis controls after moving to location.
11/17/2024 19:26:22 [Information] Stepper Motor Controller Stopwatch Stopped.
11/17/2024 19:26:22 [Information] Stepper Motor Controller Timer Stopped.
11/17/2024 19:26:22 [Information] Stepper Motor Controller Stopwatch Reset.
11/17/2024 19:26:22 [Information] Stepper Motor Controller Enable Y Axis controls after moving to location.
11/17/2024 19:26:22 [Information] Stepper Motor Controller Stopwatch Stopped.
11/17/2024 19:26:22 [Information] Stepper Motor Controller Timer Stopped.
11/17/2024 19:26:22 [Information] Stepper Motor Controller Stopwatch Reset.
11/17/2024 19:26:22 [Information] Stepper Motor Controller Enable Y Axis controls after moving to location.
11/17/2024 19:26:22 [Information] Stepper Motor Controller Stopwatch Stopped.
11/17/2024 19:26:22 [Information] Stepper Motor Controller Timer Stopped.
11/17/2024 19:26:22 [Information] Stepper Motor Controller Stopwatch Reset.
11/17/2024 19:26:22 [Information] Stepper Motor Controller Enable Y Axis controls after moving to location.
11/17/2024 19:26:22 [Information] Stepper Motor Controller Stopwatch Stopped.
11/17/2024 19:26:22 [Information] Stepper Motor Controller Timer Stopped.
11/17/2024 19:26:22 [Information] Stepper Motor Controller Stopwatch Reset.
11/17/2024 19:26:22 [Information] Stepper Motor Controller Enable Y Axis controls after moving to location.
11/17/2024 19:26:22 [Information] Stepper Motor Controller Stopwatch Stopped.
11/17/2024 19:26:22 [Information] Stepper Motor Controller Timer Stopped.
11/17/2024 19:26:22 [Information] Stepper Motor Controller Stopwatch Reset.
11/17/2024 19:26:22 [Information] Stepper Motor Controller Enable Y Axis controls after moving to location.
11/17/2024 19:26:22 [Information] Stepper Motor Controller Stopwatch Stopped.
11/17/2024 19:26:22 [Information] Stepper Motor Controller Timer Stopped.
11/17/2024 19:26:22 [Information] Stepper Motor Controller Stopwatch Reset.
11/17/2024 19:26:22 [Information] Stepper Motor Controller Enable Y Axis controls after moving to location.
11/17/2024 19:26:22 [Information] Stepper Motor Controller Stopwatch Stopped.
11/17/2024 19:26:22 [Information] Stepper Motor Controller Timer Stopped.
11/17/2024 19:26:22 [Information] Stepper Motor Controller Stopwatch Reset.
11/17/2024 19:26:22 [Information] Stepper Motor Controller Enable Y Axis controls after moving to location.
11/17/2024 19:26:22 [Information] Stepper Motor Controller Stopwatch Stopped.
11/17/2024 19:26:22 [Information] Stepper Motor Controller Timer Stopped.
11/17/2024 19:26:22 [Information] Stepper Motor Controller Stopwatch Reset.
11/17/2024 19:26:22 [Information] Stepper Motor Controller Enable Y Axis controls after moving to location.
11/17/2024 19:26:22 [Information] Stepper Motor Controller Stopwatch Stopped.
11/17/2024 19:26:22 [Information] Stepper Motor Controller Timer Stopped.
11/17/2024 19:26:22 [Information] Stepper Motor Controller Stopwatch Reset.
11/17/2024 19:26:22 [Information] Stepper Motor Controller Enable Y Axis controls after moving to location.
11/17/2024 19:26:22 [Information] Stepper Motor Controller Stopwatch Stopped.
11/17/2024 19:26:22 [Information] Stepper Motor Controller Timer Stopped.
11/17/2024 19:26:22 [Information] Stepper Motor Controller Stopwatch Reset.
11/17/2024 19:26:22 [Information] Stepper Motor Controller Enable Y Axis controls after moving to location.
11/17/2024 19:26:22 [Information] Stepper Motor Controller Stopwatch Stopped.
11/17/2024 19:26:22 [Information] Stepper Motor Controller Timer Stopped.
11/17/2024 19:26:22 [Information] Stepper Motor Controller Stopwatch Reset.
11/17/2024 19:26:22 [Information] Stepper Motor Controller Enable Y Axis controls after moving to location.
11/17/2024 19:26:22 [Information] Stepper Motor Controller Stopwatch Stopped.
11/17/2024 19:26:22 [Information] Stepper Motor Controller Timer Stopped.
11/17/2024 19:26:22 [Information] Stepper Motor Controller Stopwatch Reset.
11/17/2024 19:26:22 [Information] Stepper Motor Controller Enable Y Axis controls after moving to location.
11/17/2024 19:26:22 [Information] Stepper Motor Controller Stopwatch Stopped.
11/17/2024 19:26:22 [Information] Stepper Motor Controller Timer Stopped.
11/17/2024 19:26:22 [Information] Stepper Motor Controller Stopwatch Reset.
11/17/2024 19:26:22 [Information] Stepper Motor Controller Enable Y Axis controls after moving to location.
11/17/2024 19:26:22 [Information] Stepper Motor Controller Stopwatch Stopped.
11/17/2024 19:26:22 [Information] Stepper Motor Controller Timer Stopped.
11/17/2024 19:26:22 [Information] Stepper Motor Controller Stopwatch Reset.
11/17/2024 19:26:22 [Information] Stepper Motor Controller Enable Y Axis controls after moving to location.
11/17/2024 19:26:22 [Information] Stepper Motor Controller Stopwatch Stopped.
11/17/2024 19:26:22 [Information] Stepper Motor Controller Timer Stopped.
11/17/2024 19:26:22 [Information] Stepper Motor Controller Stopwatch Reset.
11/17/2024 19:26:22 [Information] Stepper Motor Controller Enable Y Axis controls after moving to location.
11/17/2024 19:26:22 [Information] Stepper Motor Controller Stopwatch Stopped.
11/17/2024 19:26:22 [Information] Stepper Motor Controller Timer Stopped.
11/17/2024 19:26:22 [Information] Stepper Motor Controller Stopwatch Reset.
11/17/2024 19:26:22 [Information] Stepper Motor Controller Enable Y Axis controls after moving to location.
11/17/2024 19:26:22 [Information] Stepper Motor Controller Stopwatch Stopped.
11/17/2024 19:26:22 [Information] Stepper Motor Controller Timer Stopped.
11/17/2024 19:26:22 [Information] Stepper Motor Controller Stopwatch Reset.
11/17/2024 19:26:23 [Information] Stepper Motor Controller Enable Y Axis controls after moving to location.
11/17/2024 19:26:23 [Information] Stepper Motor Controller Stopwatch Stopped.
11/17/2024 19:26:23 [Information] Stepper Motor Controller Timer Stopped.
11/17/2024 19:26:23 [Information] Stepper Motor Controller Stopwatch Reset.
11/17/2024 19:26:23 [Information] Stepper Motor Controller Enable Y Axis controls after moving to location.
11/17/2024 19:26:23 [Information] Stepper Motor Controller Stopwatch Stopped.
11/17/2024 19:26:23 [Information] Stepper Motor Controller Timer Stopped.
11/17/2024 19:26:23 [Information] Stepper Motor Controller Stopwatch Reset.
11/17/2024 19:26:23 [Information] Z Axis Data Received: ,0.00,400.00,0,32.00,400.00,0

11/17/2024 19:26:23 [Information] Stepper Motor Controller Enable Y Axis controls after moving to location.
11/17/2024 19:26:23 [Information] Stepper Motor Controller Stopwatch Stopped.
11/17/2024 19:26:23 [Information] Stepper Motor Controller Timer Stopped.
11/17/2024 19:26:23 [Information] Stepper Motor Controller Stopwatch Reset.
11/17/2024 19:26:23 [Information] Stepper Motor Controller Enable Y Axis controls after moving to location.
11/17/2024 19:26:23 [Information] Stepper Motor Controller Stopwatch Stopped.
11/17/2024 19:26:23 [Information] Stepper Motor Controller Timer Stopped.
11/17/2024 19:26:23 [Information] Stepper Motor Controller Stopwatch Reset.
11/17/2024 19:26:23 [Information] Stepper Motor Controller Enable Y Axis controls after moving to location.
11/17/2024 19:26:23 [Information] Stepper Motor Controller Stopwatch Stopped.
11/17/2024 19:26:23 [Information] Stepper Motor Controller Timer Stopped.
11/17/2024 19:26:23 [Information] Stepper Motor Controller Stopwatch Reset.
11/17/2024 19:26:23 [Information] Stepper Motor Controller Enable Y Axis controls after moving to location.
11/17/2024 19:26:23 [Information] Stepper Motor Controller Stopwatch Stopped.
11/17/2024 19:26:23 [Information] Stepper Motor Controller Timer Stopped.
11/17/2024 19:26:23 [Information] Stepper Motor Controller Stopwatch Reset.
11/17/2024 19:26:23 [Information] Stepper Motor Controller Enable Y Axis controls after moving to location.
11/17/2024 19:26:23 [Information] Stepper Motor Controller Stopwatch Stopped.
11/17/2024 19:26:23 [Information] Stepper Motor Controller Timer Stopped.
11/17/2024 19:26:23 [Information] Stepper Motor Controller Stopwatch Reset.
11/17/2024 19:26:23 [Information] Stepper Motor Controller Enable Y Axis controls after moving to location.
11/17/2024 19:26:23 [Information] Stepper Motor Controller Stopwatch Stopped.
11/17/2024 19:26:23 [Information] Stepper Motor Controller Timer Stopped.
11/17/2024 19:26:23 [Information] Stepper Motor Controller Stopwatch Reset.
11/17/2024 19:26:23 [Information] Stepper Motor Controller Enable Y Axis controls after moving to location.
11/17/2024 19:26:23 [Information] Stepper Motor Controller Stopwatch Stopped.
11/17/2024 19:26:23 [Information] Stepper Motor Controller Timer Stopped.
11/17/2024 19:26:23 [Information] Stepper Motor Controller Stopwatch Reset.
11/17/2024 19:26:23 [Information] Stepper Motor Controller Enable Y Axis controls after moving to location.
11/17/2024 19:26:23 [Information] Stepper Motor Controller Stopwatch Stopped.
11/17/2024 19:26:23 [Information] Stepper Motor Controller Timer Stopped.
11/17/2024 19:26:23 [Information] Stepper Motor Controller Stopwatch Reset.
11/17/2024 19:26:23 [Information] Stepper Motor Controller Enable Y Axis controls after moving to location.
11/17/2024 19:26:23 [Information] Stepper Motor Controller Stopwatch Stopped.
11/17/2024 19:26:23 [Information] Stepper Motor Controller Timer Stopped.
11/17/2024 19:26:23 [Information] Stepper Motor Controller Stopwatch Reset.
11/17/2024 19:26:23 [Information] Stepper Motor Controller Enable Y Axis controls after moving to location.
11/17/2024 19:26:23 [Information] Stepper Motor Controller Stopwatch Stopped.
11/17/2024 19:26:23 [Information] Stepper Motor Controller Timer Stopped.
11/17/2024 19:26:23 [Information] Stepper Motor Controller Stopwatch Reset.
11/17/2024 19:26:23 [Information] Stepper Motor Controller Enable Y Axis controls after moving to location.
11/17/2024 19:26:23 [Information] Stepper Motor Controller Stopwatch Stopped.
11/17/2024 19:26:23 [Information] Stepper Motor Controller Timer Stopped.
11/17/2024 19:26:23 [Information] Stepper Motor Controller Stopwatch Reset.
11/17/2024 19:26:23 [Information] Stepper Motor Controller Enable Y Axis controls after moving to location.
11/17/2024 19:26:23 [Information] Stepper Motor Controller Stopwatch Stopped.
11/17/2024 19:26:23 [Information] Stepper Motor Controller Timer Stopped.
11/17/2024 19:26:23 [Information] Stepper Motor Controller Stopwatch Reset.
11/17/2024 19:26:23 [Information] Stepper Motor Controller Enable Y Axis controls after moving to location.
11/17/2024 19:26:23 [Information] Stepper Motor Controller Stopwatch Stopped.
11/17/2024 19:26:23 [Information] Stepper Motor Controller Timer Stopped.
11/17/2024 19:26:23 [Information] Stepper Motor Controller Stopwatch Reset.
11/17/2024 19:26:23 [Information] Stepper Motor Controller Enable Y Axis controls after moving to location.
11/17/2024 19:26:23 [Information] Stepper Motor Controller Stopwatch Stopped.
11/17/2024 19:26:23 [Information] Stepper Motor Controller Timer Stopped.
11/17/2024 19:26:23 [Information] Stepper Motor Controller Stopwatch Reset.
11/17/2024 19:26:23 [Information] Stepper Motor Controller Enable Y Axis controls after moving to location.
11/17/2024 19:26:23 [Information] Stepper Motor Controller Stopwatch Stopped.
11/17/2024 19:26:23 [Information] Stepper Motor Controller Timer Stopped.
11/17/2024 19:26:23 [Information] Stepper Motor Controller Stopwatch Reset.
11/17/2024 19:26:23 [Information] Stepper Motor Controller Enable Y Axis controls after moving to location.
11/17/2024 19:26:23 [Information] Stepper Motor Controller Stopwatch Stopped.
11/17/2024 19:26:23 [Information] Stepper Motor Controller Timer Stopped.
11/17/2024 19:26:23 [Information] Stepper Motor Controller Stopwatch Reset.
11/17/2024 19:26:23 [Information] Stepper Motor Controller Enable Y Axis controls after moving to location.
11/17/2024 19:26:23 [Information] Stepper Motor Controller Stopwatch Stopped.
11/17/2024 19:26:23 [Information] Stepper Motor Controller Timer Stopped.
11/17/2024 19:26:23 [Information] Stepper Motor Controller Stopwatch Reset.
11/17/2024 19:26:23 [Information] Stepper Motor Controller Enable Y Axis controls after moving to location.
11/17/2024 19:26:23 [Information] Stepper Motor Controller Stopwatch Stopped.
11/17/2024 19:26:23 [Information] Stepper Motor Controller Timer Stopped.
11/17/2024 19:26:23 [Information] Stepper Motor Controller Stopwatch Reset.
11/17/2024 19:26:23 [Information] Stepper Motor Controller Enable Y Axis controls after moving to location.
11/17/2024 19:26:23 [Information] Stepper Motor Controller Stopwatch Stopped.
11/17/2024 19:26:23 [Information] Stepper Motor Controller Timer Stopped.
11/17/2024 19:26:23 [Information] Stepper Motor Controller Stopwatch Reset.
11/17/2024 19:26:23 [Information] Stepper Motor Controller Enable Y Axis controls after moving to location.
11/17/2024 19:26:23 [Information] Stepper Motor Controller Stopwatch Stopped.
11/17/2024 19:26:23 [Information] Stepper Motor Controller Timer Stopped.
11/17/2024 19:26:23 [Information] Stepper Motor Controller Stopwatch Reset.
11/17/2024 19:26:23 [Information] Stepper Motor Controller Enable Y Axis controls after moving to location.
11/17/2024 19:26:23 [Information] Stepper Motor Controller Stopwatch Stopped.
11/17/2024 19:26:23 [Information] Stepper Motor Controller Timer Stopped.
11/17/2024 19:26:23 [Information] Stepper Motor Controller Stopwatch Reset.
11/17/2024 19:26:24 [Information] Stepper Motor Controller Enable Y Axis controls after moving to location.
11/17/2024 19:26:24 [Information] Stepper Motor Controller Stopwatch Stopped.
11/17/2024 19:26:24 [Information] Stepper Motor Controller Timer Stopped.
11/17/2024 19:26:24 [Information] Stepper Motor Controller Stopwatch Reset.
11/17/2024 19:26:24 [Information] Stepper Motor Controller Enable Y Axis controls after moving to location.
11/17/2024 19:26:24 [Information] Stepper Motor Controller Stopwatch Stopped.
11/17/2024 19:26:24 [Information] Stepper Motor Controller Timer Stopped.
11/17/2024 19:26:24 [Information] Stepper Motor Controller Stopwatch Reset.
11/17/2024 19:26:24 [Information] Stepper Motor Controller Enable Y Axis controls after moving to location.
11/17/2024 19:26:24 [Information] Stepper Motor Controller Stopwatch Stopped.
11/17/2024 19:26:24 [Information] Stepper Motor Controller Timer Stopped.
11/17/2024 19:26:24 [Information] Stepper Motor Controller Stopwatch Reset.
11/17/2024 19:26:24 [Information] Z Axis Data Received: Z Axis CW STOPPED
Z Axis CW Motor Current Position: 432
Z Axis CW STOPPED
Z Axis CW Motor Current Position: 432
Z Axis CW STOPPED
Z Axis CW Motor Current Position: 432
Z Axis CW STOPPED
Z Axis CW Motor Current Position: 433
Z Axis CW STOPPED
Z Axis CW Motor Current Position: 433
Z Axis reached target position
Current Position: 513

11/17/2024 19:26:24 [Information] Stepper Motor Controller Enable Y Axis controls after moving to location.
11/17/2024 19:26:24 [Information] Stepper Motor Controller Stopwatch Stopped.
11/17/2024 19:26:24 [Information] Stepper Motor Controller Timer Stopped.
11/17/2024 19:26:24 [Information] Stepper Motor Controller Stopwatch Reset.
11/17/2024 19:26:24 [Information] Z Axis Motor Stopped
11/17/2024 19:26:28 [Information] Stepper Motor Controller MainWindow Closing.
11/17/2024 19:26:28 [Information] SerialPort for Z Axis closed.
11/17/2024 19:26:28 [Information] Properties Settings Saved.
11/17/2024 19:26:28 [Information] Properties Settings Form Closed.
11/17/2024 19:26:28 [Information] Stepper Motor Controller Form Closed.
