11/5/2024 10:02:11 [Information] Stepper Motor Controller Application Started.
11/5/2024 10:02:11 [Information] Version: 3.0.9075.18061 (11/5/2024 10:02:11)
11/5/2024 10:02:11 [Information] X Axis SerialPort COM7 not connected.
11/5/2024 10:02:11 [Information] Y Axis SerialPort COM8 not connected.
11/5/2024 10:02:11 [Information] Version: 3.1.0.18062 (11/5/2024 10:02:11)
11/5/2024 10:02:11 [Information] Version: 3.1.0.18062 (11/5/2024 10:02:11)
11/5/2024 10:02:11 [Information] Stepper Motor Controller Application Settings Window Opened.
11/5/2024 10:02:11 [Information] Stepper Motor Controller Application Settings form is rebuilt each and every time it is opened.
11/5/2024 10:02:11 [Information] int: 9600 BaudRate added to the Settings Form.
11/5/2024 10:02:11 [Information] bool: False ckbXaxisResetToZeroIsChecked added to the Settings Form.
11/5/2024 10:02:11 [Information] bool: False ckbYaxisResetToZeroIsChecked added to the Settings Form.
11/5/2024 10:02:11 [Information] bool: False ckbZaxisResetToZeroIsChecked added to the Settings Form.
11/5/2024 10:02:11 [Information] COM1: ComPort added to the Settings Form.
11/5/2024 10:02:11 [Information] COM2: ComPort added to the Settings Form.
11/5/2024 10:02:11 [Information] COM3: ComPort added to the Settings Form.
11/5/2024 10:02:11 [Information] COM4: ComPort added to the Settings Form.
11/5/2024 10:02:11 [Information] COM5: ComPort added to the Settings Form.
11/5/2024 10:02:11 [Information] COM6: ComPort added to the Settings Form.
11/5/2024 10:02:11 [Information] COM7: ComPort added to the Settings Form.
11/5/2024 10:02:11 [Information] COM8: ComPort added to the Settings Form.
11/5/2024 10:02:11 [Information] COM9: ComPort added to the Settings Form.
11/5/2024 10:02:11 [Information] COM10: ComPort added to the Settings Form.
11/5/2024 10:02:11 [Information] decimal: 4.00 Divider4_00 added to the Settings Form.
11/5/2024 10:02:11 [Information] decimal: 0.00 MathPart2Initlz added to the Settings Form.
11/5/2024 10:02:11 [Information] decimal: 1.00 MilisecondTimerInterval added to the Settings Form.
11/5/2024 10:02:11 [Information] decimal: 1000.00 MillisecondDelay added to the Settings Form.
11/5/2024 10:02:11 [Information] int: 1000 Milliseconds added to the Settings Form.
11/5/2024 10:02:11 [Information] int: 4 mmPerRevolution added to the Settings Form.
11/5/2024 10:02:11 [Information] int: 2000 ThreadSleep added to the Settings Form.
11/5/2024 10:02:11 [Information] decimal: 0.00 Value_0_00 added to the Settings Form.
11/5/2024 10:02:11 [Information] decimal: 50.00 XaxisAcceleration added to the Settings Form.
11/5/2024 10:02:11 [Information] bool: False XaxisChanged added to the Settings Form.
11/5/2024 10:02:11 [Information] decimal: 400.00 XaxisMotorSpeed added to the Settings Form.
11/5/2024 10:02:11 [Information] decimal: 0.00 XaxisStepperCurrent added to the Settings Form.
11/5/2024 10:02:11 [Information] decimal: 0.00 XaxisStepperMove added to the Settings Form.
11/5/2024 10:02:11 [Information] XCOM1: XComPort added to the Settings Form.
11/5/2024 10:02:11 [Information] XCOM2: XComPort added to the Settings Form.
11/5/2024 10:02:11 [Information] XCOM3: XComPort added to the Settings Form.
11/5/2024 10:02:11 [Information] XCOM4: XComPort added to the Settings Form.
11/5/2024 10:02:11 [Information] XCOM5: XComPort added to the Settings Form.
11/5/2024 10:02:11 [Information] XCOM6: XComPort added to the Settings Form.
11/5/2024 10:02:11 [Information] XCOM7: XComPort added to the Settings Form.
11/5/2024 10:02:11 [Information] XCOM8: XComPort added to the Settings Form.
11/5/2024 10:02:11 [Information] XCOM9: XComPort added to the Settings Form.
11/5/2024 10:02:11 [Information] XCOM10: XComPort added to the Settings Form.
11/5/2024 10:02:11 [Information] decimal: 50.00 YaxisAcceleration added to the Settings Form.
11/5/2024 10:02:11 [Information] bool: False YaxisChanged added to the Settings Form.
11/5/2024 10:02:11 [Information] decimal: 400.00 YaxisMotorSpeed added to the Settings Form.
11/5/2024 10:02:11 [Information] decimal: 0.00 YaxisStepperCurrent added to the Settings Form.
11/5/2024 10:02:11 [Information] decimal: 0.00 YaxisStepperMove added to the Settings Form.
11/5/2024 10:02:11 [Information] YCOM1: YComPort added to the Settings Form.
11/5/2024 10:02:11 [Information] YCOM2: YComPort added to the Settings Form.
11/5/2024 10:02:11 [Information] YCOM3: YComPort added to the Settings Form.
11/5/2024 10:02:11 [Information] YCOM4: YComPort added to the Settings Form.
11/5/2024 10:02:11 [Information] YCOM5: YComPort added to the Settings Form.
11/5/2024 10:02:11 [Information] YCOM6: YComPort added to the Settings Form.
11/5/2024 10:02:11 [Information] YCOM7: YComPort added to the Settings Form.
11/5/2024 10:02:11 [Information] YCOM8: YComPort added to the Settings Form.
11/5/2024 10:02:11 [Information] YCOM9: YComPort added to the Settings Form.
11/5/2024 10:02:11 [Information] YCOM10: YComPort added to the Settings Form.
11/5/2024 10:02:11 [Information] decimal: 50.00 ZaxisAcceleration added to the Settings Form.
11/5/2024 10:02:11 [Information] bool: False ZaxisChanged added to the Settings Form.
11/5/2024 10:02:11 [Information] decimal: 400.00 ZaxisMotorSpeed added to the Settings Form.
11/5/2024 10:02:11 [Information] decimal: 0.00 ZaxisStepperCurrent added to the Settings Form.
11/5/2024 10:02:11 [Information] decimal: 0.00 ZaxisStepperMove added to the Settings Form.
11/5/2024 10:02:11 [Information] ZCOM1: ZComPort added to the Settings Form.
11/5/2024 10:02:11 [Information] ZCOM2: ZComPort added to the Settings Form.
11/5/2024 10:02:11 [Information] ZCOM3: ZComPort added to the Settings Form.
11/5/2024 10:02:11 [Information] ZCOM4: ZComPort added to the Settings Form.
11/5/2024 10:02:11 [Information] ZCOM5: ZComPort added to the Settings Form.
11/5/2024 10:02:11 [Information] ZCOM6: ZComPort added to the Settings Form.
11/5/2024 10:02:11 [Information] ZCOM7: ZComPort added to the Settings Form.
11/5/2024 10:02:11 [Information] ZCOM8: ZComPort added to the Settings Form.
11/5/2024 10:02:11 [Information] ZCOM9: ZComPort added to the Settings Form.
11/5/2024 10:02:11 [Information] ZCOM10: ZComPort added to the Settings Form.
11/5/2024 10:02:11 [Information] int: 0 zeroXaxis added to the Settings Form.
11/5/2024 10:02:11 [Information] int: 0 zeroYaxis added to the Settings Form.
11/5/2024 10:02:11 [Information] int: 0 zeroZaxis added to the Settings Form.
11/5/2024 10:02:12 [Information] Stepper Motor Controller MainWindow loaded
11/5/2024 10:02:12 [Information] Set MainWindow Media Brushes to White.
11/5/2024 10:02:26 [Information] Z Axis mouse controlled Keypad returned: 64.00
11/5/2024 10:02:32 [Information] Z Axis mouse controlled Keypad returned: 4.00
11/5/2024 10:02:33 [Information] ZAxisRun_Click button clicked:
11/5/2024 10:02:33 [Information] Z Axis MotorMovementSeconds decimal: (4.00 / 4) / 2 = 0.50
11/5/2024 10:02:33 [Information] Z Axis myMovementTimer int: 1000 * 0.50 = 0
11/5/2024 10:02:34 [Information] Z Axis Run Event: Z,0.00,400.00,0,0.00,400.00,0,4.00,400.00,0
11/5/2024 10:02:34 [Information] Z Axis Current Time: 10:02:34 + 0 = zTargetEndTime: 10:02:34
11/5/2024 10:02:34 [Information] Stepper Motor Controller Enable Z Axis controls after moving to location.
11/5/2024 10:02:34 [Information] Stepper Motor Controller Stopwatch Stopped.
11/5/2024 10:02:34 [Information] Stepper Motor Controller Timer Stopped.
11/5/2024 10:02:34 [Information] Stepper Motor Controller Stopwatch Reset.
11/5/2024 10:02:47 [Information] Z Axis mouse controlled Keypad returned: 16.00
11/5/2024 10:02:49 [Information] ZAxisRun_Click button clicked:
11/5/2024 10:02:49 [Information] Z Axis MotorMovementSeconds decimal: (16.00 / 4) / 2 = 2.00
11/5/2024 10:02:49 [Information] Z Axis myMovementTimer int: 1000 * 2.00 = 2000
11/5/2024 10:02:50 [Information] Z Axis Run Event: Z,0.00,400.00,0,0.00,400.00,0,20.00,400.00,0
11/5/2024 10:02:50 [Information] Z Axis Current Time: 10:02:50 + 2000 = zTargetEndTime: 10:02:52
11/5/2024 10:02:50 [Information] Stepper Motor Controller Disable Z Axis controls while moving to location.
11/5/2024 10:02:50 [Information] Time remaining: 00:00:00 zTargetEndTime = 10:02:52
11/5/2024 10:02:50 [Information] Stepper Motor Controller Disable Z Axis controls while moving to location.
11/5/2024 10:02:50 [Information] Time remaining: 00:00:00 zTargetEndTime = 10:02:52
11/5/2024 10:02:50 [Information] Stepper Motor Controller Disable Z Axis controls while moving to location.
11/5/2024 10:02:50 [Information] Time remaining: 00:00:00 zTargetEndTime = 10:02:52
11/5/2024 10:02:50 [Information] Stepper Motor Controller Disable Z Axis controls while moving to location.
11/5/2024 10:02:50 [Information] Time remaining: 00:00:00 zTargetEndTime = 10:02:52
11/5/2024 10:02:50 [Information] Stepper Motor Controller Disable Z Axis controls while moving to location.
11/5/2024 10:02:50 [Information] Time remaining: 00:00:00 zTargetEndTime = 10:02:52
11/5/2024 10:02:50 [Information] Stepper Motor Controller Disable Z Axis controls while moving to location.
11/5/2024 10:02:50 [Information] Time remaining: 00:00:00 zTargetEndTime = 10:02:52
11/5/2024 10:02:50 [Information] Stepper Motor Controller Disable Z Axis controls while moving to location.
11/5/2024 10:02:50 [Information] Time remaining: 00:00:00 zTargetEndTime = 10:02:52
11/5/2024 10:02:50 [Information] Stepper Motor Controller Disable Z Axis controls while moving to location.
11/5/2024 10:02:50 [Information] Time remaining: 00:00:00 zTargetEndTime = 10:02:52
11/5/2024 10:02:50 [Information] Stepper Motor Controller Disable Z Axis controls while moving to location.
11/5/2024 10:02:50 [Information] Time remaining: 00:00:00 zTargetEndTime = 10:02:52
11/5/2024 10:02:50 [Information] Stepper Motor Controller Disable Z Axis controls while moving to location.
11/5/2024 10:02:50 [Information] Time remaining: 00:00:00 zTargetEndTime = 10:02:52
11/5/2024 10:02:50 [Information] Stepper Motor Controller Disable Z Axis controls while moving to location.
11/5/2024 10:02:50 [Information] Time remaining: 00:00:00 zTargetEndTime = 10:02:52
11/5/2024 10:02:50 [Information] Stepper Motor Controller Disable Z Axis controls while moving to location.
11/5/2024 10:02:50 [Information] Time remaining: 00:00:00 zTargetEndTime = 10:02:52
11/5/2024 10:02:50 [Information] Stepper Motor Controller Disable Z Axis controls while moving to location.
11/5/2024 10:02:50 [Information] Time remaining: 00:00:00 zTargetEndTime = 10:02:52
11/5/2024 10:02:50 [Information] Stepper Motor Controller Disable Z Axis controls while moving to location.
11/5/2024 10:02:50 [Information] Time remaining: 00:00:00 zTargetEndTime = 10:02:52
11/5/2024 10:02:50 [Information] Stepper Motor Controller Disable Z Axis controls while moving to location.
11/5/2024 10:02:50 [Information] Time remaining: 00:00:00 zTargetEndTime = 10:02:52
11/5/2024 10:02:50 [Information] Stepper Motor Controller Disable Z Axis controls while moving to location.
11/5/2024 10:02:50 [Information] Time remaining: 00:00:00 zTargetEndTime = 10:02:52
11/5/2024 10:02:50 [Information] Stepper Motor Controller Disable Z Axis controls while moving to location.
11/5/2024 10:02:50 [Information] Time remaining: 00:00:00 zTargetEndTime = 10:02:52
11/5/2024 10:02:50 [Information] Stepper Motor Controller Disable Z Axis controls while moving to location.
11/5/2024 10:02:50 [Information] Time remaining: 00:00:00 zTargetEndTime = 10:02:52
11/5/2024 10:02:50 [Information] Stepper Motor Controller Disable Z Axis controls while moving to location.
11/5/2024 10:02:50 [Information] Time remaining: 00:00:00 zTargetEndTime = 10:02:52
11/5/2024 10:02:50 [Information] Stepper Motor Controller Disable Z Axis controls while moving to location.
11/5/2024 10:02:50 [Information] Time remaining: 00:00:00 zTargetEndTime = 10:02:52
11/5/2024 10:02:50 [Information] Stepper Motor Controller Disable Z Axis controls while moving to location.
11/5/2024 10:02:50 [Information] Time remaining: 00:00:00 zTargetEndTime = 10:02:52
11/5/2024 10:02:50 [Information] Stepper Motor Controller Disable Z Axis controls while moving to location.
11/5/2024 10:02:50 [Information] Time remaining: 00:00:00 zTargetEndTime = 10:02:52
11/5/2024 10:02:50 [Information] Stepper Motor Controller Disable Z Axis controls while moving to location.
11/5/2024 10:02:50 [Information] Time remaining: 00:00:00 zTargetEndTime = 10:02:52
11/5/2024 10:02:50 [Information] Stepper Motor Controller Disable Z Axis controls while moving to location.
11/5/2024 10:02:50 [Information] Time remaining: 00:00:00 zTargetEndTime = 10:02:52
11/5/2024 10:02:50 [Information] Stepper Motor Controller Disable Z Axis controls while moving to location.
11/5/2024 10:02:50 [Information] Time remaining: 00:00:00 zTargetEndTime = 10:02:52
11/5/2024 10:02:50 [Information] Stepper Motor Controller Disable Z Axis controls while moving to location.
11/5/2024 10:02:50 [Information] Time remaining: 00:00:00 zTargetEndTime = 10:02:52
11/5/2024 10:02:50 [Information] Stepper Motor Controller Disable Z Axis controls while moving to location.
11/5/2024 10:02:50 [Information] Time remaining: 00:00:00 zTargetEndTime = 10:02:52
11/5/2024 10:02:50 [Information] Stepper Motor Controller Disable Z Axis controls while moving to location.
11/5/2024 10:02:50 [Information] Time remaining: 00:00:00 zTargetEndTime = 10:02:52
11/5/2024 10:02:50 [Information] Stepper Motor Controller Disable Z Axis controls while moving to location.
11/5/2024 10:02:50 [Information] Time remaining: 00:00:00 zTargetEndTime = 10:02:52
11/5/2024 10:02:50 [Information] Stepper Motor Controller Disable Z Axis controls while moving to location.
11/5/2024 10:02:50 [Information] Time remaining: 00:00:00 zTargetEndTime = 10:02:52
11/5/2024 10:02:50 [Information] Stepper Motor Controller Disable Z Axis controls while moving to location.
11/5/2024 10:02:50 [Information] Time remaining: 00:00:00 zTargetEndTime = 10:02:52
11/5/2024 10:02:50 [Information] Stepper Motor Controller Disable Z Axis controls while moving to location.
11/5/2024 10:02:50 [Information] Time remaining: 00:00:00 zTargetEndTime = 10:02:52
11/5/2024 10:02:50 [Information] Stepper Motor Controller Disable Z Axis controls while moving to location.
11/5/2024 10:02:50 [Information] Time remaining: 00:00:00 zTargetEndTime = 10:02:52
11/5/2024 10:02:50 [Information] Stepper Motor Controller Disable Z Axis controls while moving to location.
11/5/2024 10:02:50 [Information] Time remaining: 00:00:00 zTargetEndTime = 10:02:52
11/5/2024 10:02:50 [Information] Stepper Motor Controller Disable Z Axis controls while moving to location.
11/5/2024 10:02:50 [Information] Time remaining: 00:00:00 zTargetEndTime = 10:02:52
11/5/2024 10:02:50 [Information] Stepper Motor Controller Disable Z Axis controls while moving to location.
11/5/2024 10:02:50 [Information] Time remaining: 00:00:00 zTargetEndTime = 10:02:52
11/5/2024 10:02:50 [Information] Stepper Motor Controller Disable Z Axis controls while moving to location.
11/5/2024 10:02:50 [Information] Time remaining: 00:00:00 zTargetEndTime = 10:02:52
11/5/2024 10:02:50 [Information] Stepper Motor Controller Disable Z Axis controls while moving to location.
11/5/2024 10:02:50 [Information] Time remaining: 00:00:00 zTargetEndTime = 10:02:52
11/5/2024 10:02:50 [Information] Stepper Motor Controller Disable Z Axis controls while moving to location.
11/5/2024 10:02:50 [Information] Time remaining: 00:00:00 zTargetEndTime = 10:02:52
11/5/2024 10:02:50 [Information] Stepper Motor Controller Disable Z Axis controls while moving to location.
11/5/2024 10:02:50 [Information] Time remaining: 00:00:00 zTargetEndTime = 10:02:52
11/5/2024 10:02:50 [Information] Stepper Motor Controller Disable Z Axis controls while moving to location.
11/5/2024 10:02:50 [Information] Time remaining: 00:00:00 zTargetEndTime = 10:02:52
11/5/2024 10:02:50 [Information] Stepper Motor Controller Disable Z Axis controls while moving to location.
11/5/2024 10:02:50 [Information] Time remaining: 00:00:00 zTargetEndTime = 10:02:52
11/5/2024 10:02:50 [Information] Stepper Motor Controller Disable Z Axis controls while moving to location.
11/5/2024 10:02:50 [Information] Time remaining: 00:00:00 zTargetEndTime = 10:02:52
11/5/2024 10:02:50 [Information] Stepper Motor Controller Disable Z Axis controls while moving to location.
11/5/2024 10:02:50 [Information] Time remaining: 00:00:00 zTargetEndTime = 10:02:52
11/5/2024 10:02:50 [Information] Stepper Motor Controller Disable Z Axis controls while moving to location.
11/5/2024 10:02:50 [Information] Time remaining: 00:00:00 zTargetEndTime = 10:02:52
11/5/2024 10:02:50 [Information] Stepper Motor Controller Disable Z Axis controls while moving to location.
11/5/2024 10:02:50 [Information] Z Axis Data Received: Z Axis CW Motor Stopped
Z Axis CW Motor Current Position: 461

11/5/2024 10:02:50 [Information] Time remaining: 00:00:00 zTargetEndTime = 10:02:52
11/5/2024 10:02:50 [Information] Updated X,Y Zero.IsChecked status to 0 and Z Zero.IsChecked status to 1.
11/5/2024 10:02:50 [Information] ZAxisRun_Click button clicked:
11/5/2024 10:02:50 [Information] Z Axis Run Event to reset Axis to zero: Z,0.00,400.00,0,0.00,400.00,0,0.00,400.00,1
11/5/2024 10:02:50 [Information] Setting Z Axis Current Location Set to Zero on DRO
11/5/2024 10:02:51 [Information] Updated X,Y,Z Zero.IsChecked status to 0.
11/5/2024 10:02:51 [Information] Z Axis Current Location Set to Zero
11/5/2024 10:02:52 [Information] Z Axis CW Motor Current Position: 9.22
11/5/2024 10:03:08 [Information] Z Axis mouse controlled Keypad returned: 16.00
11/5/2024 10:03:10 [Information] ZAxisRun_Click button clicked:
11/5/2024 10:03:10 [Information] Z Axis MotorMovementSeconds decimal: (16.00 / 4) / 2 = 2.00
11/5/2024 10:03:10 [Information] Z Axis myMovementTimer int: 1000 * 2.00 = 2000
11/5/2024 10:03:11 [Information] Z Axis Run Event: Z,0.00,400.00,0,0.00,400.00,0,25.22,400.00,0
11/5/2024 10:03:11 [Information] Z Axis Current Time: 10:03:11 + 2000 = zTargetEndTime: 10:03:13
11/5/2024 10:03:11 [Information] Stepper Motor Controller Disable Z Axis controls while moving to location.
11/5/2024 10:03:11 [Information] Time remaining: 00:00:00 zTargetEndTime = 10:03:13
11/5/2024 10:03:11 [Information] Stepper Motor Controller Disable Z Axis controls while moving to location.
11/5/2024 10:03:11 [Information] Time remaining: 00:00:00 zTargetEndTime = 10:03:13
11/5/2024 10:03:11 [Information] Stepper Motor Controller Disable Z Axis controls while moving to location.
11/5/2024 10:03:11 [Information] Time remaining: 00:00:00 zTargetEndTime = 10:03:13
11/5/2024 10:03:11 [Information] Stepper Motor Controller Disable Z Axis controls while moving to location.
11/5/2024 10:03:11 [Information] Time remaining: 00:00:00 zTargetEndTime = 10:03:13
11/5/2024 10:03:11 [Information] Stepper Motor Controller Disable Z Axis controls while moving to location.
11/5/2024 10:03:11 [Information] Time remaining: 00:00:00 zTargetEndTime = 10:03:13
11/5/2024 10:03:11 [Information] Stepper Motor Controller Disable Z Axis controls while moving to location.
11/5/2024 10:03:11 [Information] Time remaining: 00:00:00 zTargetEndTime = 10:03:13
11/5/2024 10:03:11 [Information] Stepper Motor Controller Disable Z Axis controls while moving to location.
11/5/2024 10:03:11 [Information] Time remaining: 00:00:00 zTargetEndTime = 10:03:13
11/5/2024 10:03:11 [Information] Stepper Motor Controller Disable Z Axis controls while moving to location.
11/5/2024 10:03:11 [Information] Time remaining: 00:00:00 zTargetEndTime = 10:03:13
11/5/2024 10:03:11 [Information] Stepper Motor Controller Disable Z Axis controls while moving to location.
11/5/2024 10:03:11 [Information] Time remaining: 00:00:00 zTargetEndTime = 10:03:13
11/5/2024 10:03:11 [Information] Stepper Motor Controller Disable Z Axis controls while moving to location.
11/5/2024 10:03:11 [Information] Time remaining: 00:00:00 zTargetEndTime = 10:03:13
11/5/2024 10:03:11 [Information] Stepper Motor Controller Disable Z Axis controls while moving to location.
11/5/2024 10:03:11 [Information] Time remaining: 00:00:01 zTargetEndTime = 10:03:13
11/5/2024 10:03:11 [Information] Stepper Motor Controller Disable Z Axis controls while moving to location.
11/5/2024 10:03:11 [Information] Time remaining: 00:00:01 zTargetEndTime = 10:03:13
11/5/2024 10:03:11 [Information] Stepper Motor Controller Disable Z Axis controls while moving to location.
11/5/2024 10:03:11 [Information] Time remaining: 00:00:01 zTargetEndTime = 10:03:13
11/5/2024 10:03:11 [Information] Stepper Motor Controller Disable Z Axis controls while moving to location.
11/5/2024 10:03:11 [Information] Time remaining: 00:00:01 zTargetEndTime = 10:03:13
11/5/2024 10:03:11 [Information] Stepper Motor Controller Disable Z Axis controls while moving to location.
11/5/2024 10:03:11 [Information] Time remaining: 00:00:01 zTargetEndTime = 10:03:13
11/5/2024 10:03:11 [Information] Stepper Motor Controller Disable Z Axis controls while moving to location.
11/5/2024 10:03:11 [Information] Time remaining: 00:00:01 zTargetEndTime = 10:03:13
11/5/2024 10:03:11 [Information] Stepper Motor Controller Disable Z Axis controls while moving to location.
11/5/2024 10:03:11 [Information] Time remaining: 00:00:01 zTargetEndTime = 10:03:13
11/5/2024 10:03:11 [Information] Stepper Motor Controller Disable Z Axis controls while moving to location.
11/5/2024 10:03:11 [Information] Time remaining: 00:00:01 zTargetEndTime = 10:03:13
11/5/2024 10:03:11 [Information] Stepper Motor Controller Disable Z Axis controls while moving to location.
11/5/2024 10:03:11 [Information] Time remaining: 00:00:01 zTargetEndTime = 10:03:13
11/5/2024 10:03:11 [Information] Stepper Motor Controller Disable Z Axis controls while moving to location.
11/5/2024 10:03:11 [Information] Time remaining: 00:00:01 zTargetEndTime = 10:03:13
11/5/2024 10:03:11 [Information] Stepper Motor Controller Disable Z Axis controls while moving to location.
11/5/2024 10:03:11 [Information] Time remaining: 00:00:01 zTargetEndTime = 10:03:13
11/5/2024 10:03:11 [Information] Stepper Motor Controller Disable Z Axis controls while moving to location.
11/5/2024 10:03:11 [Information] Time remaining: 00:00:01 zTargetEndTime = 10:03:13
11/5/2024 10:03:11 [Information] Stepper Motor Controller Disable Z Axis controls while moving to location.
11/5/2024 10:03:11 [Information] Time remaining: 00:00:01 zTargetEndTime = 10:03:13
11/5/2024 10:03:11 [Information] Stepper Motor Controller Disable Z Axis controls while moving to location.
11/5/2024 10:03:11 [Information] Time remaining: 00:00:01 zTargetEndTime = 10:03:13
11/5/2024 10:03:12 [Information] Stepper Motor Controller Disable Z Axis controls while moving to location.
11/5/2024 10:03:12 [Information] Time remaining: 00:00:01 zTargetEndTime = 10:03:13
11/5/2024 10:03:12 [Information] Stepper Motor Controller Disable Z Axis controls while moving to location.
11/5/2024 10:03:12 [Information] Time remaining: 00:00:01 zTargetEndTime = 10:03:13
11/5/2024 10:03:12 [Information] Stepper Motor Controller Disable Z Axis controls while moving to location.
11/5/2024 10:03:12 [Information] Time remaining: 00:00:01 zTargetEndTime = 10:03:13
11/5/2024 10:03:12 [Information] Stepper Motor Controller Disable Z Axis controls while moving to location.
11/5/2024 10:03:12 [Information] Time remaining: 00:00:01 zTargetEndTime = 10:03:13
11/5/2024 10:03:12 [Information] Stepper Motor Controller Disable Z Axis controls while moving to location.
11/5/2024 10:03:12 [Information] Time remaining: 00:00:01 zTargetEndTime = 10:03:13
11/5/2024 10:03:12 [Information] Stepper Motor Controller Disable Z Axis controls while moving to location.
11/5/2024 10:03:12 [Information] Time remaining: 00:00:01 zTargetEndTime = 10:03:13
11/5/2024 10:03:12 [Information] Stepper Motor Controller Disable Z Axis controls while moving to location.
11/5/2024 10:03:12 [Information] Time remaining: 00:00:01 zTargetEndTime = 10:03:13
11/5/2024 10:03:12 [Information] Stepper Motor Controller Disable Z Axis controls while moving to location.
11/5/2024 10:03:12 [Information] Time remaining: 00:00:01 zTargetEndTime = 10:03:13
11/5/2024 10:03:12 [Information] Stepper Motor Controller Disable Z Axis controls while moving to location.
11/5/2024 10:03:12 [Information] Time remaining: 00:00:01 zTargetEndTime = 10:03:13
11/5/2024 10:03:12 [Information] Stepper Motor Controller Disable Z Axis controls while moving to location.
11/5/2024 10:03:12 [Information] Time remaining: 00:00:01 zTargetEndTime = 10:03:13
11/5/2024 10:03:12 [Information] Stepper Motor Controller Disable Z Axis controls while moving to location.
11/5/2024 10:03:12 [Information] Time remaining: 00:00:01 zTargetEndTime = 10:03:13
11/5/2024 10:03:12 [Information] Stepper Motor Controller Disable Z Axis controls while moving to location.
11/5/2024 10:03:12 [Information] Time remaining: 00:00:01 zTargetEndTime = 10:03:13
11/5/2024 10:03:12 [Information] Stepper Motor Controller Disable Z Axis controls while moving to location.
11/5/2024 10:03:12 [Information] Time remaining: 00:00:01 zTargetEndTime = 10:03:13
11/5/2024 10:03:12 [Information] Stepper Motor Controller Disable Z Axis controls while moving to location.
11/5/2024 10:03:12 [Information] Time remaining: 00:00:01 zTargetEndTime = 10:03:13
11/5/2024 10:03:12 [Information] Stepper Motor Controller Disable Z Axis controls while moving to location.
11/5/2024 10:03:12 [Information] Time remaining: 00:00:01 zTargetEndTime = 10:03:13
11/5/2024 10:03:12 [Information] Stepper Motor Controller Disable Z Axis controls while moving to location.
11/5/2024 10:03:12 [Information] Time remaining: 00:00:01 zTargetEndTime = 10:03:13
11/5/2024 10:03:12 [Information] Stepper Motor Controller Disable Z Axis controls while moving to location.
11/5/2024 10:03:12 [Information] Time remaining: 00:00:01 zTargetEndTime = 10:03:13
11/5/2024 10:03:12 [Information] Stepper Motor Controller Disable Z Axis controls while moving to location.
11/5/2024 10:03:12 [Information] Time remaining: 00:00:01 zTargetEndTime = 10:03:13
11/5/2024 10:03:12 [Information] Stepper Motor Controller Disable Z Axis controls while moving to location.
11/5/2024 10:03:12 [Information] Time remaining: 00:00:01 zTargetEndTime = 10:03:13
11/5/2024 10:03:12 [Information] Stepper Motor Controller Disable Z Axis controls while moving to location.
11/5/2024 10:03:12 [Information] Time remaining: 00:00:01 zTargetEndTime = 10:03:13
11/5/2024 10:03:12 [Information] Stepper Motor Controller Disable Z Axis controls while moving to location.
11/5/2024 10:03:12 [Information] Time remaining: 00:00:01 zTargetEndTime = 10:03:13
11/5/2024 10:03:12 [Information] Stepper Motor Controller Disable Z Axis controls while moving to location.
11/5/2024 10:03:12 [Information] Time remaining: 00:00:01 zTargetEndTime = 10:03:13
11/5/2024 10:03:12 [Information] Stepper Motor Controller Disable Z Axis controls while moving to location.
11/5/2024 10:03:12 [Information] Time remaining: 00:00:01 zTargetEndTime = 10:03:13
11/5/2024 10:03:12 [Information] Stepper Motor Controller Disable Z Axis controls while moving to location.
11/5/2024 10:03:12 [Information] Time remaining: 00:00:01 zTargetEndTime = 10:03:13
11/5/2024 10:03:12 [Information] Stepper Motor Controller Disable Z Axis controls while moving to location.
11/5/2024 10:03:12 [Information] Time remaining: 00:00:01 zTargetEndTime = 10:03:13
11/5/2024 10:03:12 [Information] Stepper Motor Controller Disable Z Axis controls while moving to location.
11/5/2024 10:03:12 [Information] Time remaining: 00:00:01 zTargetEndTime = 10:03:13
11/5/2024 10:03:12 [Information] Stepper Motor Controller Disable Z Axis controls while moving to location.
11/5/2024 10:03:12 [Information] Time remaining: 00:00:01 zTargetEndTime = 10:03:13
11/5/2024 10:03:12 [Information] Stepper Motor Controller Disable Z Axis controls while moving to location.
11/5/2024 10:03:12 [Information] Time remaining: 00:00:01 zTargetEndTime = 10:03:13
11/5/2024 10:03:12 [Information] Stepper Motor Controller Disable Z Axis controls while moving to location.
11/5/2024 10:03:12 [Information] Time remaining: 00:00:01 zTargetEndTime = 10:03:13
11/5/2024 10:03:12 [Information] Stepper Motor Controller Disable Z Axis controls while moving to location.
11/5/2024 10:03:12 [Information] Time remaining: 00:00:01 zTargetEndTime = 10:03:13
11/5/2024 10:03:12 [Information] Stepper Motor Controller Disable Z Axis controls while moving to location.
11/5/2024 10:03:12 [Information] Time remaining: 00:00:01 zTargetEndTime = 10:03:13
11/5/2024 10:03:12 [Information] Stepper Motor Controller Disable Z Axis controls while moving to location.
11/5/2024 10:03:12 [Information] Time remaining: 00:00:01 zTargetEndTime = 10:03:13
11/5/2024 10:03:12 [Information] Stepper Motor Controller Disable Z Axis controls while moving to location.
11/5/2024 10:03:12 [Information] Time remaining: 00:00:01 zTargetEndTime = 10:03:13
11/5/2024 10:03:12 [Information] Stepper Motor Controller Disable Z Axis controls while moving to location.
11/5/2024 10:03:12 [Information] Time remaining: 00:00:01 zTargetEndTime = 10:03:13
11/5/2024 10:03:12 [Information] Stepper Motor Controller Disable Z Axis controls while moving to location.
11/5/2024 10:03:12 [Information] Time remaining: 00:00:01 zTargetEndTime = 10:03:13
11/5/2024 10:03:12 [Information] Stepper Motor Controller Disable Z Axis controls while moving to location.
11/5/2024 10:03:12 [Information] Time remaining: 00:00:01 zTargetEndTime = 10:03:13
11/5/2024 10:03:12 [Information] Stepper Motor Controller Disable Z Axis controls while moving to location.
11/5/2024 10:03:12 [Information] Time remaining: 00:00:01 zTargetEndTime = 10:03:13
11/5/2024 10:03:12 [Information] Stepper Motor Controller Disable Z Axis controls while moving to location.
11/5/2024 10:03:12 [Information] Time remaining: 00:00:01 zTargetEndTime = 10:03:13
11/5/2024 10:03:12 [Information] Stepper Motor Controller Disable Z Axis controls while moving to location.
11/5/2024 10:03:12 [Information] Time remaining: 00:00:01 zTargetEndTime = 10:03:13
11/5/2024 10:03:12 [Information] Stepper Motor Controller Disable Z Axis controls while moving to location.
11/5/2024 10:03:12 [Information] Time remaining: 00:00:01 zTargetEndTime = 10:03:13
11/5/2024 10:03:12 [Information] Stepper Motor Controller Disable Z Axis controls while moving to location.
11/5/2024 10:03:12 [Information] Time remaining: 00:00:01 zTargetEndTime = 10:03:13
11/5/2024 10:03:12 [Information] Stepper Motor Controller Disable Z Axis controls while moving to location.
11/5/2024 10:03:12 [Information] Time remaining: 00:00:01 zTargetEndTime = 10:03:13
11/5/2024 10:03:12 [Information] Stepper Motor Controller Disable Z Axis controls while moving to location.
11/5/2024 10:03:12 [Information] Time remaining: 00:00:01 zTargetEndTime = 10:03:13
11/5/2024 10:03:12 [Information] Stepper Motor Controller Disable Z Axis controls while moving to location.
11/5/2024 10:03:12 [Information] Time remaining: 00:00:01 zTargetEndTime = 10:03:13
11/5/2024 10:03:12 [Information] Stepper Motor Controller Disable Z Axis controls while moving to location.
11/5/2024 10:03:12 [Information] Time remaining: 00:00:01 zTargetEndTime = 10:03:13
11/5/2024 10:03:12 [Information] Stepper Motor Controller Disable Z Axis controls while moving to location.
11/5/2024 10:03:12 [Information] Time remaining: 00:00:01 zTargetEndTime = 10:03:13
11/5/2024 10:03:12 [Information] Stepper Motor Controller Disable Z Axis controls while moving to location.
11/5/2024 10:03:12 [Information] Time remaining: 00:00:02 zTargetEndTime = 10:03:13
11/5/2024 10:03:12 [Information] Stepper Motor Controller Disable Z Axis controls while moving to location.
11/5/2024 10:03:12 [Information] Time remaining: 00:00:02 zTargetEndTime = 10:03:13
11/5/2024 10:03:12 [Information] Stepper Motor Controller Disable Z Axis controls while moving to location.
11/5/2024 10:03:12 [Information] Time remaining: 00:00:02 zTargetEndTime = 10:03:13
11/5/2024 10:03:12 [Information] Stepper Motor Controller Disable Z Axis controls while moving to location.
11/5/2024 10:03:12 [Information] Time remaining: 00:00:02 zTargetEndTime = 10:03:13
11/5/2024 10:03:12 [Information] Stepper Motor Controller Disable Z Axis controls while moving to location.
11/5/2024 10:03:12 [Information] Time remaining: 00:00:02 zTargetEndTime = 10:03:13
11/5/2024 10:03:12 [Information] Stepper Motor Controller Disable Z Axis controls while moving to location.
11/5/2024 10:03:12 [Information] Time remaining: 00:00:02 zTargetEndTime = 10:03:13
11/5/2024 10:03:12 [Information] Stepper Motor Controller Disable Z Axis controls while moving to location.
11/5/2024 10:03:12 [Information] Time remaining: 00:00:02 zTargetEndTime = 10:03:13
11/5/2024 10:03:12 [Information] Stepper Motor Controller Disable Z Axis controls while moving to location.
11/5/2024 10:03:12 [Information] Time remaining: 00:00:02 zTargetEndTime = 10:03:13
11/5/2024 10:03:12 [Information] Stepper Motor Controller Disable Z Axis controls while moving to location.
11/5/2024 10:03:12 [Information] Time remaining: 00:00:02 zTargetEndTime = 10:03:13
11/5/2024 10:03:12 [Information] Stepper Motor Controller Disable Z Axis controls while moving to location.
11/5/2024 10:03:12 [Information] Time remaining: 00:00:02 zTargetEndTime = 10:03:13
11/5/2024 10:03:12 [Information] Stepper Motor Controller Disable Z Axis controls while moving to location.
11/5/2024 10:03:12 [Information] Time remaining: 00:00:02 zTargetEndTime = 10:03:13
11/5/2024 10:03:12 [Information] Stepper Motor Controller Disable Z Axis controls while moving to location.
11/5/2024 10:03:12 [Information] Time remaining: 00:00:02 zTargetEndTime = 10:03:13
11/5/2024 10:03:12 [Information] Stepper Motor Controller Disable Z Axis controls while moving to location.
11/5/2024 10:03:12 [Information] Time remaining: 00:00:02 zTargetEndTime = 10:03:13
11/5/2024 10:03:13 [Information] Stepper Motor Controller Disable Z Axis controls while moving to location.
11/5/2024 10:03:13 [Information] Time remaining: 00:00:02 zTargetEndTime = 10:03:13
11/5/2024 10:03:13 [Information] Stepper Motor Controller Disable Z Axis controls while moving to location.
11/5/2024 10:03:13 [Information] Time remaining: 00:00:02 zTargetEndTime = 10:03:13
11/5/2024 10:03:13 [Information] Stepper Motor Controller Disable Z Axis controls while moving to location.
11/5/2024 10:03:13 [Information] Time remaining: 00:00:02 zTargetEndTime = 10:03:13
11/5/2024 10:03:13 [Information] Stepper Motor Controller Disable Z Axis controls while moving to location.
11/5/2024 10:03:13 [Information] Time remaining: 00:00:02 zTargetEndTime = 10:03:13
11/5/2024 10:03:13 [Information] Stepper Motor Controller Disable Z Axis controls while moving to location.
11/5/2024 10:03:13 [Information] Time remaining: 00:00:02 zTargetEndTime = 10:03:13
11/5/2024 10:03:13 [Information] Stepper Motor Controller Disable Z Axis controls while moving to location.
11/5/2024 10:03:13 [Information] Time remaining: 00:00:02 zTargetEndTime = 10:03:13
11/5/2024 10:03:13 [Information] Stepper Motor Controller Disable Z Axis controls while moving to location.
11/5/2024 10:03:13 [Information] Time remaining: 00:00:02 zTargetEndTime = 10:03:13
11/5/2024 10:03:13 [Information] Stepper Motor Controller Disable Z Axis controls while moving to location.
11/5/2024 10:03:13 [Information] Time remaining: 00:00:02 zTargetEndTime = 10:03:13
11/5/2024 10:03:13 [Information] Stepper Motor Controller Disable Z Axis controls while moving to location.
11/5/2024 10:03:13 [Information] Time remaining: 00:00:02 zTargetEndTime = 10:03:13
11/5/2024 10:03:13 [Information] Stepper Motor Controller Disable Z Axis controls while moving to location.
11/5/2024 10:03:13 [Information] Time remaining: 00:00:02 zTargetEndTime = 10:03:13
11/5/2024 10:03:13 [Information] Stepper Motor Controller Disable Z Axis controls while moving to location.
11/5/2024 10:03:13 [Information] Time remaining: 00:00:02 zTargetEndTime = 10:03:13
11/5/2024 10:03:13 [Information] Stepper Motor Controller Disable Z Axis controls while moving to location.
11/5/2024 10:03:13 [Information] Time remaining: 00:00:02 zTargetEndTime = 10:03:13
11/5/2024 10:03:13 [Information] Stepper Motor Controller Disable Z Axis controls while moving to location.
11/5/2024 10:03:13 [Information] Time remaining: 00:00:02 zTargetEndTime = 10:03:13
11/5/2024 10:03:13 [Information] Stepper Motor Controller Disable Z Axis controls while moving to location.
11/5/2024 10:03:13 [Information] Time remaining: 00:00:02 zTargetEndTime = 10:03:13
11/5/2024 10:03:13 [Information] Stepper Motor Controller Disable Z Axis controls while moving to location.
11/5/2024 10:03:13 [Information] Time remaining: 00:00:02 zTargetEndTime = 10:03:13
11/5/2024 10:03:13 [Information] Stepper Motor Controller Disable Z Axis controls while moving to location.
11/5/2024 10:03:13 [Information] Time remaining: 00:00:02 zTargetEndTime = 10:03:13
11/5/2024 10:03:13 [Information] Stepper Motor Controller Disable Z Axis controls while moving to location.
11/5/2024 10:03:13 [Information] Time remaining: 00:00:02 zTargetEndTime = 10:03:13
11/5/2024 10:03:13 [Information] Stepper Motor Controller Disable Z Axis controls while moving to location.
11/5/2024 10:03:13 [Information] Time remaining: 00:00:02 zTargetEndTime = 10:03:13
11/5/2024 10:03:13 [Information] Stepper Motor Controller Disable Z Axis controls while moving to location.
11/5/2024 10:03:13 [Information] Time remaining: 00:00:02 zTargetEndTime = 10:03:13
11/5/2024 10:03:13 [Information] Stepper Motor Controller Disable Z Axis controls while moving to location.
11/5/2024 10:03:13 [Information] Time remaining: 00:00:02 zTargetEndTime = 10:03:13
11/5/2024 10:03:13 [Information] Stepper Motor Controller Disable Z Axis controls while moving to location.
11/5/2024 10:03:13 [Information] Time remaining: 00:00:02 zTargetEndTime = 10:03:13
11/5/2024 10:03:13 [Information] Stepper Motor Controller Disable Z Axis controls while moving to location.
11/5/2024 10:03:13 [Information] Time remaining: 00:00:02 zTargetEndTime = 10:03:13
11/5/2024 10:03:13 [Information] Stepper Motor Controller Disable Z Axis controls while moving to location.
11/5/2024 10:03:13 [Information] Time remaining: 00:00:02 zTargetEndTime = 10:03:13
11/5/2024 10:03:13 [Information] Stepper Motor Controller Disable Z Axis controls while moving to location.
11/5/2024 10:03:13 [Information] Time remaining: 00:00:02 zTargetEndTime = 10:03:13
11/5/2024 10:03:13 [Information] Stepper Motor Controller Disable Z Axis controls while moving to location.
11/5/2024 10:03:13 [Information] Time remaining: 00:00:02 zTargetEndTime = 10:03:13
11/5/2024 10:03:13 [Information] Stepper Motor Controller Disable Z Axis controls while moving to location.
11/5/2024 10:03:13 [Information] Time remaining: 00:00:02 zTargetEndTime = 10:03:13
11/5/2024 10:03:13 [Information] Stepper Motor Controller Disable Z Axis controls while moving to location.
11/5/2024 10:03:13 [Information] Time remaining: 00:00:02 zTargetEndTime = 10:03:13
11/5/2024 10:03:13 [Information] Stepper Motor Controller Disable Z Axis controls while moving to location.
11/5/2024 10:03:13 [Information] Time remaining: 00:00:02 zTargetEndTime = 10:03:13
11/5/2024 10:03:13 [Information] Stepper Motor Controller Disable Z Axis controls while moving to location.
11/5/2024 10:03:13 [Information] Time remaining: 00:00:02 zTargetEndTime = 10:03:13
11/5/2024 10:03:13 [Information] Stepper Motor Controller Disable Z Axis controls while moving to location.
11/5/2024 10:03:13 [Information] Time remaining: 00:00:02 zTargetEndTime = 10:03:13
11/5/2024 10:03:13 [Information] Stepper Motor Controller Disable Z Axis controls while moving to location.
11/5/2024 10:03:13 [Information] Time remaining: 00:00:02 zTargetEndTime = 10:03:13
11/5/2024 10:03:13 [Information] Stepper Motor Controller Disable Z Axis controls while moving to location.
11/5/2024 10:03:13 [Information] Time remaining: 00:00:02 zTargetEndTime = 10:03:13
11/5/2024 10:03:13 [Information] Stepper Motor Controller Disable Z Axis controls while moving to location.
11/5/2024 10:03:13 [Information] Time remaining: 00:00:02 zTargetEndTime = 10:03:13
11/5/2024 10:03:13 [Information] Stepper Motor Controller Disable Z Axis controls while moving to location.
11/5/2024 10:03:13 [Information] Time remaining: 00:00:02 zTargetEndTime = 10:03:13
11/5/2024 10:03:13 [Information] Stepper Motor Controller Disable Z Axis controls while moving to location.
11/5/2024 10:03:13 [Information] Time remaining: 00:00:02 zTargetEndTime = 10:03:13
11/5/2024 10:03:13 [Information] Stepper Motor Controller Enable Z Axis controls after moving to location.
11/5/2024 10:03:13 [Information] Stepper Motor Controller Stopwatch Stopped.
11/5/2024 10:03:13 [Information] Stepper Motor Controller Timer Stopped.
11/5/2024 10:03:13 [Information] Stepper Motor Controller Stopwatch Reset.
11/5/2024 10:03:30 [Information] Z Axis mouse controlled Keypad returned: -25.22
11/5/2024 10:03:33 [Information] ZAxisRun_Click button clicked:
11/5/2024 10:03:33 [Information] Z Axis negative value: -25.22 converted to positive decimal: 25.22
11/5/2024 10:03:33 [Information] Z Axis MotorMovementSeconds decimal: (25.22 / 4) / 2 = 3.1525
11/5/2024 10:03:33 [Information] Z Axis myMovementTimer int: 1000 * 3.1525 = 3000
11/5/2024 10:03:34 [Information] Z Axis Run Event: Z,0.00,400.00,0,0.00,400.00,0,0.00,400.00,0
11/5/2024 10:03:34 [Information] Z Axis Current Time: 10:03:34 + 3000 = zTargetEndTime: 10:03:37
11/5/2024 10:03:34 [Information] Stepper Motor Controller Disable Z Axis controls while moving to location.
11/5/2024 10:03:34 [Information] Time remaining: 00:00:00 zTargetEndTime = 10:03:37
11/5/2024 10:03:34 [Information] Stepper Motor Controller Disable Z Axis controls while moving to location.
11/5/2024 10:03:34 [Information] Time remaining: 00:00:00 zTargetEndTime = 10:03:37
11/5/2024 10:03:34 [Information] Stepper Motor Controller Disable Z Axis controls while moving to location.
11/5/2024 10:03:34 [Information] Time remaining: 00:00:00 zTargetEndTime = 10:03:37
11/5/2024 10:03:34 [Information] Stepper Motor Controller Disable Z Axis controls while moving to location.
11/5/2024 10:03:34 [Information] Time remaining: 00:00:00 zTargetEndTime = 10:03:37
11/5/2024 10:03:34 [Information] Stepper Motor Controller Disable Z Axis controls while moving to location.
11/5/2024 10:03:34 [Information] Time remaining: 00:00:00 zTargetEndTime = 10:03:37
11/5/2024 10:03:34 [Information] Stepper Motor Controller Disable Z Axis controls while moving to location.
11/5/2024 10:03:34 [Information] Time remaining: 00:00:00 zTargetEndTime = 10:03:37
11/5/2024 10:03:34 [Information] Stepper Motor Controller Disable Z Axis controls while moving to location.
11/5/2024 10:03:34 [Information] Time remaining: 00:00:00 zTargetEndTime = 10:03:37
11/5/2024 10:03:34 [Information] Stepper Motor Controller Disable Z Axis controls while moving to location.
11/5/2024 10:03:34 [Information] Time remaining: 00:00:00 zTargetEndTime = 10:03:37
11/5/2024 10:03:34 [Information] Stepper Motor Controller Disable Z Axis controls while moving to location.
11/5/2024 10:03:34 [Information] Time remaining: 00:00:00 zTargetEndTime = 10:03:37
11/5/2024 10:03:34 [Information] Stepper Motor Controller Disable Z Axis controls while moving to location.
11/5/2024 10:03:34 [Information] Time remaining: 00:00:00 zTargetEndTime = 10:03:37
11/5/2024 10:03:34 [Information] Stepper Motor Controller Disable Z Axis controls while moving to location.
11/5/2024 10:03:34 [Information] Time remaining: 00:00:00 zTargetEndTime = 10:03:37
11/5/2024 10:03:34 [Information] Stepper Motor Controller Disable Z Axis controls while moving to location.
11/5/2024 10:03:34 [Information] Time remaining: 00:00:00 zTargetEndTime = 10:03:37
11/5/2024 10:03:34 [Information] Stepper Motor Controller Disable Z Axis controls while moving to location.
11/5/2024 10:03:34 [Information] Time remaining: 00:00:00 zTargetEndTime = 10:03:37
11/5/2024 10:03:34 [Information] Stepper Motor Controller Disable Z Axis controls while moving to location.
11/5/2024 10:03:34 [Information] Time remaining: 00:00:00 zTargetEndTime = 10:03:37
11/5/2024 10:03:34 [Information] Stepper Motor Controller Disable Z Axis controls while moving to location.
11/5/2024 10:03:34 [Information] Time remaining: 00:00:00 zTargetEndTime = 10:03:37
11/5/2024 10:03:34 [Information] Stepper Motor Controller Disable Z Axis controls while moving to location.
11/5/2024 10:03:34 [Information] Time remaining: 00:00:00 zTargetEndTime = 10:03:37
11/5/2024 10:03:34 [Information] Stepper Motor Controller Disable Z Axis controls while moving to location.
11/5/2024 10:03:34 [Information] Time remaining: 00:00:00 zTargetEndTime = 10:03:37
11/5/2024 10:03:34 [Information] Stepper Motor Controller Disable Z Axis controls while moving to location.
11/5/2024 10:03:34 [Information] Time remaining: 00:00:00 zTargetEndTime = 10:03:37
11/5/2024 10:03:34 [Information] Stepper Motor Controller Disable Z Axis controls while moving to location.
11/5/2024 10:03:34 [Information] Time remaining: 00:00:00 zTargetEndTime = 10:03:37
11/5/2024 10:03:34 [Information] Stepper Motor Controller Disable Z Axis controls while moving to location.
11/5/2024 10:03:34 [Information] Time remaining: 00:00:00 zTargetEndTime = 10:03:37
11/5/2024 10:03:34 [Information] Stepper Motor Controller Disable Z Axis controls while moving to location.
11/5/2024 10:03:34 [Information] Time remaining: 00:00:00 zTargetEndTime = 10:03:37
11/5/2024 10:03:34 [Information] Stepper Motor Controller Disable Z Axis controls while moving to location.
11/5/2024 10:03:34 [Information] Time remaining: 00:00:00 zTargetEndTime = 10:03:37
11/5/2024 10:03:34 [Information] Stepper Motor Controller Disable Z Axis controls while moving to location.
11/5/2024 10:03:34 [Information] Time remaining: 00:00:00 zTargetEndTime = 10:03:37
11/5/2024 10:03:34 [Information] Stepper Motor Controller Disable Z Axis controls while moving to location.
11/5/2024 10:03:34 [Information] Time remaining: 00:00:00 zTargetEndTime = 10:03:37
11/5/2024 10:03:34 [Information] Stepper Motor Controller Disable Z Axis controls while moving to location.
11/5/2024 10:03:34 [Information] Time remaining: 00:00:00 zTargetEndTime = 10:03:37
11/5/2024 10:03:35 [Information] Stepper Motor Controller Disable Z Axis controls while moving to location.
11/5/2024 10:03:35 [Information] Time remaining: 00:00:00 zTargetEndTime = 10:03:37
11/5/2024 10:03:35 [Information] Stepper Motor Controller Disable Z Axis controls while moving to location.
11/5/2024 10:03:35 [Information] Time remaining: 00:00:00 zTargetEndTime = 10:03:37
11/5/2024 10:03:35 [Information] Stepper Motor Controller Disable Z Axis controls while moving to location.
11/5/2024 10:03:35 [Information] Time remaining: 00:00:00 zTargetEndTime = 10:03:37
11/5/2024 10:03:35 [Information] Stepper Motor Controller Disable Z Axis controls while moving to location.
11/5/2024 10:03:35 [Information] Time remaining: 00:00:00 zTargetEndTime = 10:03:37
11/5/2024 10:03:35 [Information] Stepper Motor Controller Disable Z Axis controls while moving to location.
11/5/2024 10:03:35 [Information] Time remaining: 00:00:00 zTargetEndTime = 10:03:37
11/5/2024 10:03:35 [Information] Stepper Motor Controller Disable Z Axis controls while moving to location.
11/5/2024 10:03:35 [Information] Time remaining: 00:00:00 zTargetEndTime = 10:03:37
11/5/2024 10:03:35 [Information] Stepper Motor Controller Disable Z Axis controls while moving to location.
11/5/2024 10:03:35 [Information] Time remaining: 00:00:00 zTargetEndTime = 10:03:37
11/5/2024 10:03:35 [Information] Stepper Motor Controller Disable Z Axis controls while moving to location.
11/5/2024 10:03:35 [Information] Time remaining: 00:00:00 zTargetEndTime = 10:03:37
11/5/2024 10:03:35 [Information] Stepper Motor Controller Disable Z Axis controls while moving to location.
11/5/2024 10:03:35 [Information] Time remaining: 00:00:00 zTargetEndTime = 10:03:37
11/5/2024 10:03:35 [Information] Stepper Motor Controller Disable Z Axis controls while moving to location.
11/5/2024 10:03:35 [Information] Time remaining: 00:00:00 zTargetEndTime = 10:03:37
11/5/2024 10:03:35 [Information] Stepper Motor Controller Disable Z Axis controls while moving to location.
11/5/2024 10:03:35 [Information] Time remaining: 00:00:00 zTargetEndTime = 10:03:37
11/5/2024 10:03:35 [Information] Stepper Motor Controller Disable Z Axis controls while moving to location.
11/5/2024 10:03:35 [Information] Time remaining: 00:00:00 zTargetEndTime = 10:03:37
11/5/2024 10:03:35 [Information] Stepper Motor Controller Disable Z Axis controls while moving to location.
11/5/2024 10:03:35 [Information] Time remaining: 00:00:00 zTargetEndTime = 10:03:37
11/5/2024 10:03:35 [Information] Stepper Motor Controller Disable Z Axis controls while moving to location.
11/5/2024 10:03:35 [Information] Time remaining: 00:00:00 zTargetEndTime = 10:03:37
11/5/2024 10:03:35 [Information] Stepper Motor Controller Disable Z Axis controls while moving to location.
11/5/2024 10:03:35 [Information] Time remaining: 00:00:00 zTargetEndTime = 10:03:37
11/5/2024 10:03:35 [Information] Stepper Motor Controller Disable Z Axis controls while moving to location.
11/5/2024 10:03:35 [Information] Time remaining: 00:00:00 zTargetEndTime = 10:03:37
11/5/2024 10:03:35 [Information] Stepper Motor Controller Disable Z Axis controls while moving to location.
11/5/2024 10:03:35 [Information] Time remaining: 00:00:00 zTargetEndTime = 10:03:37
11/5/2024 10:03:35 [Information] Stepper Motor Controller Disable Z Axis controls while moving to location.
11/5/2024 10:03:35 [Information] Time remaining: 00:00:00 zTargetEndTime = 10:03:37
11/5/2024 10:03:35 [Information] Stepper Motor Controller Disable Z Axis controls while moving to location.
11/5/2024 10:03:35 [Information] Time remaining: 00:00:00 zTargetEndTime = 10:03:37
11/5/2024 10:03:35 [Information] Stepper Motor Controller Disable Z Axis controls while moving to location.
11/5/2024 10:03:35 [Information] Time remaining: 00:00:00 zTargetEndTime = 10:03:37
11/5/2024 10:03:35 [Information] Stepper Motor Controller Disable Z Axis controls while moving to location.
11/5/2024 10:03:35 [Information] Time remaining: 00:00:00 zTargetEndTime = 10:03:37
11/5/2024 10:03:35 [Information] Stepper Motor Controller Disable Z Axis controls while moving to location.
11/5/2024 10:03:35 [Information] Time remaining: 00:00:00 zTargetEndTime = 10:03:37
11/5/2024 10:03:35 [Information] Stepper Motor Controller Disable Z Axis controls while moving to location.
11/5/2024 10:03:35 [Information] Time remaining: 00:00:00 zTargetEndTime = 10:03:37
11/5/2024 10:03:35 [Information] Stepper Motor Controller Disable Z Axis controls while moving to location.
11/5/2024 10:03:35 [Information] Time remaining: 00:00:00 zTargetEndTime = 10:03:37
11/5/2024 10:03:35 [Information] Stepper Motor Controller Disable Z Axis controls while moving to location.
11/5/2024 10:03:35 [Information] Time remaining: 00:00:00 zTargetEndTime = 10:03:37
11/5/2024 10:03:35 [Information] Stepper Motor Controller Disable Z Axis controls while moving to location.
11/5/2024 10:03:35 [Information] Time remaining: 00:00:00 zTargetEndTime = 10:03:37
11/5/2024 10:03:35 [Information] Stepper Motor Controller Disable Z Axis controls while moving to location.
11/5/2024 10:03:35 [Information] Time remaining: 00:00:00 zTargetEndTime = 10:03:37
11/5/2024 10:03:35 [Information] Stepper Motor Controller Disable Z Axis controls while moving to location.
11/5/2024 10:03:35 [Information] Time remaining: 00:00:00 zTargetEndTime = 10:03:37
11/5/2024 10:03:35 [Information] Stepper Motor Controller Disable Z Axis controls while moving to location.
11/5/2024 10:03:35 [Information] Time remaining: 00:00:00 zTargetEndTime = 10:03:37
11/5/2024 10:03:35 [Information] Stepper Motor Controller Disable Z Axis controls while moving to location.
11/5/2024 10:03:35 [Information] Time remaining: 00:00:00 zTargetEndTime = 10:03:37
11/5/2024 10:03:35 [Information] Stepper Motor Controller Disable Z Axis controls while moving to location.
11/5/2024 10:03:35 [Information] Time remaining: 00:00:00 zTargetEndTime = 10:03:37
11/5/2024 10:03:35 [Information] Stepper Motor Controller Disable Z Axis controls while moving to location.
11/5/2024 10:03:35 [Information] Time remaining: 00:00:00 zTargetEndTime = 10:03:37
11/5/2024 10:03:35 [Information] Stepper Motor Controller Disable Z Axis controls while moving to location.
11/5/2024 10:03:35 [Information] Time remaining: 00:00:00 zTargetEndTime = 10:03:37
11/5/2024 10:03:35 [Information] Stepper Motor Controller Disable Z Axis controls while moving to location.
11/5/2024 10:03:35 [Information] Time remaining: 00:00:00 zTargetEndTime = 10:03:37
11/5/2024 10:03:35 [Information] Stepper Motor Controller Disable Z Axis controls while moving to location.
11/5/2024 10:03:35 [Information] Time remaining: 00:00:00 zTargetEndTime = 10:03:37
11/5/2024 10:03:35 [Information] Stepper Motor Controller Disable Z Axis controls while moving to location.
11/5/2024 10:03:35 [Information] Time remaining: 00:00:00 zTargetEndTime = 10:03:37
11/5/2024 10:03:35 [Information] Stepper Motor Controller Disable Z Axis controls while moving to location.
11/5/2024 10:03:35 [Information] Time remaining: 00:00:01 zTargetEndTime = 10:03:37
11/5/2024 10:03:35 [Information] Stepper Motor Controller Disable Z Axis controls while moving to location.
11/5/2024 10:03:35 [Information] Time remaining: 00:00:01 zTargetEndTime = 10:03:37
11/5/2024 10:03:35 [Information] Stepper Motor Controller Disable Z Axis controls while moving to location.
11/5/2024 10:03:35 [Information] Time remaining: 00:00:01 zTargetEndTime = 10:03:37
11/5/2024 10:03:35 [Information] Stepper Motor Controller Disable Z Axis controls while moving to location.
11/5/2024 10:03:35 [Information] Time remaining: 00:00:01 zTargetEndTime = 10:03:37
11/5/2024 10:03:35 [Information] Stepper Motor Controller Disable Z Axis controls while moving to location.
11/5/2024 10:03:35 [Information] Time remaining: 00:00:01 zTargetEndTime = 10:03:37
11/5/2024 10:03:35 [Information] Stepper Motor Controller Disable Z Axis controls while moving to location.
11/5/2024 10:03:35 [Information] Time remaining: 00:00:01 zTargetEndTime = 10:03:37
11/5/2024 10:03:35 [Information] Stepper Motor Controller Disable Z Axis controls while moving to location.
11/5/2024 10:03:35 [Information] Time remaining: 00:00:01 zTargetEndTime = 10:03:37
11/5/2024 10:03:35 [Information] Stepper Motor Controller Disable Z Axis controls while moving to location.
11/5/2024 10:03:35 [Information] Time remaining: 00:00:01 zTargetEndTime = 10:03:37
11/5/2024 10:03:35 [Information] Stepper Motor Controller Disable Z Axis controls while moving to location.
11/5/2024 10:03:35 [Information] Time remaining: 00:00:01 zTargetEndTime = 10:03:37
11/5/2024 10:03:35 [Information] Stepper Motor Controller Disable Z Axis controls while moving to location.
11/5/2024 10:03:35 [Information] Time remaining: 00:00:01 zTargetEndTime = 10:03:37
11/5/2024 10:03:35 [Information] Stepper Motor Controller Disable Z Axis controls while moving to location.
11/5/2024 10:03:35 [Information] Time remaining: 00:00:01 zTargetEndTime = 10:03:37
11/5/2024 10:03:35 [Information] Stepper Motor Controller Disable Z Axis controls while moving to location.
11/5/2024 10:03:35 [Information] Time remaining: 00:00:01 zTargetEndTime = 10:03:37
11/5/2024 10:03:35 [Information] Stepper Motor Controller Disable Z Axis controls while moving to location.
11/5/2024 10:03:35 [Information] Time remaining: 00:00:01 zTargetEndTime = 10:03:37
11/5/2024 10:03:35 [Information] Stepper Motor Controller Disable Z Axis controls while moving to location.
11/5/2024 10:03:35 [Information] Time remaining: 00:00:01 zTargetEndTime = 10:03:37
11/5/2024 10:03:35 [Information] Stepper Motor Controller Disable Z Axis controls while moving to location.
11/5/2024 10:03:35 [Information] Time remaining: 00:00:01 zTargetEndTime = 10:03:37
11/5/2024 10:03:35 [Information] Stepper Motor Controller Disable Z Axis controls while moving to location.
11/5/2024 10:03:35 [Information] Time remaining: 00:00:01 zTargetEndTime = 10:03:37
11/5/2024 10:03:35 [Information] Stepper Motor Controller Disable Z Axis controls while moving to location.
11/5/2024 10:03:35 [Information] Time remaining: 00:00:01 zTargetEndTime = 10:03:37
11/5/2024 10:03:35 [Information] Stepper Motor Controller Disable Z Axis controls while moving to location.
11/5/2024 10:03:35 [Information] Time remaining: 00:00:01 zTargetEndTime = 10:03:37
11/5/2024 10:03:35 [Information] Stepper Motor Controller Disable Z Axis controls while moving to location.
11/5/2024 10:03:35 [Information] Time remaining: 00:00:01 zTargetEndTime = 10:03:37
11/5/2024 10:03:35 [Information] Stepper Motor Controller Disable Z Axis controls while moving to location.
11/5/2024 10:03:35 [Information] Time remaining: 00:00:01 zTargetEndTime = 10:03:37
11/5/2024 10:03:35 [Information] Stepper Motor Controller Disable Z Axis controls while moving to location.
11/5/2024 10:03:35 [Information] Time remaining: 00:00:01 zTargetEndTime = 10:03:37
11/5/2024 10:03:35 [Information] Stepper Motor Controller Disable Z Axis controls while moving to location.
11/5/2024 10:03:35 [Information] Time remaining: 00:00:01 zTargetEndTime = 10:03:37
11/5/2024 10:03:35 [Information] Stepper Motor Controller Disable Z Axis controls while moving to location.
11/5/2024 10:03:35 [Information] Time remaining: 00:00:01 zTargetEndTime = 10:03:37
11/5/2024 10:03:35 [Information] Stepper Motor Controller Disable Z Axis controls while moving to location.
11/5/2024 10:03:35 [Information] Time remaining: 00:00:01 zTargetEndTime = 10:03:37
11/5/2024 10:03:35 [Information] Stepper Motor Controller Disable Z Axis controls while moving to location.
11/5/2024 10:03:35 [Information] Time remaining: 00:00:01 zTargetEndTime = 10:03:37
11/5/2024 10:03:36 [Information] Stepper Motor Controller Disable Z Axis controls while moving to location.
11/5/2024 10:03:36 [Information] Time remaining: 00:00:01 zTargetEndTime = 10:03:37
11/5/2024 10:03:36 [Information] Stepper Motor Controller Disable Z Axis controls while moving to location.
11/5/2024 10:03:36 [Information] Time remaining: 00:00:01 zTargetEndTime = 10:03:37
11/5/2024 10:03:36 [Information] Stepper Motor Controller Disable Z Axis controls while moving to location.
11/5/2024 10:03:36 [Information] Time remaining: 00:00:01 zTargetEndTime = 10:03:37
11/5/2024 10:03:36 [Information] Stepper Motor Controller Disable Z Axis controls while moving to location.
11/5/2024 10:03:36 [Information] Time remaining: 00:00:01 zTargetEndTime = 10:03:37
11/5/2024 10:03:36 [Information] Stepper Motor Controller Disable Z Axis controls while moving to location.
11/5/2024 10:03:36 [Information] Time remaining: 00:00:01 zTargetEndTime = 10:03:37
11/5/2024 10:03:36 [Information] Stepper Motor Controller Disable Z Axis controls while moving to location.
11/5/2024 10:03:36 [Information] Time remaining: 00:00:01 zTargetEndTime = 10:03:37
11/5/2024 10:03:36 [Information] Stepper Motor Controller Disable Z Axis controls while moving to location.
11/5/2024 10:03:36 [Information] Time remaining: 00:00:01 zTargetEndTime = 10:03:37
11/5/2024 10:03:36 [Information] Stepper Motor Controller Disable Z Axis controls while moving to location.
11/5/2024 10:03:36 [Information] Time remaining: 00:00:01 zTargetEndTime = 10:03:37
11/5/2024 10:03:36 [Information] Stepper Motor Controller Disable Z Axis controls while moving to location.
11/5/2024 10:03:36 [Information] Time remaining: 00:00:01 zTargetEndTime = 10:03:37
11/5/2024 10:03:36 [Information] Stepper Motor Controller Disable Z Axis controls while moving to location.
11/5/2024 10:03:36 [Information] Time remaining: 00:00:01 zTargetEndTime = 10:03:37
11/5/2024 10:03:36 [Information] Stepper Motor Controller Disable Z Axis controls while moving to location.
11/5/2024 10:03:36 [Information] Time remaining: 00:00:01 zTargetEndTime = 10:03:37
11/5/2024 10:03:36 [Information] Stepper Motor Controller Disable Z Axis controls while moving to location.
11/5/2024 10:03:36 [Information] Time remaining: 00:00:01 zTargetEndTime = 10:03:37
11/5/2024 10:03:36 [Information] Stepper Motor Controller Disable Z Axis controls while moving to location.
11/5/2024 10:03:36 [Information] Time remaining: 00:00:01 zTargetEndTime = 10:03:37
11/5/2024 10:03:36 [Information] Stepper Motor Controller Disable Z Axis controls while moving to location.
11/5/2024 10:03:36 [Information] Time remaining: 00:00:01 zTargetEndTime = 10:03:37
11/5/2024 10:03:36 [Information] Stepper Motor Controller Disable Z Axis controls while moving to location.
11/5/2024 10:03:36 [Information] Time remaining: 00:00:01 zTargetEndTime = 10:03:37
11/5/2024 10:03:36 [Information] Stepper Motor Controller Disable Z Axis controls while moving to location.
11/5/2024 10:03:36 [Information] Time remaining: 00:00:01 zTargetEndTime = 10:03:37
11/5/2024 10:03:36 [Information] Stepper Motor Controller Disable Z Axis controls while moving to location.
11/5/2024 10:03:36 [Information] Time remaining: 00:00:01 zTargetEndTime = 10:03:37
11/5/2024 10:03:36 [Information] Stepper Motor Controller Disable Z Axis controls while moving to location.
11/5/2024 10:03:36 [Information] Time remaining: 00:00:01 zTargetEndTime = 10:03:37
11/5/2024 10:03:36 [Information] Stepper Motor Controller Disable Z Axis controls while moving to location.
11/5/2024 10:03:36 [Information] Time remaining: 00:00:01 zTargetEndTime = 10:03:37
11/5/2024 10:03:36 [Information] Stepper Motor Controller Disable Z Axis controls while moving to location.
11/5/2024 10:03:36 [Information] Time remaining: 00:00:01 zTargetEndTime = 10:03:37
11/5/2024 10:03:36 [Information] Stepper Motor Controller Disable Z Axis controls while moving to location.
11/5/2024 10:03:36 [Information] Time remaining: 00:00:01 zTargetEndTime = 10:03:37
11/5/2024 10:03:36 [Information] Stepper Motor Controller Disable Z Axis controls while moving to location.
11/5/2024 10:03:36 [Information] Time remaining: 00:00:01 zTargetEndTime = 10:03:37
11/5/2024 10:03:36 [Information] Stepper Motor Controller Disable Z Axis controls while moving to location.
11/5/2024 10:03:36 [Information] Time remaining: 00:00:01 zTargetEndTime = 10:03:37
11/5/2024 10:03:36 [Information] Stepper Motor Controller Disable Z Axis controls while moving to location.
11/5/2024 10:03:36 [Information] Time remaining: 00:00:01 zTargetEndTime = 10:03:37
11/5/2024 10:03:36 [Information] Stepper Motor Controller Disable Z Axis controls while moving to location.
11/5/2024 10:03:36 [Information] Time remaining: 00:00:01 zTargetEndTime = 10:03:37
11/5/2024 10:03:36 [Information] Stepper Motor Controller Disable Z Axis controls while moving to location.
11/5/2024 10:03:36 [Information] Time remaining: 00:00:01 zTargetEndTime = 10:03:37
11/5/2024 10:03:36 [Information] Stepper Motor Controller Disable Z Axis controls while moving to location.
11/5/2024 10:03:36 [Information] Time remaining: 00:00:01 zTargetEndTime = 10:03:37
11/5/2024 10:03:36 [Information] Stepper Motor Controller Disable Z Axis controls while moving to location.
11/5/2024 10:03:36 [Information] Time remaining: 00:00:01 zTargetEndTime = 10:03:37
11/5/2024 10:03:36 [Information] Stepper Motor Controller Disable Z Axis controls while moving to location.
11/5/2024 10:03:36 [Information] Time remaining: 00:00:01 zTargetEndTime = 10:03:37
11/5/2024 10:03:36 [Information] Stepper Motor Controller Disable Z Axis controls while moving to location.
11/5/2024 10:03:36 [Information] Time remaining: 00:00:01 zTargetEndTime = 10:03:37
11/5/2024 10:03:36 [Information] Stepper Motor Controller Disable Z Axis controls while moving to location.
11/5/2024 10:03:36 [Information] Time remaining: 00:00:01 zTargetEndTime = 10:03:37
11/5/2024 10:03:36 [Information] Stepper Motor Controller Disable Z Axis controls while moving to location.
11/5/2024 10:03:36 [Information] Time remaining: 00:00:01 zTargetEndTime = 10:03:37
11/5/2024 10:03:36 [Information] Stepper Motor Controller Disable Z Axis controls while moving to location.
11/5/2024 10:03:36 [Information] Time remaining: 00:00:01 zTargetEndTime = 10:03:37
11/5/2024 10:03:36 [Information] Stepper Motor Controller Disable Z Axis controls while moving to location.
11/5/2024 10:03:36 [Information] Time remaining: 00:00:01 zTargetEndTime = 10:03:37
11/5/2024 10:03:36 [Information] Stepper Motor Controller Disable Z Axis controls while moving to location.
11/5/2024 10:03:36 [Information] Time remaining: 00:00:02 zTargetEndTime = 10:03:37
11/5/2024 10:03:36 [Information] Stepper Motor Controller Disable Z Axis controls while moving to location.
11/5/2024 10:03:36 [Information] Time remaining: 00:00:02 zTargetEndTime = 10:03:37
11/5/2024 10:03:36 [Information] Stepper Motor Controller Disable Z Axis controls while moving to location.
11/5/2024 10:03:36 [Information] Time remaining: 00:00:02 zTargetEndTime = 10:03:37
11/5/2024 10:03:36 [Information] Stepper Motor Controller Disable Z Axis controls while moving to location.
11/5/2024 10:03:36 [Information] Time remaining: 00:00:02 zTargetEndTime = 10:03:37
11/5/2024 10:03:36 [Information] Stepper Motor Controller Disable Z Axis controls while moving to location.
11/5/2024 10:03:36 [Information] Time remaining: 00:00:02 zTargetEndTime = 10:03:37
11/5/2024 10:03:36 [Information] Stepper Motor Controller Disable Z Axis controls while moving to location.
11/5/2024 10:03:36 [Information] Time remaining: 00:00:02 zTargetEndTime = 10:03:37
11/5/2024 10:03:36 [Information] Stepper Motor Controller Disable Z Axis controls while moving to location.
11/5/2024 10:03:36 [Information] Time remaining: 00:00:02 zTargetEndTime = 10:03:37
11/5/2024 10:03:36 [Information] Stepper Motor Controller Disable Z Axis controls while moving to location.
11/5/2024 10:03:36 [Information] Time remaining: 00:00:02 zTargetEndTime = 10:03:37
11/5/2024 10:03:36 [Information] Stepper Motor Controller Disable Z Axis controls while moving to location.
11/5/2024 10:03:36 [Information] Time remaining: 00:00:02 zTargetEndTime = 10:03:37
11/5/2024 10:03:36 [Information] Stepper Motor Controller Disable Z Axis controls while moving to location.
11/5/2024 10:03:36 [Information] Time remaining: 00:00:02 zTargetEndTime = 10:03:37
11/5/2024 10:03:36 [Information] Stepper Motor Controller Disable Z Axis controls while moving to location.
11/5/2024 10:03:36 [Information] Time remaining: 00:00:02 zTargetEndTime = 10:03:37
11/5/2024 10:03:36 [Information] Stepper Motor Controller Disable Z Axis controls while moving to location.
11/5/2024 10:03:36 [Information] Time remaining: 00:00:02 zTargetEndTime = 10:03:37
11/5/2024 10:03:36 [Information] Stepper Motor Controller Disable Z Axis controls while moving to location.
11/5/2024 10:03:36 [Information] Time remaining: 00:00:02 zTargetEndTime = 10:03:37
11/5/2024 10:03:36 [Information] Stepper Motor Controller Disable Z Axis controls while moving to location.
11/5/2024 10:03:36 [Information] Time remaining: 00:00:02 zTargetEndTime = 10:03:37
11/5/2024 10:03:36 [Information] Stepper Motor Controller Disable Z Axis controls while moving to location.
11/5/2024 10:03:36 [Information] Time remaining: 00:00:02 zTargetEndTime = 10:03:37
11/5/2024 10:03:36 [Information] Stepper Motor Controller Disable Z Axis controls while moving to location.
11/5/2024 10:03:36 [Information] Time remaining: 00:00:02 zTargetEndTime = 10:03:37
11/5/2024 10:03:36 [Information] Stepper Motor Controller Disable Z Axis controls while moving to location.
11/5/2024 10:03:36 [Information] Time remaining: 00:00:02 zTargetEndTime = 10:03:37
11/5/2024 10:03:36 [Information] Stepper Motor Controller Disable Z Axis controls while moving to location.
11/5/2024 10:03:36 [Information] Time remaining: 00:00:02 zTargetEndTime = 10:03:37
11/5/2024 10:03:36 [Information] Stepper Motor Controller Disable Z Axis controls while moving to location.
11/5/2024 10:03:36 [Information] Time remaining: 00:00:02 zTargetEndTime = 10:03:37
11/5/2024 10:03:36 [Information] Stepper Motor Controller Disable Z Axis controls while moving to location.
11/5/2024 10:03:36 [Information] Time remaining: 00:00:02 zTargetEndTime = 10:03:37
11/5/2024 10:03:36 [Information] Stepper Motor Controller Disable Z Axis controls while moving to location.
11/5/2024 10:03:36 [Information] Time remaining: 00:00:02 zTargetEndTime = 10:03:37
11/5/2024 10:03:36 [Information] Stepper Motor Controller Disable Z Axis controls while moving to location.
11/5/2024 10:03:36 [Information] Time remaining: 00:00:02 zTargetEndTime = 10:03:37
11/5/2024 10:03:37 [Information] Stepper Motor Controller Disable Z Axis controls while moving to location.
11/5/2024 10:03:37 [Information] Time remaining: 00:00:02 zTargetEndTime = 10:03:37
11/5/2024 10:03:37 [Information] Stepper Motor Controller Disable Z Axis controls while moving to location.
11/5/2024 10:03:37 [Information] Time remaining: 00:00:02 zTargetEndTime = 10:03:37
11/5/2024 10:03:37 [Information] Stepper Motor Controller Disable Z Axis controls while moving to location.
11/5/2024 10:03:37 [Information] Time remaining: 00:00:02 zTargetEndTime = 10:03:37
11/5/2024 10:03:37 [Information] Stepper Motor Controller Disable Z Axis controls while moving to location.
11/5/2024 10:03:37 [Information] Time remaining: 00:00:02 zTargetEndTime = 10:03:37
11/5/2024 10:03:37 [Information] Stepper Motor Controller Disable Z Axis controls while moving to location.
11/5/2024 10:03:37 [Information] Time remaining: 00:00:02 zTargetEndTime = 10:03:37
11/5/2024 10:03:37 [Information] Stepper Motor Controller Disable Z Axis controls while moving to location.
11/5/2024 10:03:37 [Information] Time remaining: 00:00:02 zTargetEndTime = 10:03:37
11/5/2024 10:03:37 [Information] Stepper Motor Controller Disable Z Axis controls while moving to location.
11/5/2024 10:03:37 [Information] Time remaining: 00:00:02 zTargetEndTime = 10:03:37
11/5/2024 10:03:37 [Information] Stepper Motor Controller Disable Z Axis controls while moving to location.
11/5/2024 10:03:37 [Information] Time remaining: 00:00:02 zTargetEndTime = 10:03:37
11/5/2024 10:03:37 [Information] Stepper Motor Controller Disable Z Axis controls while moving to location.
11/5/2024 10:03:37 [Information] Time remaining: 00:00:02 zTargetEndTime = 10:03:37
11/5/2024 10:03:37 [Information] Stepper Motor Controller Disable Z Axis controls while moving to location.
11/5/2024 10:03:37 [Information] Time remaining: 00:00:02 zTargetEndTime = 10:03:37
11/5/2024 10:03:37 [Information] Stepper Motor Controller Disable Z Axis controls while moving to location.
11/5/2024 10:03:37 [Information] Time remaining: 00:00:02 zTargetEndTime = 10:03:37
11/5/2024 10:03:37 [Information] Stepper Motor Controller Disable Z Axis controls while moving to location.
11/5/2024 10:03:37 [Information] Time remaining: 00:00:02 zTargetEndTime = 10:03:37
11/5/2024 10:03:37 [Information] Stepper Motor Controller Disable Z Axis controls while moving to location.
11/5/2024 10:03:37 [Information] Time remaining: 00:00:02 zTargetEndTime = 10:03:37
11/5/2024 10:03:37 [Information] Stepper Motor Controller Disable Z Axis controls while moving to location.
11/5/2024 10:03:37 [Information] Time remaining: 00:00:02 zTargetEndTime = 10:03:37
11/5/2024 10:03:37 [Information] Stepper Motor Controller Disable Z Axis controls while moving to location.
11/5/2024 10:03:37 [Information] Time remaining: 00:00:02 zTargetEndTime = 10:03:37
11/5/2024 10:03:37 [Information] Stepper Motor Controller Disable Z Axis controls while moving to location.
11/5/2024 10:03:37 [Information] Time remaining: 00:00:02 zTargetEndTime = 10:03:37
11/5/2024 10:03:37 [Information] Stepper Motor Controller Disable Z Axis controls while moving to location.
11/5/2024 10:03:37 [Information] Time remaining: 00:00:02 zTargetEndTime = 10:03:37
11/5/2024 10:03:37 [Information] Stepper Motor Controller Disable Z Axis controls while moving to location.
11/5/2024 10:03:37 [Information] Time remaining: 00:00:02 zTargetEndTime = 10:03:37
11/5/2024 10:03:37 [Information] Stepper Motor Controller Disable Z Axis controls while moving to location.
11/5/2024 10:03:37 [Information] Time remaining: 00:00:02 zTargetEndTime = 10:03:37
11/5/2024 10:03:37 [Information] Stepper Motor Controller Disable Z Axis controls while moving to location.
11/5/2024 10:03:37 [Information] Time remaining: 00:00:02 zTargetEndTime = 10:03:37
11/5/2024 10:03:37 [Information] Stepper Motor Controller Disable Z Axis controls while moving to location.
11/5/2024 10:03:37 [Information] Time remaining: 00:00:02 zTargetEndTime = 10:03:37
11/5/2024 10:03:37 [Information] Stepper Motor Controller Disable Z Axis controls while moving to location.
11/5/2024 10:03:37 [Information] Time remaining: 00:00:02 zTargetEndTime = 10:03:37
11/5/2024 10:03:37 [Information] Stepper Motor Controller Disable Z Axis controls while moving to location.
11/5/2024 10:03:37 [Information] Time remaining: 00:00:02 zTargetEndTime = 10:03:37
11/5/2024 10:03:37 [Information] Stepper Motor Controller Disable Z Axis controls while moving to location.
11/5/2024 10:03:37 [Information] Time remaining: 00:00:02 zTargetEndTime = 10:03:37
11/5/2024 10:03:37 [Information] Stepper Motor Controller Disable Z Axis controls while moving to location.
11/5/2024 10:03:37 [Information] Time remaining: 00:00:02 zTargetEndTime = 10:03:37
11/5/2024 10:03:37 [Information] Stepper Motor Controller Disable Z Axis controls while moving to location.
11/5/2024 10:03:37 [Information] Time remaining: 00:00:02 zTargetEndTime = 10:03:37
11/5/2024 10:03:37 [Information] Stepper Motor Controller Disable Z Axis controls while moving to location.
11/5/2024 10:03:37 [Information] Time remaining: 00:00:02 zTargetEndTime = 10:03:37
11/5/2024 10:03:37 [Information] Stepper Motor Controller Disable Z Axis controls while moving to location.
11/5/2024 10:03:37 [Information] Time remaining: 00:00:02 zTargetEndTime = 10:03:37
11/5/2024 10:03:37 [Information] Stepper Motor Controller Disable Z Axis controls while moving to location.
11/5/2024 10:03:37 [Information] Time remaining: 00:00:02 zTargetEndTime = 10:03:37
11/5/2024 10:03:37 [Information] Stepper Motor Controller Disable Z Axis controls while moving to location.
11/5/2024 10:03:37 [Information] Time remaining: 00:00:02 zTargetEndTime = 10:03:37
11/5/2024 10:03:37 [Information] Stepper Motor Controller Disable Z Axis controls while moving to location.
11/5/2024 10:03:37 [Information] Time remaining: 00:00:02 zTargetEndTime = 10:03:37
11/5/2024 10:03:37 [Information] Stepper Motor Controller Disable Z Axis controls while moving to location.
11/5/2024 10:03:37 [Information] Time remaining: 00:00:02 zTargetEndTime = 10:03:37
11/5/2024 10:03:37 [Information] Stepper Motor Controller Enable Z Axis controls after moving to location.
11/5/2024 10:03:37 [Information] Stepper Motor Controller Stopwatch Stopped.
11/5/2024 10:03:37 [Information] Stepper Motor Controller Timer Stopped.
11/5/2024 10:03:37 [Information] Stepper Motor Controller Stopwatch Reset.
11/5/2024 10:03:54 [Information] ZAxisRun_Click button clicked:
11/5/2024 10:03:54 [Information] Z Axis negative value: -25.22 converted to positive decimal: 25.22
11/5/2024 10:03:54 [Information] Z Axis MotorMovementSeconds decimal: (25.22 / 4) / 2 = 3.1525
11/5/2024 10:03:54 [Information] Z Axis myMovementTimer int: 1000 * 3.1525 = 3000
11/5/2024 10:03:55 [Information] Z Axis Run Event: Z,0.00,400.00,0,0.00,400.00,0,-25.22,400.00,0
11/5/2024 10:03:55 [Information] Z Axis Current Time: 10:03:55 + 3000 = zTargetEndTime: 10:03:58
11/5/2024 10:03:55 [Information] Stepper Motor Controller Disable Z Axis controls while moving to location.
11/5/2024 10:03:55 [Information] Time remaining: 00:00:00 zTargetEndTime = 10:03:58
11/5/2024 10:03:55 [Information] Stepper Motor Controller Disable Z Axis controls while moving to location.
11/5/2024 10:03:55 [Information] Time remaining: 00:00:00 zTargetEndTime = 10:03:58
11/5/2024 10:03:55 [Information] Stepper Motor Controller Disable Z Axis controls while moving to location.
11/5/2024 10:03:55 [Information] Time remaining: 00:00:00 zTargetEndTime = 10:03:58
11/5/2024 10:03:55 [Information] Stepper Motor Controller Disable Z Axis controls while moving to location.
11/5/2024 10:03:55 [Information] Time remaining: 00:00:00 zTargetEndTime = 10:03:58
11/5/2024 10:03:55 [Information] Stepper Motor Controller Disable Z Axis controls while moving to location.
11/5/2024 10:03:55 [Information] Time remaining: 00:00:00 zTargetEndTime = 10:03:58
11/5/2024 10:03:55 [Information] Stepper Motor Controller Disable Z Axis controls while moving to location.
11/5/2024 10:03:55 [Information] Time remaining: 00:00:00 zTargetEndTime = 10:03:58
11/5/2024 10:03:55 [Information] Stepper Motor Controller Disable Z Axis controls while moving to location.
11/5/2024 10:03:55 [Information] Time remaining: 00:00:00 zTargetEndTime = 10:03:58
11/5/2024 10:03:55 [Information] Stepper Motor Controller Disable Z Axis controls while moving to location.
11/5/2024 10:03:55 [Information] Time remaining: 00:00:00 zTargetEndTime = 10:03:58
11/5/2024 10:03:55 [Information] Stepper Motor Controller Disable Z Axis controls while moving to location.
11/5/2024 10:03:55 [Information] Time remaining: 00:00:00 zTargetEndTime = 10:03:58
11/5/2024 10:03:55 [Information] Stepper Motor Controller Disable Z Axis controls while moving to location.
11/5/2024 10:03:55 [Information] Time remaining: 00:00:00 zTargetEndTime = 10:03:58
11/5/2024 10:03:55 [Information] Stepper Motor Controller Disable Z Axis controls while moving to location.
11/5/2024 10:03:55 [Information] Time remaining: 00:00:00 zTargetEndTime = 10:03:58
11/5/2024 10:03:55 [Information] Stepper Motor Controller Disable Z Axis controls while moving to location.
11/5/2024 10:03:55 [Information] Time remaining: 00:00:00 zTargetEndTime = 10:03:58
11/5/2024 10:03:55 [Information] Stepper Motor Controller Disable Z Axis controls while moving to location.
11/5/2024 10:03:55 [Information] Time remaining: 00:00:00 zTargetEndTime = 10:03:58
11/5/2024 10:03:55 [Information] Stepper Motor Controller Disable Z Axis controls while moving to location.
11/5/2024 10:03:55 [Information] Time remaining: 00:00:00 zTargetEndTime = 10:03:58
11/5/2024 10:03:55 [Information] Stepper Motor Controller Disable Z Axis controls while moving to location.
11/5/2024 10:03:55 [Information] Time remaining: 00:00:00 zTargetEndTime = 10:03:58
11/5/2024 10:03:55 [Information] Stepper Motor Controller Disable Z Axis controls while moving to location.
11/5/2024 10:03:55 [Information] Time remaining: 00:00:00 zTargetEndTime = 10:03:58
11/5/2024 10:03:55 [Information] Stepper Motor Controller Disable Z Axis controls while moving to location.
11/5/2024 10:03:55 [Information] Time remaining: 00:00:00 zTargetEndTime = 10:03:58
11/5/2024 10:03:55 [Information] Stepper Motor Controller Disable Z Axis controls while moving to location.
11/5/2024 10:03:55 [Information] Time remaining: 00:00:00 zTargetEndTime = 10:03:58
11/5/2024 10:03:55 [Information] Stepper Motor Controller Disable Z Axis controls while moving to location.
11/5/2024 10:03:55 [Information] Time remaining: 00:00:00 zTargetEndTime = 10:03:58
11/5/2024 10:03:55 [Information] Stepper Motor Controller Disable Z Axis controls while moving to location.
11/5/2024 10:03:55 [Information] Time remaining: 00:00:00 zTargetEndTime = 10:03:58
11/5/2024 10:03:55 [Information] Stepper Motor Controller Disable Z Axis controls while moving to location.
11/5/2024 10:03:55 [Information] Time remaining: 00:00:00 zTargetEndTime = 10:03:58
11/5/2024 10:03:55 [Information] Stepper Motor Controller Disable Z Axis controls while moving to location.
11/5/2024 10:03:55 [Information] Time remaining: 00:00:00 zTargetEndTime = 10:03:58
11/5/2024 10:03:55 [Information] Stepper Motor Controller Disable Z Axis controls while moving to location.
11/5/2024 10:03:55 [Information] Time remaining: 00:00:00 zTargetEndTime = 10:03:58
11/5/2024 10:03:55 [Information] Stepper Motor Controller Disable Z Axis controls while moving to location.
11/5/2024 10:03:55 [Information] Time remaining: 00:00:00 zTargetEndTime = 10:03:58
11/5/2024 10:03:55 [Information] Stepper Motor Controller Disable Z Axis controls while moving to location.
11/5/2024 10:03:55 [Information] Time remaining: 00:00:00 zTargetEndTime = 10:03:58
11/5/2024 10:03:55 [Information] Stepper Motor Controller Disable Z Axis controls while moving to location.
11/5/2024 10:03:55 [Information] Time remaining: 00:00:00 zTargetEndTime = 10:03:58
11/5/2024 10:03:55 [Information] Stepper Motor Controller Disable Z Axis controls while moving to location.
11/5/2024 10:03:55 [Information] Time remaining: 00:00:00 zTargetEndTime = 10:03:58
11/5/2024 10:03:55 [Information] Stepper Motor Controller Disable Z Axis controls while moving to location.
11/5/2024 10:03:55 [Information] Time remaining: 00:00:00 zTargetEndTime = 10:03:58
11/5/2024 10:03:55 [Information] Stepper Motor Controller Disable Z Axis controls while moving to location.
11/5/2024 10:03:55 [Information] Time remaining: 00:00:00 zTargetEndTime = 10:03:58
11/5/2024 10:03:55 [Information] Stepper Motor Controller Disable Z Axis controls while moving to location.
11/5/2024 10:03:55 [Information] Time remaining: 00:00:00 zTargetEndTime = 10:03:58
11/5/2024 10:03:55 [Information] Stepper Motor Controller Disable Z Axis controls while moving to location.
11/5/2024 10:03:55 [Information] Time remaining: 00:00:00 zTargetEndTime = 10:03:58
11/5/2024 10:03:55 [Information] Stepper Motor Controller Disable Z Axis controls while moving to location.
11/5/2024 10:03:55 [Information] Time remaining: 00:00:00 zTargetEndTime = 10:03:58
11/5/2024 10:03:55 [Information] Stepper Motor Controller Disable Z Axis controls while moving to location.
11/5/2024 10:03:55 [Information] Time remaining: 00:00:00 zTargetEndTime = 10:03:58
11/5/2024 10:03:55 [Information] Stepper Motor Controller Disable Z Axis controls while moving to location.
11/5/2024 10:03:55 [Information] Time remaining: 00:00:00 zTargetEndTime = 10:03:58
11/5/2024 10:03:55 [Information] Stepper Motor Controller Disable Z Axis controls while moving to location.
11/5/2024 10:03:55 [Information] Time remaining: 00:00:00 zTargetEndTime = 10:03:58
11/5/2024 10:03:55 [Information] Stepper Motor Controller Disable Z Axis controls while moving to location.
11/5/2024 10:03:55 [Information] Time remaining: 00:00:00 zTargetEndTime = 10:03:58
11/5/2024 10:03:55 [Information] Stepper Motor Controller Disable Z Axis controls while moving to location.
11/5/2024 10:03:55 [Information] Time remaining: 00:00:00 zTargetEndTime = 10:03:58
11/5/2024 10:03:55 [Information] Stepper Motor Controller Disable Z Axis controls while moving to location.
11/5/2024 10:03:55 [Information] Time remaining: 00:00:00 zTargetEndTime = 10:03:58
11/5/2024 10:03:55 [Information] Stepper Motor Controller Disable Z Axis controls while moving to location.
11/5/2024 10:03:55 [Information] Time remaining: 00:00:00 zTargetEndTime = 10:03:58
11/5/2024 10:03:55 [Information] Stepper Motor Controller Disable Z Axis controls while moving to location.
11/5/2024 10:03:55 [Information] Time remaining: 00:00:00 zTargetEndTime = 10:03:58
11/5/2024 10:03:55 [Information] Stepper Motor Controller Disable Z Axis controls while moving to location.
11/5/2024 10:03:55 [Information] Time remaining: 00:00:00 zTargetEndTime = 10:03:58
11/5/2024 10:03:55 [Information] Stepper Motor Controller Disable Z Axis controls while moving to location.
11/5/2024 10:03:55 [Information] Time remaining: 00:00:00 zTargetEndTime = 10:03:58
11/5/2024 10:03:55 [Information] Stepper Motor Controller Disable Z Axis controls while moving to location.
11/5/2024 10:03:55 [Information] Time remaining: 00:00:00 zTargetEndTime = 10:03:58
11/5/2024 10:03:55 [Information] Stepper Motor Controller Disable Z Axis controls while moving to location.
11/5/2024 10:03:55 [Information] Time remaining: 00:00:00 zTargetEndTime = 10:03:58
11/5/2024 10:03:55 [Information] Stepper Motor Controller Disable Z Axis controls while moving to location.
11/5/2024 10:03:55 [Information] Time remaining: 00:00:00 zTargetEndTime = 10:03:58
11/5/2024 10:03:55 [Information] Stepper Motor Controller Disable Z Axis controls while moving to location.
11/5/2024 10:03:55 [Information] Time remaining: 00:00:00 zTargetEndTime = 10:03:58
11/5/2024 10:03:55 [Information] Stepper Motor Controller Disable Z Axis controls while moving to location.
11/5/2024 10:03:55 [Information] Time remaining: 00:00:00 zTargetEndTime = 10:03:58
11/5/2024 10:03:55 [Information] Stepper Motor Controller Disable Z Axis controls while moving to location.
11/5/2024 10:03:55 [Information] Time remaining: 00:00:00 zTargetEndTime = 10:03:58
11/5/2024 10:03:55 [Information] Stepper Motor Controller Disable Z Axis controls while moving to location.
11/5/2024 10:03:55 [Information] Time remaining: 00:00:00 zTargetEndTime = 10:03:58
11/5/2024 10:03:55 [Information] Stepper Motor Controller Disable Z Axis controls while moving to location.
11/5/2024 10:03:55 [Information] Time remaining: 00:00:00 zTargetEndTime = 10:03:58
11/5/2024 10:03:55 [Information] Stepper Motor Controller Disable Z Axis controls while moving to location.
11/5/2024 10:03:55 [Information] Time remaining: 00:00:00 zTargetEndTime = 10:03:58
11/5/2024 10:03:55 [Information] Stepper Motor Controller Disable Z Axis controls while moving to location.
11/5/2024 10:03:55 [Information] Time remaining: 00:00:00 zTargetEndTime = 10:03:58
11/5/2024 10:03:55 [Information] Stepper Motor Controller Disable Z Axis controls while moving to location.
11/5/2024 10:03:55 [Information] Time remaining: 00:00:00 zTargetEndTime = 10:03:58
11/5/2024 10:03:55 [Information] Stepper Motor Controller Disable Z Axis controls while moving to location.
11/5/2024 10:03:55 [Information] Time remaining: 00:00:00 zTargetEndTime = 10:03:58
11/5/2024 10:03:56 [Information] Stepper Motor Controller Disable Z Axis controls while moving to location.
11/5/2024 10:03:56 [Information] Time remaining: 00:00:00 zTargetEndTime = 10:03:58
11/5/2024 10:03:56 [Information] Stepper Motor Controller Disable Z Axis controls while moving to location.
11/5/2024 10:03:56 [Information] Time remaining: 00:00:00 zTargetEndTime = 10:03:58
11/5/2024 10:03:56 [Information] Stepper Motor Controller Disable Z Axis controls while moving to location.
11/5/2024 10:03:56 [Information] Time remaining: 00:00:00 zTargetEndTime = 10:03:58
11/5/2024 10:03:56 [Information] Stepper Motor Controller Disable Z Axis controls while moving to location.
11/5/2024 10:03:56 [Information] Time remaining: 00:00:00 zTargetEndTime = 10:03:58
11/5/2024 10:03:56 [Information] Stepper Motor Controller Disable Z Axis controls while moving to location.
11/5/2024 10:03:56 [Information] Time remaining: 00:00:01 zTargetEndTime = 10:03:58
11/5/2024 10:03:56 [Information] Stepper Motor Controller Disable Z Axis controls while moving to location.
11/5/2024 10:03:56 [Information] Time remaining: 00:00:01 zTargetEndTime = 10:03:58
11/5/2024 10:03:56 [Information] Stepper Motor Controller Disable Z Axis controls while moving to location.
11/5/2024 10:03:56 [Information] Time remaining: 00:00:01 zTargetEndTime = 10:03:58
11/5/2024 10:03:56 [Information] Stepper Motor Controller Disable Z Axis controls while moving to location.
11/5/2024 10:03:56 [Information] Time remaining: 00:00:01 zTargetEndTime = 10:03:58
11/5/2024 10:03:56 [Information] Stepper Motor Controller Disable Z Axis controls while moving to location.
11/5/2024 10:03:56 [Information] Time remaining: 00:00:01 zTargetEndTime = 10:03:58
11/5/2024 10:03:56 [Information] Stepper Motor Controller Disable Z Axis controls while moving to location.
11/5/2024 10:03:56 [Information] Time remaining: 00:00:01 zTargetEndTime = 10:03:58
11/5/2024 10:03:56 [Information] Stepper Motor Controller Disable Z Axis controls while moving to location.
11/5/2024 10:03:56 [Information] Time remaining: 00:00:01 zTargetEndTime = 10:03:58
11/5/2024 10:03:56 [Information] Stepper Motor Controller Disable Z Axis controls while moving to location.
11/5/2024 10:03:56 [Information] Time remaining: 00:00:01 zTargetEndTime = 10:03:58
11/5/2024 10:03:56 [Information] Stepper Motor Controller Disable Z Axis controls while moving to location.
11/5/2024 10:03:56 [Information] Time remaining: 00:00:01 zTargetEndTime = 10:03:58
11/5/2024 10:03:56 [Information] Stepper Motor Controller Disable Z Axis controls while moving to location.
11/5/2024 10:03:56 [Information] Time remaining: 00:00:01 zTargetEndTime = 10:03:58
11/5/2024 10:03:56 [Information] Stepper Motor Controller Disable Z Axis controls while moving to location.
11/5/2024 10:03:56 [Information] Time remaining: 00:00:01 zTargetEndTime = 10:03:58
11/5/2024 10:03:56 [Information] Stepper Motor Controller Disable Z Axis controls while moving to location.
11/5/2024 10:03:56 [Information] Time remaining: 00:00:01 zTargetEndTime = 10:03:58
11/5/2024 10:03:56 [Information] Stepper Motor Controller Disable Z Axis controls while moving to location.
11/5/2024 10:03:56 [Information] Time remaining: 00:00:01 zTargetEndTime = 10:03:58
11/5/2024 10:03:56 [Information] Stepper Motor Controller Disable Z Axis controls while moving to location.
11/5/2024 10:03:56 [Information] Time remaining: 00:00:01 zTargetEndTime = 10:03:58
11/5/2024 10:03:56 [Information] Stepper Motor Controller Disable Z Axis controls while moving to location.
11/5/2024 10:03:56 [Information] Time remaining: 00:00:01 zTargetEndTime = 10:03:58
11/5/2024 10:03:56 [Information] Stepper Motor Controller Disable Z Axis controls while moving to location.
11/5/2024 10:03:56 [Information] Time remaining: 00:00:01 zTargetEndTime = 10:03:58
11/5/2024 10:03:56 [Information] Stepper Motor Controller Disable Z Axis controls while moving to location.
11/5/2024 10:03:56 [Information] Time remaining: 00:00:01 zTargetEndTime = 10:03:58
11/5/2024 10:03:56 [Information] Stepper Motor Controller Disable Z Axis controls while moving to location.
11/5/2024 10:03:56 [Information] Time remaining: 00:00:01 zTargetEndTime = 10:03:58
11/5/2024 10:03:56 [Information] Stepper Motor Controller Disable Z Axis controls while moving to location.
11/5/2024 10:03:56 [Information] Time remaining: 00:00:01 zTargetEndTime = 10:03:58
11/5/2024 10:03:56 [Information] Stepper Motor Controller Disable Z Axis controls while moving to location.
11/5/2024 10:03:56 [Information] Time remaining: 00:00:01 zTargetEndTime = 10:03:58
11/5/2024 10:03:56 [Information] Stepper Motor Controller Disable Z Axis controls while moving to location.
11/5/2024 10:03:56 [Information] Time remaining: 00:00:01 zTargetEndTime = 10:03:58
11/5/2024 10:03:56 [Information] Stepper Motor Controller Disable Z Axis controls while moving to location.
11/5/2024 10:03:56 [Information] Time remaining: 00:00:01 zTargetEndTime = 10:03:58
11/5/2024 10:03:56 [Information] Stepper Motor Controller Disable Z Axis controls while moving to location.
11/5/2024 10:03:56 [Information] Time remaining: 00:00:01 zTargetEndTime = 10:03:58
11/5/2024 10:03:56 [Information] Stepper Motor Controller Disable Z Axis controls while moving to location.
11/5/2024 10:03:56 [Information] Time remaining: 00:00:01 zTargetEndTime = 10:03:58
11/5/2024 10:03:56 [Information] Stepper Motor Controller Disable Z Axis controls while moving to location.
11/5/2024 10:03:56 [Information] Time remaining: 00:00:01 zTargetEndTime = 10:03:58
11/5/2024 10:03:56 [Information] Stepper Motor Controller Disable Z Axis controls while moving to location.
11/5/2024 10:03:56 [Information] Time remaining: 00:00:01 zTargetEndTime = 10:03:58
11/5/2024 10:03:56 [Information] Stepper Motor Controller Disable Z Axis controls while moving to location.
11/5/2024 10:03:56 [Information] Time remaining: 00:00:01 zTargetEndTime = 10:03:58
11/5/2024 10:03:56 [Information] Stepper Motor Controller Disable Z Axis controls while moving to location.
11/5/2024 10:03:56 [Information] Time remaining: 00:00:01 zTargetEndTime = 10:03:58
11/5/2024 10:03:56 [Information] Stepper Motor Controller Disable Z Axis controls while moving to location.
11/5/2024 10:03:56 [Information] Time remaining: 00:00:01 zTargetEndTime = 10:03:58
11/5/2024 10:03:56 [Information] Stepper Motor Controller Disable Z Axis controls while moving to location.
11/5/2024 10:03:56 [Information] Time remaining: 00:00:01 zTargetEndTime = 10:03:58
11/5/2024 10:03:56 [Information] Stepper Motor Controller Disable Z Axis controls while moving to location.
11/5/2024 10:03:56 [Information] Time remaining: 00:00:01 zTargetEndTime = 10:03:58
11/5/2024 10:03:56 [Information] Stepper Motor Controller Disable Z Axis controls while moving to location.
11/5/2024 10:03:56 [Information] Time remaining: 00:00:01 zTargetEndTime = 10:03:58
11/5/2024 10:03:56 [Information] Stepper Motor Controller Disable Z Axis controls while moving to location.
11/5/2024 10:03:56 [Information] Time remaining: 00:00:01 zTargetEndTime = 10:03:58
11/5/2024 10:03:56 [Information] Stepper Motor Controller Disable Z Axis controls while moving to location.
11/5/2024 10:03:56 [Information] Time remaining: 00:00:01 zTargetEndTime = 10:03:58
11/5/2024 10:03:56 [Information] Stepper Motor Controller Disable Z Axis controls while moving to location.
11/5/2024 10:03:56 [Information] Time remaining: 00:00:01 zTargetEndTime = 10:03:58
11/5/2024 10:03:56 [Information] Stepper Motor Controller Disable Z Axis controls while moving to location.
11/5/2024 10:03:56 [Information] Time remaining: 00:00:01 zTargetEndTime = 10:03:58
11/5/2024 10:03:56 [Information] Stepper Motor Controller Disable Z Axis controls while moving to location.
11/5/2024 10:03:56 [Information] Time remaining: 00:00:01 zTargetEndTime = 10:03:58
11/5/2024 10:03:56 [Information] Stepper Motor Controller Disable Z Axis controls while moving to location.
11/5/2024 10:03:56 [Information] Time remaining: 00:00:01 zTargetEndTime = 10:03:58
11/5/2024 10:03:56 [Information] Stepper Motor Controller Disable Z Axis controls while moving to location.
11/5/2024 10:03:56 [Information] Time remaining: 00:00:01 zTargetEndTime = 10:03:58
11/5/2024 10:03:56 [Information] Stepper Motor Controller Disable Z Axis controls while moving to location.
11/5/2024 10:03:56 [Information] Time remaining: 00:00:01 zTargetEndTime = 10:03:58
11/5/2024 10:03:56 [Information] Stepper Motor Controller Disable Z Axis controls while moving to location.
11/5/2024 10:03:56 [Information] Time remaining: 00:00:01 zTargetEndTime = 10:03:58
11/5/2024 10:03:56 [Information] Stepper Motor Controller Disable Z Axis controls while moving to location.
11/5/2024 10:03:56 [Information] Time remaining: 00:00:01 zTargetEndTime = 10:03:58
11/5/2024 10:03:56 [Information] Stepper Motor Controller Disable Z Axis controls while moving to location.
11/5/2024 10:03:56 [Information] Time remaining: 00:00:01 zTargetEndTime = 10:03:58
11/5/2024 10:03:56 [Information] Stepper Motor Controller Disable Z Axis controls while moving to location.
11/5/2024 10:03:56 [Information] Time remaining: 00:00:01 zTargetEndTime = 10:03:58
11/5/2024 10:03:56 [Information] Stepper Motor Controller Disable Z Axis controls while moving to location.
11/5/2024 10:03:56 [Information] Time remaining: 00:00:01 zTargetEndTime = 10:03:58
11/5/2024 10:03:56 [Information] Stepper Motor Controller Disable Z Axis controls while moving to location.
11/5/2024 10:03:56 [Information] Time remaining: 00:00:01 zTargetEndTime = 10:03:58
11/5/2024 10:03:56 [Information] Stepper Motor Controller Disable Z Axis controls while moving to location.
11/5/2024 10:03:56 [Information] Time remaining: 00:00:01 zTargetEndTime = 10:03:58
11/5/2024 10:03:56 [Information] Stepper Motor Controller Disable Z Axis controls while moving to location.
11/5/2024 10:03:56 [Information] Time remaining: 00:00:01 zTargetEndTime = 10:03:58
11/5/2024 10:03:56 [Information] Stepper Motor Controller Disable Z Axis controls while moving to location.
11/5/2024 10:03:56 [Information] Time remaining: 00:00:01 zTargetEndTime = 10:03:58
11/5/2024 10:03:56 [Information] Stepper Motor Controller Disable Z Axis controls while moving to location.
11/5/2024 10:03:56 [Information] Time remaining: 00:00:01 zTargetEndTime = 10:03:58
11/5/2024 10:03:56 [Information] Stepper Motor Controller Disable Z Axis controls while moving to location.
11/5/2024 10:03:56 [Information] Time remaining: 00:00:01 zTargetEndTime = 10:03:58
11/5/2024 10:03:56 [Information] Stepper Motor Controller Disable Z Axis controls while moving to location.
11/5/2024 10:03:56 [Information] Time remaining: 00:00:01 zTargetEndTime = 10:03:58
11/5/2024 10:03:56 [Information] Stepper Motor Controller Disable Z Axis controls while moving to location.
11/5/2024 10:03:56 [Information] Time remaining: 00:00:01 zTargetEndTime = 10:03:58
11/5/2024 10:03:56 [Information] Stepper Motor Controller Disable Z Axis controls while moving to location.
11/5/2024 10:03:56 [Information] Time remaining: 00:00:01 zTargetEndTime = 10:03:58
11/5/2024 10:03:56 [Information] Stepper Motor Controller Disable Z Axis controls while moving to location.
11/5/2024 10:03:56 [Information] Time remaining: 00:00:01 zTargetEndTime = 10:03:58
11/5/2024 10:03:57 [Information] Stepper Motor Controller Disable Z Axis controls while moving to location.
11/5/2024 10:03:57 [Information] Time remaining: 00:00:01 zTargetEndTime = 10:03:58
11/5/2024 10:03:57 [Information] Stepper Motor Controller Disable Z Axis controls while moving to location.
11/5/2024 10:03:57 [Information] Time remaining: 00:00:01 zTargetEndTime = 10:03:58
11/5/2024 10:03:57 [Information] Stepper Motor Controller Disable Z Axis controls while moving to location.
11/5/2024 10:03:57 [Information] Time remaining: 00:00:01 zTargetEndTime = 10:03:58
11/5/2024 10:03:57 [Information] Stepper Motor Controller Disable Z Axis controls while moving to location.
11/5/2024 10:03:57 [Information] Time remaining: 00:00:01 zTargetEndTime = 10:03:58
11/5/2024 10:03:57 [Information] Stepper Motor Controller Disable Z Axis controls while moving to location.
11/5/2024 10:03:57 [Information] Time remaining: 00:00:01 zTargetEndTime = 10:03:58
11/5/2024 10:03:57 [Information] Stepper Motor Controller Disable Z Axis controls while moving to location.
11/5/2024 10:03:57 [Information] Time remaining: 00:00:02 zTargetEndTime = 10:03:58
11/5/2024 10:03:57 [Information] Stepper Motor Controller Disable Z Axis controls while moving to location.
11/5/2024 10:03:57 [Information] Time remaining: 00:00:02 zTargetEndTime = 10:03:58
11/5/2024 10:03:57 [Information] Stepper Motor Controller Disable Z Axis controls while moving to location.
11/5/2024 10:03:57 [Information] Time remaining: 00:00:02 zTargetEndTime = 10:03:58
11/5/2024 10:03:57 [Information] Stepper Motor Controller Disable Z Axis controls while moving to location.
11/5/2024 10:03:57 [Information] Time remaining: 00:00:02 zTargetEndTime = 10:03:58
11/5/2024 10:03:57 [Information] Stepper Motor Controller Disable Z Axis controls while moving to location.
11/5/2024 10:03:57 [Information] Time remaining: 00:00:02 zTargetEndTime = 10:03:58
11/5/2024 10:03:57 [Information] Stepper Motor Controller Disable Z Axis controls while moving to location.
11/5/2024 10:03:57 [Information] Time remaining: 00:00:02 zTargetEndTime = 10:03:58
11/5/2024 10:03:57 [Information] Stepper Motor Controller Disable Z Axis controls while moving to location.
11/5/2024 10:03:57 [Information] Time remaining: 00:00:02 zTargetEndTime = 10:03:58
11/5/2024 10:03:57 [Information] Stepper Motor Controller Disable Z Axis controls while moving to location.
11/5/2024 10:03:57 [Information] Time remaining: 00:00:02 zTargetEndTime = 10:03:58
11/5/2024 10:03:57 [Information] Stepper Motor Controller Disable Z Axis controls while moving to location.
11/5/2024 10:03:57 [Information] Time remaining: 00:00:02 zTargetEndTime = 10:03:58
11/5/2024 10:03:57 [Information] Stepper Motor Controller Disable Z Axis controls while moving to location.
11/5/2024 10:03:57 [Information] Time remaining: 00:00:02 zTargetEndTime = 10:03:58
11/5/2024 10:03:57 [Information] Stepper Motor Controller Disable Z Axis controls while moving to location.
11/5/2024 10:03:57 [Information] Time remaining: 00:00:02 zTargetEndTime = 10:03:58
11/5/2024 10:03:57 [Information] Stepper Motor Controller Disable Z Axis controls while moving to location.
11/5/2024 10:03:57 [Information] Time remaining: 00:00:02 zTargetEndTime = 10:03:58
11/5/2024 10:03:57 [Information] Stepper Motor Controller Disable Z Axis controls while moving to location.
11/5/2024 10:03:57 [Information] Time remaining: 00:00:02 zTargetEndTime = 10:03:58
11/5/2024 10:03:57 [Information] Stepper Motor Controller Disable Z Axis controls while moving to location.
11/5/2024 10:03:57 [Information] Time remaining: 00:00:02 zTargetEndTime = 10:03:58
11/5/2024 10:03:57 [Information] Stepper Motor Controller Disable Z Axis controls while moving to location.
11/5/2024 10:03:57 [Information] Time remaining: 00:00:02 zTargetEndTime = 10:03:58
11/5/2024 10:03:57 [Information] Stepper Motor Controller Disable Z Axis controls while moving to location.
11/5/2024 10:03:57 [Information] Time remaining: 00:00:02 zTargetEndTime = 10:03:58
11/5/2024 10:03:57 [Information] Stepper Motor Controller Disable Z Axis controls while moving to location.
11/5/2024 10:03:57 [Information] Time remaining: 00:00:02 zTargetEndTime = 10:03:58
11/5/2024 10:03:57 [Information] Stepper Motor Controller Disable Z Axis controls while moving to location.
11/5/2024 10:03:57 [Information] Time remaining: 00:00:02 zTargetEndTime = 10:03:58
11/5/2024 10:03:57 [Information] Stepper Motor Controller Disable Z Axis controls while moving to location.
11/5/2024 10:03:57 [Information] Time remaining: 00:00:02 zTargetEndTime = 10:03:58
11/5/2024 10:03:57 [Information] Stepper Motor Controller Disable Z Axis controls while moving to location.
11/5/2024 10:03:57 [Information] Time remaining: 00:00:02 zTargetEndTime = 10:03:58
11/5/2024 10:03:57 [Information] Stepper Motor Controller Disable Z Axis controls while moving to location.
11/5/2024 10:03:57 [Information] Time remaining: 00:00:02 zTargetEndTime = 10:03:58
11/5/2024 10:03:57 [Information] Stepper Motor Controller Disable Z Axis controls while moving to location.
11/5/2024 10:03:57 [Information] Time remaining: 00:00:02 zTargetEndTime = 10:03:58
11/5/2024 10:03:57 [Information] Stepper Motor Controller Disable Z Axis controls while moving to location.
11/5/2024 10:03:57 [Information] Time remaining: 00:00:02 zTargetEndTime = 10:03:58
11/5/2024 10:03:57 [Information] Stepper Motor Controller Disable Z Axis controls while moving to location.
11/5/2024 10:03:57 [Information] Time remaining: 00:00:02 zTargetEndTime = 10:03:58
11/5/2024 10:03:57 [Information] Stepper Motor Controller Disable Z Axis controls while moving to location.
11/5/2024 10:03:57 [Information] Time remaining: 00:00:02 zTargetEndTime = 10:03:58
11/5/2024 10:03:57 [Information] Stepper Motor Controller Disable Z Axis controls while moving to location.
11/5/2024 10:03:57 [Information] Time remaining: 00:00:02 zTargetEndTime = 10:03:58
11/5/2024 10:03:57 [Information] Stepper Motor Controller Disable Z Axis controls while moving to location.
11/5/2024 10:03:57 [Information] Time remaining: 00:00:02 zTargetEndTime = 10:03:58
11/5/2024 10:03:57 [Information] Stepper Motor Controller Disable Z Axis controls while moving to location.
11/5/2024 10:03:57 [Information] Time remaining: 00:00:02 zTargetEndTime = 10:03:58
11/5/2024 10:03:57 [Information] Stepper Motor Controller Disable Z Axis controls while moving to location.
11/5/2024 10:03:57 [Information] Time remaining: 00:00:02 zTargetEndTime = 10:03:58
11/5/2024 10:03:57 [Information] Stepper Motor Controller Disable Z Axis controls while moving to location.
11/5/2024 10:03:57 [Information] Time remaining: 00:00:02 zTargetEndTime = 10:03:58
11/5/2024 10:03:57 [Information] Stepper Motor Controller Disable Z Axis controls while moving to location.
11/5/2024 10:03:57 [Information] Time remaining: 00:00:02 zTargetEndTime = 10:03:58
11/5/2024 10:03:57 [Information] Stepper Motor Controller Disable Z Axis controls while moving to location.
11/5/2024 10:03:57 [Information] Time remaining: 00:00:02 zTargetEndTime = 10:03:58
11/5/2024 10:03:57 [Information] Stepper Motor Controller Disable Z Axis controls while moving to location.
11/5/2024 10:03:57 [Information] Time remaining: 00:00:02 zTargetEndTime = 10:03:58
11/5/2024 10:03:57 [Information] Stepper Motor Controller Disable Z Axis controls while moving to location.
11/5/2024 10:03:57 [Information] Time remaining: 00:00:02 zTargetEndTime = 10:03:58
11/5/2024 10:03:57 [Information] Stepper Motor Controller Disable Z Axis controls while moving to location.
11/5/2024 10:03:57 [Information] Time remaining: 00:00:02 zTargetEndTime = 10:03:58
11/5/2024 10:03:57 [Information] Stepper Motor Controller Disable Z Axis controls while moving to location.
11/5/2024 10:03:57 [Information] Time remaining: 00:00:02 zTargetEndTime = 10:03:58
11/5/2024 10:03:57 [Information] Stepper Motor Controller Disable Z Axis controls while moving to location.
11/5/2024 10:03:57 [Information] Time remaining: 00:00:02 zTargetEndTime = 10:03:58
11/5/2024 10:03:57 [Information] Stepper Motor Controller Disable Z Axis controls while moving to location.
11/5/2024 10:03:57 [Information] Time remaining: 00:00:02 zTargetEndTime = 10:03:58
11/5/2024 10:03:57 [Information] Stepper Motor Controller Disable Z Axis controls while moving to location.
11/5/2024 10:03:57 [Information] Time remaining: 00:00:02 zTargetEndTime = 10:03:58
11/5/2024 10:03:57 [Information] Stepper Motor Controller Disable Z Axis controls while moving to location.
11/5/2024 10:03:57 [Information] Time remaining: 00:00:02 zTargetEndTime = 10:03:58
11/5/2024 10:03:57 [Information] Stepper Motor Controller Disable Z Axis controls while moving to location.
11/5/2024 10:03:57 [Information] Time remaining: 00:00:02 zTargetEndTime = 10:03:58
11/5/2024 10:03:57 [Information] Stepper Motor Controller Disable Z Axis controls while moving to location.
11/5/2024 10:03:57 [Information] Time remaining: 00:00:02 zTargetEndTime = 10:03:58
11/5/2024 10:03:57 [Information] Stepper Motor Controller Disable Z Axis controls while moving to location.
11/5/2024 10:03:57 [Information] Time remaining: 00:00:02 zTargetEndTime = 10:03:58
11/5/2024 10:03:57 [Information] Stepper Motor Controller Disable Z Axis controls while moving to location.
11/5/2024 10:03:57 [Information] Time remaining: 00:00:02 zTargetEndTime = 10:03:58
11/5/2024 10:03:57 [Information] Stepper Motor Controller Disable Z Axis controls while moving to location.
11/5/2024 10:03:57 [Information] Time remaining: 00:00:02 zTargetEndTime = 10:03:58
11/5/2024 10:03:57 [Information] Stepper Motor Controller Disable Z Axis controls while moving to location.
11/5/2024 10:03:57 [Information] Time remaining: 00:00:02 zTargetEndTime = 10:03:58
11/5/2024 10:03:57 [Information] Stepper Motor Controller Disable Z Axis controls while moving to location.
11/5/2024 10:03:57 [Information] Time remaining: 00:00:02 zTargetEndTime = 10:03:58
11/5/2024 10:03:57 [Information] Stepper Motor Controller Disable Z Axis controls while moving to location.
11/5/2024 10:03:57 [Information] Time remaining: 00:00:02 zTargetEndTime = 10:03:58
11/5/2024 10:03:57 [Information] Stepper Motor Controller Disable Z Axis controls while moving to location.
11/5/2024 10:03:57 [Information] Time remaining: 00:00:02 zTargetEndTime = 10:03:58
11/5/2024 10:03:57 [Information] Stepper Motor Controller Disable Z Axis controls while moving to location.
11/5/2024 10:03:57 [Information] Time remaining: 00:00:02 zTargetEndTime = 10:03:58
11/5/2024 10:03:57 [Information] Stepper Motor Controller Disable Z Axis controls while moving to location.
11/5/2024 10:03:57 [Information] Time remaining: 00:00:02 zTargetEndTime = 10:03:58
11/5/2024 10:03:57 [Information] Stepper Motor Controller Disable Z Axis controls while moving to location.
11/5/2024 10:03:57 [Information] Time remaining: 00:00:02 zTargetEndTime = 10:03:58
11/5/2024 10:03:57 [Information] Stepper Motor Controller Disable Z Axis controls while moving to location.
11/5/2024 10:03:57 [Information] Time remaining: 00:00:02 zTargetEndTime = 10:03:58
11/5/2024 10:03:57 [Information] Stepper Motor Controller Disable Z Axis controls while moving to location.
11/5/2024 10:03:57 [Information] Time remaining: 00:00:02 zTargetEndTime = 10:03:58
11/5/2024 10:03:57 [Information] Stepper Motor Controller Disable Z Axis controls while moving to location.
11/5/2024 10:03:57 [Information] Time remaining: 00:00:02 zTargetEndTime = 10:03:58
11/5/2024 10:03:58 [Information] Stepper Motor Controller Disable Z Axis controls while moving to location.
11/5/2024 10:03:58 [Information] Time remaining: 00:00:02 zTargetEndTime = 10:03:58
11/5/2024 10:03:58 [Information] Stepper Motor Controller Disable Z Axis controls while moving to location.
11/5/2024 10:03:58 [Information] Time remaining: 00:00:02 zTargetEndTime = 10:03:58
11/5/2024 10:03:58 [Information] Stepper Motor Controller Disable Z Axis controls while moving to location.
11/5/2024 10:03:58 [Information] Time remaining: 00:00:02 zTargetEndTime = 10:03:58
11/5/2024 10:03:58 [Information] Stepper Motor Controller Disable Z Axis controls while moving to location.
11/5/2024 10:03:58 [Information] Time remaining: 00:00:02 zTargetEndTime = 10:03:58
11/5/2024 10:03:58 [Information] Stepper Motor Controller Disable Z Axis controls while moving to location.
11/5/2024 10:03:58 [Information] Time remaining: 00:00:02 zTargetEndTime = 10:03:58
11/5/2024 10:03:58 [Information] Stepper Motor Controller Enable Z Axis controls after moving to location.
11/5/2024 10:03:58 [Information] Stepper Motor Controller Stopwatch Stopped.
11/5/2024 10:03:58 [Information] Stepper Motor Controller Timer Stopped.
11/5/2024 10:03:58 [Information] Stepper Motor Controller Stopwatch Reset.
11/5/2024 10:04:08 [Information] Z Axis mouse controlled Keypad returned: 25.22
11/5/2024 10:04:10 [Information] ZAxisRun_Click button clicked:
11/5/2024 10:04:10 [Information] Z Axis MotorMovementSeconds decimal: (25.22 / 4) / 2 = 3.1525
11/5/2024 10:04:10 [Information] Z Axis myMovementTimer int: 1000 * 3.1525 = 3000
11/5/2024 10:04:11 [Information] Z Axis Run Event: Z,0.00,400.00,0,0.00,400.00,0,0.00,400.00,0
11/5/2024 10:04:11 [Information] Z Axis Current Time: 10:04:11 + 3000 = zTargetEndTime: 10:04:14
11/5/2024 10:04:11 [Information] Stepper Motor Controller Disable Z Axis controls while moving to location.
11/5/2024 10:04:11 [Information] Time remaining: 00:00:00 zTargetEndTime = 10:04:14
11/5/2024 10:04:11 [Information] Stepper Motor Controller Disable Z Axis controls while moving to location.
11/5/2024 10:04:11 [Information] Time remaining: 00:00:00 zTargetEndTime = 10:04:14
11/5/2024 10:04:11 [Information] Stepper Motor Controller Disable Z Axis controls while moving to location.
11/5/2024 10:04:11 [Information] Time remaining: 00:00:00 zTargetEndTime = 10:04:14
11/5/2024 10:04:11 [Information] Stepper Motor Controller Disable Z Axis controls while moving to location.
11/5/2024 10:04:11 [Information] Time remaining: 00:00:00 zTargetEndTime = 10:04:14
11/5/2024 10:04:11 [Information] Stepper Motor Controller Disable Z Axis controls while moving to location.
11/5/2024 10:04:11 [Information] Time remaining: 00:00:00 zTargetEndTime = 10:04:14
11/5/2024 10:04:11 [Information] Stepper Motor Controller Disable Z Axis controls while moving to location.
11/5/2024 10:04:11 [Information] Time remaining: 00:00:00 zTargetEndTime = 10:04:14
11/5/2024 10:04:11 [Information] Stepper Motor Controller Disable Z Axis controls while moving to location.
11/5/2024 10:04:11 [Information] Time remaining: 00:00:00 zTargetEndTime = 10:04:14
11/5/2024 10:04:11 [Information] Stepper Motor Controller Disable Z Axis controls while moving to location.
11/5/2024 10:04:11 [Information] Time remaining: 00:00:00 zTargetEndTime = 10:04:14
11/5/2024 10:04:11 [Information] Stepper Motor Controller Disable Z Axis controls while moving to location.
11/5/2024 10:04:11 [Information] Time remaining: 00:00:00 zTargetEndTime = 10:04:14
11/5/2024 10:04:11 [Information] Stepper Motor Controller Disable Z Axis controls while moving to location.
11/5/2024 10:04:11 [Information] Time remaining: 00:00:00 zTargetEndTime = 10:04:14
11/5/2024 10:04:11 [Information] Stepper Motor Controller Disable Z Axis controls while moving to location.
11/5/2024 10:04:11 [Information] Time remaining: 00:00:00 zTargetEndTime = 10:04:14
11/5/2024 10:04:11 [Information] Stepper Motor Controller Disable Z Axis controls while moving to location.
11/5/2024 10:04:11 [Information] Time remaining: 00:00:00 zTargetEndTime = 10:04:14
11/5/2024 10:04:11 [Information] Stepper Motor Controller Disable Z Axis controls while moving to location.
11/5/2024 10:04:11 [Information] Time remaining: 00:00:00 zTargetEndTime = 10:04:14
11/5/2024 10:04:11 [Information] Stepper Motor Controller Disable Z Axis controls while moving to location.
11/5/2024 10:04:11 [Information] Time remaining: 00:00:00 zTargetEndTime = 10:04:14
11/5/2024 10:04:11 [Information] Stepper Motor Controller Disable Z Axis controls while moving to location.
11/5/2024 10:04:11 [Information] Time remaining: 00:00:00 zTargetEndTime = 10:04:14
11/5/2024 10:04:11 [Information] Stepper Motor Controller Disable Z Axis controls while moving to location.
11/5/2024 10:04:11 [Information] Time remaining: 00:00:00 zTargetEndTime = 10:04:14
11/5/2024 10:04:11 [Information] Stepper Motor Controller Disable Z Axis controls while moving to location.
11/5/2024 10:04:11 [Information] Time remaining: 00:00:00 zTargetEndTime = 10:04:14
11/5/2024 10:04:11 [Information] Stepper Motor Controller Disable Z Axis controls while moving to location.
11/5/2024 10:04:11 [Information] Time remaining: 00:00:00 zTargetEndTime = 10:04:14
11/5/2024 10:04:11 [Information] Stepper Motor Controller Disable Z Axis controls while moving to location.
11/5/2024 10:04:11 [Information] Time remaining: 00:00:00 zTargetEndTime = 10:04:14
11/5/2024 10:04:11 [Information] Stepper Motor Controller Disable Z Axis controls while moving to location.
11/5/2024 10:04:11 [Information] Time remaining: 00:00:00 zTargetEndTime = 10:04:14
11/5/2024 10:04:11 [Information] Stepper Motor Controller Disable Z Axis controls while moving to location.
11/5/2024 10:04:11 [Information] Time remaining: 00:00:00 zTargetEndTime = 10:04:14
11/5/2024 10:04:11 [Information] Stepper Motor Controller Disable Z Axis controls while moving to location.
11/5/2024 10:04:11 [Information] Time remaining: 00:00:00 zTargetEndTime = 10:04:14
11/5/2024 10:04:11 [Information] Stepper Motor Controller Disable Z Axis controls while moving to location.
11/5/2024 10:04:11 [Information] Time remaining: 00:00:00 zTargetEndTime = 10:04:14
11/5/2024 10:04:11 [Information] Stepper Motor Controller Disable Z Axis controls while moving to location.
11/5/2024 10:04:11 [Information] Time remaining: 00:00:00 zTargetEndTime = 10:04:14
11/5/2024 10:04:11 [Information] Stepper Motor Controller Disable Z Axis controls while moving to location.
11/5/2024 10:04:11 [Information] Time remaining: 00:00:00 zTargetEndTime = 10:04:14
11/5/2024 10:04:11 [Information] Stepper Motor Controller Disable Z Axis controls while moving to location.
11/5/2024 10:04:11 [Information] Time remaining: 00:00:00 zTargetEndTime = 10:04:14
11/5/2024 10:04:11 [Information] Stepper Motor Controller Disable Z Axis controls while moving to location.
11/5/2024 10:04:11 [Information] Time remaining: 00:00:00 zTargetEndTime = 10:04:14
11/5/2024 10:04:11 [Information] Stepper Motor Controller Disable Z Axis controls while moving to location.
11/5/2024 10:04:11 [Information] Time remaining: 00:00:00 zTargetEndTime = 10:04:14
11/5/2024 10:04:11 [Information] Stepper Motor Controller Disable Z Axis controls while moving to location.
11/5/2024 10:04:11 [Information] Time remaining: 00:00:00 zTargetEndTime = 10:04:14
11/5/2024 10:04:11 [Information] Stepper Motor Controller Disable Z Axis controls while moving to location.
11/5/2024 10:04:11 [Information] Time remaining: 00:00:00 zTargetEndTime = 10:04:14
11/5/2024 10:04:11 [Information] Stepper Motor Controller Disable Z Axis controls while moving to location.
11/5/2024 10:04:11 [Information] Time remaining: 00:00:00 zTargetEndTime = 10:04:14
11/5/2024 10:04:11 [Information] Stepper Motor Controller Disable Z Axis controls while moving to location.
11/5/2024 10:04:11 [Information] Time remaining: 00:00:00 zTargetEndTime = 10:04:14
11/5/2024 10:04:11 [Information] Stepper Motor Controller Disable Z Axis controls while moving to location.
11/5/2024 10:04:11 [Information] Time remaining: 00:00:00 zTargetEndTime = 10:04:14
11/5/2024 10:04:11 [Information] Stepper Motor Controller Disable Z Axis controls while moving to location.
11/5/2024 10:04:11 [Information] Time remaining: 00:00:00 zTargetEndTime = 10:04:14
11/5/2024 10:04:11 [Information] Stepper Motor Controller Disable Z Axis controls while moving to location.
11/5/2024 10:04:11 [Information] Time remaining: 00:00:00 zTargetEndTime = 10:04:14
11/5/2024 10:04:12 [Information] Stepper Motor Controller Disable Z Axis controls while moving to location.
11/5/2024 10:04:12 [Information] Time remaining: 00:00:00 zTargetEndTime = 10:04:14
11/5/2024 10:04:12 [Information] Stepper Motor Controller Disable Z Axis controls while moving to location.
11/5/2024 10:04:12 [Information] Time remaining: 00:00:00 zTargetEndTime = 10:04:14
11/5/2024 10:04:12 [Information] Stepper Motor Controller Disable Z Axis controls while moving to location.
11/5/2024 10:04:12 [Information] Time remaining: 00:00:00 zTargetEndTime = 10:04:14
11/5/2024 10:04:12 [Information] Stepper Motor Controller Disable Z Axis controls while moving to location.
11/5/2024 10:04:12 [Information] Time remaining: 00:00:00 zTargetEndTime = 10:04:14
11/5/2024 10:04:12 [Information] Stepper Motor Controller Disable Z Axis controls while moving to location.
11/5/2024 10:04:12 [Information] Time remaining: 00:00:00 zTargetEndTime = 10:04:14
11/5/2024 10:04:12 [Information] Stepper Motor Controller Disable Z Axis controls while moving to location.
11/5/2024 10:04:12 [Information] Time remaining: 00:00:00 zTargetEndTime = 10:04:14
11/5/2024 10:04:12 [Information] Stepper Motor Controller Disable Z Axis controls while moving to location.
11/5/2024 10:04:12 [Information] Time remaining: 00:00:00 zTargetEndTime = 10:04:14
11/5/2024 10:04:12 [Information] Stepper Motor Controller Disable Z Axis controls while moving to location.
11/5/2024 10:04:12 [Information] Time remaining: 00:00:00 zTargetEndTime = 10:04:14
11/5/2024 10:04:12 [Information] Stepper Motor Controller Disable Z Axis controls while moving to location.
11/5/2024 10:04:12 [Information] Time remaining: 00:00:00 zTargetEndTime = 10:04:14
11/5/2024 10:04:12 [Information] Stepper Motor Controller Disable Z Axis controls while moving to location.
11/5/2024 10:04:12 [Information] Time remaining: 00:00:00 zTargetEndTime = 10:04:14
11/5/2024 10:04:12 [Information] Stepper Motor Controller Disable Z Axis controls while moving to location.
11/5/2024 10:04:12 [Information] Time remaining: 00:00:00 zTargetEndTime = 10:04:14
11/5/2024 10:04:12 [Information] Stepper Motor Controller Disable Z Axis controls while moving to location.
11/5/2024 10:04:12 [Information] Time remaining: 00:00:00 zTargetEndTime = 10:04:14
11/5/2024 10:04:12 [Information] Stepper Motor Controller Disable Z Axis controls while moving to location.
11/5/2024 10:04:12 [Information] Time remaining: 00:00:00 zTargetEndTime = 10:04:14
11/5/2024 10:04:12 [Information] Stepper Motor Controller Disable Z Axis controls while moving to location.
11/5/2024 10:04:12 [Information] Time remaining: 00:00:00 zTargetEndTime = 10:04:14
11/5/2024 10:04:12 [Information] Stepper Motor Controller Disable Z Axis controls while moving to location.
11/5/2024 10:04:12 [Information] Time remaining: 00:00:00 zTargetEndTime = 10:04:14
11/5/2024 10:04:12 [Information] Stepper Motor Controller Disable Z Axis controls while moving to location.
11/5/2024 10:04:12 [Information] Time remaining: 00:00:00 zTargetEndTime = 10:04:14
11/5/2024 10:04:12 [Information] Stepper Motor Controller Disable Z Axis controls while moving to location.
11/5/2024 10:04:12 [Information] Time remaining: 00:00:00 zTargetEndTime = 10:04:14
11/5/2024 10:04:12 [Information] Stepper Motor Controller Disable Z Axis controls while moving to location.
11/5/2024 10:04:12 [Information] Time remaining: 00:00:00 zTargetEndTime = 10:04:14
11/5/2024 10:04:12 [Information] Stepper Motor Controller Disable Z Axis controls while moving to location.
11/5/2024 10:04:12 [Information] Time remaining: 00:00:00 zTargetEndTime = 10:04:14
11/5/2024 10:04:12 [Information] Stepper Motor Controller Disable Z Axis controls while moving to location.
11/5/2024 10:04:12 [Information] Time remaining: 00:00:00 zTargetEndTime = 10:04:14
11/5/2024 10:04:12 [Information] Stepper Motor Controller Disable Z Axis controls while moving to location.
11/5/2024 10:04:12 [Information] Time remaining: 00:00:00 zTargetEndTime = 10:04:14
11/5/2024 10:04:12 [Information] Stepper Motor Controller Disable Z Axis controls while moving to location.
11/5/2024 10:04:12 [Information] Time remaining: 00:00:00 zTargetEndTime = 10:04:14
11/5/2024 10:04:12 [Information] Stepper Motor Controller Disable Z Axis controls while moving to location.
11/5/2024 10:04:12 [Information] Time remaining: 00:00:01 zTargetEndTime = 10:04:14
11/5/2024 10:04:12 [Information] Stepper Motor Controller Disable Z Axis controls while moving to location.
11/5/2024 10:04:12 [Information] Time remaining: 00:00:01 zTargetEndTime = 10:04:14
11/5/2024 10:04:12 [Information] Stepper Motor Controller Disable Z Axis controls while moving to location.
11/5/2024 10:04:12 [Information] Time remaining: 00:00:01 zTargetEndTime = 10:04:14
11/5/2024 10:04:12 [Information] Stepper Motor Controller Disable Z Axis controls while moving to location.
11/5/2024 10:04:12 [Information] Time remaining: 00:00:01 zTargetEndTime = 10:04:14
11/5/2024 10:04:12 [Information] Stepper Motor Controller Disable Z Axis controls while moving to location.
11/5/2024 10:04:12 [Information] Time remaining: 00:00:01 zTargetEndTime = 10:04:14
11/5/2024 10:04:12 [Information] Stepper Motor Controller Disable Z Axis controls while moving to location.
11/5/2024 10:04:12 [Information] Time remaining: 00:00:01 zTargetEndTime = 10:04:14
11/5/2024 10:04:12 [Information] Stepper Motor Controller Disable Z Axis controls while moving to location.
11/5/2024 10:04:12 [Information] Time remaining: 00:00:01 zTargetEndTime = 10:04:14
11/5/2024 10:04:12 [Information] Stepper Motor Controller Disable Z Axis controls while moving to location.
11/5/2024 10:04:12 [Information] Time remaining: 00:00:01 zTargetEndTime = 10:04:14
11/5/2024 10:04:12 [Information] Stepper Motor Controller Disable Z Axis controls while moving to location.
11/5/2024 10:04:12 [Information] Time remaining: 00:00:01 zTargetEndTime = 10:04:14
11/5/2024 10:04:12 [Information] Stepper Motor Controller Disable Z Axis controls while moving to location.
11/5/2024 10:04:12 [Information] Time remaining: 00:00:01 zTargetEndTime = 10:04:14
11/5/2024 10:04:12 [Information] Stepper Motor Controller Disable Z Axis controls while moving to location.
11/5/2024 10:04:12 [Information] Time remaining: 00:00:01 zTargetEndTime = 10:04:14
11/5/2024 10:04:12 [Information] Stepper Motor Controller Disable Z Axis controls while moving to location.
11/5/2024 10:04:12 [Information] Time remaining: 00:00:01 zTargetEndTime = 10:04:14
11/5/2024 10:04:12 [Information] Stepper Motor Controller Disable Z Axis controls while moving to location.
11/5/2024 10:04:12 [Information] Time remaining: 00:00:01 zTargetEndTime = 10:04:14
11/5/2024 10:04:12 [Information] Stepper Motor Controller Disable Z Axis controls while moving to location.
11/5/2024 10:04:12 [Information] Time remaining: 00:00:01 zTargetEndTime = 10:04:14
11/5/2024 10:04:12 [Information] Stepper Motor Controller Disable Z Axis controls while moving to location.
11/5/2024 10:04:12 [Information] Time remaining: 00:00:01 zTargetEndTime = 10:04:14
11/5/2024 10:04:12 [Information] Stepper Motor Controller Disable Z Axis controls while moving to location.
11/5/2024 10:04:12 [Information] Time remaining: 00:00:01 zTargetEndTime = 10:04:14
11/5/2024 10:04:12 [Information] Stepper Motor Controller Disable Z Axis controls while moving to location.
11/5/2024 10:04:12 [Information] Time remaining: 00:00:01 zTargetEndTime = 10:04:14
11/5/2024 10:04:12 [Information] Stepper Motor Controller Disable Z Axis controls while moving to location.
11/5/2024 10:04:12 [Information] Time remaining: 00:00:01 zTargetEndTime = 10:04:14
11/5/2024 10:04:12 [Information] Stepper Motor Controller Disable Z Axis controls while moving to location.
11/5/2024 10:04:12 [Information] Time remaining: 00:00:01 zTargetEndTime = 10:04:14
11/5/2024 10:04:12 [Information] Stepper Motor Controller Disable Z Axis controls while moving to location.
11/5/2024 10:04:12 [Information] Time remaining: 00:00:01 zTargetEndTime = 10:04:14
11/5/2024 10:04:12 [Information] Stepper Motor Controller Disable Z Axis controls while moving to location.
11/5/2024 10:04:12 [Information] Time remaining: 00:00:01 zTargetEndTime = 10:04:14
11/5/2024 10:04:12 [Information] Stepper Motor Controller Disable Z Axis controls while moving to location.
11/5/2024 10:04:12 [Information] Time remaining: 00:00:01 zTargetEndTime = 10:04:14
11/5/2024 10:04:12 [Information] Stepper Motor Controller Disable Z Axis controls while moving to location.
11/5/2024 10:04:12 [Information] Time remaining: 00:00:01 zTargetEndTime = 10:04:14
11/5/2024 10:04:12 [Information] Stepper Motor Controller Disable Z Axis controls while moving to location.
11/5/2024 10:04:12 [Information] Time remaining: 00:00:01 zTargetEndTime = 10:04:14
11/5/2024 10:04:12 [Information] Stepper Motor Controller Disable Z Axis controls while moving to location.
11/5/2024 10:04:12 [Information] Time remaining: 00:00:01 zTargetEndTime = 10:04:14
11/5/2024 10:04:12 [Information] Stepper Motor Controller Disable Z Axis controls while moving to location.
11/5/2024 10:04:12 [Information] Time remaining: 00:00:01 zTargetEndTime = 10:04:14
11/5/2024 10:04:12 [Information] Stepper Motor Controller Disable Z Axis controls while moving to location.
11/5/2024 10:04:12 [Information] Time remaining: 00:00:01 zTargetEndTime = 10:04:14
11/5/2024 10:04:12 [Information] Stepper Motor Controller Disable Z Axis controls while moving to location.
11/5/2024 10:04:12 [Information] Time remaining: 00:00:01 zTargetEndTime = 10:04:14
11/5/2024 10:04:12 [Information] Stepper Motor Controller Disable Z Axis controls while moving to location.
11/5/2024 10:04:12 [Information] Time remaining: 00:00:01 zTargetEndTime = 10:04:14
11/5/2024 10:04:12 [Information] Stepper Motor Controller Disable Z Axis controls while moving to location.
11/5/2024 10:04:12 [Information] Time remaining: 00:00:01 zTargetEndTime = 10:04:14
11/5/2024 10:04:12 [Information] Stepper Motor Controller Disable Z Axis controls while moving to location.
11/5/2024 10:04:12 [Information] Time remaining: 00:00:01 zTargetEndTime = 10:04:14
11/5/2024 10:04:12 [Information] Stepper Motor Controller Disable Z Axis controls while moving to location.
11/5/2024 10:04:12 [Information] Time remaining: 00:00:01 zTargetEndTime = 10:04:14
11/5/2024 10:04:13 [Information] Stepper Motor Controller Disable Z Axis controls while moving to location.
11/5/2024 10:04:13 [Information] Time remaining: 00:00:01 zTargetEndTime = 10:04:14
11/5/2024 10:04:13 [Information] Stepper Motor Controller Disable Z Axis controls while moving to location.
11/5/2024 10:04:13 [Information] Time remaining: 00:00:01 zTargetEndTime = 10:04:14
11/5/2024 10:04:13 [Information] Stepper Motor Controller Disable Z Axis controls while moving to location.
11/5/2024 10:04:13 [Information] Time remaining: 00:00:01 zTargetEndTime = 10:04:14
11/5/2024 10:04:13 [Information] Stepper Motor Controller Disable Z Axis controls while moving to location.
11/5/2024 10:04:13 [Information] Time remaining: 00:00:01 zTargetEndTime = 10:04:14
11/5/2024 10:04:13 [Information] Stepper Motor Controller Disable Z Axis controls while moving to location.
11/5/2024 10:04:13 [Information] Time remaining: 00:00:01 zTargetEndTime = 10:04:14
11/5/2024 10:04:13 [Information] Stepper Motor Controller Disable Z Axis controls while moving to location.
11/5/2024 10:04:13 [Information] Time remaining: 00:00:01 zTargetEndTime = 10:04:14
11/5/2024 10:04:13 [Information] Stepper Motor Controller Disable Z Axis controls while moving to location.
11/5/2024 10:04:13 [Information] Time remaining: 00:00:01 zTargetEndTime = 10:04:14
11/5/2024 10:04:13 [Information] Stepper Motor Controller Disable Z Axis controls while moving to location.
11/5/2024 10:04:13 [Information] Time remaining: 00:00:01 zTargetEndTime = 10:04:14
11/5/2024 10:04:13 [Information] Stepper Motor Controller Disable Z Axis controls while moving to location.
11/5/2024 10:04:13 [Information] Time remaining: 00:00:01 zTargetEndTime = 10:04:14
11/5/2024 10:04:13 [Information] Stepper Motor Controller Disable Z Axis controls while moving to location.
11/5/2024 10:04:13 [Information] Time remaining: 00:00:01 zTargetEndTime = 10:04:14
11/5/2024 10:04:13 [Information] Stepper Motor Controller Disable Z Axis controls while moving to location.
11/5/2024 10:04:13 [Information] Time remaining: 00:00:01 zTargetEndTime = 10:04:14
11/5/2024 10:04:13 [Information] Stepper Motor Controller Disable Z Axis controls while moving to location.
11/5/2024 10:04:13 [Information] Time remaining: 00:00:01 zTargetEndTime = 10:04:14
11/5/2024 10:04:13 [Information] Stepper Motor Controller Disable Z Axis controls while moving to location.
11/5/2024 10:04:13 [Information] Time remaining: 00:00:01 zTargetEndTime = 10:04:14
11/5/2024 10:04:13 [Information] Stepper Motor Controller Disable Z Axis controls while moving to location.
11/5/2024 10:04:13 [Information] Time remaining: 00:00:01 zTargetEndTime = 10:04:14
11/5/2024 10:04:13 [Information] Stepper Motor Controller Disable Z Axis controls while moving to location.
11/5/2024 10:04:13 [Information] Time remaining: 00:00:01 zTargetEndTime = 10:04:14
11/5/2024 10:04:13 [Information] Stepper Motor Controller Disable Z Axis controls while moving to location.
11/5/2024 10:04:13 [Information] Time remaining: 00:00:01 zTargetEndTime = 10:04:14
11/5/2024 10:04:13 [Information] Stepper Motor Controller Disable Z Axis controls while moving to location.
11/5/2024 10:04:13 [Information] Time remaining: 00:00:01 zTargetEndTime = 10:04:14
11/5/2024 10:04:13 [Information] Stepper Motor Controller Disable Z Axis controls while moving to location.
11/5/2024 10:04:13 [Information] Time remaining: 00:00:01 zTargetEndTime = 10:04:14
11/5/2024 10:04:13 [Information] Stepper Motor Controller Disable Z Axis controls while moving to location.
11/5/2024 10:04:13 [Information] Time remaining: 00:00:01 zTargetEndTime = 10:04:14
11/5/2024 10:04:13 [Information] Stepper Motor Controller Disable Z Axis controls while moving to location.
11/5/2024 10:04:13 [Information] Time remaining: 00:00:01 zTargetEndTime = 10:04:14
11/5/2024 10:04:13 [Information] Stepper Motor Controller Disable Z Axis controls while moving to location.
11/5/2024 10:04:13 [Information] Time remaining: 00:00:01 zTargetEndTime = 10:04:14
11/5/2024 10:04:13 [Information] Stepper Motor Controller Disable Z Axis controls while moving to location.
11/5/2024 10:04:13 [Information] Time remaining: 00:00:01 zTargetEndTime = 10:04:14
11/5/2024 10:04:13 [Information] Stepper Motor Controller Disable Z Axis controls while moving to location.
11/5/2024 10:04:13 [Information] Time remaining: 00:00:01 zTargetEndTime = 10:04:14
11/5/2024 10:04:13 [Information] Stepper Motor Controller Disable Z Axis controls while moving to location.
11/5/2024 10:04:13 [Information] Time remaining: 00:00:01 zTargetEndTime = 10:04:14
11/5/2024 10:04:13 [Information] Stepper Motor Controller Disable Z Axis controls while moving to location.
11/5/2024 10:04:13 [Information] Time remaining: 00:00:01 zTargetEndTime = 10:04:14
11/5/2024 10:04:13 [Information] Stepper Motor Controller Disable Z Axis controls while moving to location.
11/5/2024 10:04:13 [Information] Time remaining: 00:00:02 zTargetEndTime = 10:04:14
11/5/2024 10:04:13 [Information] Stepper Motor Controller Disable Z Axis controls while moving to location.
11/5/2024 10:04:13 [Information] Time remaining: 00:00:02 zTargetEndTime = 10:04:14
11/5/2024 10:04:13 [Information] Stepper Motor Controller Disable Z Axis controls while moving to location.
11/5/2024 10:04:13 [Information] Time remaining: 00:00:02 zTargetEndTime = 10:04:14
11/5/2024 10:04:13 [Information] Stepper Motor Controller Disable Z Axis controls while moving to location.
11/5/2024 10:04:13 [Information] Time remaining: 00:00:02 zTargetEndTime = 10:04:14
11/5/2024 10:04:13 [Information] Stepper Motor Controller Disable Z Axis controls while moving to location.
11/5/2024 10:04:13 [Information] Time remaining: 00:00:02 zTargetEndTime = 10:04:14
11/5/2024 10:04:13 [Information] Stepper Motor Controller Disable Z Axis controls while moving to location.
11/5/2024 10:04:13 [Information] Time remaining: 00:00:02 zTargetEndTime = 10:04:14
11/5/2024 10:04:13 [Information] Stepper Motor Controller Disable Z Axis controls while moving to location.
11/5/2024 10:04:13 [Information] Time remaining: 00:00:02 zTargetEndTime = 10:04:14
11/5/2024 10:04:13 [Information] Stepper Motor Controller Disable Z Axis controls while moving to location.
11/5/2024 10:04:13 [Information] Time remaining: 00:00:02 zTargetEndTime = 10:04:14
11/5/2024 10:04:13 [Information] Stepper Motor Controller Disable Z Axis controls while moving to location.
11/5/2024 10:04:13 [Information] Time remaining: 00:00:02 zTargetEndTime = 10:04:14
11/5/2024 10:04:13 [Information] Stepper Motor Controller Disable Z Axis controls while moving to location.
11/5/2024 10:04:13 [Information] Time remaining: 00:00:02 zTargetEndTime = 10:04:14
11/5/2024 10:04:13 [Information] Stepper Motor Controller Disable Z Axis controls while moving to location.
11/5/2024 10:04:13 [Information] Time remaining: 00:00:02 zTargetEndTime = 10:04:14
11/5/2024 10:04:13 [Information] Stepper Motor Controller Disable Z Axis controls while moving to location.
11/5/2024 10:04:13 [Information] Time remaining: 00:00:02 zTargetEndTime = 10:04:14
11/5/2024 10:04:13 [Information] Stepper Motor Controller Disable Z Axis controls while moving to location.
11/5/2024 10:04:13 [Information] Time remaining: 00:00:02 zTargetEndTime = 10:04:14
11/5/2024 10:04:13 [Information] Stepper Motor Controller Disable Z Axis controls while moving to location.
11/5/2024 10:04:13 [Information] Time remaining: 00:00:02 zTargetEndTime = 10:04:14
11/5/2024 10:04:13 [Information] Stepper Motor Controller Disable Z Axis controls while moving to location.
11/5/2024 10:04:13 [Information] Time remaining: 00:00:02 zTargetEndTime = 10:04:14
11/5/2024 10:04:13 [Information] Stepper Motor Controller Disable Z Axis controls while moving to location.
11/5/2024 10:04:13 [Information] Time remaining: 00:00:02 zTargetEndTime = 10:04:14
11/5/2024 10:04:13 [Information] Stepper Motor Controller Disable Z Axis controls while moving to location.
11/5/2024 10:04:13 [Information] Time remaining: 00:00:02 zTargetEndTime = 10:04:14
11/5/2024 10:04:13 [Information] Stepper Motor Controller Disable Z Axis controls while moving to location.
11/5/2024 10:04:13 [Information] Time remaining: 00:00:02 zTargetEndTime = 10:04:14
11/5/2024 10:04:13 [Information] Stepper Motor Controller Disable Z Axis controls while moving to location.
11/5/2024 10:04:13 [Information] Time remaining: 00:00:02 zTargetEndTime = 10:04:14
11/5/2024 10:04:13 [Information] Stepper Motor Controller Disable Z Axis controls while moving to location.
11/5/2024 10:04:13 [Information] Time remaining: 00:00:02 zTargetEndTime = 10:04:14
11/5/2024 10:04:13 [Information] Stepper Motor Controller Disable Z Axis controls while moving to location.
11/5/2024 10:04:13 [Information] Time remaining: 00:00:02 zTargetEndTime = 10:04:14
11/5/2024 10:04:13 [Information] Stepper Motor Controller Disable Z Axis controls while moving to location.
11/5/2024 10:04:13 [Information] Time remaining: 00:00:02 zTargetEndTime = 10:04:14
11/5/2024 10:04:13 [Information] Stepper Motor Controller Disable Z Axis controls while moving to location.
11/5/2024 10:04:13 [Information] Time remaining: 00:00:02 zTargetEndTime = 10:04:14
11/5/2024 10:04:13 [Information] Stepper Motor Controller Disable Z Axis controls while moving to location.
11/5/2024 10:04:13 [Information] Time remaining: 00:00:02 zTargetEndTime = 10:04:14
11/5/2024 10:04:13 [Information] Stepper Motor Controller Disable Z Axis controls while moving to location.
11/5/2024 10:04:13 [Information] Time remaining: 00:00:02 zTargetEndTime = 10:04:14
11/5/2024 10:04:13 [Information] Stepper Motor Controller Disable Z Axis controls while moving to location.
11/5/2024 10:04:13 [Information] Time remaining: 00:00:02 zTargetEndTime = 10:04:14
11/5/2024 10:04:13 [Information] Stepper Motor Controller Disable Z Axis controls while moving to location.
11/5/2024 10:04:13 [Information] Time remaining: 00:00:02 zTargetEndTime = 10:04:14
11/5/2024 10:04:13 [Information] Stepper Motor Controller Disable Z Axis controls while moving to location.
11/5/2024 10:04:13 [Information] Time remaining: 00:00:02 zTargetEndTime = 10:04:14
11/5/2024 10:04:13 [Information] Stepper Motor Controller Disable Z Axis controls while moving to location.
11/5/2024 10:04:13 [Information] Time remaining: 00:00:02 zTargetEndTime = 10:04:14
11/5/2024 10:04:13 [Information] Stepper Motor Controller Disable Z Axis controls while moving to location.
11/5/2024 10:04:13 [Information] Time remaining: 00:00:02 zTargetEndTime = 10:04:14
11/5/2024 10:04:13 [Information] Stepper Motor Controller Disable Z Axis controls while moving to location.
11/5/2024 10:04:13 [Information] Time remaining: 00:00:02 zTargetEndTime = 10:04:14
11/5/2024 10:04:13 [Information] Stepper Motor Controller Disable Z Axis controls while moving to location.
11/5/2024 10:04:13 [Information] Time remaining: 00:00:02 zTargetEndTime = 10:04:14
11/5/2024 10:04:13 [Information] Stepper Motor Controller Disable Z Axis controls while moving to location.
11/5/2024 10:04:13 [Information] Time remaining: 00:00:02 zTargetEndTime = 10:04:14
11/5/2024 10:04:13 [Information] Stepper Motor Controller Disable Z Axis controls while moving to location.
11/5/2024 10:04:13 [Information] Time remaining: 00:00:02 zTargetEndTime = 10:04:14
11/5/2024 10:04:14 [Information] Stepper Motor Controller Disable Z Axis controls while moving to location.
11/5/2024 10:04:14 [Information] Time remaining: 00:00:02 zTargetEndTime = 10:04:14
11/5/2024 10:04:14 [Information] Stepper Motor Controller Disable Z Axis controls while moving to location.
11/5/2024 10:04:14 [Information] Time remaining: 00:00:02 zTargetEndTime = 10:04:14
11/5/2024 10:04:14 [Information] Stepper Motor Controller Disable Z Axis controls while moving to location.
11/5/2024 10:04:14 [Information] Time remaining: 00:00:02 zTargetEndTime = 10:04:14
11/5/2024 10:04:14 [Information] Stepper Motor Controller Disable Z Axis controls while moving to location.
11/5/2024 10:04:14 [Information] Time remaining: 00:00:02 zTargetEndTime = 10:04:14
11/5/2024 10:04:14 [Information] Stepper Motor Controller Disable Z Axis controls while moving to location.
11/5/2024 10:04:14 [Information] Time remaining: 00:00:02 zTargetEndTime = 10:04:14
11/5/2024 10:04:14 [Information] Stepper Motor Controller Disable Z Axis controls while moving to location.
11/5/2024 10:04:14 [Information] Time remaining: 00:00:02 zTargetEndTime = 10:04:14
11/5/2024 10:04:14 [Information] Stepper Motor Controller Disable Z Axis controls while moving to location.
11/5/2024 10:04:14 [Information] Time remaining: 00:00:02 zTargetEndTime = 10:04:14
11/5/2024 10:04:14 [Information] Stepper Motor Controller Disable Z Axis controls while moving to location.
11/5/2024 10:04:14 [Information] Time remaining: 00:00:02 zTargetEndTime = 10:04:14
11/5/2024 10:04:14 [Information] Stepper Motor Controller Disable Z Axis controls while moving to location.
11/5/2024 10:04:14 [Information] Time remaining: 00:00:02 zTargetEndTime = 10:04:14
11/5/2024 10:04:14 [Information] Stepper Motor Controller Disable Z Axis controls while moving to location.
11/5/2024 10:04:14 [Information] Time remaining: 00:00:02 zTargetEndTime = 10:04:14
11/5/2024 10:04:14 [Information] Stepper Motor Controller Disable Z Axis controls while moving to location.
11/5/2024 10:04:14 [Information] Time remaining: 00:00:02 zTargetEndTime = 10:04:14
11/5/2024 10:04:14 [Information] Stepper Motor Controller Disable Z Axis controls while moving to location.
11/5/2024 10:04:14 [Information] Time remaining: 00:00:02 zTargetEndTime = 10:04:14
11/5/2024 10:04:14 [Information] Stepper Motor Controller Disable Z Axis controls while moving to location.
11/5/2024 10:04:14 [Information] Time remaining: 00:00:02 zTargetEndTime = 10:04:14
11/5/2024 10:04:14 [Information] Stepper Motor Controller Disable Z Axis controls while moving to location.
11/5/2024 10:04:14 [Information] Time remaining: 00:00:02 zTargetEndTime = 10:04:14
11/5/2024 10:04:14 [Information] Stepper Motor Controller Disable Z Axis controls while moving to location.
11/5/2024 10:04:14 [Information] Time remaining: 00:00:02 zTargetEndTime = 10:04:14
11/5/2024 10:04:14 [Information] Stepper Motor Controller Disable Z Axis controls while moving to location.
11/5/2024 10:04:14 [Information] Time remaining: 00:00:02 zTargetEndTime = 10:04:14
11/5/2024 10:04:14 [Information] Stepper Motor Controller Disable Z Axis controls while moving to location.
11/5/2024 10:04:14 [Information] Time remaining: 00:00:02 zTargetEndTime = 10:04:14
11/5/2024 10:04:14 [Information] Stepper Motor Controller Disable Z Axis controls while moving to location.
11/5/2024 10:04:14 [Information] Time remaining: 00:00:02 zTargetEndTime = 10:04:14
11/5/2024 10:04:14 [Information] Stepper Motor Controller Disable Z Axis controls while moving to location.
11/5/2024 10:04:14 [Information] Time remaining: 00:00:02 zTargetEndTime = 10:04:14
11/5/2024 10:04:14 [Information] Stepper Motor Controller Disable Z Axis controls while moving to location.
11/5/2024 10:04:14 [Information] Time remaining: 00:00:02 zTargetEndTime = 10:04:14
11/5/2024 10:04:14 [Information] Stepper Motor Controller Disable Z Axis controls while moving to location.
11/5/2024 10:04:14 [Information] Time remaining: 00:00:02 zTargetEndTime = 10:04:14
11/5/2024 10:04:14 [Information] Stepper Motor Controller Disable Z Axis controls while moving to location.
11/5/2024 10:04:14 [Information] Time remaining: 00:00:02 zTargetEndTime = 10:04:14
11/5/2024 10:04:14 [Information] Stepper Motor Controller Disable Z Axis controls while moving to location.
11/5/2024 10:04:14 [Information] Time remaining: 00:00:02 zTargetEndTime = 10:04:14
11/5/2024 10:04:14 [Information] Stepper Motor Controller Disable Z Axis controls while moving to location.
11/5/2024 10:04:14 [Information] Time remaining: 00:00:02 zTargetEndTime = 10:04:14
11/5/2024 10:04:14 [Information] Stepper Motor Controller Enable Z Axis controls after moving to location.
11/5/2024 10:04:14 [Information] Stepper Motor Controller Stopwatch Stopped.
11/5/2024 10:04:14 [Information] Stepper Motor Controller Timer Stopped.
11/5/2024 10:04:14 [Information] Stepper Motor Controller Stopwatch Reset.
11/5/2024 10:04:17 [Information] ZAxisRun_Click button clicked:
11/5/2024 10:04:17 [Information] Z Axis MotorMovementSeconds decimal: (25.22 / 4) / 2 = 3.1525
11/5/2024 10:04:17 [Information] Z Axis myMovementTimer int: 1000 * 3.1525 = 3000
11/5/2024 10:04:18 [Information] Z Axis Run Event: Z,0.00,400.00,0,0.00,400.00,0,25.22,400.00,0
11/5/2024 10:04:18 [Information] Z Axis Current Time: 10:04:18 + 3000 = zTargetEndTime: 10:04:21
11/5/2024 10:04:18 [Information] Stepper Motor Controller Disable Z Axis controls while moving to location.
11/5/2024 10:04:18 [Information] Time remaining: 00:00:00 zTargetEndTime = 10:04:21
11/5/2024 10:04:18 [Information] Stepper Motor Controller Disable Z Axis controls while moving to location.
11/5/2024 10:04:18 [Information] Time remaining: 00:00:00 zTargetEndTime = 10:04:21
11/5/2024 10:04:18 [Information] Stepper Motor Controller Disable Z Axis controls while moving to location.
11/5/2024 10:04:18 [Information] Time remaining: 00:00:00 zTargetEndTime = 10:04:21
11/5/2024 10:04:18 [Information] Stepper Motor Controller Disable Z Axis controls while moving to location.
11/5/2024 10:04:18 [Information] Time remaining: 00:00:00 zTargetEndTime = 10:04:21
11/5/2024 10:04:18 [Information] Stepper Motor Controller Disable Z Axis controls while moving to location.
11/5/2024 10:04:18 [Information] Time remaining: 00:00:00 zTargetEndTime = 10:04:21
11/5/2024 10:04:18 [Information] Stepper Motor Controller Disable Z Axis controls while moving to location.
11/5/2024 10:04:18 [Information] Time remaining: 00:00:00 zTargetEndTime = 10:04:21
11/5/2024 10:04:18 [Information] Stepper Motor Controller Disable Z Axis controls while moving to location.
11/5/2024 10:04:18 [Information] Time remaining: 00:00:00 zTargetEndTime = 10:04:21
11/5/2024 10:04:18 [Information] Stepper Motor Controller Disable Z Axis controls while moving to location.
11/5/2024 10:04:18 [Information] Time remaining: 00:00:00 zTargetEndTime = 10:04:21
11/5/2024 10:04:18 [Information] Stepper Motor Controller Disable Z Axis controls while moving to location.
11/5/2024 10:04:18 [Information] Time remaining: 00:00:00 zTargetEndTime = 10:04:21
11/5/2024 10:04:18 [Information] Stepper Motor Controller Disable Z Axis controls while moving to location.
11/5/2024 10:04:18 [Information] Time remaining: 00:00:00 zTargetEndTime = 10:04:21
11/5/2024 10:04:18 [Information] Stepper Motor Controller Disable Z Axis controls while moving to location.
11/5/2024 10:04:18 [Information] Time remaining: 00:00:00 zTargetEndTime = 10:04:21
11/5/2024 10:04:18 [Information] Stepper Motor Controller Disable Z Axis controls while moving to location.
11/5/2024 10:04:18 [Information] Time remaining: 00:00:00 zTargetEndTime = 10:04:21
11/5/2024 10:04:18 [Information] Stepper Motor Controller Disable Z Axis controls while moving to location.
11/5/2024 10:04:18 [Information] Time remaining: 00:00:00 zTargetEndTime = 10:04:21
11/5/2024 10:04:18 [Information] Stepper Motor Controller Disable Z Axis controls while moving to location.
11/5/2024 10:04:18 [Information] Time remaining: 00:00:00 zTargetEndTime = 10:04:21
11/5/2024 10:04:18 [Information] Stepper Motor Controller Disable Z Axis controls while moving to location.
11/5/2024 10:04:18 [Information] Time remaining: 00:00:00 zTargetEndTime = 10:04:21
11/5/2024 10:04:18 [Information] Stepper Motor Controller Disable Z Axis controls while moving to location.
11/5/2024 10:04:18 [Information] Time remaining: 00:00:00 zTargetEndTime = 10:04:21
11/5/2024 10:04:18 [Information] Stepper Motor Controller Disable Z Axis controls while moving to location.
11/5/2024 10:04:18 [Information] Time remaining: 00:00:00 zTargetEndTime = 10:04:21
11/5/2024 10:04:18 [Information] Stepper Motor Controller Disable Z Axis controls while moving to location.
11/5/2024 10:04:18 [Information] Time remaining: 00:00:00 zTargetEndTime = 10:04:21
11/5/2024 10:04:18 [Information] Stepper Motor Controller Disable Z Axis controls while moving to location.
11/5/2024 10:04:18 [Information] Time remaining: 00:00:00 zTargetEndTime = 10:04:21
11/5/2024 10:04:18 [Information] Stepper Motor Controller Disable Z Axis controls while moving to location.
11/5/2024 10:04:18 [Information] Time remaining: 00:00:00 zTargetEndTime = 10:04:21
11/5/2024 10:04:18 [Information] Stepper Motor Controller Disable Z Axis controls while moving to location.
11/5/2024 10:04:18 [Information] Time remaining: 00:00:00 zTargetEndTime = 10:04:21
11/5/2024 10:04:18 [Information] Stepper Motor Controller Disable Z Axis controls while moving to location.
11/5/2024 10:04:18 [Information] Time remaining: 00:00:00 zTargetEndTime = 10:04:21
11/5/2024 10:04:18 [Information] Stepper Motor Controller Disable Z Axis controls while moving to location.
11/5/2024 10:04:18 [Information] Time remaining: 00:00:00 zTargetEndTime = 10:04:21
11/5/2024 10:04:18 [Information] Stepper Motor Controller Disable Z Axis controls while moving to location.
11/5/2024 10:04:18 [Information] Time remaining: 00:00:00 zTargetEndTime = 10:04:21
11/5/2024 10:04:18 [Information] Stepper Motor Controller Disable Z Axis controls while moving to location.
11/5/2024 10:04:18 [Information] Time remaining: 00:00:00 zTargetEndTime = 10:04:21
11/5/2024 10:04:18 [Information] Stepper Motor Controller Disable Z Axis controls while moving to location.
11/5/2024 10:04:18 [Information] Time remaining: 00:00:00 zTargetEndTime = 10:04:21
11/5/2024 10:04:18 [Information] Stepper Motor Controller Disable Z Axis controls while moving to location.
11/5/2024 10:04:18 [Information] Time remaining: 00:00:00 zTargetEndTime = 10:04:21
11/5/2024 10:04:18 [Information] Stepper Motor Controller Disable Z Axis controls while moving to location.
11/5/2024 10:04:18 [Information] Time remaining: 00:00:00 zTargetEndTime = 10:04:21
11/5/2024 10:04:18 [Information] Stepper Motor Controller Disable Z Axis controls while moving to location.
11/5/2024 10:04:18 [Information] Time remaining: 00:00:00 zTargetEndTime = 10:04:21
11/5/2024 10:04:18 [Information] Stepper Motor Controller Disable Z Axis controls while moving to location.
11/5/2024 10:04:18 [Information] Time remaining: 00:00:00 zTargetEndTime = 10:04:21
11/5/2024 10:04:18 [Information] Stepper Motor Controller Disable Z Axis controls while moving to location.
11/5/2024 10:04:18 [Information] Time remaining: 00:00:00 zTargetEndTime = 10:04:21
11/5/2024 10:04:18 [Information] Stepper Motor Controller Disable Z Axis controls while moving to location.
11/5/2024 10:04:18 [Information] Time remaining: 00:00:00 zTargetEndTime = 10:04:21
11/5/2024 10:04:19 [Information] Stepper Motor Controller Disable Z Axis controls while moving to location.
11/5/2024 10:04:19 [Information] Time remaining: 00:00:00 zTargetEndTime = 10:04:21
11/5/2024 10:04:19 [Information] Stepper Motor Controller Disable Z Axis controls while moving to location.
11/5/2024 10:04:19 [Information] Time remaining: 00:00:00 zTargetEndTime = 10:04:21
11/5/2024 10:04:19 [Information] Stepper Motor Controller Disable Z Axis controls while moving to location.
11/5/2024 10:04:19 [Information] Time remaining: 00:00:00 zTargetEndTime = 10:04:21
11/5/2024 10:04:19 [Information] Stepper Motor Controller Disable Z Axis controls while moving to location.
11/5/2024 10:04:19 [Information] Time remaining: 00:00:00 zTargetEndTime = 10:04:21
11/5/2024 10:04:19 [Information] Stepper Motor Controller Disable Z Axis controls while moving to location.
11/5/2024 10:04:19 [Information] Time remaining: 00:00:00 zTargetEndTime = 10:04:21
11/5/2024 10:04:19 [Information] Stepper Motor Controller Disable Z Axis controls while moving to location.
11/5/2024 10:04:19 [Information] Time remaining: 00:00:00 zTargetEndTime = 10:04:21
11/5/2024 10:04:19 [Information] Stepper Motor Controller Disable Z Axis controls while moving to location.
11/5/2024 10:04:19 [Information] Time remaining: 00:00:00 zTargetEndTime = 10:04:21
11/5/2024 10:04:19 [Information] Stepper Motor Controller Disable Z Axis controls while moving to location.
11/5/2024 10:04:19 [Information] Time remaining: 00:00:00 zTargetEndTime = 10:04:21
11/5/2024 10:04:19 [Information] Z Axis Data Received: Z Axis CW Motor Stopped
Z Axis CW Motor Current Position: 5275

11/5/2024 10:04:19 [Information] Time remaining: 00:00:00 zTargetEndTime = 10:04:21
11/5/2024 10:04:19 [Information] Updated X,Y Zero.IsChecked status to 0 and Z Zero.IsChecked status to 1.
11/5/2024 10:04:19 [Information] ZAxisRun_Click button clicked:
11/5/2024 10:04:19 [Information] Z Axis Run Event to reset Axis to zero: Z,0.00,400.00,0,0.00,400.00,0,0.00,400.00,1
11/5/2024 10:04:19 [Information] Setting Z Axis Current Location Set to Zero on DRO
11/5/2024 10:04:20 [Information] Updated X,Y,Z Zero.IsChecked status to 0.
11/5/2024 10:04:20 [Information] Z Axis Current Location Set to Zero
11/5/2024 10:04:21 [Information] Z Axis CW Motor Current Position: 114.72
11/5/2024 10:04:43 [Information] Stepper Motor Controller MainWindow Closing.
11/5/2024 10:04:43 [Information] Stepper Motor Controller Serial Ports closed.
11/5/2024 10:04:43 [Information] Properties Settings Saved.
11/5/2024 10:04:43 [Information] Properties Settings Form Closed.
11/5/2024 10:04:43 [Information] Stepper Motor Controller Form Closed.
