11/16/2024 14:53:27 [Information] Stepper Motor Controller Application Started.
11/16/2024 14:53:27 [Information] Version: 3.0.9086.26799 (11/16/2024 14:53:27)
11/16/2024 14:53:28 [Information] SerialPort COM7 not connected.
11/16/2024 14:53:28 [Information] SerialPort COM8 not connected.
11/16/2024 14:53:28 [Information] Stepper Motor Controller Application Started.
11/16/2024 14:53:28 [Information] Version: 3.0.9086.26799 (11/16/2024 14:53:28)
11/16/2024 14:53:28 [Information] Version: 3.1.0.26800 (11/16/2024 14:53:28)
11/16/2024 14:53:28 [Information] Version: 3.1.0.26800 (11/16/2024 14:53:28)
11/16/2024 14:53:28 [Information] Stepper Motor Controller Application Settings Window Opened.
11/16/2024 14:53:28 [Information] Stepper Motor Controller Application Settings form is rebuilt each and every time it is opened.
11/16/2024 14:53:28 [Information] int: 9600 BaudRate added to the Settings Form.
11/16/2024 14:53:28 [Information] bool: False ckbXaxisResetToZeroIsChecked added to the Settings Form.
11/16/2024 14:53:28 [Information] bool: False ckbYaxisResetToZeroIsChecked added to the Settings Form.
11/16/2024 14:53:28 [Information] bool: False ckbZaxisResetToZeroIsChecked added to the Settings Form.
11/16/2024 14:53:28 [Information] COM1: ComPort added to the Settings Form.
11/16/2024 14:53:28 [Information] COM2: ComPort added to the Settings Form.
11/16/2024 14:53:28 [Information] COM3: ComPort added to the Settings Form.
11/16/2024 14:53:28 [Information] COM4: ComPort added to the Settings Form.
11/16/2024 14:53:28 [Information] COM5: ComPort added to the Settings Form.
11/16/2024 14:53:28 [Information] COM6: ComPort added to the Settings Form.
11/16/2024 14:53:28 [Information] COM7: ComPort added to the Settings Form.
11/16/2024 14:53:28 [Information] COM8: ComPort added to the Settings Form.
11/16/2024 14:53:28 [Information] COM9: ComPort added to the Settings Form.
11/16/2024 14:53:28 [Information] COM10: ComPort added to the Settings Form.
11/16/2024 14:53:28 [Information] decimal: 4.00 Divider4_00 added to the Settings Form.
11/16/2024 14:53:28 [Information] decimal: 0.00 MathPart2Initlz added to the Settings Form.
11/16/2024 14:53:28 [Information] decimal: 1.00 MilisecondTimerInterval added to the Settings Form.
11/16/2024 14:53:28 [Information] decimal: 1000.00 MillisecondDelay added to the Settings Form.
11/16/2024 14:53:28 [Information] int: 1000 Milliseconds added to the Settings Form.
11/16/2024 14:53:28 [Information] int: 4 mmPerRevolution added to the Settings Form.
11/16/2024 14:53:28 [Information] int: 2000 ThreadSleep added to the Settings Form.
11/16/2024 14:53:28 [Information] decimal: 0.00 Value_0_00 added to the Settings Form.
11/16/2024 14:53:28 [Information] decimal: 50.00 XaxisAcceleration added to the Settings Form.
11/16/2024 14:53:28 [Information] bool: False XaxisChanged added to the Settings Form.
11/16/2024 14:53:28 [Information] decimal: 400.00 XaxisMotorSpeed added to the Settings Form.
11/16/2024 14:53:28 [Information] decimal: 0.00 XaxisStepperCurrent added to the Settings Form.
11/16/2024 14:53:28 [Information] decimal: 0.00 XaxisStepperMove added to the Settings Form.
11/16/2024 14:53:28 [Information] XCOM1: XComPort added to the Settings Form.
11/16/2024 14:53:28 [Information] XCOM2: XComPort added to the Settings Form.
11/16/2024 14:53:28 [Information] XCOM3: XComPort added to the Settings Form.
11/16/2024 14:53:28 [Information] XCOM4: XComPort added to the Settings Form.
11/16/2024 14:53:28 [Information] XCOM5: XComPort added to the Settings Form.
11/16/2024 14:53:28 [Information] XCOM6: XComPort added to the Settings Form.
11/16/2024 14:53:28 [Information] XCOM7: XComPort added to the Settings Form.
11/16/2024 14:53:28 [Information] XCOM8: XComPort added to the Settings Form.
11/16/2024 14:53:28 [Information] XCOM9: XComPort added to the Settings Form.
11/16/2024 14:53:28 [Information] XCOM10: XComPort added to the Settings Form.
11/16/2024 14:53:28 [Information] decimal: 50.00 YaxisAcceleration added to the Settings Form.
11/16/2024 14:53:28 [Information] bool: False YaxisChanged added to the Settings Form.
11/16/2024 14:53:28 [Information] decimal: 400.00 YaxisMotorSpeed added to the Settings Form.
11/16/2024 14:53:28 [Information] decimal: 0.00 YaxisStepperCurrent added to the Settings Form.
11/16/2024 14:53:28 [Information] decimal: 0.00 YaxisStepperMove added to the Settings Form.
11/16/2024 14:53:28 [Information] YCOM1: YComPort added to the Settings Form.
11/16/2024 14:53:28 [Information] YCOM2: YComPort added to the Settings Form.
11/16/2024 14:53:28 [Information] YCOM3: YComPort added to the Settings Form.
11/16/2024 14:53:28 [Information] YCOM4: YComPort added to the Settings Form.
11/16/2024 14:53:28 [Information] YCOM5: YComPort added to the Settings Form.
11/16/2024 14:53:28 [Information] YCOM6: YComPort added to the Settings Form.
11/16/2024 14:53:28 [Information] YCOM7: YComPort added to the Settings Form.
11/16/2024 14:53:28 [Information] YCOM8: YComPort added to the Settings Form.
11/16/2024 14:53:28 [Information] YCOM9: YComPort added to the Settings Form.
11/16/2024 14:53:28 [Information] YCOM10: YComPort added to the Settings Form.
11/16/2024 14:53:28 [Information] decimal: 50.00 ZaxisAcceleration added to the Settings Form.
11/16/2024 14:53:28 [Information] bool: False ZaxisChanged added to the Settings Form.
11/16/2024 14:53:28 [Information] decimal: 400.00 ZaxisMotorSpeed added to the Settings Form.
11/16/2024 14:53:28 [Information] decimal: 0.00 ZaxisStepperCurrent added to the Settings Form.
11/16/2024 14:53:28 [Information] decimal: 0.00 ZaxisStepperMove added to the Settings Form.
11/16/2024 14:53:28 [Information] ZCOM1: ZComPort added to the Settings Form.
11/16/2024 14:53:28 [Information] ZCOM2: ZComPort added to the Settings Form.
11/16/2024 14:53:28 [Information] ZCOM3: ZComPort added to the Settings Form.
11/16/2024 14:53:28 [Information] ZCOM4: ZComPort added to the Settings Form.
11/16/2024 14:53:28 [Information] ZCOM5: ZComPort added to the Settings Form.
11/16/2024 14:53:28 [Information] ZCOM6: ZComPort added to the Settings Form.
11/16/2024 14:53:28 [Information] ZCOM7: ZComPort added to the Settings Form.
11/16/2024 14:53:28 [Information] ZCOM8: ZComPort added to the Settings Form.
11/16/2024 14:53:28 [Information] ZCOM9: ZComPort added to the Settings Form.
11/16/2024 14:53:28 [Information] ZCOM10: ZComPort added to the Settings Form.
11/16/2024 14:53:28 [Information] int: 0 zeroXaxis added to the Settings Form.
11/16/2024 14:53:28 [Information] int: 0 zeroYaxis added to the Settings Form.
11/16/2024 14:53:28 [Information] int: 0 zeroZaxis added to the Settings Form.
11/16/2024 14:53:28 [Information] Stepper Motor Controller MainWindow loaded
11/16/2024 14:53:28 [Information] Set MainWindow Media Brushes to White.
11/16/2024 14:53:34 [Information] Z Axis mouse controlled Keypad returned: 8.00
11/16/2024 14:53:35 [Information] Z Axis Run button clicked:
11/16/2024 14:53:35 [Information] Z Axis MotorMovementSeconds decimal: (8.00 / 4) / 2 = 1.00
11/16/2024 14:53:36 [Information] Z Axis Run Event: Z,0.00,400.00,0,0.00,400.00,0,8.00,400.00,0
11/16/2024 14:53:36 [Information] Z Axis Current Time: 02:53:36 + 1000 = 02:53:37
11/16/2024 14:53:36 [Information] Stepper Motor Controller Disable Z Axis controls while moving to location.
11/16/2024 14:53:36 [Information] Time remaining: 00:00:00 targetEndTime = 02:53:37
11/16/2024 14:53:36 [Information] Stepper Motor Controller Disable Z Axis controls while moving to location.
11/16/2024 14:53:36 [Information] Time remaining: 00:00:00 targetEndTime = 02:53:37
11/16/2024 14:53:36 [Information] Z Axis Data Received: se
11/16/2024 14:53:36 [Information] Z Axis Data Received: rialData: Z,0.00,400.00,0,0.00,400.00,0,8.00,400.00,0

11/16/2024 14:53:36 [Information] Stepper Motor Controller Disable Z Axis controls while moving to location.
11/16/2024 14:53:36 [Information] Time remaining: 00:00:00 targetEndTime = 02:53:37
11/16/2024 14:53:36 [Information] Stepper Motor Controller Disable Z Axis controls while moving to location.
11/16/2024 14:53:36 [Information] Time remaining: 00:00:00 targetEndTime = 02:53:37
11/16/2024 14:53:36 [Information] Stepper Motor Controller Disable Z Axis controls while moving to location.
11/16/2024 14:53:36 [Information] Time remaining: 00:00:00 targetEndTime = 02:53:37
11/16/2024 14:53:36 [Information] Stepper Motor Controller Disable Z Axis controls while moving to location.
11/16/2024 14:53:36 [Information] Time remaining: 00:00:00 targetEndTime = 02:53:37
11/16/2024 14:53:36 [Information] Stepper Motor Controller Disable Z Axis controls while moving to location.
11/16/2024 14:53:36 [Information] Time remaining: 00:00:00 targetEndTime = 02:53:37
11/16/2024 14:53:36 [Information] Stepper Motor Controller Disable Z Axis controls while moving to location.
11/16/2024 14:53:36 [Information] Time remaining: 00:00:00 targetEndTime = 02:53:37
11/16/2024 14:53:37 [Information] Stepper Motor Controller Disable Z Axis controls while moving to location.
11/16/2024 14:53:37 [Information] Time remaining: 00:00:00 targetEndTime = 02:53:37
11/16/2024 14:53:37 [Information] Stepper Motor Controller Disable Z Axis controls while moving to location.
11/16/2024 14:53:37 [Information] Time remaining: 00:00:00 targetEndTime = 02:53:37
11/16/2024 14:53:37 [Information] Stepper Motor Controller Disable Z Axis controls while moving to location.
11/16/2024 14:53:37 [Information] Time remaining: 00:00:00 targetEndTime = 02:53:37
11/16/2024 14:53:37 [Information] Stepper Motor Controller Disable Z Axis controls while moving to location.
11/16/2024 14:53:37 [Information] Time remaining: 00:00:00 targetEndTime = 02:53:37
11/16/2024 14:53:37 [Information] Stepper Motor Controller Disable Z Axis controls while moving to location.
11/16/2024 14:53:37 [Information] Time remaining: 00:00:00 targetEndTime = 02:53:37
11/16/2024 14:53:37 [Information] Stepper Motor Controller Disable Z Axis controls while moving to location.
11/16/2024 14:53:37 [Information] Time remaining: 00:00:00 targetEndTime = 02:53:37
11/16/2024 14:53:37 [Information] Stepper Motor Controller Disable Z Axis controls while moving to location.
11/16/2024 14:53:37 [Information] Time remaining: 00:00:00 targetEndTime = 02:53:37
11/16/2024 14:53:37 [Information] Stepper Motor Controller Disable Z Axis controls while moving to location.
11/16/2024 14:53:37 [Information] Time remaining: 00:00:00 targetEndTime = 02:53:37
11/16/2024 14:53:37 [Information] Stepper Motor Controller Disable Z Axis controls while moving to location.
11/16/2024 14:53:37 [Information] Time remaining: 00:00:00 targetEndTime = 02:53:37
11/16/2024 14:53:37 [Information] Stepper Motor Controller Disable Z Axis controls while moving to location.
11/16/2024 14:53:37 [Information] Time remaining: 00:00:00 targetEndTime = 02:53:37
11/16/2024 14:53:37 [Information] Stepper Motor Controller Disable Z Axis controls while moving to location.
11/16/2024 14:53:37 [Information] Time remaining: 00:00:00 targetEndTime = 02:53:37
11/16/2024 14:53:37 [Information] Stepper Motor Controller Disable Z Axis controls while moving to location.
11/16/2024 14:53:37 [Information] Time remaining: 00:00:00 targetEndTime = 02:53:37
11/16/2024 14:53:37 [Information] Stepper Motor Controller Disable Z Axis controls while moving to location.
11/16/2024 14:53:37 [Information] Time remaining: 00:00:00 targetEndTime = 02:53:37
11/16/2024 14:53:37 [Information] Stepper Motor Controller Disable Z Axis controls while moving to location.
11/16/2024 14:53:37 [Information] Time remaining: 00:00:00 targetEndTime = 02:53:37
11/16/2024 14:53:37 [Information] Stepper Motor Controller Disable Z Axis controls while moving to location.
11/16/2024 14:53:37 [Information] Time remaining: 00:00:00 targetEndTime = 02:53:37
11/16/2024 14:53:37 [Information] Stepper Motor Controller Disable Z Axis controls while moving to location.
11/16/2024 14:53:37 [Information] Time remaining: 00:00:00 targetEndTime = 02:53:37
11/16/2024 14:53:37 [Information] Stepper Motor Controller Disable Z Axis controls while moving to location.
11/16/2024 14:53:37 [Information] Time remaining: 00:00:00 targetEndTime = 02:53:37
11/16/2024 14:53:37 [Information] Stepper Motor Controller Disable Z Axis controls while moving to location.
11/16/2024 14:53:37 [Information] Time remaining: 00:00:00 targetEndTime = 02:53:37
11/16/2024 14:53:37 [Information] Stepper Motor Controller Disable Z Axis controls while moving to location.
11/16/2024 14:53:37 [Information] Time remaining: 00:00:00 targetEndTime = 02:53:37
11/16/2024 14:53:37 [Information] Stepper Motor Controller Disable Z Axis controls while moving to location.
11/16/2024 14:53:37 [Information] Time remaining: 00:00:00 targetEndTime = 02:53:37
11/16/2024 14:53:37 [Information] Stepper Motor Controller Disable Z Axis controls while moving to location.
11/16/2024 14:53:37 [Information] Time remaining: 00:00:00 targetEndTime = 02:53:37
11/16/2024 14:53:37 [Information] Stepper Motor Controller Disable Z Axis controls while moving to location.
11/16/2024 14:53:37 [Information] Time remaining: 00:00:00 targetEndTime = 02:53:37
11/16/2024 14:53:37 [Information] Stepper Motor Controller Disable Z Axis controls while moving to location.
11/16/2024 14:53:37 [Information] Time remaining: 00:00:00 targetEndTime = 02:53:37
11/16/2024 14:53:37 [Information] Stepper Motor Controller Disable Z Axis controls while moving to location.
11/16/2024 14:53:37 [Information] Time remaining: 00:00:00 targetEndTime = 02:53:37
11/16/2024 14:53:37 [Information] Stepper Motor Controller Disable Z Axis controls while moving to location.
11/16/2024 14:53:37 [Information] Time remaining: 00:00:00 targetEndTime = 02:53:37
11/16/2024 14:53:37 [Information] Stepper Motor Controller Disable Z Axis controls while moving to location.
11/16/2024 14:53:37 [Information] Time remaining: 00:00:00 targetEndTime = 02:53:37
11/16/2024 14:53:37 [Information] Stepper Motor Controller Disable Z Axis controls while moving to location.
11/16/2024 14:53:37 [Information] Time remaining: 00:00:00 targetEndTime = 02:53:37
11/16/2024 14:53:37 [Information] Stepper Motor Controller Disable Z Axis controls while moving to location.
11/16/2024 14:53:37 [Information] Time remaining: 00:00:00 targetEndTime = 02:53:37
11/16/2024 14:53:37 [Information] Stepper Motor Controller Disable Z Axis controls while moving to location.
11/16/2024 14:53:37 [Information] Time remaining: 00:00:00 targetEndTime = 02:53:37
11/16/2024 14:53:37 [Information] Stepper Motor Controller Disable Z Axis controls while moving to location.
11/16/2024 14:53:37 [Information] Time remaining: 00:00:00 targetEndTime = 02:53:37
11/16/2024 14:53:37 [Information] Stepper Motor Controller Disable Z Axis controls while moving to location.
11/16/2024 14:53:37 [Information] Time remaining: 00:00:00 targetEndTime = 02:53:37
11/16/2024 14:53:37 [Information] Stepper Motor Controller Disable Z Axis controls while moving to location.
11/16/2024 14:53:37 [Information] Time remaining: 00:00:00 targetEndTime = 02:53:37
11/16/2024 14:53:37 [Information] Stepper Motor Controller Enable Z Axis controls after moving to location.
11/16/2024 14:53:37 [Information] Stepper Motor Controller Stopwatch Stopped.
11/16/2024 14:53:37 [Information] Stepper Motor Controller Timer Stopped.
11/16/2024 14:53:37 [Information] Stepper Motor Controller Stopwatch Reset.
11/16/2024 14:53:37 [Information] Z Axis Data Received: Z
11/16/2024 14:53:37 [Information] Z Axis Data Received:  
11/16/2024 14:53:37 [Information] Z Axis Data Received: A
11/16/2024 14:53:37 [Information] Z Axis Data Received: x
11/16/2024 14:53:37 [Information] Z Axis Data Received: i
11/16/2024 14:53:37 [Information] Z Axis Data Received: s
11/16/2024 14:53:37 [Information] Z Axis Data Received:  
11/16/2024 14:53:37 [Information] Z Axis Data Received: r
11/16/2024 14:53:37 [Information] Z Axis Data Received: e
11/16/2024 14:53:37 [Information] Z Axis Data Received: a
11/16/2024 14:53:37 [Information] Z Axis Data Received: c
11/16/2024 14:53:37 [Information] Z Axis Data Received: h
11/16/2024 14:53:37 [Information] Z Axis Data Received: e
11/16/2024 14:53:37 [Information] Z Axis Data Received: d
11/16/2024 14:53:37 [Information] Z Axis Data Received:  
11/16/2024 14:53:37 [Information] Z Axis Data Received: t
11/16/2024 14:53:37 [Information] Z Axis Data Received: a
11/16/2024 14:53:37 [Information] Z Axis Data Received: r
11/16/2024 14:53:37 [Information] Z Axis Data Received: g
11/16/2024 14:53:37 [Information] Z Axis Data Received: e
11/16/2024 14:53:37 [Information] Z Axis Data Received: t
11/16/2024 14:53:37 [Information] Z Axis Data Received:  
11/16/2024 14:53:37 [Information] Z Axis Data Received: p
11/16/2024 14:53:37 [Information] Z Axis Data Received: o
11/16/2024 14:53:37 [Information] Z Axis Data Received: s
11/16/2024 14:53:37 [Information] Z Axis Data Received: i
11/16/2024 14:53:37 [Information] Z Axis Data Received: t
11/16/2024 14:53:37 [Information] Z Axis Data Received: i
11/16/2024 14:53:37 [Information] Z Axis Data Received: o
11/16/2024 14:53:37 [Information] Z Axis Data Received: n
11/16/2024 14:53:37 [Information] Z Axis Data Received: ,
11/16/2024 14:53:37 [Information] Z Axis Data Received:  
11/16/2024 14:53:37 [Information] Z Axis Data Received: Z
11/16/2024 14:53:37 [Information] Z Axis Data Received:  
11/16/2024 14:53:37 [Information] Z Axis Data Received: A
11/16/2024 14:53:37 [Information] Z Axis Data Received: x
11/16/2024 14:53:37 [Information] Z Axis Data Received: i
11/16/2024 14:53:37 [Information] Z Axis Data Received: s
11/16/2024 14:53:37 [Information] Z Axis Data Received:  
11/16/2024 14:53:37 [Information] Z Axis Data Received: C
11/16/2024 14:53:37 [Information] Z Axis Data Received: u
11/16/2024 14:53:37 [Information] Z Axis Data Received: r
11/16/2024 14:53:37 [Information] Z Axis Data Received: r
11/16/2024 14:53:37 [Information] Z Axis Data Received: e
11/16/2024 14:53:37 [Information] Z Axis Data Received: n
11/16/2024 14:53:37 [Information] Z Axis Data Received: t
11/16/2024 14:53:37 [Information] Z Axis Data Received:  
11/16/2024 14:53:37 [Information] Z Axis Data Received: P
11/16/2024 14:53:37 [Information] Z Axis Data Received: o
11/16/2024 14:53:37 [Information] Z Axis Data Received: s
11/16/2024 14:53:37 [Information] Z Axis Data Received: i
11/16/2024 14:53:37 [Information] Z Axis Data Received: t
11/16/2024 14:53:37 [Information] Z Axis Data Received: i
11/16/2024 14:53:37 [Information] Z Axis Data Received: o
11/16/2024 14:53:37 [Information] Z Axis Data Received: n
11/16/2024 14:53:37 [Information] Z Axis Data Received: :
11/16/2024 14:53:37 [Information] Z Axis Data Received:  
11/16/2024 14:53:37 [Information] Z Axis Data Received: 0
11/16/2024 14:53:37 [Information] Z Axis Data Received: .
11/16/2024 14:53:37 [Information] Z Axis Data Received: 0
11/16/2024 14:53:37 [Information] Z Axis Data Received: 0
11/16/2024 14:53:37 [Information] Z Axis Data Received: 
11/16/2024 14:53:37 [Information] Z Axis Data Received: 

11/16/2024 14:53:45 [Information] Z Axis mouse controlled Keypad returned: -8.00
11/16/2024 14:53:47 [Information] Z Axis Run button clicked:
11/16/2024 14:53:47 [Information] Z Axis MotorMovementSeconds decimal: (-8.00 / 4) / 2 = -1.00
11/16/2024 14:53:48 [Information] Z Axis Run Event: Z,0.00,400.00,0,0.00,400.00,0,-8.00,400.00,0
11/16/2024 14:53:48 [Information] Z Axis Current Time: 02:53:48 + -1000 = 02:53:47
11/16/2024 14:53:48 [Information] Z Axis Data Received: s
11/16/2024 14:53:48 [Information] Z Axis Data Received: e
11/16/2024 14:53:48 [Information] Z Axis Data Received: r
11/16/2024 14:53:48 [Information] Z Axis Data Received: i
11/16/2024 14:53:48 [Information] Z Axis Data Received: a
11/16/2024 14:53:48 [Information] Z Axis Data Received: l
11/16/2024 14:53:48 [Information] Z Axis Data Received: D
11/16/2024 14:53:48 [Information] Z Axis Data Received: a
11/16/2024 14:53:48 [Information] Z Axis Data Received: t
11/16/2024 14:53:48 [Information] Z Axis Data Received: a
11/16/2024 14:53:48 [Information] Z Axis Data Received: :
11/16/2024 14:53:48 [Information] Z Axis Data Received:  
11/16/2024 14:53:48 [Information] Z Axis Data Received: Z
11/16/2024 14:53:48 [Information] Stepper Motor Controller Enable Z Axis controls after moving to location.
11/16/2024 14:53:48 [Information] Stepper Motor Controller Stopwatch Stopped.
11/16/2024 14:53:48 [Information] Stepper Motor Controller Timer Stopped.
11/16/2024 14:53:48 [Information] Stepper Motor Controller Stopwatch Reset.
11/16/2024 14:53:48 [Information] Z Axis Data Received: ,
11/16/2024 14:53:48 [Information] Z Axis Data Received: 0
11/16/2024 14:53:48 [Information] Z Axis Data Received: .
11/16/2024 14:53:48 [Information] Z Axis Data Received: 0
11/16/2024 14:53:48 [Information] Z Axis Data Received: 0
11/16/2024 14:53:48 [Information] Z Axis Data Received: ,
11/16/2024 14:53:48 [Information] Z Axis Data Received: 4
11/16/2024 14:53:48 [Information] Z Axis Data Received: 0
11/16/2024 14:53:48 [Information] Z Axis Data Received: 0
11/16/2024 14:53:48 [Information] Z Axis Data Received: .
11/16/2024 14:53:48 [Information] Z Axis Data Received: 0
11/16/2024 14:53:48 [Information] Z Axis Data Received: 0
11/16/2024 14:53:48 [Information] Z Axis Data Received: ,
11/16/2024 14:53:48 [Information] Z Axis Data Received: 0
11/16/2024 14:53:48 [Information] Z Axis Data Received: ,
11/16/2024 14:53:48 [Information] Z Axis Data Received: 0
11/16/2024 14:53:48 [Information] Z Axis Data Received: .
11/16/2024 14:53:48 [Information] Z Axis Data Received: 0
11/16/2024 14:53:48 [Information] Z Axis Data Received: 0
11/16/2024 14:53:48 [Information] Z Axis Data Received: ,
11/16/2024 14:53:48 [Information] Z Axis Data Received: 4
11/16/2024 14:53:48 [Information] Z Axis Data Received: 0
11/16/2024 14:53:48 [Information] Z Axis Data Received: 0
11/16/2024 14:53:48 [Information] Z Axis Data Received: .
11/16/2024 14:53:48 [Information] Z Axis Data Received: 0
11/16/2024 14:53:48 [Information] Z Axis Data Received: 0
11/16/2024 14:53:48 [Information] Z Axis Data Received: ,
11/16/2024 14:53:48 [Information] Z Axis Data Received: 0
11/16/2024 14:53:48 [Information] Z Axis Data Received: ,
11/16/2024 14:53:48 [Information] Z Axis Data Received: -
11/16/2024 14:53:48 [Information] Z Axis Data Received: 8
11/16/2024 14:53:48 [Information] Z Axis Data Received: .
11/16/2024 14:53:48 [Information] Z Axis Data Received: 0
11/16/2024 14:53:48 [Information] Z Axis Data Received: 0
11/16/2024 14:53:48 [Information] Z Axis Data Received: ,
11/16/2024 14:53:48 [Information] Z Axis Data Received: 4
11/16/2024 14:53:48 [Information] Z Axis Data Received: 0
11/16/2024 14:53:48 [Information] Z Axis Data Received: 0
11/16/2024 14:53:48 [Information] Z Axis Data Received: .
11/16/2024 14:53:48 [Information] Z Axis Data Received: 0
11/16/2024 14:53:48 [Information] Z Axis Data Received: 0
11/16/2024 14:53:48 [Information] Z Axis Data Received: ,
11/16/2024 14:53:48 [Information] Z Axis Data Received: 0
11/16/2024 14:53:48 [Information] Z Axis Data Received: 
11/16/2024 14:53:48 [Information] Z Axis Data Received: 

11/16/2024 14:53:49 [Information] Z Axis Data Received: Z
11/16/2024 14:53:49 [Information] Z Axis Data Received:  A
11/16/2024 14:53:49 [Information] Z Axis Data Received: x
11/16/2024 14:53:49 [Information] Z Axis Data Received: is
11/16/2024 14:53:49 [Information] Z Axis Data Received:  
11/16/2024 14:53:49 [Information] Z Axis Data Received: re
11/16/2024 14:53:49 [Information] Z Axis Data Received: a
11/16/2024 14:53:49 [Information] Z Axis Data Received: c
11/16/2024 14:53:49 [Information] Z Axis Data Received: h
11/16/2024 14:53:49 [Information] Z Axis Data Received: ed
11/16/2024 14:53:49 [Information] Z Axis Data Received:  
11/16/2024 14:53:49 [Information] Z Axis Data Received: t
11/16/2024 14:53:49 [Information] Z Axis Data Received: a
11/16/2024 14:53:49 [Information] Z Axis Data Received: r
11/16/2024 14:53:49 [Information] Z Axis Data Received: g
11/16/2024 14:53:49 [Information] Z Axis Data Received: e
11/16/2024 14:53:49 [Information] Z Axis Data Received: t
11/16/2024 14:53:49 [Information] Z Axis Data Received:  
11/16/2024 14:53:49 [Information] Z Axis Data Received: p
11/16/2024 14:53:49 [Information] Z Axis Data Received: o
11/16/2024 14:53:49 [Information] Z Axis Data Received: s
11/16/2024 14:53:49 [Information] Z Axis Data Received: i
11/16/2024 14:53:49 [Information] Z Axis Data Received: t
11/16/2024 14:53:49 [Information] Z Axis Data Received: i
11/16/2024 14:53:49 [Information] Z Axis Data Received: o
11/16/2024 14:53:49 [Information] Z Axis Data Received: n
11/16/2024 14:53:49 [Information] Z Axis Data Received: ,
11/16/2024 14:53:49 [Information] Z Axis Data Received:  
11/16/2024 14:53:49 [Information] Z Axis Data Received: Z
11/16/2024 14:53:49 [Information] Z Axis Data Received:  
11/16/2024 14:53:49 [Information] Z Axis Data Received: A
11/16/2024 14:53:49 [Information] Z Axis Data Received: x
11/16/2024 14:53:49 [Information] Z Axis Data Received: i
11/16/2024 14:53:49 [Information] Z Axis Data Received: s
11/16/2024 14:53:49 [Information] Z Axis Data Received:  
11/16/2024 14:53:49 [Information] Z Axis Data Received: C
11/16/2024 14:53:49 [Information] Z Axis Data Received: u
11/16/2024 14:53:49 [Information] Z Axis Data Received: r
11/16/2024 14:53:49 [Information] Z Axis Data Received: r
11/16/2024 14:53:49 [Information] Z Axis Data Received: e
11/16/2024 14:53:49 [Information] Z Axis Data Received: n
11/16/2024 14:53:49 [Information] Z Axis Data Received: t
11/16/2024 14:53:49 [Information] Z Axis Data Received:  
11/16/2024 14:53:49 [Information] Z Axis Data Received: P
11/16/2024 14:53:49 [Information] Z Axis Data Received: o
11/16/2024 14:53:49 [Information] Z Axis Data Received: s
11/16/2024 14:53:49 [Information] Z Axis Data Received: i
11/16/2024 14:53:49 [Information] Z Axis Data Received: t
11/16/2024 14:53:49 [Information] Z Axis Data Received: i
11/16/2024 14:53:49 [Information] Z Axis Data Received: o
11/16/2024 14:53:49 [Information] Z Axis Data Received: n
11/16/2024 14:53:49 [Information] Z Axis Data Received: :
11/16/2024 14:53:49 [Information] Z Axis Data Received:  
11/16/2024 14:53:49 [Information] Z Axis Data Received: 4
11/16/2024 14:53:49 [Information] Z Axis Data Received: 0
11/16/2024 14:53:49 [Information] Z Axis Data Received: 0
11/16/2024 14:53:49 [Information] Z Axis Data Received: .
11/16/2024 14:53:49 [Information] Z Axis Data Received: 0
11/16/2024 14:53:49 [Information] Z Axis Data Received: 0
11/16/2024 14:53:49 [Information] Z Axis Data Received: 
11/16/2024 14:53:49 [Information] Z Axis Data Received: 

11/16/2024 14:54:01 [Information] Z Axis error occurred: The input string '64-00' was not in a correct format.
11/16/2024 14:54:04 [Information] Z Axis mouse controlled Keypad returned: 64-00
11/16/2024 14:54:10 [Information] Z Axis mouse controlled Keypad returned: 64.00
11/16/2024 14:54:11 [Information] Z Axis Run button clicked:
11/16/2024 14:54:11 [Information] Z Axis MotorMovementSeconds decimal: (64.00 / 4) / 2 = 8.00
11/16/2024 14:54:12 [Information] Z Axis Data Received: s
11/16/2024 14:54:12 [Information] Z Axis Data Received: eri
11/16/2024 14:54:12 [Information] Z Axis Data Received: alData: Z,0.00,400.00,0,0.00,400.00,0,64.00,400.00,0

11/16/2024 14:54:12 [Information] Z Axis Run Event: Z,0.00,400.00,0,0.00,400.00,0,64.00,400.00,0
11/16/2024 14:54:12 [Information] Z Axis Current Time: 02:54:12 + 8000 = 02:54:20
11/16/2024 14:54:12 [Information] Stepper Motor Controller Disable Z Axis controls while moving to location.
11/16/2024 14:54:12 [Information] Time remaining: 00:00:00 targetEndTime = 02:54:20
11/16/2024 14:54:12 [Information] Stepper Motor Controller Disable Z Axis controls while moving to location.
11/16/2024 14:54:12 [Information] Time remaining: 00:00:00 targetEndTime = 02:54:20
11/16/2024 14:54:12 [Information] Stepper Motor Controller Disable Z Axis controls while moving to location.
11/16/2024 14:54:12 [Information] Time remaining: 00:00:00 targetEndTime = 02:54:20
11/16/2024 14:54:12 [Information] Stepper Motor Controller Disable Z Axis controls while moving to location.
11/16/2024 14:54:12 [Information] Time remaining: 00:00:00 targetEndTime = 02:54:20
11/16/2024 14:54:12 [Information] Stepper Motor Controller Disable Z Axis controls while moving to location.
11/16/2024 14:54:12 [Information] Time remaining: 00:00:00 targetEndTime = 02:54:20
11/16/2024 14:54:12 [Information] Stepper Motor Controller Disable Z Axis controls while moving to location.
11/16/2024 14:54:12 [Information] Time remaining: 00:00:00 targetEndTime = 02:54:20
11/16/2024 14:54:12 [Information] Stepper Motor Controller Disable Z Axis controls while moving to location.
11/16/2024 14:54:12 [Information] Time remaining: 00:00:00 targetEndTime = 02:54:20
11/16/2024 14:54:12 [Information] Stepper Motor Controller Disable Z Axis controls while moving to location.
11/16/2024 14:54:12 [Information] Time remaining: 00:00:00 targetEndTime = 02:54:20
11/16/2024 14:54:12 [Information] Stepper Motor Controller Disable Z Axis controls while moving to location.
11/16/2024 14:54:12 [Information] Time remaining: 00:00:00 targetEndTime = 02:54:20
11/16/2024 14:54:12 [Information] Stepper Motor Controller Disable Z Axis controls while moving to location.
11/16/2024 14:54:12 [Information] Time remaining: 00:00:00 targetEndTime = 02:54:20
11/16/2024 14:54:13 [Information] Stepper Motor Controller Disable Z Axis controls while moving to location.
11/16/2024 14:54:13 [Information] Time remaining: 00:00:00 targetEndTime = 02:54:20
11/16/2024 14:54:13 [Information] Stepper Motor Controller Disable Z Axis controls while moving to location.
11/16/2024 14:54:13 [Information] Time remaining: 00:00:00 targetEndTime = 02:54:20
11/16/2024 14:54:13 [Information] Stepper Motor Controller Disable Z Axis controls while moving to location.
11/16/2024 14:54:13 [Information] Time remaining: 00:00:00 targetEndTime = 02:54:20
11/16/2024 14:54:13 [Information] Stepper Motor Controller Disable Z Axis controls while moving to location.
11/16/2024 14:54:13 [Information] Time remaining: 00:00:00 targetEndTime = 02:54:20
11/16/2024 14:54:13 [Information] Stepper Motor Controller Disable Z Axis controls while moving to location.
11/16/2024 14:54:13 [Information] Time remaining: 00:00:00 targetEndTime = 02:54:20
11/16/2024 14:54:13 [Information] Stepper Motor Controller Disable Z Axis controls while moving to location.
11/16/2024 14:54:13 [Information] Time remaining: 00:00:00 targetEndTime = 02:54:20
11/16/2024 14:54:13 [Information] Stepper Motor Controller Disable Z Axis controls while moving to location.
11/16/2024 14:54:13 [Information] Time remaining: 00:00:00 targetEndTime = 02:54:20
11/16/2024 14:54:13 [Information] Stepper Motor Controller Disable Z Axis controls while moving to location.
11/16/2024 14:54:13 [Information] Time remaining: 00:00:00 targetEndTime = 02:54:20
11/16/2024 14:54:13 [Information] Z Axis Data Received: Z
11/16/2024 14:54:13 [Information] Z Axis Data Received:  
11/16/2024 14:54:13 [Information] Z Axis Data Received: A
11/16/2024 14:54:13 [Information] Z Axis Data Received: x
11/16/2024 14:54:13 [Information] Z Axis Data Received: i
11/16/2024 14:54:13 [Information] Z Axis Data Received: s
11/16/2024 14:54:13 [Information] Z Axis Data Received:  
11/16/2024 14:54:13 [Information] Z Axis Data Received: C
11/16/2024 14:54:13 [Information] Z Axis Data Received: C
11/16/2024 14:54:13 [Information] Z Axis Data Received: W
11/16/2024 14:54:13 [Information] Z Axis Data Received:  
11/16/2024 14:54:13 [Information] Z Axis Data Received: S
11/16/2024 14:54:13 [Information] Z Axis Data Received: T
11/16/2024 14:54:13 [Information] Z Axis Data Received: O
11/16/2024 14:54:13 [Information] Z Axis Data Received: PPED

11/16/2024 14:54:13 [Information] Time remaining: 00:00:00 targetEndTime = 02:54:20
11/16/2024 14:54:13 [Information] Stepper Motor Controller Disable Z Axis controls while moving to location.
11/16/2024 14:54:13 [Information] Time remaining: 00:00:00 targetEndTime = 02:54:20
11/16/2024 14:54:13 [Information] Stepper Motor Controller Disable Z Axis controls while moving to location.
11/16/2024 14:54:13 [Information] Time remaining: 00:00:00 targetEndTime = 02:54:20
11/16/2024 14:54:13 [Information] Stepper Motor Controller Disable Z Axis controls while moving to location.
11/16/2024 14:54:13 [Information] Time remaining: 00:00:00 targetEndTime = 02:54:20
11/16/2024 14:54:13 [Information] Stepper Motor Controller Disable Z Axis controls while moving to location.
11/16/2024 14:54:13 [Information] Time remaining: 00:00:00 targetEndTime = 02:54:20
11/16/2024 14:54:13 [Information] Stepper Motor Controller Disable Z Axis controls while moving to location.
11/16/2024 14:54:13 [Information] Time remaining: 00:00:00 targetEndTime = 02:54:20
11/16/2024 14:54:13 [Information] Stepper Motor Controller Disable Z Axis controls while moving to location.
11/16/2024 14:54:13 [Information] Time remaining: 00:00:00 targetEndTime = 02:54:20
11/16/2024 14:54:13 [Information] Stepper Motor Controller Disable Z Axis controls while moving to location.
11/16/2024 14:54:13 [Information] Time remaining: 00:00:00 targetEndTime = 02:54:20
11/16/2024 14:54:13 [Information] Stepper Motor Controller Disable Z Axis controls while moving to location.
11/16/2024 14:54:13 [Information] Time remaining: 00:00:00 targetEndTime = 02:54:20
11/16/2024 14:54:13 [Information] Stepper Motor Controller Disable Z Axis controls while moving to location.
11/16/2024 14:54:13 [Information] Time remaining: 00:00:00 targetEndTime = 02:54:20
11/16/2024 14:54:13 [Information] Stepper Motor Controller Disable Z Axis controls while moving to location.
11/16/2024 14:54:13 [Information] Time remaining: 00:00:00 targetEndTime = 02:54:20
11/16/2024 14:54:13 [Information] Stepper Motor Controller Disable Z Axis controls while moving to location.
11/16/2024 14:54:13 [Information] Time remaining: 00:00:00 targetEndTime = 02:54:20
11/16/2024 14:54:13 [Information] Stepper Motor Controller Disable Z Axis controls while moving to location.
11/16/2024 14:54:13 [Information] Time remaining: 00:00:00 targetEndTime = 02:54:20
11/16/2024 14:54:13 [Information] Stepper Motor Controller Disable Z Axis controls while moving to location.
11/16/2024 14:54:13 [Information] Time remaining: 00:00:00 targetEndTime = 02:54:20
11/16/2024 14:54:13 [Information] Stepper Motor Controller Disable Z Axis controls while moving to location.
11/16/2024 14:54:13 [Information] Time remaining: 00:00:00 targetEndTime = 02:54:20
11/16/2024 14:54:13 [Information] Stepper Motor Controller Disable Z Axis controls while moving to location.
11/16/2024 14:54:13 [Information] Time remaining: 00:00:00 targetEndTime = 02:54:20
11/16/2024 14:54:13 [Information] Stepper Motor Controller Disable Z Axis controls while moving to location.
11/16/2024 14:54:13 [Information] Time remaining: 00:00:00 targetEndTime = 02:54:20
11/16/2024 14:54:13 [Information] Stepper Motor Controller Disable Z Axis controls while moving to location.
11/16/2024 14:54:13 [Information] Time remaining: 00:00:00 targetEndTime = 02:54:20
11/16/2024 14:54:13 [Information] Stepper Motor Controller Disable Z Axis controls while moving to location.
11/16/2024 14:54:13 [Information] Time remaining: 00:00:00 targetEndTime = 02:54:20
11/16/2024 14:54:13 [Information] Stepper Motor Controller Disable Z Axis controls while moving to location.
11/16/2024 14:54:13 [Information] Time remaining: 00:00:00 targetEndTime = 02:54:20
11/16/2024 14:54:13 [Information] Stepper Motor Controller Disable Z Axis controls while moving to location.
11/16/2024 14:54:13 [Information] Time remaining: 00:00:00 targetEndTime = 02:54:20
11/16/2024 14:54:13 [Information] Stepper Motor Controller Disable Z Axis controls while moving to location.
11/16/2024 14:54:13 [Information] Time remaining: 00:00:00 targetEndTime = 02:54:20
11/16/2024 14:54:13 [Information] Stepper Motor Controller Disable Z Axis controls while moving to location.
11/16/2024 14:54:13 [Information] Time remaining: 00:00:00 targetEndTime = 02:54:20
11/16/2024 14:54:13 [Information] Stepper Motor Controller Disable Z Axis controls while moving to location.
11/16/2024 14:54:13 [Information] Time remaining: 00:00:00 targetEndTime = 02:54:20
11/16/2024 14:54:13 [Information] Stepper Motor Controller Disable Z Axis controls while moving to location.
11/16/2024 14:54:13 [Information] Time remaining: 00:00:00 targetEndTime = 02:54:20
11/16/2024 14:54:13 [Information] Stepper Motor Controller Disable Z Axis controls while moving to location.
11/16/2024 14:54:13 [Information] Time remaining: 00:00:00 targetEndTime = 02:54:20
11/16/2024 14:54:13 [Information] Stepper Motor Controller Disable Z Axis controls while moving to location.
11/16/2024 14:54:13 [Information] Time remaining: 00:00:00 targetEndTime = 02:54:20
11/16/2024 14:54:13 [Information] Stepper Motor Controller Disable Z Axis controls while moving to location.
11/16/2024 14:54:13 [Information] Time remaining: 00:00:00 targetEndTime = 02:54:20
11/16/2024 14:54:13 [Information] Stepper Motor Controller Disable Z Axis controls while moving to location.
11/16/2024 14:54:13 [Information] Time remaining: 00:00:00 targetEndTime = 02:54:20
11/16/2024 14:54:13 [Information] Stepper Motor Controller Disable Z Axis controls while moving to location.
11/16/2024 14:54:13 [Information] Time remaining: 00:00:00 targetEndTime = 02:54:20
11/16/2024 14:54:13 [Information] Stepper Motor Controller Disable Z Axis controls while moving to location.
11/16/2024 14:54:13 [Information] Time remaining: 00:00:00 targetEndTime = 02:54:20
11/16/2024 14:54:13 [Information] Stepper Motor Controller Disable Z Axis controls while moving to location.
11/16/2024 14:54:13 [Information] Time remaining: 00:00:00 targetEndTime = 02:54:20
11/16/2024 14:54:13 [Information] Stepper Motor Controller Disable Z Axis controls while moving to location.
11/16/2024 14:54:13 [Information] Time remaining: 00:00:00 targetEndTime = 02:54:20
11/16/2024 14:54:13 [Information] Stepper Motor Controller Disable Z Axis controls while moving to location.
11/16/2024 14:54:13 [Information] Time remaining: 00:00:00 targetEndTime = 02:54:20
11/16/2024 14:54:13 [Information] Stepper Motor Controller Disable Z Axis controls while moving to location.
11/16/2024 14:54:13 [Information] Time remaining: 00:00:00 targetEndTime = 02:54:20
11/16/2024 14:54:13 [Information] Stepper Motor Controller Disable Z Axis controls while moving to location.
11/16/2024 14:54:13 [Information] Time remaining: 00:00:00 targetEndTime = 02:54:20
11/16/2024 14:54:13 [Information] Stepper Motor Controller Disable Z Axis controls while moving to location.
11/16/2024 14:54:13 [Information] Time remaining: 00:00:01 targetEndTime = 02:54:20
11/16/2024 14:54:13 [Information] Stepper Motor Controller Disable Z Axis controls while moving to location.
11/16/2024 14:54:13 [Information] Time remaining: 00:00:01 targetEndTime = 02:54:20
11/16/2024 14:54:13 [Information] Stepper Motor Controller Disable Z Axis controls while moving to location.
11/16/2024 14:54:13 [Information] Time remaining: 00:00:01 targetEndTime = 02:54:20
11/16/2024 14:54:13 [Information] Stepper Motor Controller Disable Z Axis controls while moving to location.
11/16/2024 14:54:13 [Information] Time remaining: 00:00:01 targetEndTime = 02:54:20
11/16/2024 14:54:13 [Information] Stepper Motor Controller Disable Z Axis controls while moving to location.
11/16/2024 14:54:13 [Information] Time remaining: 00:00:01 targetEndTime = 02:54:20
11/16/2024 14:54:13 [Information] Stepper Motor Controller Disable Z Axis controls while moving to location.
11/16/2024 14:54:13 [Information] Time remaining: 00:00:01 targetEndTime = 02:54:20
11/16/2024 14:54:13 [Information] Stepper Motor Controller Disable Z Axis controls while moving to location.
11/16/2024 14:54:13 [Information] Time remaining: 00:00:01 targetEndTime = 02:54:20
11/16/2024 14:54:13 [Information] Stepper Motor Controller Disable Z Axis controls while moving to location.
11/16/2024 14:54:13 [Information] Time remaining: 00:00:01 targetEndTime = 02:54:20
11/16/2024 14:54:13 [Information] Stepper Motor Controller Disable Z Axis controls while moving to location.
11/16/2024 14:54:13 [Information] Time remaining: 00:00:01 targetEndTime = 02:54:20
11/16/2024 14:54:13 [Information] Stepper Motor Controller Disable Z Axis controls while moving to location.
11/16/2024 14:54:13 [Information] Time remaining: 00:00:01 targetEndTime = 02:54:20
11/16/2024 14:54:13 [Information] Stepper Motor Controller Disable Z Axis controls while moving to location.
11/16/2024 14:54:13 [Information] Time remaining: 00:00:01 targetEndTime = 02:54:20
11/16/2024 14:54:14 [Information] Stepper Motor Controller Disable Z Axis controls while moving to location.
11/16/2024 14:54:14 [Information] Time remaining: 00:00:01 targetEndTime = 02:54:20
11/16/2024 14:54:14 [Information] Stepper Motor Controller Disable Z Axis controls while moving to location.
11/16/2024 14:54:14 [Information] Time remaining: 00:00:01 targetEndTime = 02:54:20
11/16/2024 14:54:14 [Information] Stepper Motor Controller Disable Z Axis controls while moving to location.
11/16/2024 14:54:14 [Information] Time remaining: 00:00:01 targetEndTime = 02:54:20
11/16/2024 14:54:14 [Information] Stepper Motor Controller Disable Z Axis controls while moving to location.
11/16/2024 14:54:14 [Information] Time remaining: 00:00:01 targetEndTime = 02:54:20
11/16/2024 14:54:14 [Information] Stepper Motor Controller Disable Z Axis controls while moving to location.
11/16/2024 14:54:14 [Information] Time remaining: 00:00:01 targetEndTime = 02:54:20
11/16/2024 14:54:14 [Information] Stepper Motor Controller Disable Z Axis controls while moving to location.
11/16/2024 14:54:14 [Information] Time remaining: 00:00:01 targetEndTime = 02:54:20
11/16/2024 14:54:14 [Information] Stepper Motor Controller Disable Z Axis controls while moving to location.
11/16/2024 14:54:14 [Information] Time remaining: 00:00:01 targetEndTime = 02:54:20
11/16/2024 14:54:14 [Information] Stepper Motor Controller Disable Z Axis controls while moving to location.
11/16/2024 14:54:14 [Information] Time remaining: 00:00:01 targetEndTime = 02:54:20
11/16/2024 14:54:14 [Information] Stepper Motor Controller Disable Z Axis controls while moving to location.
11/16/2024 14:54:14 [Information] Time remaining: 00:00:01 targetEndTime = 02:54:20
11/16/2024 14:54:14 [Information] Stepper Motor Controller Disable Z Axis controls while moving to location.
11/16/2024 14:54:14 [Information] Time remaining: 00:00:01 targetEndTime = 02:54:20
11/16/2024 14:54:14 [Information] Stepper Motor Controller Disable Z Axis controls while moving to location.
11/16/2024 14:54:14 [Information] Time remaining: 00:00:01 targetEndTime = 02:54:20
11/16/2024 14:54:14 [Information] Stepper Motor Controller Disable Z Axis controls while moving to location.
11/16/2024 14:54:14 [Information] Time remaining: 00:00:01 targetEndTime = 02:54:20
11/16/2024 14:54:14 [Information] Stepper Motor Controller Disable Z Axis controls while moving to location.
11/16/2024 14:54:14 [Information] Time remaining: 00:00:01 targetEndTime = 02:54:20
11/16/2024 14:54:14 [Information] Stepper Motor Controller Disable Z Axis controls while moving to location.
11/16/2024 14:54:14 [Information] Time remaining: 00:00:01 targetEndTime = 02:54:20
11/16/2024 14:54:14 [Information] Stepper Motor Controller Disable Z Axis controls while moving to location.
11/16/2024 14:54:14 [Information] Time remaining: 00:00:01 targetEndTime = 02:54:20
11/16/2024 14:54:14 [Information] Stepper Motor Controller Disable Z Axis controls while moving to location.
11/16/2024 14:54:14 [Information] Time remaining: 00:00:01 targetEndTime = 02:54:20
11/16/2024 14:54:14 [Information] Stepper Motor Controller Disable Z Axis controls while moving to location.
11/16/2024 14:54:14 [Information] Time remaining: 00:00:01 targetEndTime = 02:54:20
11/16/2024 14:54:14 [Information] Stepper Motor Controller Disable Z Axis controls while moving to location.
11/16/2024 14:54:14 [Information] Time remaining: 00:00:01 targetEndTime = 02:54:20
11/16/2024 14:54:14 [Information] Stepper Motor Controller Disable Z Axis controls while moving to location.
11/16/2024 14:54:14 [Information] Time remaining: 00:00:01 targetEndTime = 02:54:20
11/16/2024 14:54:14 [Information] Stepper Motor Controller Disable Z Axis controls while moving to location.
11/16/2024 14:54:14 [Information] Time remaining: 00:00:01 targetEndTime = 02:54:20
11/16/2024 14:54:14 [Information] Stepper Motor Controller Disable Z Axis controls while moving to location.
11/16/2024 14:54:14 [Information] Time remaining: 00:00:01 targetEndTime = 02:54:20
11/16/2024 14:54:14 [Information] Stepper Motor Controller Disable Z Axis controls while moving to location.
11/16/2024 14:54:14 [Information] Time remaining: 00:00:01 targetEndTime = 02:54:20
11/16/2024 14:54:14 [Information] Stepper Motor Controller Disable Z Axis controls while moving to location.
11/16/2024 14:54:14 [Information] Time remaining: 00:00:01 targetEndTime = 02:54:20
11/16/2024 14:54:14 [Information] Stepper Motor Controller Disable Z Axis controls while moving to location.
11/16/2024 14:54:14 [Information] Time remaining: 00:00:01 targetEndTime = 02:54:20
11/16/2024 14:54:14 [Information] Stepper Motor Controller Disable Z Axis controls while moving to location.
11/16/2024 14:54:14 [Information] Time remaining: 00:00:01 targetEndTime = 02:54:20
11/16/2024 14:54:14 [Information] Stepper Motor Controller Disable Z Axis controls while moving to location.
11/16/2024 14:54:14 [Information] Time remaining: 00:00:01 targetEndTime = 02:54:20
11/16/2024 14:54:14 [Information] Stepper Motor Controller Disable Z Axis controls while moving to location.
11/16/2024 14:54:14 [Information] Time remaining: 00:00:01 targetEndTime = 02:54:20
11/16/2024 14:54:14 [Information] Stepper Motor Controller Disable Z Axis controls while moving to location.
11/16/2024 14:54:14 [Information] Time remaining: 00:00:01 targetEndTime = 02:54:20
11/16/2024 14:54:14 [Information] Stepper Motor Controller Disable Z Axis controls while moving to location.
11/16/2024 14:54:14 [Information] Time remaining: 00:00:01 targetEndTime = 02:54:20
11/16/2024 14:54:14 [Information] Stepper Motor Controller Disable Z Axis controls while moving to location.
11/16/2024 14:54:14 [Information] Time remaining: 00:00:01 targetEndTime = 02:54:20
11/16/2024 14:54:14 [Information] Stepper Motor Controller Disable Z Axis controls while moving to location.
11/16/2024 14:54:14 [Information] Time remaining: 00:00:01 targetEndTime = 02:54:20
11/16/2024 14:54:14 [Information] Stepper Motor Controller Disable Z Axis controls while moving to location.
11/16/2024 14:54:14 [Information] Time remaining: 00:00:01 targetEndTime = 02:54:20
11/16/2024 14:54:14 [Information] Stepper Motor Controller Disable Z Axis controls while moving to location.
11/16/2024 14:54:14 [Information] Time remaining: 00:00:01 targetEndTime = 02:54:20
11/16/2024 14:54:14 [Information] Stepper Motor Controller Disable Z Axis controls while moving to location.
11/16/2024 14:54:14 [Information] Time remaining: 00:00:01 targetEndTime = 02:54:20
11/16/2024 14:54:14 [Information] Stepper Motor Controller Disable Z Axis controls while moving to location.
11/16/2024 14:54:14 [Information] Time remaining: 00:00:01 targetEndTime = 02:54:20
11/16/2024 14:54:14 [Information] Stepper Motor Controller Disable Z Axis controls while moving to location.
11/16/2024 14:54:14 [Information] Time remaining: 00:00:01 targetEndTime = 02:54:20
11/16/2024 14:54:14 [Information] Stepper Motor Controller Disable Z Axis controls while moving to location.
11/16/2024 14:54:14 [Information] Time remaining: 00:00:01 targetEndTime = 02:54:20
11/16/2024 14:54:14 [Information] Stepper Motor Controller Disable Z Axis controls while moving to location.
11/16/2024 14:54:14 [Information] Time remaining: 00:00:01 targetEndTime = 02:54:20
11/16/2024 14:54:14 [Information] Stepper Motor Controller Disable Z Axis controls while moving to location.
11/16/2024 14:54:14 [Information] Time remaining: 00:00:01 targetEndTime = 02:54:20
11/16/2024 14:54:14 [Information] Stepper Motor Controller Disable Z Axis controls while moving to location.
11/16/2024 14:54:14 [Information] Time remaining: 00:00:01 targetEndTime = 02:54:20
11/16/2024 14:54:14 [Information] Stepper Motor Controller Disable Z Axis controls while moving to location.
11/16/2024 14:54:14 [Information] Time remaining: 00:00:01 targetEndTime = 02:54:20
11/16/2024 14:54:14 [Information] Stepper Motor Controller Disable Z Axis controls while moving to location.
11/16/2024 14:54:14 [Information] Time remaining: 00:00:01 targetEndTime = 02:54:20
11/16/2024 14:54:14 [Information] Stepper Motor Controller Disable Z Axis controls while moving to location.
11/16/2024 14:54:14 [Information] Time remaining: 00:00:01 targetEndTime = 02:54:20
11/16/2024 14:54:14 [Information] Stepper Motor Controller Disable Z Axis controls while moving to location.
11/16/2024 14:54:14 [Information] Time remaining: 00:00:01 targetEndTime = 02:54:20
11/16/2024 14:54:14 [Information] Stepper Motor Controller Disable Z Axis controls while moving to location.
11/16/2024 14:54:14 [Information] Time remaining: 00:00:01 targetEndTime = 02:54:20
11/16/2024 14:54:14 [Information] Stepper Motor Controller Disable Z Axis controls while moving to location.
11/16/2024 14:54:14 [Information] Time remaining: 00:00:01 targetEndTime = 02:54:20
11/16/2024 14:54:14 [Information] Stepper Motor Controller Disable Z Axis controls while moving to location.
11/16/2024 14:54:14 [Information] Time remaining: 00:00:01 targetEndTime = 02:54:20
11/16/2024 14:54:14 [Information] Stepper Motor Controller Disable Z Axis controls while moving to location.
11/16/2024 14:54:14 [Information] Time remaining: 00:00:01 targetEndTime = 02:54:20
11/16/2024 14:54:14 [Information] Stepper Motor Controller Disable Z Axis controls while moving to location.
11/16/2024 14:54:14 [Information] Time remaining: 00:00:01 targetEndTime = 02:54:20
11/16/2024 14:54:14 [Information] Stepper Motor Controller Disable Z Axis controls while moving to location.
11/16/2024 14:54:14 [Information] Time remaining: 00:00:01 targetEndTime = 02:54:20
11/16/2024 14:54:14 [Information] Stepper Motor Controller Disable Z Axis controls while moving to location.
11/16/2024 14:54:14 [Information] Time remaining: 00:00:02 targetEndTime = 02:54:20
11/16/2024 14:54:14 [Information] Stepper Motor Controller Disable Z Axis controls while moving to location.
11/16/2024 14:54:14 [Information] Time remaining: 00:00:02 targetEndTime = 02:54:20
11/16/2024 14:54:14 [Information] Stepper Motor Controller Disable Z Axis controls while moving to location.
11/16/2024 14:54:14 [Information] Time remaining: 00:00:02 targetEndTime = 02:54:20
11/16/2024 14:54:14 [Information] Stepper Motor Controller Disable Z Axis controls while moving to location.
11/16/2024 14:54:14 [Information] Time remaining: 00:00:02 targetEndTime = 02:54:20
11/16/2024 14:54:14 [Information] Stepper Motor Controller Disable Z Axis controls while moving to location.
11/16/2024 14:54:14 [Information] Time remaining: 00:00:02 targetEndTime = 02:54:20
11/16/2024 14:54:14 [Information] Stepper Motor Controller Disable Z Axis controls while moving to location.
11/16/2024 14:54:14 [Information] Time remaining: 00:00:02 targetEndTime = 02:54:20
11/16/2024 14:54:14 [Information] Stepper Motor Controller Disable Z Axis controls while moving to location.
11/16/2024 14:54:14 [Information] Time remaining: 00:00:02 targetEndTime = 02:54:20
11/16/2024 14:54:14 [Information] Stepper Motor Controller Disable Z Axis controls while moving to location.
11/16/2024 14:54:14 [Information] Time remaining: 00:00:02 targetEndTime = 02:54:20
11/16/2024 14:54:14 [Information] Stepper Motor Controller Disable Z Axis controls while moving to location.
11/16/2024 14:54:14 [Information] Time remaining: 00:00:02 targetEndTime = 02:54:20
11/16/2024 14:54:15 [Information] Stepper Motor Controller Disable Z Axis controls while moving to location.
11/16/2024 14:54:15 [Information] Time remaining: 00:00:02 targetEndTime = 02:54:20
11/16/2024 14:54:15 [Information] Stepper Motor Controller Disable Z Axis controls while moving to location.
11/16/2024 14:54:15 [Information] Time remaining: 00:00:02 targetEndTime = 02:54:20
11/16/2024 14:54:15 [Information] Stepper Motor Controller Disable Z Axis controls while moving to location.
11/16/2024 14:54:15 [Information] Time remaining: 00:00:02 targetEndTime = 02:54:20
11/16/2024 14:54:15 [Information] Stepper Motor Controller Disable Z Axis controls while moving to location.
11/16/2024 14:54:15 [Information] Time remaining: 00:00:02 targetEndTime = 02:54:20
11/16/2024 14:54:15 [Information] Stepper Motor Controller Disable Z Axis controls while moving to location.
11/16/2024 14:54:15 [Information] Time remaining: 00:00:02 targetEndTime = 02:54:20
11/16/2024 14:54:15 [Information] Stepper Motor Controller Disable Z Axis controls while moving to location.
11/16/2024 14:54:15 [Information] Time remaining: 00:00:02 targetEndTime = 02:54:20
11/16/2024 14:54:15 [Information] Stepper Motor Controller Disable Z Axis controls while moving to location.
11/16/2024 14:54:15 [Information] Time remaining: 00:00:02 targetEndTime = 02:54:20
11/16/2024 14:54:15 [Information] Stepper Motor Controller Disable Z Axis controls while moving to location.
11/16/2024 14:54:15 [Information] Time remaining: 00:00:02 targetEndTime = 02:54:20
11/16/2024 14:54:15 [Information] Stepper Motor Controller Disable Z Axis controls while moving to location.
11/16/2024 14:54:15 [Information] Time remaining: 00:00:02 targetEndTime = 02:54:20
11/16/2024 14:54:15 [Information] Stepper Motor Controller Disable Z Axis controls while moving to location.
11/16/2024 14:54:15 [Information] Time remaining: 00:00:02 targetEndTime = 02:54:20
11/16/2024 14:54:15 [Information] Stepper Motor Controller Disable Z Axis controls while moving to location.
11/16/2024 14:54:15 [Information] Time remaining: 00:00:02 targetEndTime = 02:54:20
11/16/2024 14:54:15 [Information] Stepper Motor Controller Disable Z Axis controls while moving to location.
11/16/2024 14:54:15 [Information] Time remaining: 00:00:02 targetEndTime = 02:54:20
11/16/2024 14:54:15 [Information] Stepper Motor Controller Disable Z Axis controls while moving to location.
11/16/2024 14:54:15 [Information] Time remaining: 00:00:02 targetEndTime = 02:54:20
11/16/2024 14:54:15 [Information] Stepper Motor Controller Disable Z Axis controls while moving to location.
11/16/2024 14:54:15 [Information] Time remaining: 00:00:02 targetEndTime = 02:54:20
11/16/2024 14:54:15 [Information] Stepper Motor Controller Disable Z Axis controls while moving to location.
11/16/2024 14:54:15 [Information] Time remaining: 00:00:02 targetEndTime = 02:54:20
11/16/2024 14:54:15 [Information] Stepper Motor Controller Disable Z Axis controls while moving to location.
11/16/2024 14:54:15 [Information] Time remaining: 00:00:02 targetEndTime = 02:54:20
11/16/2024 14:54:15 [Information] Stepper Motor Controller Disable Z Axis controls while moving to location.
11/16/2024 14:54:15 [Information] Time remaining: 00:00:02 targetEndTime = 02:54:20
11/16/2024 14:54:15 [Information] Stepper Motor Controller Disable Z Axis controls while moving to location.
11/16/2024 14:54:15 [Information] Time remaining: 00:00:02 targetEndTime = 02:54:20
11/16/2024 14:54:15 [Information] Stepper Motor Controller Disable Z Axis controls while moving to location.
11/16/2024 14:54:15 [Information] Time remaining: 00:00:02 targetEndTime = 02:54:20
11/16/2024 14:54:15 [Information] Stepper Motor Controller Disable Z Axis controls while moving to location.
11/16/2024 14:54:15 [Information] Time remaining: 00:00:02 targetEndTime = 02:54:20
11/16/2024 14:54:15 [Information] Stepper Motor Controller Disable Z Axis controls while moving to location.
11/16/2024 14:54:15 [Information] Time remaining: 00:00:02 targetEndTime = 02:54:20
11/16/2024 14:54:15 [Information] Stepper Motor Controller Disable Z Axis controls while moving to location.
11/16/2024 14:54:15 [Information] Time remaining: 00:00:02 targetEndTime = 02:54:20
11/16/2024 14:54:15 [Information] Stepper Motor Controller Disable Z Axis controls while moving to location.
11/16/2024 14:54:15 [Information] Time remaining: 00:00:02 targetEndTime = 02:54:20
11/16/2024 14:54:15 [Information] Stepper Motor Controller Disable Z Axis controls while moving to location.
11/16/2024 14:54:15 [Information] Time remaining: 00:00:02 targetEndTime = 02:54:20
11/16/2024 14:54:15 [Information] Stepper Motor Controller Disable Z Axis controls while moving to location.
11/16/2024 14:54:15 [Information] Time remaining: 00:00:02 targetEndTime = 02:54:20
11/16/2024 14:54:15 [Information] Stepper Motor Controller Disable Z Axis controls while moving to location.
11/16/2024 14:54:15 [Information] Time remaining: 00:00:02 targetEndTime = 02:54:20
11/16/2024 14:54:15 [Information] Stepper Motor Controller Disable Z Axis controls while moving to location.
11/16/2024 14:54:15 [Information] Time remaining: 00:00:02 targetEndTime = 02:54:20
11/16/2024 14:54:15 [Information] Stepper Motor Controller Disable Z Axis controls while moving to location.
11/16/2024 14:54:15 [Information] Time remaining: 00:00:02 targetEndTime = 02:54:20
11/16/2024 14:54:15 [Information] Stepper Motor Controller Disable Z Axis controls while moving to location.
11/16/2024 14:54:15 [Information] Time remaining: 00:00:02 targetEndTime = 02:54:20
11/16/2024 14:54:15 [Information] Stepper Motor Controller Disable Z Axis controls while moving to location.
11/16/2024 14:54:15 [Information] Time remaining: 00:00:02 targetEndTime = 02:54:20
11/16/2024 14:54:15 [Information] Stepper Motor Controller Disable Z Axis controls while moving to location.
11/16/2024 14:54:15 [Information] Time remaining: 00:00:02 targetEndTime = 02:54:20
11/16/2024 14:54:15 [Information] Stepper Motor Controller Disable Z Axis controls while moving to location.
11/16/2024 14:54:15 [Information] Time remaining: 00:00:02 targetEndTime = 02:54:20
11/16/2024 14:54:15 [Information] Stepper Motor Controller Disable Z Axis controls while moving to location.
11/16/2024 14:54:15 [Information] Time remaining: 00:00:02 targetEndTime = 02:54:20
11/16/2024 14:54:15 [Information] Stepper Motor Controller Disable Z Axis controls while moving to location.
11/16/2024 14:54:15 [Information] Time remaining: 00:00:02 targetEndTime = 02:54:20
11/16/2024 14:54:15 [Information] Stepper Motor Controller Disable Z Axis controls while moving to location.
11/16/2024 14:54:15 [Information] Time remaining: 00:00:02 targetEndTime = 02:54:20
11/16/2024 14:54:15 [Information] Stepper Motor Controller Disable Z Axis controls while moving to location.
11/16/2024 14:54:15 [Information] Time remaining: 00:00:02 targetEndTime = 02:54:20
11/16/2024 14:54:15 [Information] Stepper Motor Controller Disable Z Axis controls while moving to location.
11/16/2024 14:54:15 [Information] Time remaining: 00:00:02 targetEndTime = 02:54:20
11/16/2024 14:54:15 [Information] Stepper Motor Controller Disable Z Axis controls while moving to location.
11/16/2024 14:54:15 [Information] Time remaining: 00:00:02 targetEndTime = 02:54:20
11/16/2024 14:54:15 [Information] Stepper Motor Controller Disable Z Axis controls while moving to location.
11/16/2024 14:54:15 [Information] Time remaining: 00:00:02 targetEndTime = 02:54:20
11/16/2024 14:54:15 [Information] Stepper Motor Controller Disable Z Axis controls while moving to location.
11/16/2024 14:54:15 [Information] Time remaining: 00:00:02 targetEndTime = 02:54:20
11/16/2024 14:54:15 [Information] Stepper Motor Controller Disable Z Axis controls while moving to location.
11/16/2024 14:54:15 [Information] Time remaining: 00:00:02 targetEndTime = 02:54:20
11/16/2024 14:54:15 [Information] Stepper Motor Controller Disable Z Axis controls while moving to location.
11/16/2024 14:54:15 [Information] Time remaining: 00:00:02 targetEndTime = 02:54:20
11/16/2024 14:54:15 [Information] Stepper Motor Controller Disable Z Axis controls while moving to location.
11/16/2024 14:54:15 [Information] Time remaining: 00:00:02 targetEndTime = 02:54:20
11/16/2024 14:54:15 [Information] Stepper Motor Controller Disable Z Axis controls while moving to location.
11/16/2024 14:54:15 [Information] Time remaining: 00:00:02 targetEndTime = 02:54:20
11/16/2024 14:54:15 [Information] Stepper Motor Controller Disable Z Axis controls while moving to location.
11/16/2024 14:54:15 [Information] Time remaining: 00:00:02 targetEndTime = 02:54:20
11/16/2024 14:54:15 [Information] Stepper Motor Controller Disable Z Axis controls while moving to location.
11/16/2024 14:54:15 [Information] Time remaining: 00:00:02 targetEndTime = 02:54:20
11/16/2024 14:54:15 [Information] Stepper Motor Controller Disable Z Axis controls while moving to location.
11/16/2024 14:54:15 [Information] Time remaining: 00:00:02 targetEndTime = 02:54:20
11/16/2024 14:54:15 [Information] Stepper Motor Controller Disable Z Axis controls while moving to location.
11/16/2024 14:54:15 [Information] Time remaining: 00:00:02 targetEndTime = 02:54:20
11/16/2024 14:54:15 [Information] Stepper Motor Controller Disable Z Axis controls while moving to location.
11/16/2024 14:54:15 [Information] Time remaining: 00:00:02 targetEndTime = 02:54:20
11/16/2024 14:54:15 [Information] Stepper Motor Controller Disable Z Axis controls while moving to location.
11/16/2024 14:54:15 [Information] Time remaining: 00:00:03 targetEndTime = 02:54:20
11/16/2024 14:54:15 [Information] Stepper Motor Controller Disable Z Axis controls while moving to location.
11/16/2024 14:54:15 [Information] Time remaining: 00:00:03 targetEndTime = 02:54:20
11/16/2024 14:54:15 [Information] Stepper Motor Controller Disable Z Axis controls while moving to location.
11/16/2024 14:54:15 [Information] Time remaining: 00:00:03 targetEndTime = 02:54:20
11/16/2024 14:54:15 [Information] Stepper Motor Controller Disable Z Axis controls while moving to location.
11/16/2024 14:54:15 [Information] Time remaining: 00:00:03 targetEndTime = 02:54:20
11/16/2024 14:54:15 [Information] Stepper Motor Controller Disable Z Axis controls while moving to location.
11/16/2024 14:54:15 [Information] Time remaining: 00:00:03 targetEndTime = 02:54:20
11/16/2024 14:54:15 [Information] Stepper Motor Controller Disable Z Axis controls while moving to location.
11/16/2024 14:54:15 [Information] Time remaining: 00:00:03 targetEndTime = 02:54:20
11/16/2024 14:54:15 [Information] Stepper Motor Controller Disable Z Axis controls while moving to location.
11/16/2024 14:54:15 [Information] Time remaining: 00:00:03 targetEndTime = 02:54:20
11/16/2024 14:54:15 [Information] Stepper Motor Controller Disable Z Axis controls while moving to location.
11/16/2024 14:54:15 [Information] Time remaining: 00:00:03 targetEndTime = 02:54:20
11/16/2024 14:54:15 [Information] Stepper Motor Controller Disable Z Axis controls while moving to location.
11/16/2024 14:54:15 [Information] Time remaining: 00:00:03 targetEndTime = 02:54:20
11/16/2024 14:54:15 [Information] Stepper Motor Controller Disable Z Axis controls while moving to location.
11/16/2024 14:54:16 [Information] Time remaining: 00:00:03 targetEndTime = 02:54:20
11/16/2024 14:54:16 [Information] Stepper Motor Controller Disable Z Axis controls while moving to location.
11/16/2024 14:54:16 [Information] Time remaining: 00:00:03 targetEndTime = 02:54:20
11/16/2024 14:54:16 [Information] Stepper Motor Controller Disable Z Axis controls while moving to location.
11/16/2024 14:54:16 [Information] Time remaining: 00:00:03 targetEndTime = 02:54:20
11/16/2024 14:54:16 [Information] Stepper Motor Controller Disable Z Axis controls while moving to location.
11/16/2024 14:54:16 [Information] Time remaining: 00:00:03 targetEndTime = 02:54:20
11/16/2024 14:54:16 [Information] Stepper Motor Controller Disable Z Axis controls while moving to location.
11/16/2024 14:54:16 [Information] Time remaining: 00:00:03 targetEndTime = 02:54:20
11/16/2024 14:54:16 [Information] Stepper Motor Controller Disable Z Axis controls while moving to location.
11/16/2024 14:54:16 [Information] Time remaining: 00:00:03 targetEndTime = 02:54:20
11/16/2024 14:54:16 [Information] Stepper Motor Controller Disable Z Axis controls while moving to location.
11/16/2024 14:54:16 [Information] Time remaining: 00:00:03 targetEndTime = 02:54:20
11/16/2024 14:54:16 [Information] Stepper Motor Controller Disable Z Axis controls while moving to location.
11/16/2024 14:54:16 [Information] Time remaining: 00:00:03 targetEndTime = 02:54:20
11/16/2024 14:54:16 [Information] Stepper Motor Controller Disable Z Axis controls while moving to location.
11/16/2024 14:54:16 [Information] Time remaining: 00:00:03 targetEndTime = 02:54:20
11/16/2024 14:54:16 [Information] Stepper Motor Controller Disable Z Axis controls while moving to location.
11/16/2024 14:54:16 [Information] Time remaining: 00:00:03 targetEndTime = 02:54:20
11/16/2024 14:54:16 [Information] Stepper Motor Controller Disable Z Axis controls while moving to location.
11/16/2024 14:54:16 [Information] Time remaining: 00:00:03 targetEndTime = 02:54:20
11/16/2024 14:54:16 [Information] Stepper Motor Controller Disable Z Axis controls while moving to location.
11/16/2024 14:54:16 [Information] Time remaining: 00:00:03 targetEndTime = 02:54:20
11/16/2024 14:54:16 [Information] Stepper Motor Controller Disable Z Axis controls while moving to location.
11/16/2024 14:54:16 [Information] Time remaining: 00:00:03 targetEndTime = 02:54:20
11/16/2024 14:54:16 [Information] Stepper Motor Controller Disable Z Axis controls while moving to location.
11/16/2024 14:54:16 [Information] Time remaining: 00:00:03 targetEndTime = 02:54:20
11/16/2024 14:54:16 [Information] Stepper Motor Controller Disable Z Axis controls while moving to location.
11/16/2024 14:54:16 [Information] Time remaining: 00:00:03 targetEndTime = 02:54:20
11/16/2024 14:54:16 [Information] Stepper Motor Controller Disable Z Axis controls while moving to location.
11/16/2024 14:54:16 [Information] Time remaining: 00:00:03 targetEndTime = 02:54:20
11/16/2024 14:54:16 [Information] Stepper Motor Controller Disable Z Axis controls while moving to location.
11/16/2024 14:54:16 [Information] Time remaining: 00:00:03 targetEndTime = 02:54:20
11/16/2024 14:54:16 [Information] Stepper Motor Controller Disable Z Axis controls while moving to location.
11/16/2024 14:54:16 [Information] Time remaining: 00:00:03 targetEndTime = 02:54:20
11/16/2024 14:54:16 [Information] Stepper Motor Controller Disable Z Axis controls while moving to location.
11/16/2024 14:54:16 [Information] Time remaining: 00:00:03 targetEndTime = 02:54:20
11/16/2024 14:54:16 [Information] Stepper Motor Controller Disable Z Axis controls while moving to location.
11/16/2024 14:54:16 [Information] Time remaining: 00:00:03 targetEndTime = 02:54:20
11/16/2024 14:54:16 [Information] Stepper Motor Controller Disable Z Axis controls while moving to location.
11/16/2024 14:54:16 [Information] Time remaining: 00:00:03 targetEndTime = 02:54:20
11/16/2024 14:54:16 [Information] Stepper Motor Controller Disable Z Axis controls while moving to location.
11/16/2024 14:54:16 [Information] Time remaining: 00:00:03 targetEndTime = 02:54:20
11/16/2024 14:54:16 [Information] Stepper Motor Controller Disable Z Axis controls while moving to location.
11/16/2024 14:54:16 [Information] Time remaining: 00:00:03 targetEndTime = 02:54:20
11/16/2024 14:54:16 [Information] Stepper Motor Controller Disable Z Axis controls while moving to location.
11/16/2024 14:54:16 [Information] Time remaining: 00:00:03 targetEndTime = 02:54:20
11/16/2024 14:54:16 [Information] Stepper Motor Controller Disable Z Axis controls while moving to location.
11/16/2024 14:54:16 [Information] Time remaining: 00:00:03 targetEndTime = 02:54:20
11/16/2024 14:54:16 [Information] Stepper Motor Controller Disable Z Axis controls while moving to location.
11/16/2024 14:54:16 [Information] Time remaining: 00:00:03 targetEndTime = 02:54:20
11/16/2024 14:54:16 [Information] Stepper Motor Controller Disable Z Axis controls while moving to location.
11/16/2024 14:54:16 [Information] Time remaining: 00:00:03 targetEndTime = 02:54:20
11/16/2024 14:54:16 [Information] Stepper Motor Controller Disable Z Axis controls while moving to location.
11/16/2024 14:54:16 [Information] Time remaining: 00:00:03 targetEndTime = 02:54:20
11/16/2024 14:54:16 [Information] Stepper Motor Controller Disable Z Axis controls while moving to location.
11/16/2024 14:54:16 [Information] Time remaining: 00:00:03 targetEndTime = 02:54:20
11/16/2024 14:54:16 [Information] Stepper Motor Controller Disable Z Axis controls while moving to location.
11/16/2024 14:54:16 [Information] Time remaining: 00:00:03 targetEndTime = 02:54:20
11/16/2024 14:54:16 [Information] Stepper Motor Controller Disable Z Axis controls while moving to location.
11/16/2024 14:54:16 [Information] Time remaining: 00:00:03 targetEndTime = 02:54:20
11/16/2024 14:54:16 [Information] Stepper Motor Controller Disable Z Axis controls while moving to location.
11/16/2024 14:54:16 [Information] Time remaining: 00:00:03 targetEndTime = 02:54:20
11/16/2024 14:54:16 [Information] Stepper Motor Controller Disable Z Axis controls while moving to location.
11/16/2024 14:54:16 [Information] Time remaining: 00:00:03 targetEndTime = 02:54:20
11/16/2024 14:54:16 [Information] Stepper Motor Controller Disable Z Axis controls while moving to location.
11/16/2024 14:54:16 [Information] Time remaining: 00:00:03 targetEndTime = 02:54:20
11/16/2024 14:54:16 [Information] Stepper Motor Controller Disable Z Axis controls while moving to location.
11/16/2024 14:54:16 [Information] Time remaining: 00:00:03 targetEndTime = 02:54:20
11/16/2024 14:54:16 [Information] Stepper Motor Controller Disable Z Axis controls while moving to location.
11/16/2024 14:54:16 [Information] Time remaining: 00:00:03 targetEndTime = 02:54:20
11/16/2024 14:54:16 [Information] Stepper Motor Controller Disable Z Axis controls while moving to location.
11/16/2024 14:54:16 [Information] Time remaining: 00:00:03 targetEndTime = 02:54:20
11/16/2024 14:54:16 [Information] Stepper Motor Controller Disable Z Axis controls while moving to location.
11/16/2024 14:54:16 [Information] Time remaining: 00:00:03 targetEndTime = 02:54:20
11/16/2024 14:54:16 [Information] Stepper Motor Controller Disable Z Axis controls while moving to location.
11/16/2024 14:54:16 [Information] Time remaining: 00:00:03 targetEndTime = 02:54:20
11/16/2024 14:54:16 [Information] Stepper Motor Controller Disable Z Axis controls while moving to location.
11/16/2024 14:54:16 [Information] Time remaining: 00:00:03 targetEndTime = 02:54:20
11/16/2024 14:54:16 [Information] Stepper Motor Controller Disable Z Axis controls while moving to location.
11/16/2024 14:54:16 [Information] Time remaining: 00:00:03 targetEndTime = 02:54:20
11/16/2024 14:54:16 [Information] Stepper Motor Controller Disable Z Axis controls while moving to location.
11/16/2024 14:54:16 [Information] Time remaining: 00:00:03 targetEndTime = 02:54:20
11/16/2024 14:54:16 [Information] Stepper Motor Controller Disable Z Axis controls while moving to location.
11/16/2024 14:54:16 [Information] Time remaining: 00:00:03 targetEndTime = 02:54:20
11/16/2024 14:54:16 [Information] Stepper Motor Controller Disable Z Axis controls while moving to location.
11/16/2024 14:54:16 [Information] Time remaining: 00:00:03 targetEndTime = 02:54:20
11/16/2024 14:54:16 [Information] Stepper Motor Controller Disable Z Axis controls while moving to location.
11/16/2024 14:54:16 [Information] Time remaining: 00:00:03 targetEndTime = 02:54:20
11/16/2024 14:54:16 [Information] Stepper Motor Controller Disable Z Axis controls while moving to location.
11/16/2024 14:54:16 [Information] Time remaining: 00:00:03 targetEndTime = 02:54:20
11/16/2024 14:54:16 [Information] Stepper Motor Controller Disable Z Axis controls while moving to location.
11/16/2024 14:54:16 [Information] Time remaining: 00:00:03 targetEndTime = 02:54:20
11/16/2024 14:54:16 [Information] Stepper Motor Controller Disable Z Axis controls while moving to location.
11/16/2024 14:54:16 [Information] Time remaining: 00:00:03 targetEndTime = 02:54:20
11/16/2024 14:54:16 [Information] Stepper Motor Controller Disable Z Axis controls while moving to location.
11/16/2024 14:54:16 [Information] Time remaining: 00:00:03 targetEndTime = 02:54:20
11/16/2024 14:54:16 [Information] Stepper Motor Controller Disable Z Axis controls while moving to location.
11/16/2024 14:54:16 [Information] Time remaining: 00:00:03 targetEndTime = 02:54:20
11/16/2024 14:54:16 [Information] Stepper Motor Controller Disable Z Axis controls while moving to location.
11/16/2024 14:54:16 [Information] Time remaining: 00:00:04 targetEndTime = 02:54:20
11/16/2024 14:54:16 [Information] Stepper Motor Controller Disable Z Axis controls while moving to location.
11/16/2024 14:54:16 [Information] Time remaining: 00:00:04 targetEndTime = 02:54:20
11/16/2024 14:54:16 [Information] Stepper Motor Controller Disable Z Axis controls while moving to location.
11/16/2024 14:54:16 [Information] Time remaining: 00:00:04 targetEndTime = 02:54:20
11/16/2024 14:54:16 [Information] Stepper Motor Controller Disable Z Axis controls while moving to location.
11/16/2024 14:54:16 [Information] Time remaining: 00:00:04 targetEndTime = 02:54:20
11/16/2024 14:54:16 [Information] Stepper Motor Controller Disable Z Axis controls while moving to location.
11/16/2024 14:54:16 [Information] Time remaining: 00:00:04 targetEndTime = 02:54:20
11/16/2024 14:54:16 [Information] Stepper Motor Controller Disable Z Axis controls while moving to location.
11/16/2024 14:54:16 [Information] Time remaining: 00:00:04 targetEndTime = 02:54:20
11/16/2024 14:54:16 [Information] Stepper Motor Controller Disable Z Axis controls while moving to location.
11/16/2024 14:54:16 [Information] Time remaining: 00:00:04 targetEndTime = 02:54:20
11/16/2024 14:54:16 [Information] Stepper Motor Controller Disable Z Axis controls while moving to location.
11/16/2024 14:54:16 [Information] Time remaining: 00:00:04 targetEndTime = 02:54:20
11/16/2024 14:54:16 [Information] Stepper Motor Controller Disable Z Axis controls while moving to location.
11/16/2024 14:54:16 [Information] Time remaining: 00:00:04 targetEndTime = 02:54:20
11/16/2024 14:54:17 [Information] Stepper Motor Controller Disable Z Axis controls while moving to location.
11/16/2024 14:54:17 [Information] Time remaining: 00:00:04 targetEndTime = 02:54:20
11/16/2024 14:54:17 [Information] Stepper Motor Controller Disable Z Axis controls while moving to location.
11/16/2024 14:54:17 [Information] Time remaining: 00:00:04 targetEndTime = 02:54:20
11/16/2024 14:54:17 [Information] Stepper Motor Controller Disable Z Axis controls while moving to location.
11/16/2024 14:54:17 [Information] Time remaining: 00:00:04 targetEndTime = 02:54:20
11/16/2024 14:54:17 [Information] Stepper Motor Controller Disable Z Axis controls while moving to location.
11/16/2024 14:54:17 [Information] Time remaining: 00:00:04 targetEndTime = 02:54:20
11/16/2024 14:54:17 [Information] Stepper Motor Controller Disable Z Axis controls while moving to location.
11/16/2024 14:54:17 [Information] Time remaining: 00:00:04 targetEndTime = 02:54:20
11/16/2024 14:54:17 [Information] Stepper Motor Controller Disable Z Axis controls while moving to location.
11/16/2024 14:54:17 [Information] Time remaining: 00:00:04 targetEndTime = 02:54:20
11/16/2024 14:54:17 [Information] Stepper Motor Controller Disable Z Axis controls while moving to location.
11/16/2024 14:54:17 [Information] Time remaining: 00:00:04 targetEndTime = 02:54:20
11/16/2024 14:54:17 [Information] Stepper Motor Controller Disable Z Axis controls while moving to location.
11/16/2024 14:54:17 [Information] Time remaining: 00:00:04 targetEndTime = 02:54:20
11/16/2024 14:54:17 [Information] Stepper Motor Controller Disable Z Axis controls while moving to location.
11/16/2024 14:54:17 [Information] Time remaining: 00:00:04 targetEndTime = 02:54:20
11/16/2024 14:54:17 [Information] Stepper Motor Controller Disable Z Axis controls while moving to location.
11/16/2024 14:54:17 [Information] Time remaining: 00:00:04 targetEndTime = 02:54:20
11/16/2024 14:54:17 [Information] Stepper Motor Controller Disable Z Axis controls while moving to location.
11/16/2024 14:54:17 [Information] Time remaining: 00:00:04 targetEndTime = 02:54:20
11/16/2024 14:54:17 [Information] Stepper Motor Controller Disable Z Axis controls while moving to location.
11/16/2024 14:54:17 [Information] Time remaining: 00:00:04 targetEndTime = 02:54:20
11/16/2024 14:54:17 [Information] Stepper Motor Controller Disable Z Axis controls while moving to location.
11/16/2024 14:54:17 [Information] Time remaining: 00:00:04 targetEndTime = 02:54:20
11/16/2024 14:54:17 [Information] Stepper Motor Controller Disable Z Axis controls while moving to location.
11/16/2024 14:54:17 [Information] Time remaining: 00:00:04 targetEndTime = 02:54:20
11/16/2024 14:54:17 [Information] Stepper Motor Controller Disable Z Axis controls while moving to location.
11/16/2024 14:54:17 [Information] Time remaining: 00:00:04 targetEndTime = 02:54:20
11/16/2024 14:54:17 [Information] Stepper Motor Controller Disable Z Axis controls while moving to location.
11/16/2024 14:54:17 [Information] Time remaining: 00:00:04 targetEndTime = 02:54:20
11/16/2024 14:54:17 [Information] Stepper Motor Controller Disable Z Axis controls while moving to location.
11/16/2024 14:54:17 [Information] Time remaining: 00:00:04 targetEndTime = 02:54:20
11/16/2024 14:54:17 [Information] Stepper Motor Controller Disable Z Axis controls while moving to location.
11/16/2024 14:54:17 [Information] Time remaining: 00:00:04 targetEndTime = 02:54:20
11/16/2024 14:54:17 [Information] Stepper Motor Controller Disable Z Axis controls while moving to location.
11/16/2024 14:54:17 [Information] Time remaining: 00:00:04 targetEndTime = 02:54:20
11/16/2024 14:54:17 [Information] Stepper Motor Controller Disable Z Axis controls while moving to location.
11/16/2024 14:54:17 [Information] Time remaining: 00:00:04 targetEndTime = 02:54:20
11/16/2024 14:54:17 [Information] Stepper Motor Controller Disable Z Axis controls while moving to location.
11/16/2024 14:54:17 [Information] Time remaining: 00:00:04 targetEndTime = 02:54:20
11/16/2024 14:54:17 [Information] Stepper Motor Controller Disable Z Axis controls while moving to location.
11/16/2024 14:54:17 [Information] Time remaining: 00:00:04 targetEndTime = 02:54:20
11/16/2024 14:54:17 [Information] Stepper Motor Controller Disable Z Axis controls while moving to location.
11/16/2024 14:54:17 [Information] Time remaining: 00:00:04 targetEndTime = 02:54:20
11/16/2024 14:54:17 [Information] Stepper Motor Controller Disable Z Axis controls while moving to location.
11/16/2024 14:54:17 [Information] Time remaining: 00:00:04 targetEndTime = 02:54:20
11/16/2024 14:54:17 [Information] Stepper Motor Controller Disable Z Axis controls while moving to location.
11/16/2024 14:54:17 [Information] Time remaining: 00:00:04 targetEndTime = 02:54:20
11/16/2024 14:54:17 [Information] Stepper Motor Controller Disable Z Axis controls while moving to location.
11/16/2024 14:54:17 [Information] Time remaining: 00:00:04 targetEndTime = 02:54:20
11/16/2024 14:54:17 [Information] Stepper Motor Controller Disable Z Axis controls while moving to location.
11/16/2024 14:54:17 [Information] Time remaining: 00:00:04 targetEndTime = 02:54:20
11/16/2024 14:54:17 [Information] Stepper Motor Controller Disable Z Axis controls while moving to location.
11/16/2024 14:54:17 [Information] Time remaining: 00:00:04 targetEndTime = 02:54:20
11/16/2024 14:54:17 [Information] Stepper Motor Controller Disable Z Axis controls while moving to location.
11/16/2024 14:54:17 [Information] Time remaining: 00:00:04 targetEndTime = 02:54:20
11/16/2024 14:54:17 [Information] Stepper Motor Controller Disable Z Axis controls while moving to location.
11/16/2024 14:54:17 [Information] Time remaining: 00:00:04 targetEndTime = 02:54:20
11/16/2024 14:54:17 [Information] Stepper Motor Controller Disable Z Axis controls while moving to location.
11/16/2024 14:54:17 [Information] Time remaining: 00:00:04 targetEndTime = 02:54:20
11/16/2024 14:54:17 [Information] Stepper Motor Controller Disable Z Axis controls while moving to location.
11/16/2024 14:54:17 [Information] Time remaining: 00:00:04 targetEndTime = 02:54:20
11/16/2024 14:54:17 [Information] Stepper Motor Controller Disable Z Axis controls while moving to location.
11/16/2024 14:54:17 [Information] Time remaining: 00:00:04 targetEndTime = 02:54:20
11/16/2024 14:54:17 [Information] Stepper Motor Controller Disable Z Axis controls while moving to location.
11/16/2024 14:54:17 [Information] Time remaining: 00:00:04 targetEndTime = 02:54:20
11/16/2024 14:54:17 [Information] Stepper Motor Controller Disable Z Axis controls while moving to location.
11/16/2024 14:54:17 [Information] Time remaining: 00:00:04 targetEndTime = 02:54:20
11/16/2024 14:54:17 [Information] Stepper Motor Controller Disable Z Axis controls while moving to location.
11/16/2024 14:54:17 [Information] Time remaining: 00:00:04 targetEndTime = 02:54:20
11/16/2024 14:54:17 [Information] Stepper Motor Controller Disable Z Axis controls while moving to location.
11/16/2024 14:54:17 [Information] Time remaining: 00:00:04 targetEndTime = 02:54:20
11/16/2024 14:54:17 [Information] Stepper Motor Controller Disable Z Axis controls while moving to location.
11/16/2024 14:54:17 [Information] Time remaining: 00:00:04 targetEndTime = 02:54:20
11/16/2024 14:54:17 [Information] Stepper Motor Controller Disable Z Axis controls while moving to location.
11/16/2024 14:54:17 [Information] Time remaining: 00:00:04 targetEndTime = 02:54:20
11/16/2024 14:54:17 [Information] Stepper Motor Controller Disable Z Axis controls while moving to location.
11/16/2024 14:54:17 [Information] Time remaining: 00:00:04 targetEndTime = 02:54:20
11/16/2024 14:54:17 [Information] Stepper Motor Controller Disable Z Axis controls while moving to location.
11/16/2024 14:54:17 [Information] Time remaining: 00:00:04 targetEndTime = 02:54:20
11/16/2024 14:54:17 [Information] Stepper Motor Controller Disable Z Axis controls while moving to location.
11/16/2024 14:54:17 [Information] Time remaining: 00:00:04 targetEndTime = 02:54:20
11/16/2024 14:54:17 [Information] Stepper Motor Controller Disable Z Axis controls while moving to location.
11/16/2024 14:54:17 [Information] Time remaining: 00:00:04 targetEndTime = 02:54:20
11/16/2024 14:54:17 [Information] Stepper Motor Controller Disable Z Axis controls while moving to location.
11/16/2024 14:54:17 [Information] Time remaining: 00:00:04 targetEndTime = 02:54:20
11/16/2024 14:54:17 [Information] Stepper Motor Controller Disable Z Axis controls while moving to location.
11/16/2024 14:54:17 [Information] Time remaining: 00:00:05 targetEndTime = 02:54:20
11/16/2024 14:54:17 [Information] Stepper Motor Controller Disable Z Axis controls while moving to location.
11/16/2024 14:54:17 [Information] Time remaining: 00:00:05 targetEndTime = 02:54:20
11/16/2024 14:54:17 [Information] Stepper Motor Controller Disable Z Axis controls while moving to location.
11/16/2024 14:54:17 [Information] Time remaining: 00:00:05 targetEndTime = 02:54:20
11/16/2024 14:54:17 [Information] Stepper Motor Controller Disable Z Axis controls while moving to location.
11/16/2024 14:54:17 [Information] Time remaining: 00:00:05 targetEndTime = 02:54:20
11/16/2024 14:54:17 [Information] Stepper Motor Controller Disable Z Axis controls while moving to location.
11/16/2024 14:54:17 [Information] Time remaining: 00:00:05 targetEndTime = 02:54:20
11/16/2024 14:54:17 [Information] Stepper Motor Controller Disable Z Axis controls while moving to location.
11/16/2024 14:54:17 [Information] Time remaining: 00:00:05 targetEndTime = 02:54:20
11/16/2024 14:54:17 [Information] Stepper Motor Controller Disable Z Axis controls while moving to location.
11/16/2024 14:54:17 [Information] Time remaining: 00:00:05 targetEndTime = 02:54:20
11/16/2024 14:54:17 [Information] Stepper Motor Controller Disable Z Axis controls while moving to location.
11/16/2024 14:54:17 [Information] Time remaining: 00:00:05 targetEndTime = 02:54:20
11/16/2024 14:54:18 [Information] Stepper Motor Controller Disable Z Axis controls while moving to location.
11/16/2024 14:54:18 [Information] Time remaining: 00:00:05 targetEndTime = 02:54:20
11/16/2024 14:54:18 [Information] Stepper Motor Controller Disable Z Axis controls while moving to location.
11/16/2024 14:54:18 [Information] Time remaining: 00:00:05 targetEndTime = 02:54:20
11/16/2024 14:54:18 [Information] Stepper Motor Controller Disable Z Axis controls while moving to location.
11/16/2024 14:54:18 [Information] Time remaining: 00:00:05 targetEndTime = 02:54:20
11/16/2024 14:54:18 [Information] Stepper Motor Controller Disable Z Axis controls while moving to location.
11/16/2024 14:54:18 [Information] Time remaining: 00:00:05 targetEndTime = 02:54:20
11/16/2024 14:54:18 [Information] Stepper Motor Controller Disable Z Axis controls while moving to location.
11/16/2024 14:54:18 [Information] Time remaining: 00:00:05 targetEndTime = 02:54:20
11/16/2024 14:54:18 [Information] Stepper Motor Controller Disable Z Axis controls while moving to location.
11/16/2024 14:54:18 [Information] Time remaining: 00:00:05 targetEndTime = 02:54:20
11/16/2024 14:54:18 [Information] Stepper Motor Controller Disable Z Axis controls while moving to location.
11/16/2024 14:54:18 [Information] Time remaining: 00:00:05 targetEndTime = 02:54:20
11/16/2024 14:54:18 [Information] Stepper Motor Controller Disable Z Axis controls while moving to location.
11/16/2024 14:54:18 [Information] Time remaining: 00:00:05 targetEndTime = 02:54:20
11/16/2024 14:54:18 [Information] Stepper Motor Controller Disable Z Axis controls while moving to location.
11/16/2024 14:54:18 [Information] Time remaining: 00:00:05 targetEndTime = 02:54:20
11/16/2024 14:54:18 [Information] Stepper Motor Controller Disable Z Axis controls while moving to location.
11/16/2024 14:54:18 [Information] Time remaining: 00:00:05 targetEndTime = 02:54:20
11/16/2024 14:54:18 [Information] Stepper Motor Controller Disable Z Axis controls while moving to location.
11/16/2024 14:54:18 [Information] Time remaining: 00:00:05 targetEndTime = 02:54:20
11/16/2024 14:54:18 [Information] Stepper Motor Controller Disable Z Axis controls while moving to location.
11/16/2024 14:54:18 [Information] Time remaining: 00:00:05 targetEndTime = 02:54:20
11/16/2024 14:54:18 [Information] Stepper Motor Controller Disable Z Axis controls while moving to location.
11/16/2024 14:54:18 [Information] Time remaining: 00:00:05 targetEndTime = 02:54:20
11/16/2024 14:54:18 [Information] Stepper Motor Controller Disable Z Axis controls while moving to location.
11/16/2024 14:54:18 [Information] Time remaining: 00:00:05 targetEndTime = 02:54:20
11/16/2024 14:54:18 [Information] Stepper Motor Controller Disable Z Axis controls while moving to location.
11/16/2024 14:54:18 [Information] Time remaining: 00:00:05 targetEndTime = 02:54:20
11/16/2024 14:54:18 [Information] Stepper Motor Controller Disable Z Axis controls while moving to location.
11/16/2024 14:54:18 [Information] Time remaining: 00:00:05 targetEndTime = 02:54:20
11/16/2024 14:54:18 [Information] Stepper Motor Controller Disable Z Axis controls while moving to location.
11/16/2024 14:54:18 [Information] Time remaining: 00:00:05 targetEndTime = 02:54:20
11/16/2024 14:54:18 [Information] Stepper Motor Controller Disable Z Axis controls while moving to location.
11/16/2024 14:54:18 [Information] Time remaining: 00:00:05 targetEndTime = 02:54:20
11/16/2024 14:54:18 [Information] Stepper Motor Controller Disable Z Axis controls while moving to location.
11/16/2024 14:54:18 [Information] Time remaining: 00:00:05 targetEndTime = 02:54:20
11/16/2024 14:54:18 [Information] Stepper Motor Controller Disable Z Axis controls while moving to location.
11/16/2024 14:54:18 [Information] Time remaining: 00:00:05 targetEndTime = 02:54:20
11/16/2024 14:54:18 [Information] Stepper Motor Controller Disable Z Axis controls while moving to location.
11/16/2024 14:54:18 [Information] Time remaining: 00:00:05 targetEndTime = 02:54:20
11/16/2024 14:54:18 [Information] Stepper Motor Controller Disable Z Axis controls while moving to location.
11/16/2024 14:54:18 [Information] Time remaining: 00:00:05 targetEndTime = 02:54:20
11/16/2024 14:54:18 [Information] Stepper Motor Controller Disable Z Axis controls while moving to location.
11/16/2024 14:54:18 [Information] Time remaining: 00:00:05 targetEndTime = 02:54:20
11/16/2024 14:54:18 [Information] Stepper Motor Controller Disable Z Axis controls while moving to location.
11/16/2024 14:54:18 [Information] Time remaining: 00:00:05 targetEndTime = 02:54:20
11/16/2024 14:54:18 [Information] Stepper Motor Controller Disable Z Axis controls while moving to location.
11/16/2024 14:54:18 [Information] Time remaining: 00:00:05 targetEndTime = 02:54:20
11/16/2024 14:54:18 [Information] Stepper Motor Controller Disable Z Axis controls while moving to location.
11/16/2024 14:54:18 [Information] Time remaining: 00:00:05 targetEndTime = 02:54:20
11/16/2024 14:54:18 [Information] Stepper Motor Controller Disable Z Axis controls while moving to location.
11/16/2024 14:54:18 [Information] Time remaining: 00:00:05 targetEndTime = 02:54:20
11/16/2024 14:54:18 [Information] Stepper Motor Controller Disable Z Axis controls while moving to location.
11/16/2024 14:54:18 [Information] Time remaining: 00:00:05 targetEndTime = 02:54:20
11/16/2024 14:54:18 [Information] Stepper Motor Controller Disable Z Axis controls while moving to location.
11/16/2024 14:54:18 [Information] Time remaining: 00:00:05 targetEndTime = 02:54:20
11/16/2024 14:54:18 [Information] Stepper Motor Controller Disable Z Axis controls while moving to location.
11/16/2024 14:54:18 [Information] Time remaining: 00:00:05 targetEndTime = 02:54:20
11/16/2024 14:54:18 [Information] Stepper Motor Controller Disable Z Axis controls while moving to location.
11/16/2024 14:54:18 [Information] Time remaining: 00:00:05 targetEndTime = 02:54:20
11/16/2024 14:54:18 [Information] Stepper Motor Controller Disable Z Axis controls while moving to location.
11/16/2024 14:54:18 [Information] Time remaining: 00:00:05 targetEndTime = 02:54:20
11/16/2024 14:54:18 [Information] Stepper Motor Controller Disable Z Axis controls while moving to location.
11/16/2024 14:54:18 [Information] Time remaining: 00:00:05 targetEndTime = 02:54:20
11/16/2024 14:54:18 [Information] Stepper Motor Controller Disable Z Axis controls while moving to location.
11/16/2024 14:54:18 [Information] Time remaining: 00:00:05 targetEndTime = 02:54:20
11/16/2024 14:54:18 [Information] Stepper Motor Controller Disable Z Axis controls while moving to location.
11/16/2024 14:54:18 [Information] Time remaining: 00:00:05 targetEndTime = 02:54:20
11/16/2024 14:54:18 [Information] Stepper Motor Controller Disable Z Axis controls while moving to location.
11/16/2024 14:54:18 [Information] Time remaining: 00:00:05 targetEndTime = 02:54:20
11/16/2024 14:54:18 [Information] Stepper Motor Controller Disable Z Axis controls while moving to location.
11/16/2024 14:54:18 [Information] Time remaining: 00:00:05 targetEndTime = 02:54:20
11/16/2024 14:54:18 [Information] Stepper Motor Controller Disable Z Axis controls while moving to location.
11/16/2024 14:54:18 [Information] Time remaining: 00:00:05 targetEndTime = 02:54:20
11/16/2024 14:54:18 [Information] Stepper Motor Controller Disable Z Axis controls while moving to location.
11/16/2024 14:54:18 [Information] Time remaining: 00:00:05 targetEndTime = 02:54:20
11/16/2024 14:54:18 [Information] Stepper Motor Controller Disable Z Axis controls while moving to location.
11/16/2024 14:54:18 [Information] Time remaining: 00:00:05 targetEndTime = 02:54:20
11/16/2024 14:54:18 [Information] Stepper Motor Controller Disable Z Axis controls while moving to location.
11/16/2024 14:54:18 [Information] Time remaining: 00:00:05 targetEndTime = 02:54:20
11/16/2024 14:54:18 [Information] Stepper Motor Controller Disable Z Axis controls while moving to location.
11/16/2024 14:54:18 [Information] Time remaining: 00:00:05 targetEndTime = 02:54:20
11/16/2024 14:54:18 [Information] Stepper Motor Controller Disable Z Axis controls while moving to location.
11/16/2024 14:54:18 [Information] Time remaining: 00:00:05 targetEndTime = 02:54:20
11/16/2024 14:54:18 [Information] Stepper Motor Controller Disable Z Axis controls while moving to location.
11/16/2024 14:54:18 [Information] Time remaining: 00:00:05 targetEndTime = 02:54:20
11/16/2024 14:54:18 [Information] Stepper Motor Controller Disable Z Axis controls while moving to location.
11/16/2024 14:54:18 [Information] Time remaining: 00:00:05 targetEndTime = 02:54:20
11/16/2024 14:54:18 [Information] Stepper Motor Controller Disable Z Axis controls while moving to location.
11/16/2024 14:54:18 [Information] Time remaining: 00:00:05 targetEndTime = 02:54:20
11/16/2024 14:54:18 [Information] Stepper Motor Controller Disable Z Axis controls while moving to location.
11/16/2024 14:54:18 [Information] Time remaining: 00:00:05 targetEndTime = 02:54:20
11/16/2024 14:54:18 [Information] Stepper Motor Controller Disable Z Axis controls while moving to location.
11/16/2024 14:54:18 [Information] Time remaining: 00:00:05 targetEndTime = 02:54:20
11/16/2024 14:54:18 [Information] Stepper Motor Controller Disable Z Axis controls while moving to location.
11/16/2024 14:54:18 [Information] Time remaining: 00:00:05 targetEndTime = 02:54:20
11/16/2024 14:54:18 [Information] Stepper Motor Controller Disable Z Axis controls while moving to location.
11/16/2024 14:54:18 [Information] Time remaining: 00:00:05 targetEndTime = 02:54:20
11/16/2024 14:54:18 [Information] Stepper Motor Controller Disable Z Axis controls while moving to location.
11/16/2024 14:54:18 [Information] Time remaining: 00:00:06 targetEndTime = 02:54:20
11/16/2024 14:54:18 [Information] Stepper Motor Controller Disable Z Axis controls while moving to location.
11/16/2024 14:54:18 [Information] Time remaining: 00:00:06 targetEndTime = 02:54:20
11/16/2024 14:54:18 [Information] Stepper Motor Controller Disable Z Axis controls while moving to location.
11/16/2024 14:54:18 [Information] Time remaining: 00:00:06 targetEndTime = 02:54:20
11/16/2024 14:54:18 [Information] Stepper Motor Controller Disable Z Axis controls while moving to location.
11/16/2024 14:54:18 [Information] Time remaining: 00:00:06 targetEndTime = 02:54:20
11/16/2024 14:54:18 [Information] Stepper Motor Controller Disable Z Axis controls while moving to location.
11/16/2024 14:54:18 [Information] Time remaining: 00:00:06 targetEndTime = 02:54:20
11/16/2024 14:54:18 [Information] Stepper Motor Controller Disable Z Axis controls while moving to location.
11/16/2024 14:54:18 [Information] Time remaining: 00:00:06 targetEndTime = 02:54:20
11/16/2024 14:54:18 [Information] Stepper Motor Controller Disable Z Axis controls while moving to location.
11/16/2024 14:54:18 [Information] Time remaining: 00:00:06 targetEndTime = 02:54:20
11/16/2024 14:54:18 [Information] Stepper Motor Controller Disable Z Axis controls while moving to location.
11/16/2024 14:54:18 [Information] Time remaining: 00:00:06 targetEndTime = 02:54:20
11/16/2024 14:54:18 [Information] Stepper Motor Controller Disable Z Axis controls while moving to location.
11/16/2024 14:54:18 [Information] Time remaining: 00:00:06 targetEndTime = 02:54:20
11/16/2024 14:54:18 [Information] Stepper Motor Controller Disable Z Axis controls while moving to location.
11/16/2024 14:54:18 [Information] Time remaining: 00:00:06 targetEndTime = 02:54:20
11/16/2024 14:54:19 [Information] Stepper Motor Controller Disable Z Axis controls while moving to location.
11/16/2024 14:54:19 [Information] Time remaining: 00:00:06 targetEndTime = 02:54:20
11/16/2024 14:54:19 [Information] Stepper Motor Controller Disable Z Axis controls while moving to location.
11/16/2024 14:54:19 [Information] Time remaining: 00:00:06 targetEndTime = 02:54:20
11/16/2024 14:54:19 [Information] Stepper Motor Controller Disable Z Axis controls while moving to location.
11/16/2024 14:54:19 [Information] Time remaining: 00:00:06 targetEndTime = 02:54:20
11/16/2024 14:54:19 [Information] Stepper Motor Controller Disable Z Axis controls while moving to location.
11/16/2024 14:54:19 [Information] Time remaining: 00:00:06 targetEndTime = 02:54:20
11/16/2024 14:54:19 [Information] Stepper Motor Controller Disable Z Axis controls while moving to location.
11/16/2024 14:54:19 [Information] Time remaining: 00:00:06 targetEndTime = 02:54:20
11/16/2024 14:54:19 [Information] Stepper Motor Controller Disable Z Axis controls while moving to location.
11/16/2024 14:54:19 [Information] Time remaining: 00:00:06 targetEndTime = 02:54:20
11/16/2024 14:54:19 [Information] Stepper Motor Controller Disable Z Axis controls while moving to location.
11/16/2024 14:54:19 [Information] Time remaining: 00:00:06 targetEndTime = 02:54:20
11/16/2024 14:54:19 [Information] Stepper Motor Controller Disable Z Axis controls while moving to location.
11/16/2024 14:54:19 [Information] Time remaining: 00:00:06 targetEndTime = 02:54:20
11/16/2024 14:54:19 [Information] Stepper Motor Controller Disable Z Axis controls while moving to location.
11/16/2024 14:54:19 [Information] Time remaining: 00:00:06 targetEndTime = 02:54:20
11/16/2024 14:54:19 [Information] Stepper Motor Controller Disable Z Axis controls while moving to location.
11/16/2024 14:54:19 [Information] Time remaining: 00:00:06 targetEndTime = 02:54:20
11/16/2024 14:54:19 [Information] Stepper Motor Controller Disable Z Axis controls while moving to location.
11/16/2024 14:54:19 [Information] Time remaining: 00:00:06 targetEndTime = 02:54:20
11/16/2024 14:54:19 [Information] Stepper Motor Controller Disable Z Axis controls while moving to location.
11/16/2024 14:54:19 [Information] Time remaining: 00:00:06 targetEndTime = 02:54:20
11/16/2024 14:54:19 [Information] Stepper Motor Controller Disable Z Axis controls while moving to location.
11/16/2024 14:54:19 [Information] Time remaining: 00:00:06 targetEndTime = 02:54:20
11/16/2024 14:54:19 [Information] Stepper Motor Controller Disable Z Axis controls while moving to location.
11/16/2024 14:54:19 [Information] Time remaining: 00:00:06 targetEndTime = 02:54:20
11/16/2024 14:54:19 [Information] Stepper Motor Controller Disable Z Axis controls while moving to location.
11/16/2024 14:54:19 [Information] Time remaining: 00:00:06 targetEndTime = 02:54:20
11/16/2024 14:54:19 [Information] Stepper Motor Controller Disable Z Axis controls while moving to location.
11/16/2024 14:54:19 [Information] Time remaining: 00:00:06 targetEndTime = 02:54:20
11/16/2024 14:54:19 [Information] Stepper Motor Controller Disable Z Axis controls while moving to location.
11/16/2024 14:54:19 [Information] Time remaining: 00:00:06 targetEndTime = 02:54:20
11/16/2024 14:54:19 [Information] Stepper Motor Controller Disable Z Axis controls while moving to location.
11/16/2024 14:54:19 [Information] Time remaining: 00:00:06 targetEndTime = 02:54:20
11/16/2024 14:54:19 [Information] Stepper Motor Controller Disable Z Axis controls while moving to location.
11/16/2024 14:54:19 [Information] Time remaining: 00:00:06 targetEndTime = 02:54:20
11/16/2024 14:54:19 [Information] Stepper Motor Controller Disable Z Axis controls while moving to location.
11/16/2024 14:54:19 [Information] Time remaining: 00:00:06 targetEndTime = 02:54:20
11/16/2024 14:54:19 [Information] Stepper Motor Controller Disable Z Axis controls while moving to location.
11/16/2024 14:54:19 [Information] Time remaining: 00:00:06 targetEndTime = 02:54:20
11/16/2024 14:54:19 [Information] Stepper Motor Controller Disable Z Axis controls while moving to location.
11/16/2024 14:54:19 [Information] Time remaining: 00:00:06 targetEndTime = 02:54:20
11/16/2024 14:54:19 [Information] Stepper Motor Controller Disable Z Axis controls while moving to location.
11/16/2024 14:54:19 [Information] Time remaining: 00:00:06 targetEndTime = 02:54:20
11/16/2024 14:54:19 [Information] Stepper Motor Controller Disable Z Axis controls while moving to location.
11/16/2024 14:54:19 [Information] Time remaining: 00:00:06 targetEndTime = 02:54:20
11/16/2024 14:54:19 [Information] Stepper Motor Controller Disable Z Axis controls while moving to location.
11/16/2024 14:54:19 [Information] Time remaining: 00:00:06 targetEndTime = 02:54:20
11/16/2024 14:54:19 [Information] Stepper Motor Controller Disable Z Axis controls while moving to location.
11/16/2024 14:54:19 [Information] Time remaining: 00:00:06 targetEndTime = 02:54:20
11/16/2024 14:54:19 [Information] Stepper Motor Controller Disable Z Axis controls while moving to location.
11/16/2024 14:54:19 [Information] Time remaining: 00:00:06 targetEndTime = 02:54:20
11/16/2024 14:54:19 [Information] Stepper Motor Controller Disable Z Axis controls while moving to location.
11/16/2024 14:54:19 [Information] Time remaining: 00:00:06 targetEndTime = 02:54:20
11/16/2024 14:54:19 [Information] Stepper Motor Controller Disable Z Axis controls while moving to location.
11/16/2024 14:54:19 [Information] Time remaining: 00:00:06 targetEndTime = 02:54:20
11/16/2024 14:54:19 [Information] Stepper Motor Controller Disable Z Axis controls while moving to location.
11/16/2024 14:54:19 [Information] Time remaining: 00:00:06 targetEndTime = 02:54:20
11/16/2024 14:54:19 [Information] Stepper Motor Controller Disable Z Axis controls while moving to location.
11/16/2024 14:54:19 [Information] Time remaining: 00:00:06 targetEndTime = 02:54:20
11/16/2024 14:54:19 [Information] Stepper Motor Controller Disable Z Axis controls while moving to location.
11/16/2024 14:54:19 [Information] Time remaining: 00:00:06 targetEndTime = 02:54:20
11/16/2024 14:54:19 [Information] Stepper Motor Controller Disable Z Axis controls while moving to location.
11/16/2024 14:54:19 [Information] Time remaining: 00:00:06 targetEndTime = 02:54:20
11/16/2024 14:54:19 [Information] Stepper Motor Controller Disable Z Axis controls while moving to location.
11/16/2024 14:54:19 [Information] Time remaining: 00:00:06 targetEndTime = 02:54:20
11/16/2024 14:54:19 [Information] Stepper Motor Controller Disable Z Axis controls while moving to location.
11/16/2024 14:54:19 [Information] Time remaining: 00:00:06 targetEndTime = 02:54:20
11/16/2024 14:54:19 [Information] Stepper Motor Controller Disable Z Axis controls while moving to location.
11/16/2024 14:54:19 [Information] Time remaining: 00:00:06 targetEndTime = 02:54:20
11/16/2024 14:54:19 [Information] Stepper Motor Controller Disable Z Axis controls while moving to location.
11/16/2024 14:54:19 [Information] Time remaining: 00:00:06 targetEndTime = 02:54:20
11/16/2024 14:54:19 [Information] Stepper Motor Controller Disable Z Axis controls while moving to location.
11/16/2024 14:54:19 [Information] Time remaining: 00:00:06 targetEndTime = 02:54:20
11/16/2024 14:54:19 [Information] Stepper Motor Controller Disable Z Axis controls while moving to location.
11/16/2024 14:54:19 [Information] Time remaining: 00:00:06 targetEndTime = 02:54:20
11/16/2024 14:54:19 [Information] Stepper Motor Controller Disable Z Axis controls while moving to location.
11/16/2024 14:54:19 [Information] Time remaining: 00:00:06 targetEndTime = 02:54:20
11/16/2024 14:54:19 [Information] Stepper Motor Controller Disable Z Axis controls while moving to location.
11/16/2024 14:54:19 [Information] Time remaining: 00:00:06 targetEndTime = 02:54:20
11/16/2024 14:54:19 [Information] Stepper Motor Controller Disable Z Axis controls while moving to location.
11/16/2024 14:54:19 [Information] Time remaining: 00:00:06 targetEndTime = 02:54:20
11/16/2024 14:54:19 [Information] Stepper Motor Controller Disable Z Axis controls while moving to location.
11/16/2024 14:54:19 [Information] Time remaining: 00:00:06 targetEndTime = 02:54:20
11/16/2024 14:54:19 [Information] Stepper Motor Controller Disable Z Axis controls while moving to location.
11/16/2024 14:54:19 [Information] Time remaining: 00:00:06 targetEndTime = 02:54:20
11/16/2024 14:54:19 [Information] Stepper Motor Controller Disable Z Axis controls while moving to location.
11/16/2024 14:54:19 [Information] Time remaining: 00:00:06 targetEndTime = 02:54:20
11/16/2024 14:54:19 [Information] Stepper Motor Controller Disable Z Axis controls while moving to location.
11/16/2024 14:54:19 [Information] Time remaining: 00:00:06 targetEndTime = 02:54:20
11/16/2024 14:54:19 [Information] Stepper Motor Controller Disable Z Axis controls while moving to location.
11/16/2024 14:54:19 [Information] Time remaining: 00:00:06 targetEndTime = 02:54:20
11/16/2024 14:54:19 [Information] Stepper Motor Controller Disable Z Axis controls while moving to location.
11/16/2024 14:54:19 [Information] Time remaining: 00:00:07 targetEndTime = 02:54:20
11/16/2024 14:54:19 [Information] Stepper Motor Controller Disable Z Axis controls while moving to location.
11/16/2024 14:54:19 [Information] Time remaining: 00:00:07 targetEndTime = 02:54:20
11/16/2024 14:54:19 [Information] Stepper Motor Controller Disable Z Axis controls while moving to location.
11/16/2024 14:54:19 [Information] Time remaining: 00:00:07 targetEndTime = 02:54:20
11/16/2024 14:54:19 [Information] Stepper Motor Controller Disable Z Axis controls while moving to location.
11/16/2024 14:54:19 [Information] Time remaining: 00:00:07 targetEndTime = 02:54:20
11/16/2024 14:54:19 [Information] Stepper Motor Controller Disable Z Axis controls while moving to location.
11/16/2024 14:54:19 [Information] Time remaining: 00:00:07 targetEndTime = 02:54:20
11/16/2024 14:54:19 [Information] Stepper Motor Controller Disable Z Axis controls while moving to location.
11/16/2024 14:54:19 [Information] Time remaining: 00:00:07 targetEndTime = 02:54:20
11/16/2024 14:54:19 [Information] Stepper Motor Controller Disable Z Axis controls while moving to location.
11/16/2024 14:54:19 [Information] Time remaining: 00:00:07 targetEndTime = 02:54:20
11/16/2024 14:54:19 [Information] Stepper Motor Controller Disable Z Axis controls while moving to location.
11/16/2024 14:54:19 [Information] Time remaining: 00:00:07 targetEndTime = 02:54:20
11/16/2024 14:54:19 [Information] Stepper Motor Controller Disable Z Axis controls while moving to location.
11/16/2024 14:54:19 [Information] Time remaining: 00:00:07 targetEndTime = 02:54:20
11/16/2024 14:54:19 [Information] Stepper Motor Controller Disable Z Axis controls while moving to location.
11/16/2024 14:54:19 [Information] Time remaining: 00:00:07 targetEndTime = 02:54:20
11/16/2024 14:54:20 [Information] Stepper Motor Controller Disable Z Axis controls while moving to location.
11/16/2024 14:54:20 [Information] Time remaining: 00:00:07 targetEndTime = 02:54:20
11/16/2024 14:54:20 [Information] Stepper Motor Controller Disable Z Axis controls while moving to location.
11/16/2024 14:54:20 [Information] Time remaining: 00:00:07 targetEndTime = 02:54:20
11/16/2024 14:54:20 [Information] Stepper Motor Controller Disable Z Axis controls while moving to location.
11/16/2024 14:54:20 [Information] Time remaining: 00:00:07 targetEndTime = 02:54:20
11/16/2024 14:54:20 [Information] Stepper Motor Controller Disable Z Axis controls while moving to location.
11/16/2024 14:54:20 [Information] Time remaining: 00:00:07 targetEndTime = 02:54:20
11/16/2024 14:54:20 [Information] Stepper Motor Controller Disable Z Axis controls while moving to location.
11/16/2024 14:54:20 [Information] Time remaining: 00:00:07 targetEndTime = 02:54:20
11/16/2024 14:54:20 [Information] Stepper Motor Controller Disable Z Axis controls while moving to location.
11/16/2024 14:54:20 [Information] Time remaining: 00:00:07 targetEndTime = 02:54:20
11/16/2024 14:54:20 [Information] Stepper Motor Controller Disable Z Axis controls while moving to location.
11/16/2024 14:54:20 [Information] Time remaining: 00:00:07 targetEndTime = 02:54:20
11/16/2024 14:54:20 [Information] Stepper Motor Controller Disable Z Axis controls while moving to location.
11/16/2024 14:54:20 [Information] Time remaining: 00:00:07 targetEndTime = 02:54:20
11/16/2024 14:54:20 [Information] Stepper Motor Controller Disable Z Axis controls while moving to location.
11/16/2024 14:54:20 [Information] Time remaining: 00:00:07 targetEndTime = 02:54:20
11/16/2024 14:54:20 [Information] Stepper Motor Controller Disable Z Axis controls while moving to location.
11/16/2024 14:54:20 [Information] Time remaining: 00:00:07 targetEndTime = 02:54:20
11/16/2024 14:54:20 [Information] Stepper Motor Controller Disable Z Axis controls while moving to location.
11/16/2024 14:54:20 [Information] Time remaining: 00:00:07 targetEndTime = 02:54:20
11/16/2024 14:54:20 [Information] Stepper Motor Controller Disable Z Axis controls while moving to location.
11/16/2024 14:54:20 [Information] Time remaining: 00:00:07 targetEndTime = 02:54:20
11/16/2024 14:54:20 [Information] Stepper Motor Controller Disable Z Axis controls while moving to location.
11/16/2024 14:54:20 [Information] Time remaining: 00:00:07 targetEndTime = 02:54:20
11/16/2024 14:54:20 [Information] Stepper Motor Controller Disable Z Axis controls while moving to location.
11/16/2024 14:54:20 [Information] Time remaining: 00:00:07 targetEndTime = 02:54:20
11/16/2024 14:54:20 [Information] Stepper Motor Controller Disable Z Axis controls while moving to location.
11/16/2024 14:54:20 [Information] Time remaining: 00:00:07 targetEndTime = 02:54:20
11/16/2024 14:54:20 [Information] Stepper Motor Controller Disable Z Axis controls while moving to location.
11/16/2024 14:54:20 [Information] Time remaining: 00:00:07 targetEndTime = 02:54:20
11/16/2024 14:54:20 [Information] Stepper Motor Controller Disable Z Axis controls while moving to location.
11/16/2024 14:54:20 [Information] Time remaining: 00:00:07 targetEndTime = 02:54:20
11/16/2024 14:54:20 [Information] Stepper Motor Controller Disable Z Axis controls while moving to location.
11/16/2024 14:54:20 [Information] Time remaining: 00:00:07 targetEndTime = 02:54:20
11/16/2024 14:54:20 [Information] Stepper Motor Controller Disable Z Axis controls while moving to location.
11/16/2024 14:54:20 [Information] Time remaining: 00:00:07 targetEndTime = 02:54:20
11/16/2024 14:54:20 [Information] Stepper Motor Controller Disable Z Axis controls while moving to location.
11/16/2024 14:54:20 [Information] Time remaining: 00:00:07 targetEndTime = 02:54:20
11/16/2024 14:54:20 [Information] Stepper Motor Controller Disable Z Axis controls while moving to location.
11/16/2024 14:54:20 [Information] Time remaining: 00:00:07 targetEndTime = 02:54:20
11/16/2024 14:54:20 [Information] Stepper Motor Controller Disable Z Axis controls while moving to location.
11/16/2024 14:54:20 [Information] Time remaining: 00:00:07 targetEndTime = 02:54:20
11/16/2024 14:54:20 [Information] Stepper Motor Controller Disable Z Axis controls while moving to location.
11/16/2024 14:54:20 [Information] Time remaining: 00:00:07 targetEndTime = 02:54:20
11/16/2024 14:54:20 [Information] Stepper Motor Controller Disable Z Axis controls while moving to location.
11/16/2024 14:54:20 [Information] Time remaining: 00:00:07 targetEndTime = 02:54:20
11/16/2024 14:54:20 [Information] Stepper Motor Controller Disable Z Axis controls while moving to location.
11/16/2024 14:54:20 [Information] Time remaining: 00:00:07 targetEndTime = 02:54:20
11/16/2024 14:54:20 [Information] Stepper Motor Controller Disable Z Axis controls while moving to location.
11/16/2024 14:54:20 [Information] Time remaining: 00:00:07 targetEndTime = 02:54:20
11/16/2024 14:54:20 [Information] Stepper Motor Controller Disable Z Axis controls while moving to location.
11/16/2024 14:54:20 [Information] Time remaining: 00:00:07 targetEndTime = 02:54:20
11/16/2024 14:54:20 [Information] Stepper Motor Controller Disable Z Axis controls while moving to location.
11/16/2024 14:54:20 [Information] Time remaining: 00:00:07 targetEndTime = 02:54:20
11/16/2024 14:54:20 [Information] Stepper Motor Controller Disable Z Axis controls while moving to location.
11/16/2024 14:54:20 [Information] Time remaining: 00:00:07 targetEndTime = 02:54:20
11/16/2024 14:54:20 [Information] Stepper Motor Controller Disable Z Axis controls while moving to location.
11/16/2024 14:54:20 [Information] Time remaining: 00:00:07 targetEndTime = 02:54:20
11/16/2024 14:54:20 [Information] Stepper Motor Controller Disable Z Axis controls while moving to location.
11/16/2024 14:54:20 [Information] Time remaining: 00:00:07 targetEndTime = 02:54:20
11/16/2024 14:54:20 [Information] Stepper Motor Controller Disable Z Axis controls while moving to location.
11/16/2024 14:54:20 [Information] Time remaining: 00:00:07 targetEndTime = 02:54:20
11/16/2024 14:54:20 [Information] Stepper Motor Controller Disable Z Axis controls while moving to location.
11/16/2024 14:54:20 [Information] Time remaining: 00:00:07 targetEndTime = 02:54:20
11/16/2024 14:54:20 [Information] Stepper Motor Controller Disable Z Axis controls while moving to location.
11/16/2024 14:54:20 [Information] Time remaining: 00:00:07 targetEndTime = 02:54:20
11/16/2024 14:54:20 [Information] Stepper Motor Controller Disable Z Axis controls while moving to location.
11/16/2024 14:54:20 [Information] Time remaining: 00:00:07 targetEndTime = 02:54:20
11/16/2024 14:54:20 [Information] Stepper Motor Controller Disable Z Axis controls while moving to location.
11/16/2024 14:54:20 [Information] Time remaining: 00:00:07 targetEndTime = 02:54:20
11/16/2024 14:54:20 [Information] Stepper Motor Controller Disable Z Axis controls while moving to location.
11/16/2024 14:54:20 [Information] Time remaining: 00:00:07 targetEndTime = 02:54:20
11/16/2024 14:54:20 [Information] Stepper Motor Controller Disable Z Axis controls while moving to location.
11/16/2024 14:54:20 [Information] Time remaining: 00:00:07 targetEndTime = 02:54:20
11/16/2024 14:54:20 [Information] Stepper Motor Controller Disable Z Axis controls while moving to location.
11/16/2024 14:54:20 [Information] Time remaining: 00:00:07 targetEndTime = 02:54:20
11/16/2024 14:54:20 [Information] Stepper Motor Controller Disable Z Axis controls while moving to location.
11/16/2024 14:54:20 [Information] Time remaining: 00:00:07 targetEndTime = 02:54:20
11/16/2024 14:54:20 [Information] Stepper Motor Controller Disable Z Axis controls while moving to location.
11/16/2024 14:54:20 [Information] Time remaining: 00:00:07 targetEndTime = 02:54:20
11/16/2024 14:54:20 [Information] Stepper Motor Controller Disable Z Axis controls while moving to location.
11/16/2024 14:54:20 [Information] Time remaining: 00:00:07 targetEndTime = 02:54:20
11/16/2024 14:54:20 [Information] Stepper Motor Controller Disable Z Axis controls while moving to location.
11/16/2024 14:54:20 [Information] Time remaining: 00:00:07 targetEndTime = 02:54:20
11/16/2024 14:54:20 [Information] Stepper Motor Controller Disable Z Axis controls while moving to location.
11/16/2024 14:54:20 [Information] Time remaining: 00:00:07 targetEndTime = 02:54:20
11/16/2024 14:54:20 [Information] Stepper Motor Controller Disable Z Axis controls while moving to location.
11/16/2024 14:54:20 [Information] Time remaining: 00:00:07 targetEndTime = 02:54:20
11/16/2024 14:54:20 [Information] Stepper Motor Controller Disable Z Axis controls while moving to location.
11/16/2024 14:54:20 [Information] Time remaining: 00:00:07 targetEndTime = 02:54:20
11/16/2024 14:54:20 [Information] Stepper Motor Controller Disable Z Axis controls while moving to location.
11/16/2024 14:54:20 [Information] Time remaining: 00:00:07 targetEndTime = 02:54:20
11/16/2024 14:54:20 [Information] Stepper Motor Controller Disable Z Axis controls while moving to location.
11/16/2024 14:54:20 [Information] Time remaining: 00:00:07 targetEndTime = 02:54:20
11/16/2024 14:54:20 [Information] Stepper Motor Controller Disable Z Axis controls while moving to location.
11/16/2024 14:54:20 [Information] Time remaining: 00:00:07 targetEndTime = 02:54:20
11/16/2024 14:54:20 [Information] Stepper Motor Controller Disable Z Axis controls while moving to location.
11/16/2024 14:54:20 [Information] Time remaining: 00:00:07 targetEndTime = 02:54:20
11/16/2024 14:54:20 [Information] Stepper Motor Controller Enable Z Axis controls after moving to location.
11/16/2024 14:54:20 [Information] Stepper Motor Controller Stopwatch Stopped.
11/16/2024 14:54:20 [Information] Stepper Motor Controller Timer Stopped.
11/16/2024 14:54:20 [Information] Stepper Motor Controller Stopwatch Reset.
11/16/2024 14:54:23 [Information] Stepper Motor Controller MainWindow Closing.
11/16/2024 14:54:24 [Information] Stepper Motor Controller Serial Ports closed.
11/16/2024 14:54:24 [Information] Properties Settings Saved.
11/16/2024 14:54:24 [Information] Properties Settings Form Closed.
11/16/2024 14:54:24 [Information] Stepper Motor Controller Form Closed.
