11/8/2024 12:38:27 [Information] Stepper Motor Controller Application Started.
11/8/2024 12:38:27 [Information] Version: 3.0.9078.22748 (11/8/2024 12:38:27)
11/8/2024 12:38:27 [Information] SerialPort COM7 not connected.
11/8/2024 12:38:28 [Information] SerialPort COM8 not connected.
11/8/2024 12:38:28 [Information] Stepper Motor Controller Application Started.
11/8/2024 12:38:28 [Information] Version: 3.0.9078.22748 (11/8/2024 12:38:28)
11/8/2024 12:38:28 [Information] Version: 3.1.0.22749 (11/8/2024 12:38:28)
11/8/2024 12:38:28 [Information] Version: 3.1.0.22749 (11/8/2024 12:38:28)
11/8/2024 12:38:28 [Information] Stepper Motor Controller Application Settings Window Opened.
11/8/2024 12:38:28 [Information] Stepper Motor Controller Application Settings form is rebuilt each and every time it is opened.
11/8/2024 12:38:28 [Information] int: 9600 BaudRate added to the Settings Form.
11/8/2024 12:38:28 [Information] bool: False ckbXaxisResetToZeroIsChecked added to the Settings Form.
11/8/2024 12:38:28 [Information] bool: False ckbYaxisResetToZeroIsChecked added to the Settings Form.
11/8/2024 12:38:28 [Information] bool: False ckbZaxisResetToZeroIsChecked added to the Settings Form.
11/8/2024 12:38:28 [Information] COM1: ComPort added to the Settings Form.
11/8/2024 12:38:28 [Information] COM2: ComPort added to the Settings Form.
11/8/2024 12:38:28 [Information] COM3: ComPort added to the Settings Form.
11/8/2024 12:38:28 [Information] COM4: ComPort added to the Settings Form.
11/8/2024 12:38:28 [Information] COM5: ComPort added to the Settings Form.
11/8/2024 12:38:28 [Information] COM6: ComPort added to the Settings Form.
11/8/2024 12:38:28 [Information] COM7: ComPort added to the Settings Form.
11/8/2024 12:38:28 [Information] COM8: ComPort added to the Settings Form.
11/8/2024 12:38:28 [Information] COM9: ComPort added to the Settings Form.
11/8/2024 12:38:28 [Information] COM10: ComPort added to the Settings Form.
11/8/2024 12:38:28 [Information] decimal: 4.00 Divider4_00 added to the Settings Form.
11/8/2024 12:38:28 [Information] decimal: 0.00 MathPart2Initlz added to the Settings Form.
11/8/2024 12:38:28 [Information] decimal: 1.00 MilisecondTimerInterval added to the Settings Form.
11/8/2024 12:38:28 [Information] decimal: 1000.00 MillisecondDelay added to the Settings Form.
11/8/2024 12:38:28 [Information] int: 1000 Milliseconds added to the Settings Form.
11/8/2024 12:38:28 [Information] int: 4 mmPerRevolution added to the Settings Form.
11/8/2024 12:38:28 [Information] int: 2000 ThreadSleep added to the Settings Form.
11/8/2024 12:38:28 [Information] decimal: 0.00 Value_0_00 added to the Settings Form.
11/8/2024 12:38:28 [Information] decimal: 50.00 XaxisAcceleration added to the Settings Form.
11/8/2024 12:38:28 [Information] bool: False XaxisChanged added to the Settings Form.
11/8/2024 12:38:28 [Information] decimal: 400.00 XaxisMotorSpeed added to the Settings Form.
11/8/2024 12:38:28 [Information] decimal: 0.00 XaxisStepperCurrent added to the Settings Form.
11/8/2024 12:38:28 [Information] decimal: 0.00 XaxisStepperMove added to the Settings Form.
11/8/2024 12:38:28 [Information] XCOM1: XComPort added to the Settings Form.
11/8/2024 12:38:28 [Information] XCOM2: XComPort added to the Settings Form.
11/8/2024 12:38:28 [Information] XCOM3: XComPort added to the Settings Form.
11/8/2024 12:38:28 [Information] XCOM4: XComPort added to the Settings Form.
11/8/2024 12:38:28 [Information] XCOM5: XComPort added to the Settings Form.
11/8/2024 12:38:28 [Information] XCOM6: XComPort added to the Settings Form.
11/8/2024 12:38:28 [Information] XCOM7: XComPort added to the Settings Form.
11/8/2024 12:38:28 [Information] XCOM8: XComPort added to the Settings Form.
11/8/2024 12:38:28 [Information] XCOM9: XComPort added to the Settings Form.
11/8/2024 12:38:28 [Information] XCOM10: XComPort added to the Settings Form.
11/8/2024 12:38:28 [Information] decimal: 50.00 YaxisAcceleration added to the Settings Form.
11/8/2024 12:38:28 [Information] bool: False YaxisChanged added to the Settings Form.
11/8/2024 12:38:28 [Information] decimal: 400.00 YaxisMotorSpeed added to the Settings Form.
11/8/2024 12:38:28 [Information] decimal: 0.00 YaxisStepperCurrent added to the Settings Form.
11/8/2024 12:38:28 [Information] decimal: 0.00 YaxisStepperMove added to the Settings Form.
11/8/2024 12:38:28 [Information] YCOM1: YComPort added to the Settings Form.
11/8/2024 12:38:28 [Information] YCOM2: YComPort added to the Settings Form.
11/8/2024 12:38:28 [Information] YCOM3: YComPort added to the Settings Form.
11/8/2024 12:38:28 [Information] YCOM4: YComPort added to the Settings Form.
11/8/2024 12:38:28 [Information] YCOM5: YComPort added to the Settings Form.
11/8/2024 12:38:28 [Information] YCOM6: YComPort added to the Settings Form.
11/8/2024 12:38:28 [Information] YCOM7: YComPort added to the Settings Form.
11/8/2024 12:38:28 [Information] YCOM8: YComPort added to the Settings Form.
11/8/2024 12:38:28 [Information] YCOM9: YComPort added to the Settings Form.
11/8/2024 12:38:28 [Information] YCOM10: YComPort added to the Settings Form.
11/8/2024 12:38:28 [Information] decimal: 50.00 ZaxisAcceleration added to the Settings Form.
11/8/2024 12:38:28 [Information] bool: False ZaxisChanged added to the Settings Form.
11/8/2024 12:38:28 [Information] decimal: 400.00 ZaxisMotorSpeed added to the Settings Form.
11/8/2024 12:38:28 [Information] decimal: 0.00 ZaxisStepperCurrent added to the Settings Form.
11/8/2024 12:38:28 [Information] decimal: 0.00 ZaxisStepperMove added to the Settings Form.
11/8/2024 12:38:28 [Information] ZCOM1: ZComPort added to the Settings Form.
11/8/2024 12:38:28 [Information] ZCOM2: ZComPort added to the Settings Form.
11/8/2024 12:38:28 [Information] ZCOM3: ZComPort added to the Settings Form.
11/8/2024 12:38:28 [Information] ZCOM4: ZComPort added to the Settings Form.
11/8/2024 12:38:28 [Information] ZCOM5: ZComPort added to the Settings Form.
11/8/2024 12:38:28 [Information] ZCOM6: ZComPort added to the Settings Form.
11/8/2024 12:38:28 [Information] ZCOM7: ZComPort added to the Settings Form.
11/8/2024 12:38:28 [Information] ZCOM8: ZComPort added to the Settings Form.
11/8/2024 12:38:28 [Information] ZCOM9: ZComPort added to the Settings Form.
11/8/2024 12:38:28 [Information] ZCOM10: ZComPort added to the Settings Form.
11/8/2024 12:38:28 [Information] int: 0 zeroXaxis added to the Settings Form.
11/8/2024 12:38:28 [Information] int: 0 zeroYaxis added to the Settings Form.
11/8/2024 12:38:28 [Information] int: 0 zeroZaxis added to the Settings Form.
11/8/2024 12:38:28 [Information] Stepper Motor Controller MainWindow loaded
11/8/2024 12:38:28 [Information] Set MainWindow Media Brushes to White.
11/8/2024 12:38:38 [Information] Z Axis mouse controlled Keypad returned: 8.00
11/8/2024 12:38:40 [Information] Z Axis Run button clicked:
11/8/2024 12:38:40 [Information] Z Axis MotorMovementSeconds decimal: (8.00 / 4) / 2 = 1.00
11/8/2024 12:38:41 [Information] Z Axis Run Event: Z,0.00,400.00,0,0.00,400.00,0,8.00,400.00,0
11/8/2024 12:38:41 [Information] Z Axis Current Time: 12:38:41 + 1000 = 12:38:42
11/8/2024 12:38:41 [Information] Stepper Motor Controller Disable Z Axis controls while moving to location.
11/8/2024 12:38:41 [Information] Time remaining: 00:00:00 targetEndTime = 12:38:42
11/8/2024 12:38:41 [Information] Stepper Motor Controller Disable Z Axis controls while moving to location.
11/8/2024 12:38:41 [Information] Time remaining: 00:00:00 targetEndTime = 12:38:42
11/8/2024 12:38:41 [Information] Stepper Motor Controller Disable Z Axis controls while moving to location.
11/8/2024 12:38:41 [Information] Time remaining: 00:00:00 targetEndTime = 12:38:42
11/8/2024 12:38:41 [Information] Stepper Motor Controller Disable Z Axis controls while moving to location.
11/8/2024 12:38:41 [Information] Time remaining: 00:00:00 targetEndTime = 12:38:42
11/8/2024 12:38:41 [Information] Stepper Motor Controller Disable Z Axis controls while moving to location.
11/8/2024 12:38:41 [Information] Time remaining: 00:00:00 targetEndTime = 12:38:42
11/8/2024 12:38:41 [Information] Stepper Motor Controller Disable Z Axis controls while moving to location.
11/8/2024 12:38:41 [Information] Time remaining: 00:00:00 targetEndTime = 12:38:42
11/8/2024 12:38:41 [Information] Stepper Motor Controller Disable Z Axis controls while moving to location.
11/8/2024 12:38:41 [Information] Time remaining: 00:00:00 targetEndTime = 12:38:42
11/8/2024 12:38:41 [Information] Stepper Motor Controller Disable Z Axis controls while moving to location.
11/8/2024 12:38:41 [Information] Time remaining: 00:00:00 targetEndTime = 12:38:42
11/8/2024 12:38:41 [Information] Stepper Motor Controller Disable Z Axis controls while moving to location.
11/8/2024 12:38:41 [Information] Time remaining: 00:00:00 targetEndTime = 12:38:42
11/8/2024 12:38:41 [Information] Stepper Motor Controller Disable Z Axis controls while moving to location.
11/8/2024 12:38:41 [Information] Time remaining: 00:00:00 targetEndTime = 12:38:42
11/8/2024 12:38:41 [Information] Stepper Motor Controller Disable Z Axis controls while moving to location.
11/8/2024 12:38:41 [Information] Time remaining: 00:00:00 targetEndTime = 12:38:42
11/8/2024 12:38:41 [Information] Stepper Motor Controller Disable Z Axis controls while moving to location.
11/8/2024 12:38:41 [Information] Time remaining: 00:00:00 targetEndTime = 12:38:42
11/8/2024 12:38:41 [Information] Stepper Motor Controller Disable Z Axis controls while moving to location.
11/8/2024 12:38:41 [Information] Time remaining: 00:00:00 targetEndTime = 12:38:42
11/8/2024 12:38:41 [Information] Stepper Motor Controller Disable Z Axis controls while moving to location.
11/8/2024 12:38:41 [Information] Time remaining: 00:00:00 targetEndTime = 12:38:42
11/8/2024 12:38:41 [Information] Stepper Motor Controller Disable Z Axis controls while moving to location.
11/8/2024 12:38:41 [Information] Time remaining: 00:00:00 targetEndTime = 12:38:42
11/8/2024 12:38:41 [Information] Stepper Motor Controller Disable Z Axis controls while moving to location.
11/8/2024 12:38:41 [Information] Time remaining: 00:00:00 targetEndTime = 12:38:42
11/8/2024 12:38:41 [Information] Stepper Motor Controller Disable Z Axis controls while moving to location.
11/8/2024 12:38:41 [Information] Time remaining: 00:00:00 targetEndTime = 12:38:42
11/8/2024 12:38:41 [Information] Stepper Motor Controller Disable Z Axis controls while moving to location.
11/8/2024 12:38:41 [Information] Time remaining: 00:00:00 targetEndTime = 12:38:42
11/8/2024 12:38:41 [Information] Stepper Motor Controller Disable Z Axis controls while moving to location.
11/8/2024 12:38:41 [Information] Time remaining: 00:00:00 targetEndTime = 12:38:42
11/8/2024 12:38:41 [Information] Stepper Motor Controller Disable Z Axis controls while moving to location.
11/8/2024 12:38:41 [Information] Time remaining: 00:00:00 targetEndTime = 12:38:42
11/8/2024 12:38:41 [Information] Stepper Motor Controller Disable Z Axis controls while moving to location.
11/8/2024 12:38:41 [Information] Time remaining: 00:00:00 targetEndTime = 12:38:42
11/8/2024 12:38:41 [Information] Stepper Motor Controller Disable Z Axis controls while moving to location.
11/8/2024 12:38:41 [Information] Time remaining: 00:00:00 targetEndTime = 12:38:42
11/8/2024 12:38:41 [Information] Stepper Motor Controller Disable Z Axis controls while moving to location.
11/8/2024 12:38:41 [Information] Time remaining: 00:00:00 targetEndTime = 12:38:42
11/8/2024 12:38:41 [Information] Stepper Motor Controller Disable Z Axis controls while moving to location.
11/8/2024 12:38:41 [Information] Time remaining: 00:00:00 targetEndTime = 12:38:42
11/8/2024 12:38:41 [Information] Stepper Motor Controller Disable Z Axis controls while moving to location.
11/8/2024 12:38:41 [Information] Time remaining: 00:00:00 targetEndTime = 12:38:42
11/8/2024 12:38:41 [Information] Stepper Motor Controller Disable Z Axis controls while moving to location.
11/8/2024 12:38:41 [Information] Time remaining: 00:00:00 targetEndTime = 12:38:42
11/8/2024 12:38:41 [Information] Stepper Motor Controller Disable Z Axis controls while moving to location.
11/8/2024 12:38:41 [Information] Time remaining: 00:00:00 targetEndTime = 12:38:42
11/8/2024 12:38:41 [Information] Stepper Motor Controller Disable Z Axis controls while moving to location.
11/8/2024 12:38:41 [Information] Time remaining: 00:00:00 targetEndTime = 12:38:42
11/8/2024 12:38:41 [Information] Stepper Motor Controller Disable Z Axis controls while moving to location.
11/8/2024 12:38:41 [Information] Time remaining: 00:00:00 targetEndTime = 12:38:42
11/8/2024 12:38:41 [Information] Stepper Motor Controller Disable Z Axis controls while moving to location.
11/8/2024 12:38:41 [Information] Time remaining: 00:00:00 targetEndTime = 12:38:42
11/8/2024 12:38:41 [Information] Stepper Motor Controller Disable Z Axis controls while moving to location.
11/8/2024 12:38:41 [Information] Time remaining: 00:00:00 targetEndTime = 12:38:42
11/8/2024 12:38:41 [Information] Stepper Motor Controller Disable Z Axis controls while moving to location.
11/8/2024 12:38:41 [Information] Time remaining: 00:00:00 targetEndTime = 12:38:42
11/8/2024 12:38:41 [Information] Stepper Motor Controller Disable Z Axis controls while moving to location.
11/8/2024 12:38:41 [Information] Time remaining: 00:00:00 targetEndTime = 12:38:42
11/8/2024 12:38:41 [Information] Stepper Motor Controller Disable Z Axis controls while moving to location.
11/8/2024 12:38:41 [Information] Time remaining: 00:00:00 targetEndTime = 12:38:42
11/8/2024 12:38:41 [Information] Stepper Motor Controller Disable Z Axis controls while moving to location.
11/8/2024 12:38:41 [Information] Time remaining: 00:00:00 targetEndTime = 12:38:42
11/8/2024 12:38:41 [Information] Stepper Motor Controller Disable Z Axis controls while moving to location.
11/8/2024 12:38:41 [Information] Time remaining: 00:00:00 targetEndTime = 12:38:42
11/8/2024 12:38:41 [Information] Stepper Motor Controller Disable Z Axis controls while moving to location.
11/8/2024 12:38:41 [Information] Time remaining: 00:00:00 targetEndTime = 12:38:42
11/8/2024 12:38:41 [Information] Stepper Motor Controller Disable Z Axis controls while moving to location.
11/8/2024 12:38:41 [Information] Time remaining: 00:00:00 targetEndTime = 12:38:42
11/8/2024 12:38:41 [Information] Stepper Motor Controller Disable Z Axis controls while moving to location.
11/8/2024 12:38:41 [Information] Time remaining: 00:00:00 targetEndTime = 12:38:42
11/8/2024 12:38:41 [Information] Stepper Motor Controller Disable Z Axis controls while moving to location.
11/8/2024 12:38:41 [Information] Time remaining: 00:00:00 targetEndTime = 12:38:42
11/8/2024 12:38:41 [Information] Stepper Motor Controller Disable Z Axis controls while moving to location.
11/8/2024 12:38:41 [Information] Time remaining: 00:00:00 targetEndTime = 12:38:42
11/8/2024 12:38:41 [Information] Stepper Motor Controller Disable Z Axis controls while moving to location.
11/8/2024 12:38:41 [Information] Time remaining: 00:00:00 targetEndTime = 12:38:42
11/8/2024 12:38:41 [Information] Stepper Motor Controller Disable Z Axis controls while moving to location.
11/8/2024 12:38:41 [Information] Time remaining: 00:00:00 targetEndTime = 12:38:42
11/8/2024 12:38:41 [Information] Stepper Motor Controller Disable Z Axis controls while moving to location.
11/8/2024 12:38:41 [Information] Time remaining: 00:00:00 targetEndTime = 12:38:42
11/8/2024 12:38:41 [Information] Stepper Motor Controller Disable Z Axis controls while moving to location.
11/8/2024 12:38:41 [Information] Time remaining: 00:00:00 targetEndTime = 12:38:42
11/8/2024 12:38:41 [Information] Stepper Motor Controller Disable Z Axis controls while moving to location.
11/8/2024 12:38:41 [Information] Time remaining: 00:00:00 targetEndTime = 12:38:42
11/8/2024 12:38:41 [Information] Stepper Motor Controller Disable Z Axis controls while moving to location.
11/8/2024 12:38:41 [Information] Time remaining: 00:00:00 targetEndTime = 12:38:42
11/8/2024 12:38:41 [Information] Stepper Motor Controller Disable Z Axis controls while moving to location.
11/8/2024 12:38:41 [Information] Time remaining: 00:00:00 targetEndTime = 12:38:42
11/8/2024 12:38:41 [Information] Stepper Motor Controller Disable Z Axis controls while moving to location.
11/8/2024 12:38:41 [Information] Time remaining: 00:00:00 targetEndTime = 12:38:42
11/8/2024 12:38:41 [Information] Stepper Motor Controller Disable Z Axis controls while moving to location.
11/8/2024 12:38:41 [Information] Time remaining: 00:00:00 targetEndTime = 12:38:42
11/8/2024 12:38:41 [Information] Stepper Motor Controller Disable Z Axis controls while moving to location.
11/8/2024 12:38:41 [Information] Time remaining: 00:00:00 targetEndTime = 12:38:42
11/8/2024 12:38:41 [Information] Stepper Motor Controller Disable Z Axis controls while moving to location.
11/8/2024 12:38:41 [Information] Time remaining: 00:00:00 targetEndTime = 12:38:42
11/8/2024 12:38:41 [Information] Stepper Motor Controller Disable Z Axis controls while moving to location.
11/8/2024 12:38:41 [Information] Time remaining: 00:00:00 targetEndTime = 12:38:42
11/8/2024 12:38:41 [Information] Stepper Motor Controller Disable Z Axis controls while moving to location.
11/8/2024 12:38:41 [Information] Time remaining: 00:00:00 targetEndTime = 12:38:42
11/8/2024 12:38:41 [Information] Stepper Motor Controller Disable Z Axis controls while moving to location.
11/8/2024 12:38:41 [Information] Time remaining: 00:00:00 targetEndTime = 12:38:42
11/8/2024 12:38:42 [Information] Stepper Motor Controller Disable Z Axis controls while moving to location.
11/8/2024 12:38:42 [Information] Time remaining: 00:00:00 targetEndTime = 12:38:42
11/8/2024 12:38:42 [Information] Stepper Motor Controller Disable Z Axis controls while moving to location.
11/8/2024 12:38:42 [Information] Time remaining: 00:00:00 targetEndTime = 12:38:42
11/8/2024 12:38:42 [Information] Stepper Motor Controller Disable Z Axis controls while moving to location.
11/8/2024 12:38:42 [Information] Time remaining: 00:00:00 targetEndTime = 12:38:42
11/8/2024 12:38:42 [Information] Stepper Motor Controller Disable Z Axis controls while moving to location.
11/8/2024 12:38:42 [Information] Time remaining: 00:00:00 targetEndTime = 12:38:42
11/8/2024 12:38:42 [Information] Stepper Motor Controller Disable Z Axis controls while moving to location.
11/8/2024 12:38:42 [Information] Time remaining: 00:00:00 targetEndTime = 12:38:42
11/8/2024 12:38:42 [Information] Stepper Motor Controller Enable Z Axis controls after moving to location.
11/8/2024 12:38:42 [Information] Stepper Motor Controller Stopwatch Stopped.
11/8/2024 12:38:42 [Information] Stepper Motor Controller Timer Stopped.
11/8/2024 12:38:42 [Information] Stepper Motor Controller Stopwatch Reset.
11/8/2024 12:38:48 [Information] Z Axis Run button clicked:
11/8/2024 12:38:48 [Information] Z Axis MotorMovementSeconds decimal: (8.00 / 4) / 2 = 1.00
11/8/2024 12:38:49 [Information] Z Axis Run Event: Z,0.00,400.00,0,0.00,400.00,0,8.00,400.00,0
11/8/2024 12:38:49 [Information] Z Axis Current Time: 12:38:49 + 1000 = 12:38:50
11/8/2024 12:38:49 [Information] Stepper Motor Controller Disable Z Axis controls while moving to location.
11/8/2024 12:38:49 [Information] Time remaining: 00:00:00 targetEndTime = 12:38:50
11/8/2024 12:38:49 [Information] Stepper Motor Controller Disable Z Axis controls while moving to location.
11/8/2024 12:38:49 [Information] Time remaining: 00:00:00 targetEndTime = 12:38:50
11/8/2024 12:38:49 [Information] Stepper Motor Controller Disable Z Axis controls while moving to location.
11/8/2024 12:38:49 [Information] Time remaining: 00:00:00 targetEndTime = 12:38:50
11/8/2024 12:38:50 [Information] Stepper Motor Controller Disable Z Axis controls while moving to location.
11/8/2024 12:38:50 [Information] Time remaining: 00:00:00 targetEndTime = 12:38:50
11/8/2024 12:38:50 [Information] Stepper Motor Controller Disable Z Axis controls while moving to location.
11/8/2024 12:38:50 [Information] Time remaining: 00:00:00 targetEndTime = 12:38:50
11/8/2024 12:38:50 [Information] Stepper Motor Controller Disable Z Axis controls while moving to location.
11/8/2024 12:38:50 [Information] Time remaining: 00:00:00 targetEndTime = 12:38:50
11/8/2024 12:38:50 [Information] Stepper Motor Controller Disable Z Axis controls while moving to location.
11/8/2024 12:38:50 [Information] Time remaining: 00:00:00 targetEndTime = 12:38:50
11/8/2024 12:38:50 [Information] Stepper Motor Controller Disable Z Axis controls while moving to location.
11/8/2024 12:38:50 [Information] Time remaining: 00:00:00 targetEndTime = 12:38:50
11/8/2024 12:38:50 [Information] Stepper Motor Controller Disable Z Axis controls while moving to location.
11/8/2024 12:38:50 [Information] Time remaining: 00:00:00 targetEndTime = 12:38:50
11/8/2024 12:38:50 [Information] Stepper Motor Controller Disable Z Axis controls while moving to location.
11/8/2024 12:38:50 [Information] Time remaining: 00:00:00 targetEndTime = 12:38:50
11/8/2024 12:38:50 [Information] Stepper Motor Controller Disable Z Axis controls while moving to location.
11/8/2024 12:38:50 [Information] Time remaining: 00:00:00 targetEndTime = 12:38:50
11/8/2024 12:38:50 [Information] Stepper Motor Controller Disable Z Axis controls while moving to location.
11/8/2024 12:38:50 [Information] Time remaining: 00:00:00 targetEndTime = 12:38:50
11/8/2024 12:38:50 [Information] Stepper Motor Controller Disable Z Axis controls while moving to location.
11/8/2024 12:38:50 [Information] Time remaining: 00:00:00 targetEndTime = 12:38:50
11/8/2024 12:38:50 [Information] Stepper Motor Controller Disable Z Axis controls while moving to location.
11/8/2024 12:38:50 [Information] Time remaining: 00:00:00 targetEndTime = 12:38:50
11/8/2024 12:38:50 [Information] Stepper Motor Controller Disable Z Axis controls while moving to location.
11/8/2024 12:38:50 [Information] Time remaining: 00:00:00 targetEndTime = 12:38:50
11/8/2024 12:38:50 [Information] Stepper Motor Controller Disable Z Axis controls while moving to location.
11/8/2024 12:38:50 [Information] Time remaining: 00:00:00 targetEndTime = 12:38:50
11/8/2024 12:38:50 [Information] Stepper Motor Controller Disable Z Axis controls while moving to location.
11/8/2024 12:38:50 [Information] Time remaining: 00:00:00 targetEndTime = 12:38:50
11/8/2024 12:38:50 [Information] Stepper Motor Controller Disable Z Axis controls while moving to location.
11/8/2024 12:38:50 [Information] Time remaining: 00:00:00 targetEndTime = 12:38:50
11/8/2024 12:38:50 [Information] Stepper Motor Controller Disable Z Axis controls while moving to location.
11/8/2024 12:38:50 [Information] Time remaining: 00:00:00 targetEndTime = 12:38:50
11/8/2024 12:38:50 [Information] Stepper Motor Controller Disable Z Axis controls while moving to location.
11/8/2024 12:38:50 [Information] Time remaining: 00:00:00 targetEndTime = 12:38:50
11/8/2024 12:38:50 [Information] Stepper Motor Controller Disable Z Axis controls while moving to location.
11/8/2024 12:38:50 [Information] Time remaining: 00:00:00 targetEndTime = 12:38:50
11/8/2024 12:38:50 [Information] Stepper Motor Controller Disable Z Axis controls while moving to location.
11/8/2024 12:38:50 [Information] Time remaining: 00:00:00 targetEndTime = 12:38:50
11/8/2024 12:38:50 [Information] Stepper Motor Controller Disable Z Axis controls while moving to location.
11/8/2024 12:38:50 [Information] Time remaining: 00:00:00 targetEndTime = 12:38:50
11/8/2024 12:38:50 [Information] Stepper Motor Controller Disable Z Axis controls while moving to location.
11/8/2024 12:38:50 [Information] Time remaining: 00:00:00 targetEndTime = 12:38:50
11/8/2024 12:38:50 [Information] Stepper Motor Controller Disable Z Axis controls while moving to location.
11/8/2024 12:38:50 [Information] Time remaining: 00:00:00 targetEndTime = 12:38:50
11/8/2024 12:38:50 [Information] Stepper Motor Controller Disable Z Axis controls while moving to location.
11/8/2024 12:38:50 [Information] Time remaining: 00:00:00 targetEndTime = 12:38:50
11/8/2024 12:38:50 [Information] Stepper Motor Controller Disable Z Axis controls while moving to location.
11/8/2024 12:38:50 [Information] Time remaining: 00:00:00 targetEndTime = 12:38:50
11/8/2024 12:38:50 [Information] Stepper Motor Controller Disable Z Axis controls while moving to location.
11/8/2024 12:38:50 [Information] Time remaining: 00:00:00 targetEndTime = 12:38:50
11/8/2024 12:38:50 [Information] Stepper Motor Controller Disable Z Axis controls while moving to location.
11/8/2024 12:38:50 [Information] Time remaining: 00:00:00 targetEndTime = 12:38:50
11/8/2024 12:38:50 [Information] Stepper Motor Controller Disable Z Axis controls while moving to location.
11/8/2024 12:38:50 [Information] Time remaining: 00:00:00 targetEndTime = 12:38:50
11/8/2024 12:38:50 [Information] Stepper Motor Controller Disable Z Axis controls while moving to location.
11/8/2024 12:38:50 [Information] Time remaining: 00:00:00 targetEndTime = 12:38:50
11/8/2024 12:38:50 [Information] Stepper Motor Controller Disable Z Axis controls while moving to location.
11/8/2024 12:38:50 [Information] Time remaining: 00:00:00 targetEndTime = 12:38:50
11/8/2024 12:38:50 [Information] Stepper Motor Controller Disable Z Axis controls while moving to location.
11/8/2024 12:38:50 [Information] Time remaining: 00:00:00 targetEndTime = 12:38:50
11/8/2024 12:38:50 [Information] Stepper Motor Controller Disable Z Axis controls while moving to location.
11/8/2024 12:38:50 [Information] Time remaining: 00:00:00 targetEndTime = 12:38:50
11/8/2024 12:38:50 [Information] Stepper Motor Controller Disable Z Axis controls while moving to location.
11/8/2024 12:38:50 [Information] Time remaining: 00:00:00 targetEndTime = 12:38:50
11/8/2024 12:38:50 [Information] Stepper Motor Controller Disable Z Axis controls while moving to location.
11/8/2024 12:38:50 [Information] Time remaining: 00:00:00 targetEndTime = 12:38:50
11/8/2024 12:38:50 [Information] Stepper Motor Controller Disable Z Axis controls while moving to location.
11/8/2024 12:38:50 [Information] Time remaining: 00:00:00 targetEndTime = 12:38:50
11/8/2024 12:38:50 [Information] Stepper Motor Controller Disable Z Axis controls while moving to location.
11/8/2024 12:38:50 [Information] Time remaining: 00:00:00 targetEndTime = 12:38:50
11/8/2024 12:38:50 [Information] Stepper Motor Controller Disable Z Axis controls while moving to location.
11/8/2024 12:38:50 [Information] Time remaining: 00:00:00 targetEndTime = 12:38:50
11/8/2024 12:38:50 [Information] Stepper Motor Controller Disable Z Axis controls while moving to location.
11/8/2024 12:38:50 [Information] Time remaining: 00:00:00 targetEndTime = 12:38:50
11/8/2024 12:38:50 [Information] Stepper Motor Controller Disable Z Axis controls while moving to location.
11/8/2024 12:38:50 [Information] Time remaining: 00:00:00 targetEndTime = 12:38:50
11/8/2024 12:38:50 [Information] Stepper Motor Controller Disable Z Axis controls while moving to location.
11/8/2024 12:38:50 [Information] Time remaining: 00:00:00 targetEndTime = 12:38:50
11/8/2024 12:38:50 [Information] Stepper Motor Controller Disable Z Axis controls while moving to location.
11/8/2024 12:38:50 [Information] Time remaining: 00:00:00 targetEndTime = 12:38:50
11/8/2024 12:38:50 [Information] Stepper Motor Controller Disable Z Axis controls while moving to location.
11/8/2024 12:38:50 [Information] Time remaining: 00:00:00 targetEndTime = 12:38:50
11/8/2024 12:38:50 [Information] Stepper Motor Controller Disable Z Axis controls while moving to location.
11/8/2024 12:38:50 [Information] Time remaining: 00:00:00 targetEndTime = 12:38:50
11/8/2024 12:38:50 [Information] Stepper Motor Controller Disable Z Axis controls while moving to location.
11/8/2024 12:38:50 [Information] Time remaining: 00:00:00 targetEndTime = 12:38:50
11/8/2024 12:38:50 [Information] Stepper Motor Controller Disable Z Axis controls while moving to location.
11/8/2024 12:38:50 [Information] Time remaining: 00:00:00 targetEndTime = 12:38:50
11/8/2024 12:38:50 [Information] Stepper Motor Controller Disable Z Axis controls while moving to location.
11/8/2024 12:38:50 [Information] Time remaining: 00:00:00 targetEndTime = 12:38:50
11/8/2024 12:38:50 [Information] Stepper Motor Controller Disable Z Axis controls while moving to location.
11/8/2024 12:38:50 [Information] Time remaining: 00:00:00 targetEndTime = 12:38:50
11/8/2024 12:38:50 [Information] Stepper Motor Controller Disable Z Axis controls while moving to location.
11/8/2024 12:38:50 [Information] Time remaining: 00:00:00 targetEndTime = 12:38:50
11/8/2024 12:38:50 [Information] Stepper Motor Controller Disable Z Axis controls while moving to location.
11/8/2024 12:38:50 [Information] Time remaining: 00:00:00 targetEndTime = 12:38:50
11/8/2024 12:38:50 [Information] Stepper Motor Controller Disable Z Axis controls while moving to location.
11/8/2024 12:38:50 [Information] Time remaining: 00:00:00 targetEndTime = 12:38:50
11/8/2024 12:38:50 [Information] Stepper Motor Controller Disable Z Axis controls while moving to location.
11/8/2024 12:38:50 [Information] Time remaining: 00:00:00 targetEndTime = 12:38:50
11/8/2024 12:38:50 [Information] Stepper Motor Controller Enable Z Axis controls after moving to location.
11/8/2024 12:38:50 [Information] Stepper Motor Controller Stopwatch Stopped.
11/8/2024 12:38:50 [Information] Stepper Motor Controller Timer Stopped.
11/8/2024 12:38:50 [Information] Stepper Motor Controller Stopwatch Reset.
11/8/2024 12:38:59 [Information] Z Axis mouse controlled Keypad returned: -8.00
11/8/2024 12:39:02 [Information] Z Axis Run button clicked:
11/8/2024 12:39:02 [Information] Z Axis MotorMovementSeconds decimal: (-8.00 / 4) / 2 = -1.00
11/8/2024 12:39:03 [Information] Z Axis Run Event: Z,0.00,400.00,0,0.00,400.00,0,-8.00,400.00,0
11/8/2024 12:39:03 [Information] Z Axis Current Time: 12:39:03 + -1000 = 12:39:02
11/8/2024 12:39:03 [Information] Stepper Motor Controller Enable Z Axis controls after moving to location.
11/8/2024 12:39:03 [Information] Stepper Motor Controller Stopwatch Stopped.
11/8/2024 12:39:03 [Information] Stepper Motor Controller Timer Stopped.
11/8/2024 12:39:03 [Information] Stepper Motor Controller Stopwatch Reset.
11/8/2024 12:39:04 [Information] Z Axis Data Received: Z Axis CCW Motor Stopped
Z Axis CCW Motor Current Position: 522

11/8/2024 12:39:04 [Information] Updated X,Y Zero.IsChecked status to 0 and Z Zero.IsChecked status to 1.
11/8/2024 12:39:06 [Information] Updated X,Y,Z Zero.IsChecked status to 0.
11/8/2024 12:39:06 [Information] Z Axis Motor Current Position: 10.44
11/8/2024 12:39:25 [Information] Z Axis mouse controlled Keypad returned: 4.00
11/8/2024 12:39:27 [Information] Z Axis Run button clicked:
11/8/2024 12:39:27 [Information] Z Axis MotorMovementSeconds decimal: (4.00 / 4) / 2 = 0.50
11/8/2024 12:39:28 [Information] Z Axis Run Event: Z,0.00,400.00,0,0.00,400.00,0,4.00,400.00,0
11/8/2024 12:39:28 [Information] Z Axis Current Time: 12:39:28 + 0 = 12:39:28
11/8/2024 12:39:28 [Information] Stepper Motor Controller Enable Z Axis controls after moving to location.
11/8/2024 12:39:28 [Information] Stepper Motor Controller Stopwatch Stopped.
11/8/2024 12:39:28 [Information] Stepper Motor Controller Timer Stopped.
11/8/2024 12:39:28 [Information] Stepper Motor Controller Stopwatch Reset.
11/8/2024 12:39:35 [Information] Z Axis mouse controlled Keypad returned: 8.00
11/8/2024 12:39:37 [Information] Z Axis Run button clicked:
11/8/2024 12:39:37 [Information] Z Axis MotorMovementSeconds decimal: (8.00 / 4) / 2 = 1.00
11/8/2024 12:39:38 [Information] Z Axis Run Event: Z,0.00,400.00,0,0.00,400.00,0,8.00,400.00,0
11/8/2024 12:39:38 [Information] Z Axis Current Time: 12:39:38 + 1000 = 12:39:39
11/8/2024 12:39:38 [Information] Stepper Motor Controller Disable Z Axis controls while moving to location.
11/8/2024 12:39:38 [Information] Time remaining: 00:00:00 targetEndTime = 12:39:39
11/8/2024 12:39:38 [Information] Stepper Motor Controller Disable Z Axis controls while moving to location.
11/8/2024 12:39:38 [Information] Time remaining: 00:00:00 targetEndTime = 12:39:39
11/8/2024 12:39:38 [Information] Stepper Motor Controller Disable Z Axis controls while moving to location.
11/8/2024 12:39:38 [Information] Time remaining: 00:00:00 targetEndTime = 12:39:39
11/8/2024 12:39:38 [Information] Stepper Motor Controller Disable Z Axis controls while moving to location.
11/8/2024 12:39:38 [Information] Time remaining: 00:00:00 targetEndTime = 12:39:39
11/8/2024 12:39:38 [Information] Stepper Motor Controller Disable Z Axis controls while moving to location.
11/8/2024 12:39:38 [Information] Time remaining: 00:00:00 targetEndTime = 12:39:39
11/8/2024 12:39:38 [Information] Stepper Motor Controller Disable Z Axis controls while moving to location.
11/8/2024 12:39:38 [Information] Time remaining: 00:00:00 targetEndTime = 12:39:39
11/8/2024 12:39:38 [Information] Stepper Motor Controller Disable Z Axis controls while moving to location.
11/8/2024 12:39:38 [Information] Time remaining: 00:00:00 targetEndTime = 12:39:39
11/8/2024 12:39:38 [Information] Stepper Motor Controller Disable Z Axis controls while moving to location.
11/8/2024 12:39:38 [Information] Time remaining: 00:00:00 targetEndTime = 12:39:39
11/8/2024 12:39:38 [Information] Stepper Motor Controller Disable Z Axis controls while moving to location.
11/8/2024 12:39:38 [Information] Time remaining: 00:00:00 targetEndTime = 12:39:39
11/8/2024 12:39:38 [Information] Stepper Motor Controller Disable Z Axis controls while moving to location.
11/8/2024 12:39:38 [Information] Time remaining: 00:00:00 targetEndTime = 12:39:39
11/8/2024 12:39:38 [Information] Stepper Motor Controller Disable Z Axis controls while moving to location.
11/8/2024 12:39:38 [Information] Time remaining: 00:00:00 targetEndTime = 12:39:39
11/8/2024 12:39:38 [Information] Stepper Motor Controller Disable Z Axis controls while moving to location.
11/8/2024 12:39:38 [Information] Time remaining: 00:00:00 targetEndTime = 12:39:39
11/8/2024 12:39:38 [Information] Stepper Motor Controller Disable Z Axis controls while moving to location.
11/8/2024 12:39:38 [Information] Time remaining: 00:00:00 targetEndTime = 12:39:39
11/8/2024 12:39:38 [Information] Stepper Motor Controller Disable Z Axis controls while moving to location.
11/8/2024 12:39:38 [Information] Time remaining: 00:00:00 targetEndTime = 12:39:39
11/8/2024 12:39:38 [Information] Stepper Motor Controller Disable Z Axis controls while moving to location.
11/8/2024 12:39:38 [Information] Time remaining: 00:00:00 targetEndTime = 12:39:39
11/8/2024 12:39:38 [Information] Stepper Motor Controller Disable Z Axis controls while moving to location.
11/8/2024 12:39:38 [Information] Time remaining: 00:00:00 targetEndTime = 12:39:39
11/8/2024 12:39:38 [Information] Stepper Motor Controller Disable Z Axis controls while moving to location.
11/8/2024 12:39:38 [Information] Time remaining: 00:00:00 targetEndTime = 12:39:39
11/8/2024 12:39:38 [Information] Stepper Motor Controller Disable Z Axis controls while moving to location.
11/8/2024 12:39:38 [Information] Time remaining: 00:00:00 targetEndTime = 12:39:39
11/8/2024 12:39:38 [Information] Stepper Motor Controller Disable Z Axis controls while moving to location.
11/8/2024 12:39:38 [Information] Time remaining: 00:00:00 targetEndTime = 12:39:39
11/8/2024 12:39:38 [Information] Stepper Motor Controller Disable Z Axis controls while moving to location.
11/8/2024 12:39:38 [Information] Time remaining: 00:00:00 targetEndTime = 12:39:39
11/8/2024 12:39:38 [Information] Stepper Motor Controller Disable Z Axis controls while moving to location.
11/8/2024 12:39:38 [Information] Time remaining: 00:00:00 targetEndTime = 12:39:39
11/8/2024 12:39:38 [Information] Stepper Motor Controller Disable Z Axis controls while moving to location.
11/8/2024 12:39:38 [Information] Time remaining: 00:00:00 targetEndTime = 12:39:39
11/8/2024 12:39:38 [Information] Stepper Motor Controller Disable Z Axis controls while moving to location.
11/8/2024 12:39:38 [Information] Time remaining: 00:00:00 targetEndTime = 12:39:39
11/8/2024 12:39:38 [Information] Stepper Motor Controller Disable Z Axis controls while moving to location.
11/8/2024 12:39:38 [Information] Time remaining: 00:00:00 targetEndTime = 12:39:39
11/8/2024 12:39:38 [Information] Stepper Motor Controller Disable Z Axis controls while moving to location.
11/8/2024 12:39:38 [Information] Time remaining: 00:00:00 targetEndTime = 12:39:39
11/8/2024 12:39:38 [Information] Stepper Motor Controller Disable Z Axis controls while moving to location.
11/8/2024 12:39:38 [Information] Time remaining: 00:00:00 targetEndTime = 12:39:39
11/8/2024 12:39:38 [Information] Stepper Motor Controller Disable Z Axis controls while moving to location.
11/8/2024 12:39:38 [Information] Time remaining: 00:00:00 targetEndTime = 12:39:39
11/8/2024 12:39:38 [Information] Stepper Motor Controller Disable Z Axis controls while moving to location.
11/8/2024 12:39:38 [Information] Time remaining: 00:00:00 targetEndTime = 12:39:39
11/8/2024 12:39:38 [Information] Stepper Motor Controller Disable Z Axis controls while moving to location.
11/8/2024 12:39:38 [Information] Time remaining: 00:00:00 targetEndTime = 12:39:39
11/8/2024 12:39:38 [Information] Stepper Motor Controller Disable Z Axis controls while moving to location.
11/8/2024 12:39:38 [Information] Time remaining: 00:00:00 targetEndTime = 12:39:39
11/8/2024 12:39:38 [Information] Stepper Motor Controller Disable Z Axis controls while moving to location.
11/8/2024 12:39:38 [Information] Time remaining: 00:00:00 targetEndTime = 12:39:39
11/8/2024 12:39:38 [Information] Stepper Motor Controller Disable Z Axis controls while moving to location.
11/8/2024 12:39:38 [Information] Time remaining: 00:00:00 targetEndTime = 12:39:39
11/8/2024 12:39:38 [Information] Stepper Motor Controller Disable Z Axis controls while moving to location.
11/8/2024 12:39:38 [Information] Time remaining: 00:00:00 targetEndTime = 12:39:39
11/8/2024 12:39:38 [Information] Stepper Motor Controller Disable Z Axis controls while moving to location.
11/8/2024 12:39:38 [Information] Time remaining: 00:00:00 targetEndTime = 12:39:39
11/8/2024 12:39:38 [Information] Stepper Motor Controller Disable Z Axis controls while moving to location.
11/8/2024 12:39:38 [Information] Time remaining: 00:00:00 targetEndTime = 12:39:39
11/8/2024 12:39:38 [Information] Stepper Motor Controller Disable Z Axis controls while moving to location.
11/8/2024 12:39:38 [Information] Time remaining: 00:00:00 targetEndTime = 12:39:39
11/8/2024 12:39:38 [Information] Stepper Motor Controller Disable Z Axis controls while moving to location.
11/8/2024 12:39:38 [Information] Time remaining: 00:00:00 targetEndTime = 12:39:39
11/8/2024 12:39:38 [Information] Stepper Motor Controller Disable Z Axis controls while moving to location.
11/8/2024 12:39:38 [Information] Time remaining: 00:00:00 targetEndTime = 12:39:39
11/8/2024 12:39:38 [Information] Stepper Motor Controller Disable Z Axis controls while moving to location.
11/8/2024 12:39:38 [Information] Time remaining: 00:00:00 targetEndTime = 12:39:39
11/8/2024 12:39:38 [Information] Stepper Motor Controller Disable Z Axis controls while moving to location.
11/8/2024 12:39:38 [Information] Time remaining: 00:00:00 targetEndTime = 12:39:39
11/8/2024 12:39:38 [Information] Stepper Motor Controller Disable Z Axis controls while moving to location.
11/8/2024 12:39:38 [Information] Time remaining: 00:00:00 targetEndTime = 12:39:39
11/8/2024 12:39:38 [Information] Stepper Motor Controller Disable Z Axis controls while moving to location.
11/8/2024 12:39:38 [Information] Time remaining: 00:00:00 targetEndTime = 12:39:39
11/8/2024 12:39:38 [Information] Stepper Motor Controller Disable Z Axis controls while moving to location.
11/8/2024 12:39:38 [Information] Time remaining: 00:00:00 targetEndTime = 12:39:39
11/8/2024 12:39:39 [Information] Stepper Motor Controller Disable Z Axis controls while moving to location.
11/8/2024 12:39:39 [Information] Time remaining: 00:00:00 targetEndTime = 12:39:39
11/8/2024 12:39:39 [Information] Stepper Motor Controller Disable Z Axis controls while moving to location.
11/8/2024 12:39:39 [Information] Time remaining: 00:00:00 targetEndTime = 12:39:39
11/8/2024 12:39:39 [Information] Stepper Motor Controller Disable Z Axis controls while moving to location.
11/8/2024 12:39:39 [Information] Time remaining: 00:00:00 targetEndTime = 12:39:39
11/8/2024 12:39:39 [Information] Stepper Motor Controller Disable Z Axis controls while moving to location.
11/8/2024 12:39:39 [Information] Time remaining: 00:00:00 targetEndTime = 12:39:39
11/8/2024 12:39:39 [Information] Stepper Motor Controller Disable Z Axis controls while moving to location.
11/8/2024 12:39:39 [Information] Time remaining: 00:00:00 targetEndTime = 12:39:39
11/8/2024 12:39:39 [Information] Stepper Motor Controller Disable Z Axis controls while moving to location.
11/8/2024 12:39:39 [Information] Time remaining: 00:00:00 targetEndTime = 12:39:39
11/8/2024 12:39:39 [Information] Stepper Motor Controller Disable Z Axis controls while moving to location.
11/8/2024 12:39:39 [Information] Time remaining: 00:00:00 targetEndTime = 12:39:39
11/8/2024 12:39:39 [Information] Stepper Motor Controller Disable Z Axis controls while moving to location.
11/8/2024 12:39:39 [Information] Time remaining: 00:00:00 targetEndTime = 12:39:39
11/8/2024 12:39:39 [Information] Stepper Motor Controller Disable Z Axis controls while moving to location.
11/8/2024 12:39:39 [Information] Time remaining: 00:00:00 targetEndTime = 12:39:39
11/8/2024 12:39:39 [Information] Stepper Motor Controller Disable Z Axis controls while moving to location.
11/8/2024 12:39:39 [Information] Time remaining: 00:00:00 targetEndTime = 12:39:39
11/8/2024 12:39:39 [Information] Stepper Motor Controller Disable Z Axis controls while moving to location.
11/8/2024 12:39:39 [Information] Time remaining: 00:00:00 targetEndTime = 12:39:39
11/8/2024 12:39:39 [Information] Stepper Motor Controller Disable Z Axis controls while moving to location.
11/8/2024 12:39:39 [Information] Time remaining: 00:00:00 targetEndTime = 12:39:39
11/8/2024 12:39:39 [Information] Stepper Motor Controller Enable Z Axis controls after moving to location.
11/8/2024 12:39:39 [Information] Stepper Motor Controller Stopwatch Stopped.
11/8/2024 12:39:39 [Information] Stepper Motor Controller Timer Stopped.
11/8/2024 12:39:39 [Information] Stepper Motor Controller Stopwatch Reset.
11/8/2024 12:39:44 [Information] Z Axis mouse controlled Keypad returned: 16.00
11/8/2024 12:39:45 [Information] Z Axis Run button clicked:
11/8/2024 12:39:45 [Information] Z Axis MotorMovementSeconds decimal: (16.00 / 4) / 2 = 2.00
11/8/2024 12:39:46 [Information] Z Axis Run Event: Z,0.00,400.00,0,0.00,400.00,0,16.00,400.00,0
11/8/2024 12:39:46 [Information] Z Axis Current Time: 12:39:46 + 2000 = 12:39:48
11/8/2024 12:39:46 [Information] Stepper Motor Controller Disable Z Axis controls while moving to location.
11/8/2024 12:39:46 [Information] Time remaining: 00:00:00 targetEndTime = 12:39:48
11/8/2024 12:39:46 [Information] Stepper Motor Controller Disable Z Axis controls while moving to location.
11/8/2024 12:39:46 [Information] Time remaining: 00:00:00 targetEndTime = 12:39:48
11/8/2024 12:39:46 [Information] Stepper Motor Controller Disable Z Axis controls while moving to location.
11/8/2024 12:39:46 [Information] Time remaining: 00:00:00 targetEndTime = 12:39:48
11/8/2024 12:39:46 [Information] Stepper Motor Controller Disable Z Axis controls while moving to location.
11/8/2024 12:39:46 [Information] Time remaining: 00:00:00 targetEndTime = 12:39:48
11/8/2024 12:39:46 [Information] Stepper Motor Controller Disable Z Axis controls while moving to location.
11/8/2024 12:39:46 [Information] Time remaining: 00:00:00 targetEndTime = 12:39:48
11/8/2024 12:39:46 [Information] Stepper Motor Controller Disable Z Axis controls while moving to location.
11/8/2024 12:39:46 [Information] Time remaining: 00:00:00 targetEndTime = 12:39:48
11/8/2024 12:39:46 [Information] Stepper Motor Controller Disable Z Axis controls while moving to location.
11/8/2024 12:39:46 [Information] Time remaining: 00:00:00 targetEndTime = 12:39:48
11/8/2024 12:39:46 [Information] Stepper Motor Controller Disable Z Axis controls while moving to location.
11/8/2024 12:39:46 [Information] Time remaining: 00:00:00 targetEndTime = 12:39:48
11/8/2024 12:39:47 [Information] Stepper Motor Controller Disable Z Axis controls while moving to location.
11/8/2024 12:39:47 [Information] Time remaining: 00:00:00 targetEndTime = 12:39:48
11/8/2024 12:39:47 [Information] Stepper Motor Controller Disable Z Axis controls while moving to location.
11/8/2024 12:39:47 [Information] Time remaining: 00:00:00 targetEndTime = 12:39:48
11/8/2024 12:39:47 [Information] Stepper Motor Controller Disable Z Axis controls while moving to location.
11/8/2024 12:39:47 [Information] Time remaining: 00:00:00 targetEndTime = 12:39:48
11/8/2024 12:39:47 [Information] Stepper Motor Controller Disable Z Axis controls while moving to location.
11/8/2024 12:39:47 [Information] Time remaining: 00:00:00 targetEndTime = 12:39:48
11/8/2024 12:39:47 [Information] Stepper Motor Controller Disable Z Axis controls while moving to location.
11/8/2024 12:39:47 [Information] Time remaining: 00:00:00 targetEndTime = 12:39:48
11/8/2024 12:39:47 [Information] Stepper Motor Controller Disable Z Axis controls while moving to location.
11/8/2024 12:39:47 [Information] Time remaining: 00:00:00 targetEndTime = 12:39:48
11/8/2024 12:39:47 [Information] Stepper Motor Controller Disable Z Axis controls while moving to location.
11/8/2024 12:39:47 [Information] Time remaining: 00:00:00 targetEndTime = 12:39:48
11/8/2024 12:39:47 [Information] Stepper Motor Controller Disable Z Axis controls while moving to location.
11/8/2024 12:39:47 [Information] Time remaining: 00:00:00 targetEndTime = 12:39:48
11/8/2024 12:39:47 [Information] Stepper Motor Controller Disable Z Axis controls while moving to location.
11/8/2024 12:39:47 [Information] Time remaining: 00:00:00 targetEndTime = 12:39:48
11/8/2024 12:39:47 [Information] Stepper Motor Controller Disable Z Axis controls while moving to location.
11/8/2024 12:39:47 [Information] Time remaining: 00:00:00 targetEndTime = 12:39:48
11/8/2024 12:39:47 [Information] Stepper Motor Controller Disable Z Axis controls while moving to location.
11/8/2024 12:39:47 [Information] Time remaining: 00:00:00 targetEndTime = 12:39:48
11/8/2024 12:39:47 [Information] Stepper Motor Controller Disable Z Axis controls while moving to location.
11/8/2024 12:39:47 [Information] Time remaining: 00:00:00 targetEndTime = 12:39:48
11/8/2024 12:39:47 [Information] Stepper Motor Controller Disable Z Axis controls while moving to location.
11/8/2024 12:39:47 [Information] Time remaining: 00:00:00 targetEndTime = 12:39:48
11/8/2024 12:39:47 [Information] Stepper Motor Controller Disable Z Axis controls while moving to location.
11/8/2024 12:39:47 [Information] Time remaining: 00:00:00 targetEndTime = 12:39:48
11/8/2024 12:39:47 [Information] Stepper Motor Controller Disable Z Axis controls while moving to location.
11/8/2024 12:39:47 [Information] Time remaining: 00:00:00 targetEndTime = 12:39:48
11/8/2024 12:39:47 [Information] Stepper Motor Controller Disable Z Axis controls while moving to location.
11/8/2024 12:39:47 [Information] Time remaining: 00:00:00 targetEndTime = 12:39:48
11/8/2024 12:39:47 [Information] Stepper Motor Controller Disable Z Axis controls while moving to location.
11/8/2024 12:39:47 [Information] Time remaining: 00:00:00 targetEndTime = 12:39:48
11/8/2024 12:39:47 [Information] Stepper Motor Controller Disable Z Axis controls while moving to location.
11/8/2024 12:39:47 [Information] Time remaining: 00:00:00 targetEndTime = 12:39:48
11/8/2024 12:39:47 [Information] Stepper Motor Controller Disable Z Axis controls while moving to location.
11/8/2024 12:39:47 [Information] Time remaining: 00:00:00 targetEndTime = 12:39:48
11/8/2024 12:39:47 [Information] Stepper Motor Controller Disable Z Axis controls while moving to location.
11/8/2024 12:39:47 [Information] Time remaining: 00:00:00 targetEndTime = 12:39:48
11/8/2024 12:39:47 [Information] Stepper Motor Controller Disable Z Axis controls while moving to location.
11/8/2024 12:39:47 [Information] Time remaining: 00:00:00 targetEndTime = 12:39:48
11/8/2024 12:39:47 [Information] Stepper Motor Controller Disable Z Axis controls while moving to location.
11/8/2024 12:39:47 [Information] Time remaining: 00:00:00 targetEndTime = 12:39:48
11/8/2024 12:39:47 [Information] Stepper Motor Controller Disable Z Axis controls while moving to location.
11/8/2024 12:39:47 [Information] Time remaining: 00:00:00 targetEndTime = 12:39:48
11/8/2024 12:39:47 [Information] Stepper Motor Controller Disable Z Axis controls while moving to location.
11/8/2024 12:39:47 [Information] Time remaining: 00:00:00 targetEndTime = 12:39:48
11/8/2024 12:39:47 [Information] Stepper Motor Controller Disable Z Axis controls while moving to location.
11/8/2024 12:39:47 [Information] Time remaining: 00:00:00 targetEndTime = 12:39:48
11/8/2024 12:39:47 [Information] Stepper Motor Controller Disable Z Axis controls while moving to location.
11/8/2024 12:39:47 [Information] Time remaining: 00:00:00 targetEndTime = 12:39:48
11/8/2024 12:39:47 [Information] Stepper Motor Controller Disable Z Axis controls while moving to location.
11/8/2024 12:39:47 [Information] Time remaining: 00:00:00 targetEndTime = 12:39:48
11/8/2024 12:39:47 [Information] Stepper Motor Controller Disable Z Axis controls while moving to location.
11/8/2024 12:39:47 [Information] Time remaining: 00:00:00 targetEndTime = 12:39:48
11/8/2024 12:39:47 [Information] Stepper Motor Controller Disable Z Axis controls while moving to location.
11/8/2024 12:39:47 [Information] Time remaining: 00:00:00 targetEndTime = 12:39:48
11/8/2024 12:39:47 [Information] Stepper Motor Controller Disable Z Axis controls while moving to location.
11/8/2024 12:39:47 [Information] Time remaining: 00:00:00 targetEndTime = 12:39:48
11/8/2024 12:39:47 [Information] Stepper Motor Controller Disable Z Axis controls while moving to location.
11/8/2024 12:39:47 [Information] Time remaining: 00:00:00 targetEndTime = 12:39:48
11/8/2024 12:39:47 [Information] Stepper Motor Controller Disable Z Axis controls while moving to location.
11/8/2024 12:39:47 [Information] Time remaining: 00:00:00 targetEndTime = 12:39:48
11/8/2024 12:39:47 [Information] Stepper Motor Controller Disable Z Axis controls while moving to location.
11/8/2024 12:39:47 [Information] Time remaining: 00:00:00 targetEndTime = 12:39:48
11/8/2024 12:39:47 [Information] Stepper Motor Controller Disable Z Axis controls while moving to location.
11/8/2024 12:39:47 [Information] Time remaining: 00:00:00 targetEndTime = 12:39:48
11/8/2024 12:39:47 [Information] Stepper Motor Controller Disable Z Axis controls while moving to location.
11/8/2024 12:39:47 [Information] Time remaining: 00:00:00 targetEndTime = 12:39:48
11/8/2024 12:39:47 [Information] Stepper Motor Controller Disable Z Axis controls while moving to location.
11/8/2024 12:39:47 [Information] Time remaining: 00:00:00 targetEndTime = 12:39:48
11/8/2024 12:39:47 [Information] Stepper Motor Controller Disable Z Axis controls while moving to location.
11/8/2024 12:39:47 [Information] Time remaining: 00:00:00 targetEndTime = 12:39:48
11/8/2024 12:39:47 [Information] Stepper Motor Controller Disable Z Axis controls while moving to location.
11/8/2024 12:39:47 [Information] Time remaining: 00:00:00 targetEndTime = 12:39:48
11/8/2024 12:39:47 [Information] Stepper Motor Controller Disable Z Axis controls while moving to location.
11/8/2024 12:39:47 [Information] Time remaining: 00:00:00 targetEndTime = 12:39:48
11/8/2024 12:39:47 [Information] Stepper Motor Controller Disable Z Axis controls while moving to location.
11/8/2024 12:39:47 [Information] Time remaining: 00:00:00 targetEndTime = 12:39:48
11/8/2024 12:39:47 [Information] Stepper Motor Controller Disable Z Axis controls while moving to location.
11/8/2024 12:39:47 [Information] Time remaining: 00:00:00 targetEndTime = 12:39:48
11/8/2024 12:39:47 [Information] Stepper Motor Controller Disable Z Axis controls while moving to location.
11/8/2024 12:39:47 [Information] Time remaining: 00:00:00 targetEndTime = 12:39:48
11/8/2024 12:39:47 [Information] Stepper Motor Controller Disable Z Axis controls while moving to location.
11/8/2024 12:39:47 [Information] Time remaining: 00:00:00 targetEndTime = 12:39:48
11/8/2024 12:39:47 [Information] Stepper Motor Controller Disable Z Axis controls while moving to location.
11/8/2024 12:39:47 [Information] Time remaining: 00:00:00 targetEndTime = 12:39:48
11/8/2024 12:39:47 [Information] Stepper Motor Controller Disable Z Axis controls while moving to location.
11/8/2024 12:39:47 [Information] Time remaining: 00:00:01 targetEndTime = 12:39:48
11/8/2024 12:39:47 [Information] Stepper Motor Controller Disable Z Axis controls while moving to location.
11/8/2024 12:39:47 [Information] Time remaining: 00:00:01 targetEndTime = 12:39:48
11/8/2024 12:39:47 [Information] Stepper Motor Controller Disable Z Axis controls while moving to location.
11/8/2024 12:39:47 [Information] Time remaining: 00:00:01 targetEndTime = 12:39:48
11/8/2024 12:39:47 [Information] Stepper Motor Controller Disable Z Axis controls while moving to location.
11/8/2024 12:39:47 [Information] Time remaining: 00:00:01 targetEndTime = 12:39:48
11/8/2024 12:39:47 [Information] Stepper Motor Controller Disable Z Axis controls while moving to location.
11/8/2024 12:39:47 [Information] Time remaining: 00:00:01 targetEndTime = 12:39:48
11/8/2024 12:39:47 [Information] Stepper Motor Controller Disable Z Axis controls while moving to location.
11/8/2024 12:39:47 [Information] Time remaining: 00:00:01 targetEndTime = 12:39:48
11/8/2024 12:39:47 [Information] Stepper Motor Controller Disable Z Axis controls while moving to location.
11/8/2024 12:39:47 [Information] Time remaining: 00:00:01 targetEndTime = 12:39:48
11/8/2024 12:39:47 [Information] Stepper Motor Controller Disable Z Axis controls while moving to location.
11/8/2024 12:39:47 [Information] Time remaining: 00:00:01 targetEndTime = 12:39:48
11/8/2024 12:39:47 [Information] Stepper Motor Controller Disable Z Axis controls while moving to location.
11/8/2024 12:39:47 [Information] Time remaining: 00:00:01 targetEndTime = 12:39:48
11/8/2024 12:39:47 [Information] Stepper Motor Controller Disable Z Axis controls while moving to location.
11/8/2024 12:39:47 [Information] Time remaining: 00:00:01 targetEndTime = 12:39:48
11/8/2024 12:39:47 [Information] Stepper Motor Controller Disable Z Axis controls while moving to location.
11/8/2024 12:39:47 [Information] Time remaining: 00:00:01 targetEndTime = 12:39:48
11/8/2024 12:39:47 [Information] Stepper Motor Controller Disable Z Axis controls while moving to location.
11/8/2024 12:39:47 [Information] Time remaining: 00:00:01 targetEndTime = 12:39:48
11/8/2024 12:39:48 [Information] Stepper Motor Controller Disable Z Axis controls while moving to location.
11/8/2024 12:39:48 [Information] Time remaining: 00:00:01 targetEndTime = 12:39:48
11/8/2024 12:39:48 [Information] Stepper Motor Controller Disable Z Axis controls while moving to location.
11/8/2024 12:39:48 [Information] Time remaining: 00:00:01 targetEndTime = 12:39:48
11/8/2024 12:39:48 [Information] Stepper Motor Controller Disable Z Axis controls while moving to location.
11/8/2024 12:39:48 [Information] Time remaining: 00:00:01 targetEndTime = 12:39:48
11/8/2024 12:39:48 [Information] Stepper Motor Controller Disable Z Axis controls while moving to location.
11/8/2024 12:39:48 [Information] Time remaining: 00:00:01 targetEndTime = 12:39:48
11/8/2024 12:39:48 [Information] Stepper Motor Controller Disable Z Axis controls while moving to location.
11/8/2024 12:39:48 [Information] Time remaining: 00:00:01 targetEndTime = 12:39:48
11/8/2024 12:39:48 [Information] Stepper Motor Controller Disable Z Axis controls while moving to location.
11/8/2024 12:39:48 [Information] Time remaining: 00:00:01 targetEndTime = 12:39:48
11/8/2024 12:39:48 [Information] Stepper Motor Controller Disable Z Axis controls while moving to location.
11/8/2024 12:39:48 [Information] Time remaining: 00:00:01 targetEndTime = 12:39:48
11/8/2024 12:39:48 [Information] Stepper Motor Controller Disable Z Axis controls while moving to location.
11/8/2024 12:39:48 [Information] Time remaining: 00:00:01 targetEndTime = 12:39:48
11/8/2024 12:39:48 [Information] Stepper Motor Controller Disable Z Axis controls while moving to location.
11/8/2024 12:39:48 [Information] Time remaining: 00:00:01 targetEndTime = 12:39:48
11/8/2024 12:39:48 [Information] Stepper Motor Controller Disable Z Axis controls while moving to location.
11/8/2024 12:39:48 [Information] Time remaining: 00:00:01 targetEndTime = 12:39:48
11/8/2024 12:39:48 [Information] Stepper Motor Controller Disable Z Axis controls while moving to location.
11/8/2024 12:39:48 [Information] Time remaining: 00:00:01 targetEndTime = 12:39:48
11/8/2024 12:39:48 [Information] Stepper Motor Controller Disable Z Axis controls while moving to location.
11/8/2024 12:39:48 [Information] Time remaining: 00:00:01 targetEndTime = 12:39:48
11/8/2024 12:39:48 [Information] Stepper Motor Controller Disable Z Axis controls while moving to location.
11/8/2024 12:39:48 [Information] Time remaining: 00:00:01 targetEndTime = 12:39:48
11/8/2024 12:39:48 [Information] Stepper Motor Controller Disable Z Axis controls while moving to location.
11/8/2024 12:39:48 [Information] Time remaining: 00:00:01 targetEndTime = 12:39:48
11/8/2024 12:39:48 [Information] Stepper Motor Controller Disable Z Axis controls while moving to location.
11/8/2024 12:39:48 [Information] Time remaining: 00:00:01 targetEndTime = 12:39:48
11/8/2024 12:39:48 [Information] Stepper Motor Controller Disable Z Axis controls while moving to location.
11/8/2024 12:39:48 [Information] Time remaining: 00:00:01 targetEndTime = 12:39:48
11/8/2024 12:39:48 [Information] Stepper Motor Controller Disable Z Axis controls while moving to location.
11/8/2024 12:39:48 [Information] Time remaining: 00:00:01 targetEndTime = 12:39:48
11/8/2024 12:39:48 [Information] Stepper Motor Controller Disable Z Axis controls while moving to location.
11/8/2024 12:39:48 [Information] Time remaining: 00:00:01 targetEndTime = 12:39:48
11/8/2024 12:39:48 [Information] Stepper Motor Controller Disable Z Axis controls while moving to location.
11/8/2024 12:39:48 [Information] Time remaining: 00:00:01 targetEndTime = 12:39:48
11/8/2024 12:39:48 [Information] Stepper Motor Controller Disable Z Axis controls while moving to location.
11/8/2024 12:39:48 [Information] Time remaining: 00:00:01 targetEndTime = 12:39:48
11/8/2024 12:39:48 [Information] Stepper Motor Controller Disable Z Axis controls while moving to location.
11/8/2024 12:39:48 [Information] Time remaining: 00:00:01 targetEndTime = 12:39:48
11/8/2024 12:39:48 [Information] Stepper Motor Controller Disable Z Axis controls while moving to location.
11/8/2024 12:39:48 [Information] Time remaining: 00:00:01 targetEndTime = 12:39:48
11/8/2024 12:39:48 [Information] Stepper Motor Controller Disable Z Axis controls while moving to location.
11/8/2024 12:39:48 [Information] Time remaining: 00:00:01 targetEndTime = 12:39:48
11/8/2024 12:39:48 [Information] Stepper Motor Controller Disable Z Axis controls while moving to location.
11/8/2024 12:39:48 [Information] Time remaining: 00:00:01 targetEndTime = 12:39:48
11/8/2024 12:39:48 [Information] Stepper Motor Controller Disable Z Axis controls while moving to location.
11/8/2024 12:39:48 [Information] Time remaining: 00:00:01 targetEndTime = 12:39:48
11/8/2024 12:39:48 [Information] Stepper Motor Controller Disable Z Axis controls while moving to location.
11/8/2024 12:39:48 [Information] Time remaining: 00:00:01 targetEndTime = 12:39:48
11/8/2024 12:39:48 [Information] Stepper Motor Controller Disable Z Axis controls while moving to location.
11/8/2024 12:39:48 [Information] Time remaining: 00:00:01 targetEndTime = 12:39:48
11/8/2024 12:39:48 [Information] Stepper Motor Controller Disable Z Axis controls while moving to location.
11/8/2024 12:39:48 [Information] Time remaining: 00:00:01 targetEndTime = 12:39:48
11/8/2024 12:39:48 [Information] Stepper Motor Controller Disable Z Axis controls while moving to location.
11/8/2024 12:39:48 [Information] Time remaining: 00:00:01 targetEndTime = 12:39:48
11/8/2024 12:39:48 [Information] Stepper Motor Controller Disable Z Axis controls while moving to location.
11/8/2024 12:39:48 [Information] Time remaining: 00:00:01 targetEndTime = 12:39:48
11/8/2024 12:39:48 [Information] Stepper Motor Controller Disable Z Axis controls while moving to location.
11/8/2024 12:39:48 [Information] Time remaining: 00:00:01 targetEndTime = 12:39:48
11/8/2024 12:39:48 [Information] Stepper Motor Controller Disable Z Axis controls while moving to location.
11/8/2024 12:39:48 [Information] Time remaining: 00:00:01 targetEndTime = 12:39:48
11/8/2024 12:39:48 [Information] Stepper Motor Controller Disable Z Axis controls while moving to location.
11/8/2024 12:39:48 [Information] Time remaining: 00:00:01 targetEndTime = 12:39:48
11/8/2024 12:39:48 [Information] Stepper Motor Controller Disable Z Axis controls while moving to location.
11/8/2024 12:39:48 [Information] Time remaining: 00:00:01 targetEndTime = 12:39:48
11/8/2024 12:39:48 [Information] Stepper Motor Controller Disable Z Axis controls while moving to location.
11/8/2024 12:39:48 [Information] Time remaining: 00:00:01 targetEndTime = 12:39:48
11/8/2024 12:39:48 [Information] Stepper Motor Controller Disable Z Axis controls while moving to location.
11/8/2024 12:39:48 [Information] Time remaining: 00:00:01 targetEndTime = 12:39:48
11/8/2024 12:39:48 [Information] Stepper Motor Controller Disable Z Axis controls while moving to location.
11/8/2024 12:39:48 [Information] Time remaining: 00:00:01 targetEndTime = 12:39:48
11/8/2024 12:39:48 [Information] Stepper Motor Controller Disable Z Axis controls while moving to location.
11/8/2024 12:39:48 [Information] Time remaining: 00:00:01 targetEndTime = 12:39:48
11/8/2024 12:39:48 [Information] Stepper Motor Controller Enable Z Axis controls after moving to location.
11/8/2024 12:39:48 [Information] Stepper Motor Controller Stopwatch Stopped.
11/8/2024 12:39:48 [Information] Stepper Motor Controller Timer Stopped.
11/8/2024 12:39:48 [Information] Stepper Motor Controller Stopwatch Reset.
11/8/2024 12:39:52 [Information] Updated X,Y Zero.IsChecked status to 0 and Z Zero.IsChecked status to 1.
11/8/2024 12:39:55 [Information] Z Axis Run button clicked:
11/8/2024 12:39:55 [Information] Z Axis Run Event to reset Axis to zero: Z,0.00,400.00,0,0.00,400.00,0,0.00,400.00,1
11/8/2024 12:39:55 [Information] Setting Z Axis Current Location Set to Zero on DRO
11/8/2024 12:39:56 [Information] Updated X,Y,Z Zero.IsChecked status to 0.
11/8/2024 12:39:56 [Information] Z Axis Current Location Set to Zero
11/8/2024 12:40:21 [Information] Z Axis mouse controlled Keypad returned: 64.00
11/8/2024 12:40:23 [Information] Z Axis Run button clicked:
11/8/2024 12:40:23 [Information] Z Axis MotorMovementSeconds decimal: (64.00 / 4) / 2 = 8.00
11/8/2024 12:40:24 [Information] Z Axis Run Event: Z,0.00,400.00,0,0.00,400.00,0,64.00,400.00,0
11/8/2024 12:40:24 [Information] Z Axis Current Time: 12:40:24 + 8000 = 12:40:32
11/8/2024 12:40:24 [Information] Stepper Motor Controller Disable Z Axis controls while moving to location.
11/8/2024 12:40:24 [Information] Time remaining: 00:00:00 targetEndTime = 12:40:32
11/8/2024 12:40:24 [Information] Stepper Motor Controller Disable Z Axis controls while moving to location.
11/8/2024 12:40:24 [Information] Time remaining: 00:00:00 targetEndTime = 12:40:32
11/8/2024 12:40:24 [Information] Stepper Motor Controller Disable Z Axis controls while moving to location.
11/8/2024 12:40:24 [Information] Time remaining: 00:00:00 targetEndTime = 12:40:32
11/8/2024 12:40:24 [Information] Stepper Motor Controller Disable Z Axis controls while moving to location.
11/8/2024 12:40:24 [Information] Time remaining: 00:00:00 targetEndTime = 12:40:32
11/8/2024 12:40:24 [Information] Stepper Motor Controller Disable Z Axis controls while moving to location.
11/8/2024 12:40:24 [Information] Time remaining: 00:00:00 targetEndTime = 12:40:32
11/8/2024 12:40:24 [Information] Stepper Motor Controller Disable Z Axis controls while moving to location.
11/8/2024 12:40:24 [Information] Time remaining: 00:00:00 targetEndTime = 12:40:32
11/8/2024 12:40:24 [Information] Stepper Motor Controller Disable Z Axis controls while moving to location.
11/8/2024 12:40:24 [Information] Time remaining: 00:00:00 targetEndTime = 12:40:32
11/8/2024 12:40:24 [Information] Stepper Motor Controller Disable Z Axis controls while moving to location.
11/8/2024 12:40:24 [Information] Time remaining: 00:00:00 targetEndTime = 12:40:32
11/8/2024 12:40:24 [Information] Stepper Motor Controller Disable Z Axis controls while moving to location.
11/8/2024 12:40:24 [Information] Time remaining: 00:00:00 targetEndTime = 12:40:32
11/8/2024 12:40:24 [Information] Stepper Motor Controller Disable Z Axis controls while moving to location.
11/8/2024 12:40:24 [Information] Time remaining: 00:00:00 targetEndTime = 12:40:32
11/8/2024 12:40:24 [Information] Stepper Motor Controller Disable Z Axis controls while moving to location.
11/8/2024 12:40:24 [Information] Time remaining: 00:00:00 targetEndTime = 12:40:32
11/8/2024 12:40:24 [Information] Stepper Motor Controller Disable Z Axis controls while moving to location.
11/8/2024 12:40:24 [Information] Time remaining: 00:00:00 targetEndTime = 12:40:32
11/8/2024 12:40:24 [Information] Stepper Motor Controller Disable Z Axis controls while moving to location.
11/8/2024 12:40:24 [Information] Time remaining: 00:00:00 targetEndTime = 12:40:32
11/8/2024 12:40:24 [Information] Stepper Motor Controller Disable Z Axis controls while moving to location.
11/8/2024 12:40:24 [Information] Time remaining: 00:00:00 targetEndTime = 12:40:32
11/8/2024 12:40:24 [Information] Stepper Motor Controller Disable Z Axis controls while moving to location.
11/8/2024 12:40:24 [Information] Time remaining: 00:00:00 targetEndTime = 12:40:32
11/8/2024 12:40:24 [Information] Stepper Motor Controller Disable Z Axis controls while moving to location.
11/8/2024 12:40:24 [Information] Time remaining: 00:00:00 targetEndTime = 12:40:32
11/8/2024 12:40:24 [Information] Stepper Motor Controller Disable Z Axis controls while moving to location.
11/8/2024 12:40:24 [Information] Time remaining: 00:00:00 targetEndTime = 12:40:32
11/8/2024 12:40:24 [Information] Stepper Motor Controller Disable Z Axis controls while moving to location.
11/8/2024 12:40:24 [Information] Time remaining: 00:00:00 targetEndTime = 12:40:32
11/8/2024 12:40:24 [Information] Stepper Motor Controller Disable Z Axis controls while moving to location.
11/8/2024 12:40:24 [Information] Time remaining: 00:00:00 targetEndTime = 12:40:32
11/8/2024 12:40:24 [Information] Stepper Motor Controller Disable Z Axis controls while moving to location.
11/8/2024 12:40:24 [Information] Time remaining: 00:00:00 targetEndTime = 12:40:32
11/8/2024 12:40:24 [Information] Stepper Motor Controller Disable Z Axis controls while moving to location.
11/8/2024 12:40:24 [Information] Time remaining: 00:00:00 targetEndTime = 12:40:32
11/8/2024 12:40:24 [Information] Stepper Motor Controller Disable Z Axis controls while moving to location.
11/8/2024 12:40:24 [Information] Time remaining: 00:00:00 targetEndTime = 12:40:32
11/8/2024 12:40:24 [Information] Stepper Motor Controller Disable Z Axis controls while moving to location.
11/8/2024 12:40:24 [Information] Time remaining: 00:00:00 targetEndTime = 12:40:32
11/8/2024 12:40:24 [Information] Stepper Motor Controller Disable Z Axis controls while moving to location.
11/8/2024 12:40:24 [Information] Time remaining: 00:00:00 targetEndTime = 12:40:32
11/8/2024 12:40:24 [Information] Stepper Motor Controller Disable Z Axis controls while moving to location.
11/8/2024 12:40:24 [Information] Time remaining: 00:00:00 targetEndTime = 12:40:32
11/8/2024 12:40:24 [Information] Stepper Motor Controller Disable Z Axis controls while moving to location.
11/8/2024 12:40:24 [Information] Time remaining: 00:00:00 targetEndTime = 12:40:32
11/8/2024 12:40:24 [Information] Stepper Motor Controller Disable Z Axis controls while moving to location.
11/8/2024 12:40:24 [Information] Time remaining: 00:00:00 targetEndTime = 12:40:32
11/8/2024 12:40:24 [Information] Stepper Motor Controller Disable Z Axis controls while moving to location.
11/8/2024 12:40:24 [Information] Time remaining: 00:00:00 targetEndTime = 12:40:32
11/8/2024 12:40:24 [Information] Stepper Motor Controller Disable Z Axis controls while moving to location.
11/8/2024 12:40:24 [Information] Time remaining: 00:00:00 targetEndTime = 12:40:32
11/8/2024 12:40:24 [Information] Stepper Motor Controller Disable Z Axis controls while moving to location.
11/8/2024 12:40:24 [Information] Time remaining: 00:00:00 targetEndTime = 12:40:32
11/8/2024 12:40:24 [Information] Stepper Motor Controller Disable Z Axis controls while moving to location.
11/8/2024 12:40:24 [Information] Time remaining: 00:00:00 targetEndTime = 12:40:32
11/8/2024 12:40:24 [Information] Stepper Motor Controller Disable Z Axis controls while moving to location.
11/8/2024 12:40:24 [Information] Time remaining: 00:00:00 targetEndTime = 12:40:32
11/8/2024 12:40:24 [Information] Stepper Motor Controller Disable Z Axis controls while moving to location.
11/8/2024 12:40:24 [Information] Time remaining: 00:00:00 targetEndTime = 12:40:32
11/8/2024 12:40:24 [Information] Stepper Motor Controller Disable Z Axis controls while moving to location.
11/8/2024 12:40:24 [Information] Time remaining: 00:00:00 targetEndTime = 12:40:32
11/8/2024 12:40:24 [Information] Stepper Motor Controller Disable Z Axis controls while moving to location.
11/8/2024 12:40:24 [Information] Time remaining: 00:00:00 targetEndTime = 12:40:32
11/8/2024 12:40:24 [Information] Stepper Motor Controller Disable Z Axis controls while moving to location.
11/8/2024 12:40:24 [Information] Time remaining: 00:00:00 targetEndTime = 12:40:32
11/8/2024 12:40:24 [Information] Stepper Motor Controller Disable Z Axis controls while moving to location.
11/8/2024 12:40:24 [Information] Time remaining: 00:00:00 targetEndTime = 12:40:32
11/8/2024 12:40:24 [Information] Stepper Motor Controller Disable Z Axis controls while moving to location.
11/8/2024 12:40:24 [Information] Time remaining: 00:00:00 targetEndTime = 12:40:32
11/8/2024 12:40:24 [Information] Stepper Motor Controller Disable Z Axis controls while moving to location.
11/8/2024 12:40:24 [Information] Time remaining: 00:00:00 targetEndTime = 12:40:32
11/8/2024 12:40:24 [Information] Stepper Motor Controller Disable Z Axis controls while moving to location.
11/8/2024 12:40:24 [Information] Time remaining: 00:00:00 targetEndTime = 12:40:32
11/8/2024 12:40:24 [Information] Stepper Motor Controller Disable Z Axis controls while moving to location.
11/8/2024 12:40:24 [Information] Time remaining: 00:00:00 targetEndTime = 12:40:32
11/8/2024 12:40:24 [Information] Stepper Motor Controller Disable Z Axis controls while moving to location.
11/8/2024 12:40:24 [Information] Time remaining: 00:00:00 targetEndTime = 12:40:32
11/8/2024 12:40:24 [Information] Stepper Motor Controller Disable Z Axis controls while moving to location.
11/8/2024 12:40:24 [Information] Time remaining: 00:00:00 targetEndTime = 12:40:32
11/8/2024 12:40:24 [Information] Stepper Motor Controller Disable Z Axis controls while moving to location.
11/8/2024 12:40:24 [Information] Time remaining: 00:00:00 targetEndTime = 12:40:32
11/8/2024 12:40:24 [Information] Stepper Motor Controller Disable Z Axis controls while moving to location.
11/8/2024 12:40:24 [Information] Time remaining: 00:00:00 targetEndTime = 12:40:32
11/8/2024 12:40:24 [Information] Stepper Motor Controller Disable Z Axis controls while moving to location.
11/8/2024 12:40:24 [Information] Time remaining: 00:00:00 targetEndTime = 12:40:32
11/8/2024 12:40:24 [Information] Stepper Motor Controller Disable Z Axis controls while moving to location.
11/8/2024 12:40:24 [Information] Time remaining: 00:00:00 targetEndTime = 12:40:32
11/8/2024 12:40:24 [Information] Stepper Motor Controller Disable Z Axis controls while moving to location.
11/8/2024 12:40:24 [Information] Time remaining: 00:00:00 targetEndTime = 12:40:32
11/8/2024 12:40:25 [Information] Stepper Motor Controller Disable Z Axis controls while moving to location.
11/8/2024 12:40:25 [Information] Time remaining: 00:00:00 targetEndTime = 12:40:32
11/8/2024 12:40:25 [Information] Stepper Motor Controller Disable Z Axis controls while moving to location.
11/8/2024 12:40:25 [Information] Time remaining: 00:00:00 targetEndTime = 12:40:32
11/8/2024 12:40:25 [Information] Stepper Motor Controller Disable Z Axis controls while moving to location.
11/8/2024 12:40:25 [Information] Time remaining: 00:00:00 targetEndTime = 12:40:32
11/8/2024 12:40:25 [Information] Stepper Motor Controller Disable Z Axis controls while moving to location.
11/8/2024 12:40:25 [Information] Time remaining: 00:00:00 targetEndTime = 12:40:32
11/8/2024 12:40:25 [Information] Updated X,Y Zero.IsChecked status to 0 and Z Zero.IsChecked status to 1.
11/8/2024 12:40:27 [Information] Updated X,Y,Z Zero.IsChecked status to 0.
11/8/2024 12:40:27 [Information] Z Axis Motor Current Position: 17.16
11/8/2024 12:40:37 [Information] Z Axis mouse controlled Keypad returned: 32.00
11/8/2024 12:40:38 [Information] Z Axis Run button clicked:
11/8/2024 12:40:38 [Information] Z Axis MotorMovementSeconds decimal: (32.00 / 4) / 2 = 4.00
11/8/2024 12:40:39 [Information] Z Axis Run Event: Z,0.00,400.00,0,0.00,400.00,0,32.00,400.00,0
11/8/2024 12:40:39 [Information] Z Axis Current Time: 12:40:39 + 4000 = 12:40:43
11/8/2024 12:40:39 [Information] Stepper Motor Controller Disable Z Axis controls while moving to location.
11/8/2024 12:40:39 [Information] Time remaining: 00:00:01 targetEndTime = 12:40:43
11/8/2024 12:40:39 [Information] Stepper Motor Controller Disable Z Axis controls while moving to location.
11/8/2024 12:40:39 [Information] Time remaining: 00:00:01 targetEndTime = 12:40:43
11/8/2024 12:40:39 [Information] Stepper Motor Controller Disable Z Axis controls while moving to location.
11/8/2024 12:40:39 [Information] Time remaining: 00:00:01 targetEndTime = 12:40:43
11/8/2024 12:40:39 [Information] Stepper Motor Controller Disable Z Axis controls while moving to location.
11/8/2024 12:40:39 [Information] Time remaining: 00:00:01 targetEndTime = 12:40:43
11/8/2024 12:40:39 [Information] Stepper Motor Controller Disable Z Axis controls while moving to location.
11/8/2024 12:40:39 [Information] Time remaining: 00:00:01 targetEndTime = 12:40:43
11/8/2024 12:40:39 [Information] Stepper Motor Controller Disable Z Axis controls while moving to location.
11/8/2024 12:40:39 [Information] Time remaining: 00:00:01 targetEndTime = 12:40:43
11/8/2024 12:40:39 [Information] Stepper Motor Controller Disable Z Axis controls while moving to location.
11/8/2024 12:40:39 [Information] Time remaining: 00:00:01 targetEndTime = 12:40:43
11/8/2024 12:40:39 [Information] Stepper Motor Controller Disable Z Axis controls while moving to location.
11/8/2024 12:40:39 [Information] Time remaining: 00:00:01 targetEndTime = 12:40:43
11/8/2024 12:40:39 [Information] Stepper Motor Controller Disable Z Axis controls while moving to location.
11/8/2024 12:40:39 [Information] Time remaining: 00:00:01 targetEndTime = 12:40:43
11/8/2024 12:40:39 [Information] Stepper Motor Controller Disable Z Axis controls while moving to location.
11/8/2024 12:40:39 [Information] Time remaining: 00:00:01 targetEndTime = 12:40:43
11/8/2024 12:40:39 [Information] Stepper Motor Controller Disable Z Axis controls while moving to location.
11/8/2024 12:40:39 [Information] Time remaining: 00:00:01 targetEndTime = 12:40:43
11/8/2024 12:40:39 [Information] Stepper Motor Controller Disable Z Axis controls while moving to location.
11/8/2024 12:40:39 [Information] Time remaining: 00:00:01 targetEndTime = 12:40:43
11/8/2024 12:40:39 [Information] Stepper Motor Controller Disable Z Axis controls while moving to location.
11/8/2024 12:40:39 [Information] Time remaining: 00:00:01 targetEndTime = 12:40:43
11/8/2024 12:40:39 [Information] Stepper Motor Controller Disable Z Axis controls while moving to location.
11/8/2024 12:40:39 [Information] Time remaining: 00:00:01 targetEndTime = 12:40:43
11/8/2024 12:40:39 [Information] Stepper Motor Controller Disable Z Axis controls while moving to location.
11/8/2024 12:40:39 [Information] Time remaining: 00:00:01 targetEndTime = 12:40:43
11/8/2024 12:40:39 [Information] Stepper Motor Controller Disable Z Axis controls while moving to location.
11/8/2024 12:40:39 [Information] Time remaining: 00:00:01 targetEndTime = 12:40:43
11/8/2024 12:40:39 [Information] Stepper Motor Controller Disable Z Axis controls while moving to location.
11/8/2024 12:40:39 [Information] Time remaining: 00:00:01 targetEndTime = 12:40:43
11/8/2024 12:40:39 [Information] Stepper Motor Controller Disable Z Axis controls while moving to location.
11/8/2024 12:40:39 [Information] Time remaining: 00:00:01 targetEndTime = 12:40:43
11/8/2024 12:40:39 [Information] Stepper Motor Controller Disable Z Axis controls while moving to location.
11/8/2024 12:40:39 [Information] Time remaining: 00:00:01 targetEndTime = 12:40:43
11/8/2024 12:40:39 [Information] Stepper Motor Controller Disable Z Axis controls while moving to location.
11/8/2024 12:40:39 [Information] Time remaining: 00:00:01 targetEndTime = 12:40:43
11/8/2024 12:40:39 [Information] Stepper Motor Controller Disable Z Axis controls while moving to location.
11/8/2024 12:40:39 [Information] Time remaining: 00:00:01 targetEndTime = 12:40:43
11/8/2024 12:40:39 [Information] Stepper Motor Controller Disable Z Axis controls while moving to location.
11/8/2024 12:40:39 [Information] Time remaining: 00:00:01 targetEndTime = 12:40:43
11/8/2024 12:40:40 [Information] Stepper Motor Controller Disable Z Axis controls while moving to location.
11/8/2024 12:40:40 [Information] Time remaining: 00:00:01 targetEndTime = 12:40:43
11/8/2024 12:40:40 [Information] Stepper Motor Controller Disable Z Axis controls while moving to location.
11/8/2024 12:40:40 [Information] Time remaining: 00:00:01 targetEndTime = 12:40:43
11/8/2024 12:40:40 [Information] Stepper Motor Controller Disable Z Axis controls while moving to location.
11/8/2024 12:40:40 [Information] Time remaining: 00:00:01 targetEndTime = 12:40:43
11/8/2024 12:40:40 [Information] Stepper Motor Controller Disable Z Axis controls while moving to location.
11/8/2024 12:40:40 [Information] Time remaining: 00:00:01 targetEndTime = 12:40:43
11/8/2024 12:40:40 [Information] Stepper Motor Controller Disable Z Axis controls while moving to location.
11/8/2024 12:40:40 [Information] Time remaining: 00:00:01 targetEndTime = 12:40:43
11/8/2024 12:40:40 [Information] Stepper Motor Controller Disable Z Axis controls while moving to location.
11/8/2024 12:40:40 [Information] Time remaining: 00:00:01 targetEndTime = 12:40:43
11/8/2024 12:40:40 [Information] Stepper Motor Controller Disable Z Axis controls while moving to location.
11/8/2024 12:40:40 [Information] Time remaining: 00:00:01 targetEndTime = 12:40:43
11/8/2024 12:40:40 [Information] Stepper Motor Controller Disable Z Axis controls while moving to location.
11/8/2024 12:40:40 [Information] Time remaining: 00:00:01 targetEndTime = 12:40:43
11/8/2024 12:40:40 [Information] Stepper Motor Controller Disable Z Axis controls while moving to location.
11/8/2024 12:40:40 [Information] Time remaining: 00:00:01 targetEndTime = 12:40:43
11/8/2024 12:40:40 [Information] Stepper Motor Controller Disable Z Axis controls while moving to location.
11/8/2024 12:40:40 [Information] Time remaining: 00:00:01 targetEndTime = 12:40:43
11/8/2024 12:40:40 [Information] Stepper Motor Controller Disable Z Axis controls while moving to location.
11/8/2024 12:40:40 [Information] Time remaining: 00:00:01 targetEndTime = 12:40:43
11/8/2024 12:40:40 [Information] Stepper Motor Controller Disable Z Axis controls while moving to location.
11/8/2024 12:40:40 [Information] Time remaining: 00:00:01 targetEndTime = 12:40:43
11/8/2024 12:40:40 [Information] Stepper Motor Controller Disable Z Axis controls while moving to location.
11/8/2024 12:40:40 [Information] Time remaining: 00:00:01 targetEndTime = 12:40:43
11/8/2024 12:40:40 [Information] Stepper Motor Controller Disable Z Axis controls while moving to location.
11/8/2024 12:40:40 [Information] Time remaining: 00:00:01 targetEndTime = 12:40:43
11/8/2024 12:40:40 [Information] Stepper Motor Controller Disable Z Axis controls while moving to location.
11/8/2024 12:40:40 [Information] Time remaining: 00:00:01 targetEndTime = 12:40:43
11/8/2024 12:40:40 [Information] Stepper Motor Controller Disable Z Axis controls while moving to location.
11/8/2024 12:40:40 [Information] Time remaining: 00:00:01 targetEndTime = 12:40:43
11/8/2024 12:40:40 [Information] Stepper Motor Controller Disable Z Axis controls while moving to location.
11/8/2024 12:40:40 [Information] Time remaining: 00:00:01 targetEndTime = 12:40:43
11/8/2024 12:40:40 [Information] Stepper Motor Controller Disable Z Axis controls while moving to location.
11/8/2024 12:40:40 [Information] Time remaining: 00:00:01 targetEndTime = 12:40:43
11/8/2024 12:40:40 [Information] Stepper Motor Controller Disable Z Axis controls while moving to location.
11/8/2024 12:40:40 [Information] Time remaining: 00:00:01 targetEndTime = 12:40:43
11/8/2024 12:40:40 [Information] Stepper Motor Controller Disable Z Axis controls while moving to location.
11/8/2024 12:40:40 [Information] Time remaining: 00:00:01 targetEndTime = 12:40:43
11/8/2024 12:40:40 [Information] Stepper Motor Controller Disable Z Axis controls while moving to location.
11/8/2024 12:40:40 [Information] Time remaining: 00:00:01 targetEndTime = 12:40:43
11/8/2024 12:40:40 [Information] Stepper Motor Controller Disable Z Axis controls while moving to location.
11/8/2024 12:40:40 [Information] Time remaining: 00:00:01 targetEndTime = 12:40:43
11/8/2024 12:40:40 [Information] Stepper Motor Controller Disable Z Axis controls while moving to location.
11/8/2024 12:40:40 [Information] Time remaining: 00:00:01 targetEndTime = 12:40:43
11/8/2024 12:40:40 [Information] Stepper Motor Controller Disable Z Axis controls while moving to location.
11/8/2024 12:40:40 [Information] Time remaining: 00:00:01 targetEndTime = 12:40:43
11/8/2024 12:40:40 [Information] Stepper Motor Controller Disable Z Axis controls while moving to location.
11/8/2024 12:40:40 [Information] Time remaining: 00:00:01 targetEndTime = 12:40:43
11/8/2024 12:40:40 [Information] Stepper Motor Controller Disable Z Axis controls while moving to location.
11/8/2024 12:40:40 [Information] Time remaining: 00:00:01 targetEndTime = 12:40:43
11/8/2024 12:40:40 [Information] Stepper Motor Controller Disable Z Axis controls while moving to location.
11/8/2024 12:40:40 [Information] Time remaining: 00:00:01 targetEndTime = 12:40:43
11/8/2024 12:40:40 [Information] Stepper Motor Controller Disable Z Axis controls while moving to location.
11/8/2024 12:40:40 [Information] Time remaining: 00:00:01 targetEndTime = 12:40:43
11/8/2024 12:40:40 [Information] Stepper Motor Controller Disable Z Axis controls while moving to location.
11/8/2024 12:40:40 [Information] Time remaining: 00:00:01 targetEndTime = 12:40:43
11/8/2024 12:40:40 [Information] Stepper Motor Controller Disable Z Axis controls while moving to location.
11/8/2024 12:40:40 [Information] Time remaining: 00:00:01 targetEndTime = 12:40:43
11/8/2024 12:40:40 [Information] Stepper Motor Controller Disable Z Axis controls while moving to location.
11/8/2024 12:40:40 [Information] Time remaining: 00:00:01 targetEndTime = 12:40:43
11/8/2024 12:40:40 [Information] Stepper Motor Controller Disable Z Axis controls while moving to location.
11/8/2024 12:40:40 [Information] Time remaining: 00:00:01 targetEndTime = 12:40:43
11/8/2024 12:40:40 [Information] Stepper Motor Controller Disable Z Axis controls while moving to location.
11/8/2024 12:40:40 [Information] Time remaining: 00:00:01 targetEndTime = 12:40:43
11/8/2024 12:40:40 [Information] Stepper Motor Controller Disable Z Axis controls while moving to location.
11/8/2024 12:40:40 [Information] Time remaining: 00:00:01 targetEndTime = 12:40:43
11/8/2024 12:40:40 [Information] Stepper Motor Controller Disable Z Axis controls while moving to location.
11/8/2024 12:40:40 [Information] Time remaining: 00:00:01 targetEndTime = 12:40:43
11/8/2024 12:40:40 [Information] Stepper Motor Controller Disable Z Axis controls while moving to location.
11/8/2024 12:40:40 [Information] Time remaining: 00:00:01 targetEndTime = 12:40:43
11/8/2024 12:40:40 [Information] Stepper Motor Controller Disable Z Axis controls while moving to location.
11/8/2024 12:40:40 [Information] Time remaining: 00:00:02 targetEndTime = 12:40:43
11/8/2024 12:40:40 [Information] Stepper Motor Controller Disable Z Axis controls while moving to location.
11/8/2024 12:40:40 [Information] Time remaining: 00:00:02 targetEndTime = 12:40:43
11/8/2024 12:40:40 [Information] Stepper Motor Controller Disable Z Axis controls while moving to location.
11/8/2024 12:40:40 [Information] Time remaining: 00:00:02 targetEndTime = 12:40:43
11/8/2024 12:40:40 [Information] Stepper Motor Controller Disable Z Axis controls while moving to location.
11/8/2024 12:40:40 [Information] Time remaining: 00:00:02 targetEndTime = 12:40:43
11/8/2024 12:40:40 [Information] Stepper Motor Controller Disable Z Axis controls while moving to location.
11/8/2024 12:40:40 [Information] Time remaining: 00:00:02 targetEndTime = 12:40:43
11/8/2024 12:40:40 [Information] Stepper Motor Controller Disable Z Axis controls while moving to location.
11/8/2024 12:40:40 [Information] Time remaining: 00:00:02 targetEndTime = 12:40:43
11/8/2024 12:40:40 [Information] Stepper Motor Controller Disable Z Axis controls while moving to location.
11/8/2024 12:40:40 [Information] Time remaining: 00:00:02 targetEndTime = 12:40:43
11/8/2024 12:40:40 [Information] Stepper Motor Controller Disable Z Axis controls while moving to location.
11/8/2024 12:40:40 [Information] Time remaining: 00:00:02 targetEndTime = 12:40:43
11/8/2024 12:40:40 [Information] Stepper Motor Controller Disable Z Axis controls while moving to location.
11/8/2024 12:40:40 [Information] Time remaining: 00:00:02 targetEndTime = 12:40:43
11/8/2024 12:40:40 [Information] Stepper Motor Controller Disable Z Axis controls while moving to location.
11/8/2024 12:40:40 [Information] Time remaining: 00:00:02 targetEndTime = 12:40:43
11/8/2024 12:40:40 [Information] Stepper Motor Controller Disable Z Axis controls while moving to location.
11/8/2024 12:40:40 [Information] Time remaining: 00:00:02 targetEndTime = 12:40:43
11/8/2024 12:40:40 [Information] Stepper Motor Controller Disable Z Axis controls while moving to location.
11/8/2024 12:40:40 [Information] Time remaining: 00:00:02 targetEndTime = 12:40:43
11/8/2024 12:40:40 [Information] Stepper Motor Controller Disable Z Axis controls while moving to location.
11/8/2024 12:40:40 [Information] Time remaining: 00:00:02 targetEndTime = 12:40:43
11/8/2024 12:40:40 [Information] Stepper Motor Controller Disable Z Axis controls while moving to location.
11/8/2024 12:40:40 [Information] Time remaining: 00:00:02 targetEndTime = 12:40:43
11/8/2024 12:40:40 [Information] Stepper Motor Controller Disable Z Axis controls while moving to location.
11/8/2024 12:40:40 [Information] Time remaining: 00:00:02 targetEndTime = 12:40:43
11/8/2024 12:40:40 [Information] Stepper Motor Controller Disable Z Axis controls while moving to location.
11/8/2024 12:40:40 [Information] Time remaining: 00:00:02 targetEndTime = 12:40:43
11/8/2024 12:40:40 [Information] Stepper Motor Controller Disable Z Axis controls while moving to location.
11/8/2024 12:40:40 [Information] Time remaining: 00:00:02 targetEndTime = 12:40:43
11/8/2024 12:40:40 [Information] Stepper Motor Controller Disable Z Axis controls while moving to location.
11/8/2024 12:40:40 [Information] Time remaining: 00:00:02 targetEndTime = 12:40:43
11/8/2024 12:40:40 [Information] Stepper Motor Controller Disable Z Axis controls while moving to location.
11/8/2024 12:40:40 [Information] Time remaining: 00:00:02 targetEndTime = 12:40:43
11/8/2024 12:40:40 [Information] Stepper Motor Controller Disable Z Axis controls while moving to location.
11/8/2024 12:40:40 [Information] Time remaining: 00:00:02 targetEndTime = 12:40:43
11/8/2024 12:40:40 [Information] Stepper Motor Controller Disable Z Axis controls while moving to location.
11/8/2024 12:40:40 [Information] Time remaining: 00:00:02 targetEndTime = 12:40:43
11/8/2024 12:40:40 [Information] Stepper Motor Controller Disable Z Axis controls while moving to location.
11/8/2024 12:40:40 [Information] Time remaining: 00:00:02 targetEndTime = 12:40:43
11/8/2024 12:40:40 [Information] Stepper Motor Controller Disable Z Axis controls while moving to location.
11/8/2024 12:40:40 [Information] Time remaining: 00:00:02 targetEndTime = 12:40:43
11/8/2024 12:40:40 [Information] Stepper Motor Controller Disable Z Axis controls while moving to location.
11/8/2024 12:40:40 [Information] Time remaining: 00:00:02 targetEndTime = 12:40:43
11/8/2024 12:40:40 [Information] Stepper Motor Controller Disable Z Axis controls while moving to location.
11/8/2024 12:40:40 [Information] Time remaining: 00:00:02 targetEndTime = 12:40:43
11/8/2024 12:40:41 [Information] Stepper Motor Controller Disable Z Axis controls while moving to location.
11/8/2024 12:40:41 [Information] Time remaining: 00:00:02 targetEndTime = 12:40:43
11/8/2024 12:40:41 [Information] Stepper Motor Controller Disable Z Axis controls while moving to location.
11/8/2024 12:40:41 [Information] Time remaining: 00:00:02 targetEndTime = 12:40:43
11/8/2024 12:40:41 [Information] Stepper Motor Controller Disable Z Axis controls while moving to location.
11/8/2024 12:40:41 [Information] Time remaining: 00:00:02 targetEndTime = 12:40:43
11/8/2024 12:40:41 [Information] Stepper Motor Controller Disable Z Axis controls while moving to location.
11/8/2024 12:40:41 [Information] Time remaining: 00:00:02 targetEndTime = 12:40:43
11/8/2024 12:40:41 [Information] Stepper Motor Controller Disable Z Axis controls while moving to location.
11/8/2024 12:40:41 [Information] Time remaining: 00:00:02 targetEndTime = 12:40:43
11/8/2024 12:40:41 [Information] Stepper Motor Controller Disable Z Axis controls while moving to location.
11/8/2024 12:40:41 [Information] Time remaining: 00:00:02 targetEndTime = 12:40:43
11/8/2024 12:40:41 [Information] Stepper Motor Controller Disable Z Axis controls while moving to location.
11/8/2024 12:40:41 [Information] Time remaining: 00:00:02 targetEndTime = 12:40:43
11/8/2024 12:40:41 [Information] Stepper Motor Controller Disable Z Axis controls while moving to location.
11/8/2024 12:40:41 [Information] Time remaining: 00:00:02 targetEndTime = 12:40:43
11/8/2024 12:40:41 [Information] Stepper Motor Controller Disable Z Axis controls while moving to location.
11/8/2024 12:40:41 [Information] Time remaining: 00:00:02 targetEndTime = 12:40:43
11/8/2024 12:40:41 [Information] Stepper Motor Controller Disable Z Axis controls while moving to location.
11/8/2024 12:40:41 [Information] Time remaining: 00:00:02 targetEndTime = 12:40:43
11/8/2024 12:40:41 [Information] Stepper Motor Controller Disable Z Axis controls while moving to location.
11/8/2024 12:40:41 [Information] Time remaining: 00:00:02 targetEndTime = 12:40:43
11/8/2024 12:40:41 [Information] Stepper Motor Controller Disable Z Axis controls while moving to location.
11/8/2024 12:40:41 [Information] Time remaining: 00:00:02 targetEndTime = 12:40:43
11/8/2024 12:40:41 [Information] Stepper Motor Controller Disable Z Axis controls while moving to location.
11/8/2024 12:40:41 [Information] Time remaining: 00:00:02 targetEndTime = 12:40:43
11/8/2024 12:40:41 [Information] Stepper Motor Controller Disable Z Axis controls while moving to location.
11/8/2024 12:40:41 [Information] Time remaining: 00:00:02 targetEndTime = 12:40:43
11/8/2024 12:40:41 [Information] Stepper Motor Controller Disable Z Axis controls while moving to location.
11/8/2024 12:40:41 [Information] Time remaining: 00:00:02 targetEndTime = 12:40:43
11/8/2024 12:40:41 [Information] Stepper Motor Controller Disable Z Axis controls while moving to location.
11/8/2024 12:40:41 [Information] Time remaining: 00:00:02 targetEndTime = 12:40:43
11/8/2024 12:40:41 [Information] Stepper Motor Controller Disable Z Axis controls while moving to location.
11/8/2024 12:40:41 [Information] Time remaining: 00:00:02 targetEndTime = 12:40:43
11/8/2024 12:40:41 [Information] Stepper Motor Controller Disable Z Axis controls while moving to location.
11/8/2024 12:40:41 [Information] Time remaining: 00:00:02 targetEndTime = 12:40:43
11/8/2024 12:40:41 [Information] Stepper Motor Controller Disable Z Axis controls while moving to location.
11/8/2024 12:40:41 [Information] Time remaining: 00:00:02 targetEndTime = 12:40:43
11/8/2024 12:40:41 [Information] Stepper Motor Controller Disable Z Axis controls while moving to location.
11/8/2024 12:40:41 [Information] Time remaining: 00:00:02 targetEndTime = 12:40:43
11/8/2024 12:40:41 [Information] Stepper Motor Controller Disable Z Axis controls while moving to location.
11/8/2024 12:40:41 [Information] Time remaining: 00:00:02 targetEndTime = 12:40:43
11/8/2024 12:40:41 [Information] Stepper Motor Controller Disable Z Axis controls while moving to location.
11/8/2024 12:40:41 [Information] Time remaining: 00:00:02 targetEndTime = 12:40:43
11/8/2024 12:40:41 [Information] Stepper Motor Controller Disable Z Axis controls while moving to location.
11/8/2024 12:40:41 [Information] Time remaining: 00:00:02 targetEndTime = 12:40:43
11/8/2024 12:40:41 [Information] Stepper Motor Controller Disable Z Axis controls while moving to location.
11/8/2024 12:40:41 [Information] Time remaining: 00:00:02 targetEndTime = 12:40:43
11/8/2024 12:40:41 [Information] Stepper Motor Controller Disable Z Axis controls while moving to location.
11/8/2024 12:40:41 [Information] Time remaining: 00:00:02 targetEndTime = 12:40:43
11/8/2024 12:40:41 [Information] Stepper Motor Controller Disable Z Axis controls while moving to location.
11/8/2024 12:40:41 [Information] Time remaining: 00:00:02 targetEndTime = 12:40:43
11/8/2024 12:40:41 [Information] Stepper Motor Controller Disable Z Axis controls while moving to location.
11/8/2024 12:40:41 [Information] Time remaining: 00:00:02 targetEndTime = 12:40:43
11/8/2024 12:40:41 [Information] Stepper Motor Controller Disable Z Axis controls while moving to location.
11/8/2024 12:40:41 [Information] Time remaining: 00:00:02 targetEndTime = 12:40:43
11/8/2024 12:40:41 [Information] Stepper Motor Controller Disable Z Axis controls while moving to location.
11/8/2024 12:40:41 [Information] Time remaining: 00:00:02 targetEndTime = 12:40:43
11/8/2024 12:40:41 [Information] Stepper Motor Controller Disable Z Axis controls while moving to location.
11/8/2024 12:40:41 [Information] Time remaining: 00:00:02 targetEndTime = 12:40:43
11/8/2024 12:40:41 [Information] Stepper Motor Controller Disable Z Axis controls while moving to location.
11/8/2024 12:40:41 [Information] Time remaining: 00:00:02 targetEndTime = 12:40:43
11/8/2024 12:40:41 [Information] Stepper Motor Controller Disable Z Axis controls while moving to location.
11/8/2024 12:40:41 [Information] Time remaining: 00:00:02 targetEndTime = 12:40:43
11/8/2024 12:40:41 [Information] Stepper Motor Controller Disable Z Axis controls while moving to location.
11/8/2024 12:40:41 [Information] Time remaining: 00:00:02 targetEndTime = 12:40:43
11/8/2024 12:40:41 [Information] Stepper Motor Controller Disable Z Axis controls while moving to location.
11/8/2024 12:40:41 [Information] Time remaining: 00:00:02 targetEndTime = 12:40:43
11/8/2024 12:40:41 [Information] Stepper Motor Controller Disable Z Axis controls while moving to location.
11/8/2024 12:40:41 [Information] Time remaining: 00:00:03 targetEndTime = 12:40:43
11/8/2024 12:40:41 [Information] Stepper Motor Controller Disable Z Axis controls while moving to location.
11/8/2024 12:40:41 [Information] Time remaining: 00:00:03 targetEndTime = 12:40:43
11/8/2024 12:40:41 [Information] Stepper Motor Controller Disable Z Axis controls while moving to location.
11/8/2024 12:40:41 [Information] Time remaining: 00:00:03 targetEndTime = 12:40:43
11/8/2024 12:40:41 [Information] Stepper Motor Controller Disable Z Axis controls while moving to location.
11/8/2024 12:40:41 [Information] Time remaining: 00:00:03 targetEndTime = 12:40:43
11/8/2024 12:40:41 [Information] Stepper Motor Controller Disable Z Axis controls while moving to location.
11/8/2024 12:40:41 [Information] Time remaining: 00:00:03 targetEndTime = 12:40:43
11/8/2024 12:40:41 [Information] Stepper Motor Controller Disable Z Axis controls while moving to location.
11/8/2024 12:40:41 [Information] Time remaining: 00:00:03 targetEndTime = 12:40:43
11/8/2024 12:40:41 [Information] Stepper Motor Controller Disable Z Axis controls while moving to location.
11/8/2024 12:40:41 [Information] Time remaining: 00:00:03 targetEndTime = 12:40:43
11/8/2024 12:40:41 [Information] Stepper Motor Controller Disable Z Axis controls while moving to location.
11/8/2024 12:40:41 [Information] Time remaining: 00:00:03 targetEndTime = 12:40:43
11/8/2024 12:40:41 [Information] Stepper Motor Controller Disable Z Axis controls while moving to location.
11/8/2024 12:40:41 [Information] Time remaining: 00:00:03 targetEndTime = 12:40:43
11/8/2024 12:40:41 [Information] Stepper Motor Controller Disable Z Axis controls while moving to location.
11/8/2024 12:40:41 [Information] Time remaining: 00:00:03 targetEndTime = 12:40:43
11/8/2024 12:40:41 [Information] Stepper Motor Controller Disable Z Axis controls while moving to location.
11/8/2024 12:40:41 [Information] Time remaining: 00:00:03 targetEndTime = 12:40:43
11/8/2024 12:40:41 [Information] Stepper Motor Controller Disable Z Axis controls while moving to location.
11/8/2024 12:40:41 [Information] Time remaining: 00:00:03 targetEndTime = 12:40:43
11/8/2024 12:40:41 [Information] Stepper Motor Controller Disable Z Axis controls while moving to location.
11/8/2024 12:40:41 [Information] Time remaining: 00:00:03 targetEndTime = 12:40:43
11/8/2024 12:40:41 [Information] Stepper Motor Controller Disable Z Axis controls while moving to location.
11/8/2024 12:40:41 [Information] Time remaining: 00:00:03 targetEndTime = 12:40:43
11/8/2024 12:40:41 [Information] Stepper Motor Controller Disable Z Axis controls while moving to location.
11/8/2024 12:40:41 [Information] Time remaining: 00:00:03 targetEndTime = 12:40:43
11/8/2024 12:40:41 [Information] Stepper Motor Controller Disable Z Axis controls while moving to location.
11/8/2024 12:40:41 [Information] Time remaining: 00:00:03 targetEndTime = 12:40:43
11/8/2024 12:40:41 [Information] Stepper Motor Controller Disable Z Axis controls while moving to location.
11/8/2024 12:40:41 [Information] Time remaining: 00:00:03 targetEndTime = 12:40:43
11/8/2024 12:40:41 [Information] Stepper Motor Controller Disable Z Axis controls while moving to location.
11/8/2024 12:40:41 [Information] Time remaining: 00:00:03 targetEndTime = 12:40:43
11/8/2024 12:40:41 [Information] Stepper Motor Controller Disable Z Axis controls while moving to location.
11/8/2024 12:40:41 [Information] Time remaining: 00:00:03 targetEndTime = 12:40:43
11/8/2024 12:40:41 [Information] Stepper Motor Controller Disable Z Axis controls while moving to location.
11/8/2024 12:40:41 [Information] Time remaining: 00:00:03 targetEndTime = 12:40:43
11/8/2024 12:40:41 [Information] Stepper Motor Controller Disable Z Axis controls while moving to location.
11/8/2024 12:40:41 [Information] Time remaining: 00:00:03 targetEndTime = 12:40:43
11/8/2024 12:40:41 [Information] Stepper Motor Controller Disable Z Axis controls while moving to location.
11/8/2024 12:40:41 [Information] Time remaining: 00:00:03 targetEndTime = 12:40:43
11/8/2024 12:40:41 [Information] Stepper Motor Controller Disable Z Axis controls while moving to location.
11/8/2024 12:40:41 [Information] Time remaining: 00:00:03 targetEndTime = 12:40:43
11/8/2024 12:40:41 [Information] Stepper Motor Controller Disable Z Axis controls while moving to location.
11/8/2024 12:40:41 [Information] Time remaining: 00:00:03 targetEndTime = 12:40:43
11/8/2024 12:40:41 [Information] Stepper Motor Controller Disable Z Axis controls while moving to location.
11/8/2024 12:40:42 [Information] Time remaining: 00:00:03 targetEndTime = 12:40:43
11/8/2024 12:40:42 [Information] Stepper Motor Controller Disable Z Axis controls while moving to location.
11/8/2024 12:40:42 [Information] Time remaining: 00:00:03 targetEndTime = 12:40:43
11/8/2024 12:40:42 [Information] Stepper Motor Controller Disable Z Axis controls while moving to location.
11/8/2024 12:40:42 [Information] Time remaining: 00:00:03 targetEndTime = 12:40:43
11/8/2024 12:40:42 [Information] Stepper Motor Controller Disable Z Axis controls while moving to location.
11/8/2024 12:40:42 [Information] Time remaining: 00:00:03 targetEndTime = 12:40:43
11/8/2024 12:40:42 [Information] Stepper Motor Controller Disable Z Axis controls while moving to location.
11/8/2024 12:40:42 [Information] Time remaining: 00:00:03 targetEndTime = 12:40:43
11/8/2024 12:40:42 [Information] Stepper Motor Controller Disable Z Axis controls while moving to location.
11/8/2024 12:40:42 [Information] Time remaining: 00:00:03 targetEndTime = 12:40:43
11/8/2024 12:40:42 [Information] Stepper Motor Controller Disable Z Axis controls while moving to location.
11/8/2024 12:40:42 [Information] Time remaining: 00:00:03 targetEndTime = 12:40:43
11/8/2024 12:40:42 [Information] Stepper Motor Controller Disable Z Axis controls while moving to location.
11/8/2024 12:40:42 [Information] Time remaining: 00:00:03 targetEndTime = 12:40:43
11/8/2024 12:40:42 [Information] Stepper Motor Controller Disable Z Axis controls while moving to location.
11/8/2024 12:40:42 [Information] Time remaining: 00:00:03 targetEndTime = 12:40:43
11/8/2024 12:40:42 [Information] Stepper Motor Controller Disable Z Axis controls while moving to location.
11/8/2024 12:40:42 [Information] Time remaining: 00:00:03 targetEndTime = 12:40:43
11/8/2024 12:40:42 [Information] Stepper Motor Controller Disable Z Axis controls while moving to location.
11/8/2024 12:40:42 [Information] Time remaining: 00:00:03 targetEndTime = 12:40:43
11/8/2024 12:40:42 [Information] Stepper Motor Controller Disable Z Axis controls while moving to location.
11/8/2024 12:40:42 [Information] Time remaining: 00:00:03 targetEndTime = 12:40:43
11/8/2024 12:40:42 [Information] Stepper Motor Controller Disable Z Axis controls while moving to location.
11/8/2024 12:40:42 [Information] Time remaining: 00:00:03 targetEndTime = 12:40:43
11/8/2024 12:40:42 [Information] Stepper Motor Controller Disable Z Axis controls while moving to location.
11/8/2024 12:40:42 [Information] Time remaining: 00:00:03 targetEndTime = 12:40:43
11/8/2024 12:40:42 [Information] Stepper Motor Controller Disable Z Axis controls while moving to location.
11/8/2024 12:40:42 [Information] Time remaining: 00:00:03 targetEndTime = 12:40:43
11/8/2024 12:40:42 [Information] Stepper Motor Controller Disable Z Axis controls while moving to location.
11/8/2024 12:40:42 [Information] Time remaining: 00:00:03 targetEndTime = 12:40:43
11/8/2024 12:40:42 [Information] Stepper Motor Controller Disable Z Axis controls while moving to location.
11/8/2024 12:40:42 [Information] Time remaining: 00:00:03 targetEndTime = 12:40:43
11/8/2024 12:40:42 [Information] Stepper Motor Controller Disable Z Axis controls while moving to location.
11/8/2024 12:40:42 [Information] Time remaining: 00:00:03 targetEndTime = 12:40:43
11/8/2024 12:40:42 [Information] Stepper Motor Controller Disable Z Axis controls while moving to location.
11/8/2024 12:40:42 [Information] Time remaining: 00:00:03 targetEndTime = 12:40:43
11/8/2024 12:40:42 [Information] Stepper Motor Controller Disable Z Axis controls while moving to location.
11/8/2024 12:40:42 [Information] Time remaining: 00:00:03 targetEndTime = 12:40:43
11/8/2024 12:40:42 [Information] Stepper Motor Controller Disable Z Axis controls while moving to location.
11/8/2024 12:40:42 [Information] Time remaining: 00:00:03 targetEndTime = 12:40:43
11/8/2024 12:40:42 [Information] Stepper Motor Controller Disable Z Axis controls while moving to location.
11/8/2024 12:40:42 [Information] Time remaining: 00:00:03 targetEndTime = 12:40:43
11/8/2024 12:40:42 [Information] Stepper Motor Controller Disable Z Axis controls while moving to location.
11/8/2024 12:40:42 [Information] Time remaining: 00:00:03 targetEndTime = 12:40:43
11/8/2024 12:40:42 [Information] Stepper Motor Controller Disable Z Axis controls while moving to location.
11/8/2024 12:40:42 [Information] Time remaining: 00:00:03 targetEndTime = 12:40:43
11/8/2024 12:40:42 [Information] Stepper Motor Controller Disable Z Axis controls while moving to location.
11/8/2024 12:40:42 [Information] Time remaining: 00:00:03 targetEndTime = 12:40:43
11/8/2024 12:40:42 [Information] Stepper Motor Controller Disable Z Axis controls while moving to location.
11/8/2024 12:40:42 [Information] Time remaining: 00:00:03 targetEndTime = 12:40:43
11/8/2024 12:40:42 [Information] Stepper Motor Controller Disable Z Axis controls while moving to location.
11/8/2024 12:40:42 [Information] Time remaining: 00:00:03 targetEndTime = 12:40:43
11/8/2024 12:40:42 [Information] Stepper Motor Controller Disable Z Axis controls while moving to location.
11/8/2024 12:40:42 [Information] Time remaining: 00:00:03 targetEndTime = 12:40:43
11/8/2024 12:40:42 [Information] Stepper Motor Controller Disable Z Axis controls while moving to location.
11/8/2024 12:40:42 [Information] Time remaining: 00:00:03 targetEndTime = 12:40:43
11/8/2024 12:40:42 [Information] Stepper Motor Controller Disable Z Axis controls while moving to location.
11/8/2024 12:40:42 [Information] Time remaining: 00:00:03 targetEndTime = 12:40:43
11/8/2024 12:40:42 [Information] Stepper Motor Controller Disable Z Axis controls while moving to location.
11/8/2024 12:40:42 [Information] Time remaining: 00:00:03 targetEndTime = 12:40:43
11/8/2024 12:40:42 [Information] Stepper Motor Controller Disable Z Axis controls while moving to location.
11/8/2024 12:40:42 [Information] Time remaining: 00:00:04 targetEndTime = 12:40:43
11/8/2024 12:40:42 [Information] Stepper Motor Controller Disable Z Axis controls while moving to location.
11/8/2024 12:40:42 [Information] Time remaining: 00:00:04 targetEndTime = 12:40:43
11/8/2024 12:40:42 [Information] Stepper Motor Controller Disable Z Axis controls while moving to location.
11/8/2024 12:40:42 [Information] Time remaining: 00:00:04 targetEndTime = 12:40:43
11/8/2024 12:40:42 [Information] Stepper Motor Controller Disable Z Axis controls while moving to location.
11/8/2024 12:40:42 [Information] Time remaining: 00:00:04 targetEndTime = 12:40:43
11/8/2024 12:40:42 [Information] Stepper Motor Controller Disable Z Axis controls while moving to location.
11/8/2024 12:40:42 [Information] Time remaining: 00:00:04 targetEndTime = 12:40:43
11/8/2024 12:40:42 [Information] Stepper Motor Controller Disable Z Axis controls while moving to location.
11/8/2024 12:40:42 [Information] Time remaining: 00:00:04 targetEndTime = 12:40:43
11/8/2024 12:40:42 [Information] Stepper Motor Controller Disable Z Axis controls while moving to location.
11/8/2024 12:40:42 [Information] Time remaining: 00:00:04 targetEndTime = 12:40:43
11/8/2024 12:40:42 [Information] Stepper Motor Controller Disable Z Axis controls while moving to location.
11/8/2024 12:40:42 [Information] Time remaining: 00:00:04 targetEndTime = 12:40:43
11/8/2024 12:40:42 [Information] Stepper Motor Controller Disable Z Axis controls while moving to location.
11/8/2024 12:40:42 [Information] Time remaining: 00:00:04 targetEndTime = 12:40:43
11/8/2024 12:40:42 [Information] Stepper Motor Controller Disable Z Axis controls while moving to location.
11/8/2024 12:40:42 [Information] Time remaining: 00:00:04 targetEndTime = 12:40:43
11/8/2024 12:40:42 [Information] Stepper Motor Controller Disable Z Axis controls while moving to location.
11/8/2024 12:40:42 [Information] Time remaining: 00:00:04 targetEndTime = 12:40:43
11/8/2024 12:40:42 [Information] Stepper Motor Controller Disable Z Axis controls while moving to location.
11/8/2024 12:40:42 [Information] Time remaining: 00:00:04 targetEndTime = 12:40:43
11/8/2024 12:40:42 [Information] Stepper Motor Controller Disable Z Axis controls while moving to location.
11/8/2024 12:40:42 [Information] Time remaining: 00:00:04 targetEndTime = 12:40:43
11/8/2024 12:40:42 [Information] Stepper Motor Controller Disable Z Axis controls while moving to location.
11/8/2024 12:40:42 [Information] Time remaining: 00:00:04 targetEndTime = 12:40:43
11/8/2024 12:40:42 [Information] Stepper Motor Controller Disable Z Axis controls while moving to location.
11/8/2024 12:40:42 [Information] Time remaining: 00:00:04 targetEndTime = 12:40:43
11/8/2024 12:40:42 [Information] Stepper Motor Controller Disable Z Axis controls while moving to location.
11/8/2024 12:40:42 [Information] Time remaining: 00:00:04 targetEndTime = 12:40:43
11/8/2024 12:40:42 [Information] Stepper Motor Controller Disable Z Axis controls while moving to location.
11/8/2024 12:40:42 [Information] Time remaining: 00:00:04 targetEndTime = 12:40:43
11/8/2024 12:40:42 [Information] Stepper Motor Controller Disable Z Axis controls while moving to location.
11/8/2024 12:40:42 [Information] Time remaining: 00:00:04 targetEndTime = 12:40:43
11/8/2024 12:40:42 [Information] Stepper Motor Controller Disable Z Axis controls while moving to location.
11/8/2024 12:40:42 [Information] Time remaining: 00:00:04 targetEndTime = 12:40:43
11/8/2024 12:40:42 [Information] Stepper Motor Controller Disable Z Axis controls while moving to location.
11/8/2024 12:40:42 [Information] Time remaining: 00:00:04 targetEndTime = 12:40:43
11/8/2024 12:40:42 [Information] Stepper Motor Controller Disable Z Axis controls while moving to location.
11/8/2024 12:40:42 [Information] Time remaining: 00:00:04 targetEndTime = 12:40:43
11/8/2024 12:40:42 [Information] Stepper Motor Controller Disable Z Axis controls while moving to location.
11/8/2024 12:40:42 [Information] Time remaining: 00:00:04 targetEndTime = 12:40:43
11/8/2024 12:40:43 [Information] Stepper Motor Controller Disable Z Axis controls while moving to location.
11/8/2024 12:40:43 [Information] Time remaining: 00:00:04 targetEndTime = 12:40:43
11/8/2024 12:40:43 [Information] Stepper Motor Controller Disable Z Axis controls while moving to location.
11/8/2024 12:40:43 [Information] Time remaining: 00:00:04 targetEndTime = 12:40:43
11/8/2024 12:40:43 [Information] Stepper Motor Controller Disable Z Axis controls while moving to location.
11/8/2024 12:40:43 [Information] Time remaining: 00:00:04 targetEndTime = 12:40:43
11/8/2024 12:40:43 [Information] Stepper Motor Controller Disable Z Axis controls while moving to location.
11/8/2024 12:40:43 [Information] Time remaining: 00:00:04 targetEndTime = 12:40:43
11/8/2024 12:40:43 [Information] Stepper Motor Controller Disable Z Axis controls while moving to location.
11/8/2024 12:40:43 [Information] Time remaining: 00:00:04 targetEndTime = 12:40:43
11/8/2024 12:40:43 [Information] Stepper Motor Controller Disable Z Axis controls while moving to location.
11/8/2024 12:40:43 [Information] Time remaining: 00:00:04 targetEndTime = 12:40:43
11/8/2024 12:40:43 [Information] Stepper Motor Controller Disable Z Axis controls while moving to location.
11/8/2024 12:40:43 [Information] Time remaining: 00:00:04 targetEndTime = 12:40:43
11/8/2024 12:40:43 [Information] Stepper Motor Controller Disable Z Axis controls while moving to location.
11/8/2024 12:40:43 [Information] Time remaining: 00:00:04 targetEndTime = 12:40:43
11/8/2024 12:40:43 [Information] Stepper Motor Controller Disable Z Axis controls while moving to location.
11/8/2024 12:40:43 [Information] Time remaining: 00:00:04 targetEndTime = 12:40:43
11/8/2024 12:40:43 [Information] Stepper Motor Controller Disable Z Axis controls while moving to location.
11/8/2024 12:40:43 [Information] Time remaining: 00:00:04 targetEndTime = 12:40:43
11/8/2024 12:40:43 [Information] Stepper Motor Controller Disable Z Axis controls while moving to location.
11/8/2024 12:40:43 [Information] Time remaining: 00:00:04 targetEndTime = 12:40:43
11/8/2024 12:40:43 [Information] Stepper Motor Controller Disable Z Axis controls while moving to location.
11/8/2024 12:40:43 [Information] Time remaining: 00:00:04 targetEndTime = 12:40:43
11/8/2024 12:40:43 [Information] Stepper Motor Controller Disable Z Axis controls while moving to location.
11/8/2024 12:40:43 [Information] Time remaining: 00:00:04 targetEndTime = 12:40:43
11/8/2024 12:40:43 [Information] Stepper Motor Controller Disable Z Axis controls while moving to location.
11/8/2024 12:40:43 [Information] Time remaining: 00:00:04 targetEndTime = 12:40:43
11/8/2024 12:40:43 [Information] Stepper Motor Controller Disable Z Axis controls while moving to location.
11/8/2024 12:40:43 [Information] Time remaining: 00:00:04 targetEndTime = 12:40:43
11/8/2024 12:40:43 [Information] Stepper Motor Controller Disable Z Axis controls while moving to location.
11/8/2024 12:40:43 [Information] Time remaining: 00:00:04 targetEndTime = 12:40:43
11/8/2024 12:40:43 [Information] Stepper Motor Controller Disable Z Axis controls while moving to location.
11/8/2024 12:40:43 [Information] Time remaining: 00:00:04 targetEndTime = 12:40:43
11/8/2024 12:40:43 [Information] Stepper Motor Controller Disable Z Axis controls while moving to location.
11/8/2024 12:40:43 [Information] Time remaining: 00:00:04 targetEndTime = 12:40:43
11/8/2024 12:40:43 [Information] Stepper Motor Controller Disable Z Axis controls while moving to location.
11/8/2024 12:40:43 [Information] Time remaining: 00:00:04 targetEndTime = 12:40:43
11/8/2024 12:40:43 [Information] Stepper Motor Controller Disable Z Axis controls while moving to location.
11/8/2024 12:40:43 [Information] Time remaining: 00:00:04 targetEndTime = 12:40:43
11/8/2024 12:40:43 [Information] Stepper Motor Controller Disable Z Axis controls while moving to location.
11/8/2024 12:40:43 [Information] Time remaining: 00:00:04 targetEndTime = 12:40:43
11/8/2024 12:40:43 [Information] Stepper Motor Controller Disable Z Axis controls while moving to location.
11/8/2024 12:40:43 [Information] Time remaining: 00:00:04 targetEndTime = 12:40:43
11/8/2024 12:40:43 [Information] Stepper Motor Controller Disable Z Axis controls while moving to location.
11/8/2024 12:40:43 [Information] Time remaining: 00:00:04 targetEndTime = 12:40:43
11/8/2024 12:40:43 [Information] Stepper Motor Controller Disable Z Axis controls while moving to location.
11/8/2024 12:40:43 [Information] Time remaining: 00:00:04 targetEndTime = 12:40:43
11/8/2024 12:40:43 [Information] Stepper Motor Controller Disable Z Axis controls while moving to location.
11/8/2024 12:40:43 [Information] Time remaining: 00:00:04 targetEndTime = 12:40:43
11/8/2024 12:40:43 [Information] Stepper Motor Controller Disable Z Axis controls while moving to location.
11/8/2024 12:40:43 [Information] Time remaining: 00:00:05 targetEndTime = 12:40:43
11/8/2024 12:40:43 [Information] Stepper Motor Controller Disable Z Axis controls while moving to location.
11/8/2024 12:40:43 [Information] Time remaining: 00:00:05 targetEndTime = 12:40:43
11/8/2024 12:40:43 [Information] Stepper Motor Controller Enable Z Axis controls after moving to location.
11/8/2024 12:40:43 [Information] Stepper Motor Controller Stopwatch Stopped.
11/8/2024 12:40:43 [Information] Stepper Motor Controller Timer Stopped.
11/8/2024 12:40:43 [Information] Stepper Motor Controller Stopwatch Reset.
11/8/2024 12:40:45 [Information] Stepper Motor Controller MainWindow Closing.
11/8/2024 12:40:45 [Information] Stepper Motor Controller Serial Ports closed.
11/8/2024 12:40:45 [Information] Properties Settings Saved.
11/8/2024 12:40:45 [Information] Properties Settings Form Closed.
11/8/2024 12:40:45 [Information] Stepper Motor Controller Form Closed.
