11/4/2024 22:18:11 [Information] Stepper Motor Controller Application Started.
11/4/2024 22:18:11 [Information] Version: 3.0.9074.40141 (11/4/2024 22:18:11)
11/4/2024 22:18:11 [Information] X Axis SerialPort COM7 not connected.
11/4/2024 22:18:11 [Information] Y Axis SerialPort COM8 not connected.
11/4/2024 22:18:11 [Information] Version: 3.1.0.40142 (11/4/2024 22:18:11)
11/4/2024 22:18:11 [Information] Version: 3.1.0.40142 (11/4/2024 22:18:11)
11/4/2024 22:18:11 [Information] Stepper Motor Controller Application Settings Window Opened.
11/4/2024 22:18:11 [Information] Stepper Motor Controller Application Settings form is rebuilt each and every time it is opened.
11/4/2024 22:18:11 [Information] int: 9600 BaudRate added to the Settings Form.
11/4/2024 22:18:11 [Information] bool: False ckbXaxisResetToZeroIsChecked added to the Settings Form.
11/4/2024 22:18:11 [Information] bool: False ckbYaxisResetToZeroIsChecked added to the Settings Form.
11/4/2024 22:18:11 [Information] bool: False ckbZaxisResetToZeroIsChecked added to the Settings Form.
11/4/2024 22:18:11 [Information] COM1: ComPort added to the Settings Form.
11/4/2024 22:18:11 [Information] COM2: ComPort added to the Settings Form.
11/4/2024 22:18:11 [Information] COM3: ComPort added to the Settings Form.
11/4/2024 22:18:11 [Information] COM4: ComPort added to the Settings Form.
11/4/2024 22:18:11 [Information] COM5: ComPort added to the Settings Form.
11/4/2024 22:18:11 [Information] COM6: ComPort added to the Settings Form.
11/4/2024 22:18:11 [Information] COM7: ComPort added to the Settings Form.
11/4/2024 22:18:11 [Information] COM8: ComPort added to the Settings Form.
11/4/2024 22:18:11 [Information] COM9: ComPort added to the Settings Form.
11/4/2024 22:18:11 [Information] COM10: ComPort added to the Settings Form.
11/4/2024 22:18:11 [Information] decimal: 4.00 Divider4_00 added to the Settings Form.
11/4/2024 22:18:11 [Information] decimal: 0.00 MathPart2Initlz added to the Settings Form.
11/4/2024 22:18:11 [Information] decimal: 1.00 MilisecondTimerInterval added to the Settings Form.
11/4/2024 22:18:11 [Information] decimal: 1000.00 MillisecondDelay added to the Settings Form.
11/4/2024 22:18:11 [Information] int: 1000 Milliseconds added to the Settings Form.
11/4/2024 22:18:11 [Information] int: 4 mmPerRevolution added to the Settings Form.
11/4/2024 22:18:11 [Information] int: 2000 ThreadSleep added to the Settings Form.
11/4/2024 22:18:11 [Information] decimal: 0.00 Value_0_00 added to the Settings Form.
11/4/2024 22:18:11 [Information] decimal: 50.00 XaxisAcceleration added to the Settings Form.
11/4/2024 22:18:11 [Information] bool: False XaxisChanged added to the Settings Form.
11/4/2024 22:18:11 [Information] decimal: 400.00 XaxisMotorSpeed added to the Settings Form.
11/4/2024 22:18:11 [Information] decimal: 0.00 XaxisStepperCurrent added to the Settings Form.
11/4/2024 22:18:11 [Information] decimal: 0.00 XaxisStepperMove added to the Settings Form.
11/4/2024 22:18:11 [Information] XCOM1: XComPort added to the Settings Form.
11/4/2024 22:18:11 [Information] XCOM2: XComPort added to the Settings Form.
11/4/2024 22:18:11 [Information] XCOM3: XComPort added to the Settings Form.
11/4/2024 22:18:11 [Information] XCOM4: XComPort added to the Settings Form.
11/4/2024 22:18:11 [Information] XCOM5: XComPort added to the Settings Form.
11/4/2024 22:18:11 [Information] XCOM6: XComPort added to the Settings Form.
11/4/2024 22:18:11 [Information] XCOM7: XComPort added to the Settings Form.
11/4/2024 22:18:11 [Information] XCOM8: XComPort added to the Settings Form.
11/4/2024 22:18:11 [Information] XCOM9: XComPort added to the Settings Form.
11/4/2024 22:18:11 [Information] XCOM10: XComPort added to the Settings Form.
11/4/2024 22:18:11 [Information] decimal: 50.00 YaxisAcceleration added to the Settings Form.
11/4/2024 22:18:11 [Information] bool: False YaxisChanged added to the Settings Form.
11/4/2024 22:18:11 [Information] decimal: 400.00 YaxisMotorSpeed added to the Settings Form.
11/4/2024 22:18:11 [Information] decimal: 0.00 YaxisStepperCurrent added to the Settings Form.
11/4/2024 22:18:11 [Information] decimal: 0.00 YaxisStepperMove added to the Settings Form.
11/4/2024 22:18:11 [Information] YCOM1: YComPort added to the Settings Form.
11/4/2024 22:18:11 [Information] YCOM2: YComPort added to the Settings Form.
11/4/2024 22:18:11 [Information] YCOM3: YComPort added to the Settings Form.
11/4/2024 22:18:11 [Information] YCOM4: YComPort added to the Settings Form.
11/4/2024 22:18:11 [Information] YCOM5: YComPort added to the Settings Form.
11/4/2024 22:18:11 [Information] YCOM6: YComPort added to the Settings Form.
11/4/2024 22:18:11 [Information] YCOM7: YComPort added to the Settings Form.
11/4/2024 22:18:11 [Information] YCOM8: YComPort added to the Settings Form.
11/4/2024 22:18:11 [Information] YCOM9: YComPort added to the Settings Form.
11/4/2024 22:18:11 [Information] YCOM10: YComPort added to the Settings Form.
11/4/2024 22:18:11 [Information] decimal: 50.00 ZaxisAcceleration added to the Settings Form.
11/4/2024 22:18:11 [Information] bool: False ZaxisChanged added to the Settings Form.
11/4/2024 22:18:11 [Information] decimal: 400.00 ZaxisMotorSpeed added to the Settings Form.
11/4/2024 22:18:11 [Information] decimal: 0.00 ZaxisStepperCurrent added to the Settings Form.
11/4/2024 22:18:11 [Information] decimal: 0.00 ZaxisStepperMove added to the Settings Form.
11/4/2024 22:18:11 [Information] ZCOM1: ZComPort added to the Settings Form.
11/4/2024 22:18:11 [Information] ZCOM2: ZComPort added to the Settings Form.
11/4/2024 22:18:11 [Information] ZCOM3: ZComPort added to the Settings Form.
11/4/2024 22:18:11 [Information] ZCOM4: ZComPort added to the Settings Form.
11/4/2024 22:18:11 [Information] ZCOM5: ZComPort added to the Settings Form.
11/4/2024 22:18:11 [Information] ZCOM6: ZComPort added to the Settings Form.
11/4/2024 22:18:11 [Information] ZCOM7: ZComPort added to the Settings Form.
11/4/2024 22:18:11 [Information] ZCOM8: ZComPort added to the Settings Form.
11/4/2024 22:18:11 [Information] ZCOM9: ZComPort added to the Settings Form.
11/4/2024 22:18:11 [Information] ZCOM10: ZComPort added to the Settings Form.
11/4/2024 22:18:11 [Information] int: 0 zeroXaxis added to the Settings Form.
11/4/2024 22:18:11 [Information] int: 0 zeroYaxis added to the Settings Form.
11/4/2024 22:18:11 [Information] int: 0 zeroZaxis added to the Settings Form.
11/4/2024 22:18:11 [Information] Stepper Motor Controller MainWindow loaded
11/4/2024 22:18:11 [Information] Set MainWindow Media Brushes to White.
11/4/2024 22:18:18 [Information] Z Axis mouse controlled Keypad returned: 64.00
11/4/2024 22:18:20 [Information] ZAxisRun_Click button clicked:
11/4/2024 22:18:20 [Information] Z Axis MotorMovementSeconds decimal: (64.00 / 4) / 2 = 8.00
11/4/2024 22:18:20 [Information] Z Axis myMovementTimer int: 1000 * 8.00 = 8000
11/4/2024 22:18:21 [Information] Z Axis Run Event: Z,0.00,400.00,0,0.00,400.00,0,64.00,400.00,0
11/4/2024 22:18:21 [Information] Z Axis Current Time: 10:18:21 + 8000 = zTargetEndTime: 10:18:29
11/4/2024 22:18:21 [Information] Stepper Motor Controller Disable Z Axis controls while moving to location.
11/4/2024 22:18:21 [Information] Time remaining: 00:00:00 zTargetEndTime = 10:18:29
11/4/2024 22:18:21 [Information] Stepper Motor Controller Disable Z Axis controls while moving to location.
11/4/2024 22:18:21 [Information] Time remaining: 00:00:00 zTargetEndTime = 10:18:29
11/4/2024 22:18:21 [Information] Stepper Motor Controller Disable Z Axis controls while moving to location.
11/4/2024 22:18:21 [Information] Time remaining: 00:00:00 zTargetEndTime = 10:18:29
11/4/2024 22:18:21 [Information] Stepper Motor Controller Disable Z Axis controls while moving to location.
11/4/2024 22:18:21 [Information] Time remaining: 00:00:00 zTargetEndTime = 10:18:29
11/4/2024 22:18:21 [Information] Stepper Motor Controller Disable Z Axis controls while moving to location.
11/4/2024 22:18:21 [Information] Time remaining: 00:00:00 zTargetEndTime = 10:18:29
11/4/2024 22:18:21 [Information] Stepper Motor Controller Disable Z Axis controls while moving to location.
11/4/2024 22:18:21 [Information] Time remaining: 00:00:00 zTargetEndTime = 10:18:29
11/4/2024 22:18:21 [Information] Stepper Motor Controller Disable Z Axis controls while moving to location.
11/4/2024 22:18:21 [Information] Time remaining: 00:00:00 zTargetEndTime = 10:18:29
11/4/2024 22:18:21 [Information] Stepper Motor Controller Disable Z Axis controls while moving to location.
11/4/2024 22:18:21 [Information] Time remaining: 00:00:00 zTargetEndTime = 10:18:29
11/4/2024 22:18:21 [Information] Stepper Motor Controller Disable Z Axis controls while moving to location.
11/4/2024 22:18:21 [Information] Time remaining: 00:00:00 zTargetEndTime = 10:18:29
11/4/2024 22:18:21 [Information] Stepper Motor Controller Disable Z Axis controls while moving to location.
11/4/2024 22:18:21 [Information] Time remaining: 00:00:00 zTargetEndTime = 10:18:29
11/4/2024 22:18:21 [Information] Stepper Motor Controller Disable Z Axis controls while moving to location.
11/4/2024 22:18:21 [Information] Time remaining: 00:00:00 zTargetEndTime = 10:18:29
11/4/2024 22:18:21 [Information] Stepper Motor Controller Disable Z Axis controls while moving to location.
11/4/2024 22:18:21 [Information] Time remaining: 00:00:00 zTargetEndTime = 10:18:29
11/4/2024 22:18:21 [Information] Stepper Motor Controller Disable Z Axis controls while moving to location.
11/4/2024 22:18:21 [Information] Time remaining: 00:00:00 zTargetEndTime = 10:18:29
11/4/2024 22:18:21 [Information] Stepper Motor Controller Disable Z Axis controls while moving to location.
11/4/2024 22:18:21 [Information] Time remaining: 00:00:00 zTargetEndTime = 10:18:29
11/4/2024 22:18:21 [Information] Stepper Motor Controller Disable Z Axis controls while moving to location.
11/4/2024 22:18:21 [Information] Time remaining: 00:00:00 zTargetEndTime = 10:18:29
11/4/2024 22:18:21 [Information] Stepper Motor Controller Disable Z Axis controls while moving to location.
11/4/2024 22:18:21 [Information] Time remaining: 00:00:00 zTargetEndTime = 10:18:29
11/4/2024 22:18:21 [Information] Stepper Motor Controller Disable Z Axis controls while moving to location.
11/4/2024 22:18:21 [Information] Time remaining: 00:00:00 zTargetEndTime = 10:18:29
11/4/2024 22:18:21 [Information] Stepper Motor Controller Disable Z Axis controls while moving to location.
11/4/2024 22:18:21 [Information] Time remaining: 00:00:00 zTargetEndTime = 10:18:29
11/4/2024 22:18:21 [Information] Stepper Motor Controller Disable Z Axis controls while moving to location.
11/4/2024 22:18:21 [Information] Time remaining: 00:00:00 zTargetEndTime = 10:18:29
11/4/2024 22:18:21 [Information] Stepper Motor Controller Disable Z Axis controls while moving to location.
11/4/2024 22:18:21 [Information] Time remaining: 00:00:00 zTargetEndTime = 10:18:29
11/4/2024 22:18:21 [Information] Stepper Motor Controller Disable Z Axis controls while moving to location.
11/4/2024 22:18:21 [Information] Time remaining: 00:00:00 zTargetEndTime = 10:18:29
11/4/2024 22:18:21 [Information] Stepper Motor Controller Disable Z Axis controls while moving to location.
11/4/2024 22:18:21 [Information] Time remaining: 00:00:00 zTargetEndTime = 10:18:29
11/4/2024 22:18:21 [Information] Stepper Motor Controller Disable Z Axis controls while moving to location.
11/4/2024 22:18:21 [Information] Time remaining: 00:00:00 zTargetEndTime = 10:18:29
11/4/2024 22:18:21 [Information] Stepper Motor Controller Disable Z Axis controls while moving to location.
11/4/2024 22:18:21 [Information] Time remaining: 00:00:00 zTargetEndTime = 10:18:29
11/4/2024 22:18:21 [Information] Stepper Motor Controller Disable Z Axis controls while moving to location.
11/4/2024 22:18:21 [Information] Time remaining: 00:00:00 zTargetEndTime = 10:18:29
11/4/2024 22:18:21 [Information] Stepper Motor Controller Disable Z Axis controls while moving to location.
11/4/2024 22:18:21 [Information] Time remaining: 00:00:00 zTargetEndTime = 10:18:29
11/4/2024 22:18:21 [Information] Stepper Motor Controller Disable Z Axis controls while moving to location.
11/4/2024 22:18:21 [Information] Time remaining: 00:00:00 zTargetEndTime = 10:18:29
11/4/2024 22:18:21 [Information] Stepper Motor Controller Disable Z Axis controls while moving to location.
11/4/2024 22:18:21 [Information] Time remaining: 00:00:00 zTargetEndTime = 10:18:29
11/4/2024 22:18:21 [Information] Stepper Motor Controller Disable Z Axis controls while moving to location.
11/4/2024 22:18:21 [Information] Time remaining: 00:00:00 zTargetEndTime = 10:18:29
11/4/2024 22:18:21 [Information] Stepper Motor Controller Disable Z Axis controls while moving to location.
11/4/2024 22:18:21 [Information] Time remaining: 00:00:00 zTargetEndTime = 10:18:29
11/4/2024 22:18:21 [Information] Stepper Motor Controller Disable Z Axis controls while moving to location.
11/4/2024 22:18:21 [Information] Time remaining: 00:00:00 zTargetEndTime = 10:18:29
11/4/2024 22:18:21 [Information] Stepper Motor Controller Disable Z Axis controls while moving to location.
11/4/2024 22:18:21 [Information] Time remaining: 00:00:00 zTargetEndTime = 10:18:29
11/4/2024 22:18:21 [Information] Stepper Motor Controller Disable Z Axis controls while moving to location.
11/4/2024 22:18:21 [Information] Time remaining: 00:00:00 zTargetEndTime = 10:18:29
11/4/2024 22:18:21 [Information] Stepper Motor Controller Disable Z Axis controls while moving to location.
11/4/2024 22:18:21 [Information] Time remaining: 00:00:00 zTargetEndTime = 10:18:29
11/4/2024 22:18:21 [Information] Stepper Motor Controller Disable Z Axis controls while moving to location.
11/4/2024 22:18:21 [Information] Time remaining: 00:00:00 zTargetEndTime = 10:18:29
11/4/2024 22:18:21 [Information] Stepper Motor Controller Disable Z Axis controls while moving to location.
11/4/2024 22:18:21 [Information] Time remaining: 00:00:00 zTargetEndTime = 10:18:29
11/4/2024 22:18:21 [Information] Stepper Motor Controller Disable Z Axis controls while moving to location.
11/4/2024 22:18:21 [Information] Time remaining: 00:00:00 zTargetEndTime = 10:18:29
11/4/2024 22:18:21 [Information] Stepper Motor Controller Disable Z Axis controls while moving to location.
11/4/2024 22:18:21 [Information] Time remaining: 00:00:00 zTargetEndTime = 10:18:29
11/4/2024 22:18:21 [Information] Stepper Motor Controller Disable Z Axis controls while moving to location.
11/4/2024 22:18:21 [Information] Time remaining: 00:00:00 zTargetEndTime = 10:18:29
11/4/2024 22:18:21 [Information] Stepper Motor Controller Disable Z Axis controls while moving to location.
11/4/2024 22:18:21 [Information] Time remaining: 00:00:00 zTargetEndTime = 10:18:29
11/4/2024 22:18:21 [Information] Stepper Motor Controller Disable Z Axis controls while moving to location.
11/4/2024 22:18:21 [Information] Time remaining: 00:00:00 zTargetEndTime = 10:18:29
11/4/2024 22:18:21 [Information] Stepper Motor Controller Disable Z Axis controls while moving to location.
11/4/2024 22:18:21 [Information] Time remaining: 00:00:00 zTargetEndTime = 10:18:29
11/4/2024 22:18:21 [Information] Stepper Motor Controller Disable Z Axis controls while moving to location.
11/4/2024 22:18:21 [Information] Time remaining: 00:00:00 zTargetEndTime = 10:18:29
11/4/2024 22:18:21 [Information] Stepper Motor Controller Disable Z Axis controls while moving to location.
11/4/2024 22:18:21 [Information] Time remaining: 00:00:00 zTargetEndTime = 10:18:29
11/4/2024 22:18:21 [Information] Stepper Motor Controller Disable Z Axis controls while moving to location.
11/4/2024 22:18:21 [Information] Time remaining: 00:00:00 zTargetEndTime = 10:18:29
11/4/2024 22:18:21 [Information] Stepper Motor Controller Disable Z Axis controls while moving to location.
11/4/2024 22:18:21 [Information] Time remaining: 00:00:00 zTargetEndTime = 10:18:29
11/4/2024 22:18:21 [Information] Stepper Motor Controller Disable Z Axis controls while moving to location.
11/4/2024 22:18:21 [Information] Time remaining: 00:00:00 zTargetEndTime = 10:18:29
11/4/2024 22:18:21 [Information] Stepper Motor Controller Disable Z Axis controls while moving to location.
11/4/2024 22:18:21 [Information] Time remaining: 00:00:00 zTargetEndTime = 10:18:29
11/4/2024 22:18:21 [Information] Stepper Motor Controller Disable Z Axis controls while moving to location.
11/4/2024 22:18:21 [Information] Time remaining: 00:00:00 zTargetEndTime = 10:18:29
11/4/2024 22:18:21 [Information] Stepper Motor Controller Disable Z Axis controls while moving to location.
11/4/2024 22:18:21 [Information] Time remaining: 00:00:00 zTargetEndTime = 10:18:29
11/4/2024 22:18:22 [Information] Stepper Motor Controller Disable Z Axis controls while moving to location.
11/4/2024 22:18:22 [Information] Time remaining: 00:00:00 zTargetEndTime = 10:18:29
11/4/2024 22:18:22 [Information] Stepper Motor Controller Disable Z Axis controls while moving to location.
11/4/2024 22:18:22 [Information] Time remaining: 00:00:00 zTargetEndTime = 10:18:29
11/4/2024 22:18:22 [Information] Stepper Motor Controller Disable Z Axis controls while moving to location.
11/4/2024 22:18:22 [Information] Time remaining: 00:00:00 zTargetEndTime = 10:18:29
11/4/2024 22:18:22 [Information] Stepper Motor Controller Disable Z Axis controls while moving to location.
11/4/2024 22:18:22 [Information] Time remaining: 00:00:00 zTargetEndTime = 10:18:29
11/4/2024 22:18:22 [Information] Stepper Motor Controller Disable Z Axis controls while moving to location.
11/4/2024 22:18:22 [Information] Time remaining: 00:00:00 zTargetEndTime = 10:18:29
11/4/2024 22:18:22 [Information] Stepper Motor Controller Disable Z Axis controls while moving to location.
11/4/2024 22:18:22 [Information] Time remaining: 00:00:01 zTargetEndTime = 10:18:29
11/4/2024 22:18:22 [Information] Stepper Motor Controller Disable Z Axis controls while moving to location.
11/4/2024 22:18:22 [Information] Time remaining: 00:00:01 zTargetEndTime = 10:18:29
11/4/2024 22:18:22 [Information] Stepper Motor Controller Disable Z Axis controls while moving to location.
11/4/2024 22:18:22 [Information] Time remaining: 00:00:01 zTargetEndTime = 10:18:29
11/4/2024 22:18:22 [Information] Z Axis Data Received: Z Axis CW Motor Stopped
Z Axis CW Motor Current Position: 361
Z Axis CW Motor Stopped
Z Axis CW Motor Current Positio
11/4/2024 22:18:22 [Information] Updated X,Y Zero.IsChecked status to 0 and Z Zero.IsChecked status to 1.
11/4/2024 22:18:22 [Information] ZAxisRun_Click button clicked:
11/4/2024 22:18:22 [Information] Z Axis Run Event to reset Axis to zero: Z,0.00,400.00,0,0.00,400.00,0,0.00,400.00,1
11/4/2024 22:18:22 [Information] Setting Z Axis Current Location Set to Zero on DRO
11/4/2024 22:18:22 [Information] Z Axis Data Received: n: 361
Z Axis CW Motor Stopped
Z Axis CW Motor Current Position: 361
Z Axis CW Motor Stopped
Z Axis CW Motor Current
11/4/2024 22:18:22 [Information] ZAxisRun_Click button clicked:
11/4/2024 22:18:22 [Information] Z Axis Run Event to reset Axis to zero: Z,0.00,400.00,0,0.00,400.00,0,0.00,400.00,1
11/4/2024 22:18:22 [Information] Setting Z Axis Current Location Set to Zero on DRO
11/4/2024 22:18:22 [Information] Z Axis Data Received:  Position: 361

11/4/2024 22:18:23 [Information] Updated X,Y,Z Zero.IsChecked status to 0.
11/4/2024 22:18:23 [Information] Z Axis Current Location Set to Zero
11/4/2024 22:18:23 [Information] Z Axis Current Location Set to Zero
11/4/2024 22:18:39 [Information] Z Axis CW Motor Current Position: 7.22
11/4/2024 22:18:50 [Information] Z Axis mouse controlled Keypad returned: 64.00
11/4/2024 22:18:52 [Information] ZAxisRun_Click button clicked:
11/4/2024 22:18:52 [Information] Z Axis MotorMovementSeconds decimal: (64.00 / 4) / 2 = 8.00
11/4/2024 22:18:52 [Information] Z Axis myMovementTimer int: 1000 * 8.00 = 8000
11/4/2024 22:18:53 [Information] Z Axis Run Event: Z,0.00,400.00,0,0.00,400.00,0,71.22,400.00,0
11/4/2024 22:18:53 [Information] Z Axis Current Time: 10:18:53 + 8000 = zTargetEndTime: 10:19:01
11/4/2024 22:18:53 [Information] Stepper Motor Controller Disable Z Axis controls while moving to location.
11/4/2024 22:18:53 [Information] Time remaining: 00:00:01 zTargetEndTime = 10:19:01
11/4/2024 22:18:53 [Information] Stepper Motor Controller Disable Z Axis controls while moving to location.
11/4/2024 22:18:53 [Information] Time remaining: 00:00:01 zTargetEndTime = 10:19:01
11/4/2024 22:18:53 [Information] Stepper Motor Controller Disable Z Axis controls while moving to location.
11/4/2024 22:18:53 [Information] Time remaining: 00:00:01 zTargetEndTime = 10:19:01
11/4/2024 22:18:53 [Information] Stepper Motor Controller Disable Z Axis controls while moving to location.
11/4/2024 22:18:53 [Information] Time remaining: 00:00:01 zTargetEndTime = 10:19:01
11/4/2024 22:18:53 [Information] Stepper Motor Controller Disable Z Axis controls while moving to location.
11/4/2024 22:18:53 [Information] Time remaining: 00:00:01 zTargetEndTime = 10:19:01
11/4/2024 22:18:54 [Information] Stepper Motor Controller Disable Z Axis controls while moving to location.
11/4/2024 22:18:54 [Information] Time remaining: 00:00:01 zTargetEndTime = 10:19:01
11/4/2024 22:18:54 [Information] Stepper Motor Controller Disable Z Axis controls while moving to location.
11/4/2024 22:18:54 [Information] Time remaining: 00:00:01 zTargetEndTime = 10:19:01
11/4/2024 22:18:54 [Information] Stepper Motor Controller Disable Z Axis controls while moving to location.
11/4/2024 22:18:54 [Information] Time remaining: 00:00:01 zTargetEndTime = 10:19:01
11/4/2024 22:18:54 [Information] Stepper Motor Controller Disable Z Axis controls while moving to location.
11/4/2024 22:18:54 [Information] Time remaining: 00:00:01 zTargetEndTime = 10:19:01
11/4/2024 22:18:54 [Information] Stepper Motor Controller Disable Z Axis controls while moving to location.
11/4/2024 22:18:54 [Information] Time remaining: 00:00:01 zTargetEndTime = 10:19:01
11/4/2024 22:18:54 [Information] Stepper Motor Controller Disable Z Axis controls while moving to location.
11/4/2024 22:18:54 [Information] Time remaining: 00:00:01 zTargetEndTime = 10:19:01
11/4/2024 22:18:54 [Information] Stepper Motor Controller Disable Z Axis controls while moving to location.
11/4/2024 22:18:54 [Information] Time remaining: 00:00:01 zTargetEndTime = 10:19:01
11/4/2024 22:18:54 [Information] Stepper Motor Controller Disable Z Axis controls while moving to location.
11/4/2024 22:18:54 [Information] Time remaining: 00:00:01 zTargetEndTime = 10:19:01
11/4/2024 22:18:54 [Information] Stepper Motor Controller Disable Z Axis controls while moving to location.
11/4/2024 22:18:54 [Information] Time remaining: 00:00:01 zTargetEndTime = 10:19:01
11/4/2024 22:18:54 [Information] Stepper Motor Controller Disable Z Axis controls while moving to location.
11/4/2024 22:18:54 [Information] Time remaining: 00:00:01 zTargetEndTime = 10:19:01
11/4/2024 22:18:54 [Information] Stepper Motor Controller Disable Z Axis controls while moving to location.
11/4/2024 22:18:54 [Information] Time remaining: 00:00:01 zTargetEndTime = 10:19:01
11/4/2024 22:18:54 [Information] Stepper Motor Controller Disable Z Axis controls while moving to location.
11/4/2024 22:18:54 [Information] Time remaining: 00:00:01 zTargetEndTime = 10:19:01
11/4/2024 22:18:54 [Information] Stepper Motor Controller Disable Z Axis controls while moving to location.
11/4/2024 22:18:54 [Information] Time remaining: 00:00:01 zTargetEndTime = 10:19:01
11/4/2024 22:18:54 [Information] Stepper Motor Controller Disable Z Axis controls while moving to location.
11/4/2024 22:18:54 [Information] Time remaining: 00:00:01 zTargetEndTime = 10:19:01
11/4/2024 22:18:54 [Information] Stepper Motor Controller Disable Z Axis controls while moving to location.
11/4/2024 22:18:54 [Information] Time remaining: 00:00:01 zTargetEndTime = 10:19:01
11/4/2024 22:18:54 [Information] Stepper Motor Controller Disable Z Axis controls while moving to location.
11/4/2024 22:18:54 [Information] Time remaining: 00:00:01 zTargetEndTime = 10:19:01
11/4/2024 22:18:54 [Information] Stepper Motor Controller Disable Z Axis controls while moving to location.
11/4/2024 22:18:54 [Information] Time remaining: 00:00:01 zTargetEndTime = 10:19:01
11/4/2024 22:18:54 [Information] Stepper Motor Controller Disable Z Axis controls while moving to location.
11/4/2024 22:18:54 [Information] Time remaining: 00:00:01 zTargetEndTime = 10:19:01
11/4/2024 22:18:54 [Information] Stepper Motor Controller Disable Z Axis controls while moving to location.
11/4/2024 22:18:54 [Information] Time remaining: 00:00:01 zTargetEndTime = 10:19:01
11/4/2024 22:18:54 [Information] Stepper Motor Controller Disable Z Axis controls while moving to location.
11/4/2024 22:18:54 [Information] Time remaining: 00:00:01 zTargetEndTime = 10:19:01
11/4/2024 22:18:54 [Information] Stepper Motor Controller Disable Z Axis controls while moving to location.
11/4/2024 22:18:54 [Information] Time remaining: 00:00:01 zTargetEndTime = 10:19:01
11/4/2024 22:18:54 [Information] Stepper Motor Controller Disable Z Axis controls while moving to location.
11/4/2024 22:18:54 [Information] Time remaining: 00:00:01 zTargetEndTime = 10:19:01
11/4/2024 22:18:54 [Information] Stepper Motor Controller Disable Z Axis controls while moving to location.
11/4/2024 22:18:54 [Information] Time remaining: 00:00:01 zTargetEndTime = 10:19:01
11/4/2024 22:18:54 [Information] Stepper Motor Controller Disable Z Axis controls while moving to location.
11/4/2024 22:18:54 [Information] Time remaining: 00:00:01 zTargetEndTime = 10:19:01
11/4/2024 22:18:54 [Information] Stepper Motor Controller Disable Z Axis controls while moving to location.
11/4/2024 22:18:54 [Information] Time remaining: 00:00:01 zTargetEndTime = 10:19:01
11/4/2024 22:18:54 [Information] Stepper Motor Controller Disable Z Axis controls while moving to location.
11/4/2024 22:18:54 [Information] Time remaining: 00:00:01 zTargetEndTime = 10:19:01
11/4/2024 22:18:54 [Information] Stepper Motor Controller Disable Z Axis controls while moving to location.
11/4/2024 22:18:54 [Information] Time remaining: 00:00:01 zTargetEndTime = 10:19:01
11/4/2024 22:18:54 [Information] Stepper Motor Controller Disable Z Axis controls while moving to location.
11/4/2024 22:18:54 [Information] Time remaining: 00:00:01 zTargetEndTime = 10:19:01
11/4/2024 22:18:54 [Information] Z Axis Data Received: Z Axis CW Motor Stopped
Z Axis CW Motor Current Position: 183
Z Axis CW Motor Stopped
Z Axis CW Motor Current Positio
11/4/2024 22:18:54 [Information] Updated X,Y Zero.IsChecked status to 0 and Z Zero.IsChecked status to 1.
11/4/2024 22:18:54 [Information] ZAxisRun_Click button clicked:
11/4/2024 22:18:54 [Information] Z Axis Run Event to reset Axis to zero: Z,0.00,400.00,0,0.00,400.00,0,0.00,400.00,1
11/4/2024 22:18:54 [Information] Setting Z Axis Current Location Set to Zero on DRO
11/4/2024 22:18:54 [Information] Z Axis Data Received: n: 183
Z Axis CW Motor Stopped
Z Axis CW Motor Current Position: 183
Z Axis CW Motor Stopped
Z Axis CW Motor Current
11/4/2024 22:18:54 [Information] ZAxisRun_Click button clicked:
11/4/2024 22:18:54 [Information] Z Axis Run Event to reset Axis to zero: Z,0.00,400.00,0,0.00,400.00,0,0.00,400.00,1
11/4/2024 22:18:54 [Information] Setting Z Axis Current Location Set to Zero on DRO
11/4/2024 22:18:54 [Information] Z Axis Data Received:  Position: 183
Z Axis CW Motor Stopped
Z Axis CW Motor Current Position: 183

11/4/2024 22:18:54 [Information] ZAxisRun_Click button clicked:
11/4/2024 22:18:54 [Information] Z Axis Run Event to reset Axis to zero: Z,0.00,400.00,0,0.00,400.00,0,0.00,400.00,1
11/4/2024 22:18:54 [Information] Setting Z Axis Current Location Set to Zero on DRO
11/4/2024 22:18:55 [Information] Updated X,Y,Z Zero.IsChecked status to 0.
11/4/2024 22:18:55 [Information] Z Axis Current Location Set to Zero
11/4/2024 22:18:55 [Information] Z Axis Current Location Set to Zero
11/4/2024 22:18:55 [Information] Z Axis Current Location Set to Zero
11/4/2024 22:19:10 [Information] Z Axis CW Motor Current Position: 10.88
11/4/2024 22:19:33 [Information] Z Axis mouse controlled Keypad returned: 64.00
11/4/2024 22:19:37 [Information] ZAxisRun_Click button clicked:
11/4/2024 22:19:37 [Information] Z Axis MotorMovementSeconds decimal: (64.00 / 4) / 2 = 8.00
11/4/2024 22:19:37 [Information] Z Axis myMovementTimer int: 1000 * 8.00 = 8000
11/4/2024 22:19:38 [Information] Z Axis Run Event: Z,0.00,400.00,0,0.00,400.00,0,74.88,400.00,0
11/4/2024 22:19:38 [Information] Z Axis Current Time: 10:19:38 + 8000 = zTargetEndTime: 10:19:46
11/4/2024 22:19:38 [Information] Stepper Motor Controller Disable Z Axis controls while moving to location.
11/4/2024 22:19:38 [Information] Time remaining: 00:00:01 zTargetEndTime = 10:19:46
11/4/2024 22:19:38 [Information] Stepper Motor Controller Disable Z Axis controls while moving to location.
11/4/2024 22:19:38 [Information] Time remaining: 00:00:01 zTargetEndTime = 10:19:46
11/4/2024 22:19:38 [Information] Stepper Motor Controller Disable Z Axis controls while moving to location.
11/4/2024 22:19:38 [Information] Time remaining: 00:00:01 zTargetEndTime = 10:19:46
11/4/2024 22:19:38 [Information] Stepper Motor Controller Disable Z Axis controls while moving to location.
11/4/2024 22:19:38 [Information] Time remaining: 00:00:01 zTargetEndTime = 10:19:46
11/4/2024 22:19:38 [Information] Stepper Motor Controller Disable Z Axis controls while moving to location.
11/4/2024 22:19:38 [Information] Time remaining: 00:00:01 zTargetEndTime = 10:19:46
11/4/2024 22:19:38 [Information] Stepper Motor Controller Disable Z Axis controls while moving to location.
11/4/2024 22:19:38 [Information] Time remaining: 00:00:01 zTargetEndTime = 10:19:46
11/4/2024 22:19:38 [Information] Stepper Motor Controller Disable Z Axis controls while moving to location.
11/4/2024 22:19:38 [Information] Time remaining: 00:00:01 zTargetEndTime = 10:19:46
11/4/2024 22:19:38 [Information] Stepper Motor Controller Disable Z Axis controls while moving to location.
11/4/2024 22:19:38 [Information] Time remaining: 00:00:01 zTargetEndTime = 10:19:46
11/4/2024 22:19:38 [Information] Stepper Motor Controller Disable Z Axis controls while moving to location.
11/4/2024 22:19:38 [Information] Time remaining: 00:00:01 zTargetEndTime = 10:19:46
11/4/2024 22:19:38 [Information] Stepper Motor Controller Disable Z Axis controls while moving to location.
11/4/2024 22:19:38 [Information] Time remaining: 00:00:02 zTargetEndTime = 10:19:46
11/4/2024 22:19:38 [Information] Stepper Motor Controller Disable Z Axis controls while moving to location.
11/4/2024 22:19:38 [Information] Time remaining: 00:00:02 zTargetEndTime = 10:19:46
11/4/2024 22:19:38 [Information] Stepper Motor Controller Disable Z Axis controls while moving to location.
11/4/2024 22:19:38 [Information] Time remaining: 00:00:02 zTargetEndTime = 10:19:46
11/4/2024 22:19:38 [Information] Stepper Motor Controller Disable Z Axis controls while moving to location.
11/4/2024 22:19:38 [Information] Time remaining: 00:00:02 zTargetEndTime = 10:19:46
11/4/2024 22:19:38 [Information] Stepper Motor Controller Disable Z Axis controls while moving to location.
11/4/2024 22:19:38 [Information] Time remaining: 00:00:02 zTargetEndTime = 10:19:46
11/4/2024 22:19:38 [Information] Stepper Motor Controller Disable Z Axis controls while moving to location.
11/4/2024 22:19:38 [Information] Time remaining: 00:00:02 zTargetEndTime = 10:19:46
11/4/2024 22:19:38 [Information] Stepper Motor Controller Disable Z Axis controls while moving to location.
11/4/2024 22:19:38 [Information] Time remaining: 00:00:02 zTargetEndTime = 10:19:46
11/4/2024 22:19:38 [Information] Stepper Motor Controller Disable Z Axis controls while moving to location.
11/4/2024 22:19:38 [Information] Time remaining: 00:00:02 zTargetEndTime = 10:19:46
11/4/2024 22:19:38 [Information] Stepper Motor Controller Disable Z Axis controls while moving to location.
11/4/2024 22:19:38 [Information] Time remaining: 00:00:02 zTargetEndTime = 10:19:46
11/4/2024 22:19:38 [Information] Stepper Motor Controller Disable Z Axis controls while moving to location.
11/4/2024 22:19:38 [Information] Time remaining: 00:00:02 zTargetEndTime = 10:19:46
11/4/2024 22:19:38 [Information] Stepper Motor Controller Disable Z Axis controls while moving to location.
11/4/2024 22:19:38 [Information] Time remaining: 00:00:02 zTargetEndTime = 10:19:46
11/4/2024 22:19:38 [Information] Stepper Motor Controller Disable Z Axis controls while moving to location.
11/4/2024 22:19:38 [Information] Time remaining: 00:00:02 zTargetEndTime = 10:19:46
11/4/2024 22:19:38 [Information] Stepper Motor Controller Disable Z Axis controls while moving to location.
11/4/2024 22:19:38 [Information] Time remaining: 00:00:02 zTargetEndTime = 10:19:46
11/4/2024 22:19:38 [Information] Stepper Motor Controller Disable Z Axis controls while moving to location.
11/4/2024 22:19:38 [Information] Time remaining: 00:00:02 zTargetEndTime = 10:19:46
11/4/2024 22:19:38 [Information] Stepper Motor Controller Disable Z Axis controls while moving to location.
11/4/2024 22:19:38 [Information] Time remaining: 00:00:02 zTargetEndTime = 10:19:46
11/4/2024 22:19:38 [Information] Stepper Motor Controller Disable Z Axis controls while moving to location.
11/4/2024 22:19:38 [Information] Time remaining: 00:00:02 zTargetEndTime = 10:19:46
11/4/2024 22:19:38 [Information] Stepper Motor Controller Disable Z Axis controls while moving to location.
11/4/2024 22:19:38 [Information] Time remaining: 00:00:02 zTargetEndTime = 10:19:46
11/4/2024 22:19:38 [Information] Stepper Motor Controller Disable Z Axis controls while moving to location.
11/4/2024 22:19:38 [Information] Time remaining: 00:00:02 zTargetEndTime = 10:19:46
11/4/2024 22:19:38 [Information] Stepper Motor Controller Disable Z Axis controls while moving to location.
11/4/2024 22:19:38 [Information] Time remaining: 00:00:02 zTargetEndTime = 10:19:46
11/4/2024 22:19:38 [Information] Stepper Motor Controller Disable Z Axis controls while moving to location.
11/4/2024 22:19:38 [Information] Time remaining: 00:00:02 zTargetEndTime = 10:19:46
11/4/2024 22:19:38 [Information] Stepper Motor Controller Disable Z Axis controls while moving to location.
11/4/2024 22:19:38 [Information] Time remaining: 00:00:02 zTargetEndTime = 10:19:46
11/4/2024 22:19:38 [Information] Stepper Motor Controller Disable Z Axis controls while moving to location.
11/4/2024 22:19:38 [Information] Time remaining: 00:00:02 zTargetEndTime = 10:19:46
11/4/2024 22:19:38 [Information] Stepper Motor Controller Disable Z Axis controls while moving to location.
11/4/2024 22:19:38 [Information] Time remaining: 00:00:02 zTargetEndTime = 10:19:46
11/4/2024 22:19:38 [Information] Stepper Motor Controller Disable Z Axis controls while moving to location.
11/4/2024 22:19:38 [Information] Time remaining: 00:00:02 zTargetEndTime = 10:19:46
11/4/2024 22:19:38 [Information] Stepper Motor Controller Disable Z Axis controls while moving to location.
11/4/2024 22:19:38 [Information] Time remaining: 00:00:02 zTargetEndTime = 10:19:46
11/4/2024 22:19:38 [Information] Stepper Motor Controller Disable Z Axis controls while moving to location.
11/4/2024 22:19:38 [Information] Time remaining: 00:00:02 zTargetEndTime = 10:19:46
11/4/2024 22:19:38 [Information] Stepper Motor Controller Disable Z Axis controls while moving to location.
11/4/2024 22:19:38 [Information] Time remaining: 00:00:02 zTargetEndTime = 10:19:46
11/4/2024 22:19:38 [Information] Stepper Motor Controller Disable Z Axis controls while moving to location.
11/4/2024 22:19:38 [Information] Time remaining: 00:00:02 zTargetEndTime = 10:19:46
11/4/2024 22:19:38 [Information] Stepper Motor Controller Disable Z Axis controls while moving to location.
11/4/2024 22:19:38 [Information] Time remaining: 00:00:02 zTargetEndTime = 10:19:46
11/4/2024 22:19:38 [Information] Stepper Motor Controller Disable Z Axis controls while moving to location.
11/4/2024 22:19:38 [Information] Time remaining: 00:00:02 zTargetEndTime = 10:19:46
11/4/2024 22:19:38 [Information] Stepper Motor Controller Disable Z Axis controls while moving to location.
11/4/2024 22:19:38 [Information] Time remaining: 00:00:02 zTargetEndTime = 10:19:46
11/4/2024 22:19:38 [Information] Stepper Motor Controller Disable Z Axis controls while moving to location.
11/4/2024 22:19:38 [Information] Time remaining: 00:00:02 zTargetEndTime = 10:19:46
11/4/2024 22:19:38 [Information] Stepper Motor Controller Disable Z Axis controls while moving to location.
11/4/2024 22:19:38 [Information] Time remaining: 00:00:02 zTargetEndTime = 10:19:46
11/4/2024 22:19:38 [Information] Stepper Motor Controller Disable Z Axis controls while moving to location.
11/4/2024 22:19:38 [Information] Time remaining: 00:00:02 zTargetEndTime = 10:19:46
11/4/2024 22:19:38 [Information] Stepper Motor Controller Disable Z Axis controls while moving to location.
11/4/2024 22:19:38 [Information] Time remaining: 00:00:02 zTargetEndTime = 10:19:46
11/4/2024 22:19:38 [Information] Stepper Motor Controller Disable Z Axis controls while moving to location.
11/4/2024 22:19:38 [Information] Time remaining: 00:00:02 zTargetEndTime = 10:19:46
11/4/2024 22:19:38 [Information] Stepper Motor Controller Disable Z Axis controls while moving to location.
11/4/2024 22:19:38 [Information] Time remaining: 00:00:02 zTargetEndTime = 10:19:46
11/4/2024 22:19:38 [Information] Stepper Motor Controller Disable Z Axis controls while moving to location.
11/4/2024 22:19:38 [Information] Time remaining: 00:00:02 zTargetEndTime = 10:19:46
11/4/2024 22:19:38 [Information] Stepper Motor Controller Disable Z Axis controls while moving to location.
11/4/2024 22:19:38 [Information] Time remaining: 00:00:02 zTargetEndTime = 10:19:46
11/4/2024 22:19:38 [Information] Stepper Motor Controller Disable Z Axis controls while moving to location.
11/4/2024 22:19:38 [Information] Time remaining: 00:00:02 zTargetEndTime = 10:19:46
11/4/2024 22:19:39 [Information] Stepper Motor Controller Disable Z Axis controls while moving to location.
11/4/2024 22:19:39 [Information] Time remaining: 00:00:02 zTargetEndTime = 10:19:46
11/4/2024 22:19:39 [Information] Stepper Motor Controller Disable Z Axis controls while moving to location.
11/4/2024 22:19:39 [Information] Time remaining: 00:00:02 zTargetEndTime = 10:19:46
11/4/2024 22:19:39 [Information] Stepper Motor Controller Disable Z Axis controls while moving to location.
11/4/2024 22:19:39 [Information] Time remaining: 00:00:02 zTargetEndTime = 10:19:46
11/4/2024 22:19:39 [Information] Stepper Motor Controller Disable Z Axis controls while moving to location.
11/4/2024 22:19:39 [Information] Time remaining: 00:00:02 zTargetEndTime = 10:19:46
11/4/2024 22:19:39 [Information] Stepper Motor Controller Disable Z Axis controls while moving to location.
11/4/2024 22:19:39 [Information] Time remaining: 00:00:02 zTargetEndTime = 10:19:46
11/4/2024 22:19:39 [Information] Stepper Motor Controller Disable Z Axis controls while moving to location.
11/4/2024 22:19:39 [Information] Time remaining: 00:00:02 zTargetEndTime = 10:19:46
11/4/2024 22:19:39 [Information] Stepper Motor Controller Disable Z Axis controls while moving to location.
11/4/2024 22:19:39 [Information] Time remaining: 00:00:02 zTargetEndTime = 10:19:46
11/4/2024 22:19:39 [Information] Stepper Motor Controller Disable Z Axis controls while moving to location.
11/4/2024 22:19:39 [Information] Time remaining: 00:00:02 zTargetEndTime = 10:19:46
11/4/2024 22:19:39 [Information] Stepper Motor Controller Disable Z Axis controls while moving to location.
11/4/2024 22:19:39 [Information] Time remaining: 00:00:02 zTargetEndTime = 10:19:46
11/4/2024 22:19:39 [Information] Stepper Motor Controller Disable Z Axis controls while moving to location.
11/4/2024 22:19:39 [Information] Time remaining: 00:00:02 zTargetEndTime = 10:19:46
11/4/2024 22:19:39 [Information] Stepper Motor Controller Disable Z Axis controls while moving to location.
11/4/2024 22:19:39 [Information] Time remaining: 00:00:02 zTargetEndTime = 10:19:46
11/4/2024 22:19:39 [Information] Stepper Motor Controller Disable Z Axis controls while moving to location.
11/4/2024 22:19:39 [Information] Time remaining: 00:00:02 zTargetEndTime = 10:19:46
11/4/2024 22:19:39 [Information] Stepper Motor Controller Disable Z Axis controls while moving to location.
11/4/2024 22:19:39 [Information] Time remaining: 00:00:02 zTargetEndTime = 10:19:46
11/4/2024 22:19:39 [Information] Stepper Motor Controller Disable Z Axis controls while moving to location.
11/4/2024 22:19:39 [Information] Time remaining: 00:00:02 zTargetEndTime = 10:19:46
11/4/2024 22:19:39 [Information] Stepper Motor Controller Disable Z Axis controls while moving to location.
11/4/2024 22:19:39 [Information] Time remaining: 00:00:02 zTargetEndTime = 10:19:46
11/4/2024 22:19:39 [Information] Stepper Motor Controller Disable Z Axis controls while moving to location.
11/4/2024 22:19:39 [Information] Time remaining: 00:00:02 zTargetEndTime = 10:19:46
11/4/2024 22:19:39 [Information] Stepper Motor Controller Disable Z Axis controls while moving to location.
11/4/2024 22:19:39 [Information] Time remaining: 00:00:02 zTargetEndTime = 10:19:46
11/4/2024 22:19:39 [Information] Stepper Motor Controller Disable Z Axis controls while moving to location.
11/4/2024 22:19:39 [Information] Time remaining: 00:00:03 zTargetEndTime = 10:19:46
11/4/2024 22:19:39 [Information] Stepper Motor Controller Disable Z Axis controls while moving to location.
11/4/2024 22:19:39 [Information] Time remaining: 00:00:03 zTargetEndTime = 10:19:46
11/4/2024 22:19:39 [Information] Stepper Motor Controller Disable Z Axis controls while moving to location.
11/4/2024 22:19:39 [Information] Time remaining: 00:00:03 zTargetEndTime = 10:19:46
11/4/2024 22:19:39 [Information] Stepper Motor Controller Disable Z Axis controls while moving to location.
11/4/2024 22:19:39 [Information] Time remaining: 00:00:03 zTargetEndTime = 10:19:46
11/4/2024 22:19:39 [Information] Stepper Motor Controller Disable Z Axis controls while moving to location.
11/4/2024 22:19:39 [Information] Time remaining: 00:00:03 zTargetEndTime = 10:19:46
11/4/2024 22:19:39 [Information] Stepper Motor Controller Disable Z Axis controls while moving to location.
11/4/2024 22:19:39 [Information] Time remaining: 00:00:03 zTargetEndTime = 10:19:46
11/4/2024 22:19:39 [Information] Stepper Motor Controller Disable Z Axis controls while moving to location.
11/4/2024 22:19:39 [Information] Time remaining: 00:00:03 zTargetEndTime = 10:19:46
11/4/2024 22:19:39 [Information] Stepper Motor Controller Disable Z Axis controls while moving to location.
11/4/2024 22:19:39 [Information] Time remaining: 00:00:03 zTargetEndTime = 10:19:46
11/4/2024 22:19:39 [Information] Stepper Motor Controller Disable Z Axis controls while moving to location.
11/4/2024 22:19:39 [Information] Time remaining: 00:00:03 zTargetEndTime = 10:19:46
11/4/2024 22:19:39 [Information] Stepper Motor Controller Disable Z Axis controls while moving to location.
11/4/2024 22:19:39 [Information] Time remaining: 00:00:03 zTargetEndTime = 10:19:46
11/4/2024 22:19:39 [Information] Stepper Motor Controller Disable Z Axis controls while moving to location.
11/4/2024 22:19:39 [Information] Time remaining: 00:00:03 zTargetEndTime = 10:19:46
11/4/2024 22:19:39 [Information] Stepper Motor Controller Disable Z Axis controls while moving to location.
11/4/2024 22:19:39 [Information] Time remaining: 00:00:03 zTargetEndTime = 10:19:46
11/4/2024 22:19:39 [Information] Stepper Motor Controller Disable Z Axis controls while moving to location.
11/4/2024 22:19:39 [Information] Time remaining: 00:00:03 zTargetEndTime = 10:19:46
11/4/2024 22:19:39 [Information] Stepper Motor Controller Disable Z Axis controls while moving to location.
11/4/2024 22:19:39 [Information] Time remaining: 00:00:03 zTargetEndTime = 10:19:46
11/4/2024 22:19:39 [Information] Stepper Motor Controller Disable Z Axis controls while moving to location.
11/4/2024 22:19:39 [Information] Time remaining: 00:00:03 zTargetEndTime = 10:19:46
11/4/2024 22:19:39 [Information] Stepper Motor Controller Disable Z Axis controls while moving to location.
11/4/2024 22:19:39 [Information] Time remaining: 00:00:03 zTargetEndTime = 10:19:46
11/4/2024 22:19:39 [Information] Stepper Motor Controller Disable Z Axis controls while moving to location.
11/4/2024 22:19:39 [Information] Time remaining: 00:00:03 zTargetEndTime = 10:19:46
11/4/2024 22:19:39 [Information] Stepper Motor Controller Disable Z Axis controls while moving to location.
11/4/2024 22:19:39 [Information] Time remaining: 00:00:03 zTargetEndTime = 10:19:46
11/4/2024 22:19:39 [Information] Stepper Motor Controller Disable Z Axis controls while moving to location.
11/4/2024 22:19:39 [Information] Time remaining: 00:00:03 zTargetEndTime = 10:19:46
11/4/2024 22:19:39 [Information] Stepper Motor Controller Disable Z Axis controls while moving to location.
11/4/2024 22:19:39 [Information] Time remaining: 00:00:03 zTargetEndTime = 10:19:46
11/4/2024 22:19:39 [Information] Stepper Motor Controller Disable Z Axis controls while moving to location.
11/4/2024 22:19:39 [Information] Time remaining: 00:00:03 zTargetEndTime = 10:19:46
11/4/2024 22:19:39 [Information] Stepper Motor Controller Disable Z Axis controls while moving to location.
11/4/2024 22:19:39 [Information] Time remaining: 00:00:03 zTargetEndTime = 10:19:46
11/4/2024 22:19:39 [Information] Stepper Motor Controller Disable Z Axis controls while moving to location.
11/4/2024 22:19:39 [Information] Time remaining: 00:00:03 zTargetEndTime = 10:19:46
11/4/2024 22:19:39 [Information] Stepper Motor Controller Disable Z Axis controls while moving to location.
11/4/2024 22:19:39 [Information] Time remaining: 00:00:03 zTargetEndTime = 10:19:46
11/4/2024 22:19:39 [Information] Stepper Motor Controller Disable Z Axis controls while moving to location.
11/4/2024 22:19:39 [Information] Time remaining: 00:00:03 zTargetEndTime = 10:19:46
11/4/2024 22:19:39 [Information] Stepper Motor Controller Disable Z Axis controls while moving to location.
11/4/2024 22:19:39 [Information] Time remaining: 00:00:03 zTargetEndTime = 10:19:46
11/4/2024 22:19:39 [Information] Stepper Motor Controller Disable Z Axis controls while moving to location.
11/4/2024 22:19:39 [Information] Time remaining: 00:00:03 zTargetEndTime = 10:19:46
11/4/2024 22:19:39 [Information] Stepper Motor Controller Disable Z Axis controls while moving to location.
11/4/2024 22:19:39 [Information] Time remaining: 00:00:03 zTargetEndTime = 10:19:46
11/4/2024 22:19:39 [Information] Stepper Motor Controller Disable Z Axis controls while moving to location.
11/4/2024 22:19:39 [Information] Time remaining: 00:00:03 zTargetEndTime = 10:19:46
11/4/2024 22:19:39 [Information] Stepper Motor Controller Disable Z Axis controls while moving to location.
11/4/2024 22:19:39 [Information] Time remaining: 00:00:03 zTargetEndTime = 10:19:46
11/4/2024 22:19:39 [Information] Stepper Motor Controller Disable Z Axis controls while moving to location.
11/4/2024 22:19:39 [Information] Time remaining: 00:00:03 zTargetEndTime = 10:19:46
11/4/2024 22:19:39 [Information] Stepper Motor Controller Disable Z Axis controls while moving to location.
11/4/2024 22:19:39 [Information] Time remaining: 00:00:03 zTargetEndTime = 10:19:46
11/4/2024 22:19:39 [Information] Stepper Motor Controller Disable Z Axis controls while moving to location.
11/4/2024 22:19:39 [Information] Time remaining: 00:00:03 zTargetEndTime = 10:19:46
11/4/2024 22:19:39 [Information] Stepper Motor Controller Disable Z Axis controls while moving to location.
11/4/2024 22:19:39 [Information] Time remaining: 00:00:03 zTargetEndTime = 10:19:46
11/4/2024 22:19:39 [Information] Stepper Motor Controller Disable Z Axis controls while moving to location.
11/4/2024 22:19:39 [Information] Time remaining: 00:00:03 zTargetEndTime = 10:19:46
11/4/2024 22:19:39 [Information] Stepper Motor Controller Disable Z Axis controls while moving to location.
11/4/2024 22:19:39 [Information] Time remaining: 00:00:03 zTargetEndTime = 10:19:46
11/4/2024 22:19:39 [Information] Stepper Motor Controller Disable Z Axis controls while moving to location.
11/4/2024 22:19:39 [Information] Time remaining: 00:00:03 zTargetEndTime = 10:19:46
11/4/2024 22:19:40 [Information] Stepper Motor Controller Disable Z Axis controls while moving to location.
11/4/2024 22:19:40 [Information] Time remaining: 00:00:03 zTargetEndTime = 10:19:46
11/4/2024 22:19:40 [Information] Stepper Motor Controller Disable Z Axis controls while moving to location.
11/4/2024 22:19:40 [Information] Time remaining: 00:00:03 zTargetEndTime = 10:19:46
11/4/2024 22:19:40 [Information] Stepper Motor Controller Disable Z Axis controls while moving to location.
11/4/2024 22:19:40 [Information] Time remaining: 00:00:03 zTargetEndTime = 10:19:46
11/4/2024 22:19:40 [Information] Stepper Motor Controller Disable Z Axis controls while moving to location.
11/4/2024 22:19:40 [Information] Time remaining: 00:00:03 zTargetEndTime = 10:19:46
11/4/2024 22:19:40 [Information] Stepper Motor Controller Disable Z Axis controls while moving to location.
11/4/2024 22:19:40 [Information] Time remaining: 00:00:03 zTargetEndTime = 10:19:46
11/4/2024 22:19:40 [Information] Stepper Motor Controller Disable Z Axis controls while moving to location.
11/4/2024 22:19:40 [Information] Time remaining: 00:00:03 zTargetEndTime = 10:19:46
11/4/2024 22:19:40 [Information] Stepper Motor Controller Disable Z Axis controls while moving to location.
11/4/2024 22:19:40 [Information] Time remaining: 00:00:03 zTargetEndTime = 10:19:46
11/4/2024 22:19:40 [Information] Stepper Motor Controller Disable Z Axis controls while moving to location.
11/4/2024 22:19:40 [Information] Time remaining: 00:00:03 zTargetEndTime = 10:19:46
11/4/2024 22:19:40 [Information] Stepper Motor Controller Disable Z Axis controls while moving to location.
11/4/2024 22:19:40 [Information] Time remaining: 00:00:03 zTargetEndTime = 10:19:46
11/4/2024 22:19:40 [Information] Stepper Motor Controller Disable Z Axis controls while moving to location.
11/4/2024 22:19:40 [Information] Time remaining: 00:00:03 zTargetEndTime = 10:19:46
11/4/2024 22:19:40 [Information] Stepper Motor Controller Disable Z Axis controls while moving to location.
11/4/2024 22:19:40 [Information] Time remaining: 00:00:03 zTargetEndTime = 10:19:46
11/4/2024 22:19:40 [Information] Stepper Motor Controller Disable Z Axis controls while moving to location.
11/4/2024 22:19:40 [Information] Time remaining: 00:00:03 zTargetEndTime = 10:19:46
11/4/2024 22:19:40 [Information] Stepper Motor Controller Disable Z Axis controls while moving to location.
11/4/2024 22:19:40 [Information] Time remaining: 00:00:03 zTargetEndTime = 10:19:46
11/4/2024 22:19:40 [Information] Stepper Motor Controller Disable Z Axis controls while moving to location.
11/4/2024 22:19:40 [Information] Time remaining: 00:00:03 zTargetEndTime = 10:19:46
11/4/2024 22:19:40 [Information] Stepper Motor Controller Disable Z Axis controls while moving to location.
11/4/2024 22:19:40 [Information] Time remaining: 00:00:03 zTargetEndTime = 10:19:46
11/4/2024 22:19:40 [Information] Stepper Motor Controller Disable Z Axis controls while moving to location.
11/4/2024 22:19:40 [Information] Time remaining: 00:00:03 zTargetEndTime = 10:19:46
11/4/2024 22:19:40 [Information] Stepper Motor Controller Disable Z Axis controls while moving to location.
11/4/2024 22:19:40 [Information] Time remaining: 00:00:03 zTargetEndTime = 10:19:46
11/4/2024 22:19:40 [Information] Stepper Motor Controller Disable Z Axis controls while moving to location.
11/4/2024 22:19:40 [Information] Time remaining: 00:00:03 zTargetEndTime = 10:19:46
11/4/2024 22:19:40 [Information] Stepper Motor Controller Disable Z Axis controls while moving to location.
11/4/2024 22:19:40 [Information] Time remaining: 00:00:03 zTargetEndTime = 10:19:46
11/4/2024 22:19:40 [Information] Stepper Motor Controller Disable Z Axis controls while moving to location.
11/4/2024 22:19:40 [Information] Time remaining: 00:00:03 zTargetEndTime = 10:19:46
11/4/2024 22:19:40 [Information] Stepper Motor Controller Disable Z Axis controls while moving to location.
11/4/2024 22:19:40 [Information] Time remaining: 00:00:03 zTargetEndTime = 10:19:46
11/4/2024 22:19:40 [Information] Stepper Motor Controller Disable Z Axis controls while moving to location.
11/4/2024 22:19:40 [Information] Time remaining: 00:00:03 zTargetEndTime = 10:19:46
11/4/2024 22:19:40 [Information] Stepper Motor Controller Disable Z Axis controls while moving to location.
11/4/2024 22:19:40 [Information] Time remaining: 00:00:03 zTargetEndTime = 10:19:46
11/4/2024 22:19:40 [Information] Stepper Motor Controller Disable Z Axis controls while moving to location.
11/4/2024 22:19:40 [Information] Time remaining: 00:00:04 zTargetEndTime = 10:19:46
11/4/2024 22:19:40 [Information] Stepper Motor Controller Disable Z Axis controls while moving to location.
11/4/2024 22:19:40 [Information] Time remaining: 00:00:04 zTargetEndTime = 10:19:46
11/4/2024 22:19:40 [Information] Stepper Motor Controller Disable Z Axis controls while moving to location.
11/4/2024 22:19:40 [Information] Time remaining: 00:00:04 zTargetEndTime = 10:19:46
11/4/2024 22:19:40 [Information] Stepper Motor Controller Disable Z Axis controls while moving to location.
11/4/2024 22:19:40 [Information] Time remaining: 00:00:04 zTargetEndTime = 10:19:46
11/4/2024 22:19:40 [Information] Stepper Motor Controller Disable Z Axis controls while moving to location.
11/4/2024 22:19:40 [Information] Time remaining: 00:00:04 zTargetEndTime = 10:19:46
11/4/2024 22:19:40 [Information] Stepper Motor Controller Disable Z Axis controls while moving to location.
11/4/2024 22:19:40 [Information] Time remaining: 00:00:04 zTargetEndTime = 10:19:46
11/4/2024 22:19:40 [Information] Stepper Motor Controller Disable Z Axis controls while moving to location.
11/4/2024 22:19:40 [Information] Time remaining: 00:00:04 zTargetEndTime = 10:19:46
11/4/2024 22:19:40 [Information] Stepper Motor Controller Disable Z Axis controls while moving to location.
11/4/2024 22:19:40 [Information] Time remaining: 00:00:04 zTargetEndTime = 10:19:46
11/4/2024 22:19:40 [Information] Stepper Motor Controller Disable Z Axis controls while moving to location.
11/4/2024 22:19:40 [Information] Time remaining: 00:00:04 zTargetEndTime = 10:19:46
11/4/2024 22:19:40 [Information] Stepper Motor Controller Disable Z Axis controls while moving to location.
11/4/2024 22:19:40 [Information] Time remaining: 00:00:04 zTargetEndTime = 10:19:46
11/4/2024 22:19:40 [Information] Stepper Motor Controller Disable Z Axis controls while moving to location.
11/4/2024 22:19:40 [Information] Time remaining: 00:00:04 zTargetEndTime = 10:19:46
11/4/2024 22:19:40 [Information] Stepper Motor Controller Disable Z Axis controls while moving to location.
11/4/2024 22:19:40 [Information] Time remaining: 00:00:04 zTargetEndTime = 10:19:46
11/4/2024 22:19:40 [Information] Stepper Motor Controller Disable Z Axis controls while moving to location.
11/4/2024 22:19:40 [Information] Time remaining: 00:00:04 zTargetEndTime = 10:19:46
11/4/2024 22:19:40 [Information] Stepper Motor Controller Disable Z Axis controls while moving to location.
11/4/2024 22:19:40 [Information] Time remaining: 00:00:04 zTargetEndTime = 10:19:46
11/4/2024 22:19:40 [Information] Stepper Motor Controller Disable Z Axis controls while moving to location.
11/4/2024 22:19:40 [Information] Time remaining: 00:00:04 zTargetEndTime = 10:19:46
11/4/2024 22:19:40 [Information] Stepper Motor Controller Disable Z Axis controls while moving to location.
11/4/2024 22:19:40 [Information] Time remaining: 00:00:04 zTargetEndTime = 10:19:46
11/4/2024 22:19:40 [Information] Stepper Motor Controller Disable Z Axis controls while moving to location.
11/4/2024 22:19:40 [Information] Time remaining: 00:00:04 zTargetEndTime = 10:19:46
11/4/2024 22:19:40 [Information] Stepper Motor Controller Disable Z Axis controls while moving to location.
11/4/2024 22:19:40 [Information] Time remaining: 00:00:04 zTargetEndTime = 10:19:46
11/4/2024 22:19:40 [Information] Stepper Motor Controller Disable Z Axis controls while moving to location.
11/4/2024 22:19:40 [Information] Time remaining: 00:00:04 zTargetEndTime = 10:19:46
11/4/2024 22:19:40 [Information] Stepper Motor Controller Disable Z Axis controls while moving to location.
11/4/2024 22:19:40 [Information] Time remaining: 00:00:04 zTargetEndTime = 10:19:46
11/4/2024 22:19:40 [Information] Stepper Motor Controller Disable Z Axis controls while moving to location.
11/4/2024 22:19:40 [Information] Time remaining: 00:00:04 zTargetEndTime = 10:19:46
11/4/2024 22:19:40 [Information] Stepper Motor Controller Disable Z Axis controls while moving to location.
11/4/2024 22:19:40 [Information] Time remaining: 00:00:04 zTargetEndTime = 10:19:46
11/4/2024 22:19:40 [Information] Stepper Motor Controller Disable Z Axis controls while moving to location.
11/4/2024 22:19:40 [Information] Time remaining: 00:00:04 zTargetEndTime = 10:19:46
11/4/2024 22:19:40 [Information] Stepper Motor Controller Disable Z Axis controls while moving to location.
11/4/2024 22:19:40 [Information] Time remaining: 00:00:04 zTargetEndTime = 10:19:46
11/4/2024 22:19:40 [Information] Stepper Motor Controller Disable Z Axis controls while moving to location.
11/4/2024 22:19:40 [Information] Time remaining: 00:00:04 zTargetEndTime = 10:19:46
11/4/2024 22:19:40 [Information] Stepper Motor Controller Disable Z Axis controls while moving to location.
11/4/2024 22:19:40 [Information] Time remaining: 00:00:04 zTargetEndTime = 10:19:46
11/4/2024 22:19:40 [Information] Stepper Motor Controller Disable Z Axis controls while moving to location.
11/4/2024 22:19:40 [Information] Time remaining: 00:00:04 zTargetEndTime = 10:19:46
11/4/2024 22:19:40 [Information] Stepper Motor Controller Disable Z Axis controls while moving to location.
11/4/2024 22:19:40 [Information] Time remaining: 00:00:04 zTargetEndTime = 10:19:46
11/4/2024 22:19:40 [Information] Stepper Motor Controller Disable Z Axis controls while moving to location.
11/4/2024 22:19:40 [Information] Time remaining: 00:00:04 zTargetEndTime = 10:19:46
11/4/2024 22:19:40 [Information] Stepper Motor Controller Disable Z Axis controls while moving to location.
11/4/2024 22:19:40 [Information] Time remaining: 00:00:04 zTargetEndTime = 10:19:46
11/4/2024 22:19:40 [Information] Stepper Motor Controller Disable Z Axis controls while moving to location.
11/4/2024 22:19:40 [Information] Time remaining: 00:00:04 zTargetEndTime = 10:19:46
11/4/2024 22:19:40 [Information] Stepper Motor Controller Disable Z Axis controls while moving to location.
11/4/2024 22:19:40 [Information] Time remaining: 00:00:04 zTargetEndTime = 10:19:46
11/4/2024 22:19:40 [Information] Stepper Motor Controller Disable Z Axis controls while moving to location.
11/4/2024 22:19:40 [Information] Time remaining: 00:00:04 zTargetEndTime = 10:19:46
11/4/2024 22:19:40 [Information] Stepper Motor Controller Disable Z Axis controls while moving to location.
11/4/2024 22:19:40 [Information] Time remaining: 00:00:04 zTargetEndTime = 10:19:46
11/4/2024 22:19:40 [Information] Stepper Motor Controller Disable Z Axis controls while moving to location.
11/4/2024 22:19:40 [Information] Time remaining: 00:00:04 zTargetEndTime = 10:19:46
11/4/2024 22:19:40 [Information] Stepper Motor Controller Disable Z Axis controls while moving to location.
11/4/2024 22:19:40 [Information] Time remaining: 00:00:04 zTargetEndTime = 10:19:46
11/4/2024 22:19:40 [Information] Stepper Motor Controller Disable Z Axis controls while moving to location.
11/4/2024 22:19:40 [Information] Time remaining: 00:00:04 zTargetEndTime = 10:19:46
11/4/2024 22:19:41 [Information] Stepper Motor Controller Disable Z Axis controls while moving to location.
11/4/2024 22:19:41 [Information] Time remaining: 00:00:04 zTargetEndTime = 10:19:46
11/4/2024 22:19:41 [Information] Stepper Motor Controller Disable Z Axis controls while moving to location.
11/4/2024 22:19:41 [Information] Time remaining: 00:00:04 zTargetEndTime = 10:19:46
11/4/2024 22:19:41 [Information] Stepper Motor Controller Disable Z Axis controls while moving to location.
11/4/2024 22:19:41 [Information] Time remaining: 00:00:04 zTargetEndTime = 10:19:46
11/4/2024 22:19:41 [Information] Stepper Motor Controller Disable Z Axis controls while moving to location.
11/4/2024 22:19:41 [Information] Time remaining: 00:00:04 zTargetEndTime = 10:19:46
11/4/2024 22:19:41 [Information] Stepper Motor Controller Disable Z Axis controls while moving to location.
11/4/2024 22:19:41 [Information] Time remaining: 00:00:04 zTargetEndTime = 10:19:46
11/4/2024 22:19:41 [Information] Stepper Motor Controller Disable Z Axis controls while moving to location.
11/4/2024 22:19:41 [Information] Time remaining: 00:00:04 zTargetEndTime = 10:19:46
11/4/2024 22:19:41 [Information] Stepper Motor Controller Disable Z Axis controls while moving to location.
11/4/2024 22:19:41 [Information] Time remaining: 00:00:04 zTargetEndTime = 10:19:46
11/4/2024 22:19:41 [Information] Stepper Motor Controller Disable Z Axis controls while moving to location.
11/4/2024 22:19:41 [Information] Time remaining: 00:00:04 zTargetEndTime = 10:19:46
11/4/2024 22:19:41 [Information] Stepper Motor Controller Disable Z Axis controls while moving to location.
11/4/2024 22:19:41 [Information] Time remaining: 00:00:04 zTargetEndTime = 10:19:46
11/4/2024 22:19:41 [Information] Stepper Motor Controller Disable Z Axis controls while moving to location.
11/4/2024 22:19:41 [Information] Time remaining: 00:00:04 zTargetEndTime = 10:19:46
11/4/2024 22:19:41 [Information] Stepper Motor Controller Disable Z Axis controls while moving to location.
11/4/2024 22:19:41 [Information] Time remaining: 00:00:04 zTargetEndTime = 10:19:46
11/4/2024 22:19:41 [Information] Stepper Motor Controller Disable Z Axis controls while moving to location.
11/4/2024 22:19:41 [Information] Time remaining: 00:00:04 zTargetEndTime = 10:19:46
11/4/2024 22:19:41 [Information] Stepper Motor Controller Disable Z Axis controls while moving to location.
11/4/2024 22:19:41 [Information] Time remaining: 00:00:04 zTargetEndTime = 10:19:46
11/4/2024 22:19:41 [Information] Stepper Motor Controller Disable Z Axis controls while moving to location.
11/4/2024 22:19:41 [Information] Time remaining: 00:00:04 zTargetEndTime = 10:19:46
11/4/2024 22:19:41 [Information] Stepper Motor Controller Disable Z Axis controls while moving to location.
11/4/2024 22:19:41 [Information] Time remaining: 00:00:04 zTargetEndTime = 10:19:46
11/4/2024 22:19:41 [Information] Stepper Motor Controller Disable Z Axis controls while moving to location.
11/4/2024 22:19:41 [Information] Time remaining: 00:00:04 zTargetEndTime = 10:19:46
11/4/2024 22:19:41 [Information] Stepper Motor Controller Disable Z Axis controls while moving to location.
11/4/2024 22:19:41 [Information] Time remaining: 00:00:04 zTargetEndTime = 10:19:46
11/4/2024 22:19:41 [Information] Stepper Motor Controller Disable Z Axis controls while moving to location.
11/4/2024 22:19:41 [Information] Time remaining: 00:00:04 zTargetEndTime = 10:19:46
11/4/2024 22:19:41 [Information] Stepper Motor Controller Disable Z Axis controls while moving to location.
11/4/2024 22:19:41 [Information] Time remaining: 00:00:04 zTargetEndTime = 10:19:46
11/4/2024 22:19:41 [Information] Stepper Motor Controller Disable Z Axis controls while moving to location.
11/4/2024 22:19:41 [Information] Time remaining: 00:00:04 zTargetEndTime = 10:19:46
11/4/2024 22:19:41 [Information] Stepper Motor Controller Disable Z Axis controls while moving to location.
11/4/2024 22:19:41 [Information] Time remaining: 00:00:04 zTargetEndTime = 10:19:46
11/4/2024 22:19:41 [Information] Stepper Motor Controller Disable Z Axis controls while moving to location.
11/4/2024 22:19:41 [Information] Time remaining: 00:00:04 zTargetEndTime = 10:19:46
11/4/2024 22:19:41 [Information] Stepper Motor Controller Disable Z Axis controls while moving to location.
11/4/2024 22:19:41 [Information] Time remaining: 00:00:04 zTargetEndTime = 10:19:46
11/4/2024 22:19:41 [Information] Stepper Motor Controller Disable Z Axis controls while moving to location.
11/4/2024 22:19:41 [Information] Time remaining: 00:00:05 zTargetEndTime = 10:19:46
11/4/2024 22:19:41 [Information] Stepper Motor Controller Disable Z Axis controls while moving to location.
11/4/2024 22:19:41 [Information] Time remaining: 00:00:05 zTargetEndTime = 10:19:46
11/4/2024 22:19:41 [Information] Stepper Motor Controller Disable Z Axis controls while moving to location.
11/4/2024 22:19:41 [Information] Time remaining: 00:00:05 zTargetEndTime = 10:19:46
11/4/2024 22:19:41 [Information] Stepper Motor Controller Disable Z Axis controls while moving to location.
11/4/2024 22:19:41 [Information] Time remaining: 00:00:05 zTargetEndTime = 10:19:46
11/4/2024 22:19:41 [Information] Stepper Motor Controller Disable Z Axis controls while moving to location.
11/4/2024 22:19:41 [Information] Time remaining: 00:00:05 zTargetEndTime = 10:19:46
11/4/2024 22:19:41 [Information] Stepper Motor Controller Disable Z Axis controls while moving to location.
11/4/2024 22:19:41 [Information] Time remaining: 00:00:05 zTargetEndTime = 10:19:46
11/4/2024 22:19:41 [Information] Stepper Motor Controller Disable Z Axis controls while moving to location.
11/4/2024 22:19:41 [Information] Time remaining: 00:00:05 zTargetEndTime = 10:19:46
11/4/2024 22:19:41 [Information] Stepper Motor Controller Disable Z Axis controls while moving to location.
11/4/2024 22:19:41 [Information] Time remaining: 00:00:05 zTargetEndTime = 10:19:46
11/4/2024 22:19:41 [Information] Stepper Motor Controller Disable Z Axis controls while moving to location.
11/4/2024 22:19:41 [Information] Time remaining: 00:00:05 zTargetEndTime = 10:19:46
11/4/2024 22:19:41 [Information] Stepper Motor Controller Disable Z Axis controls while moving to location.
11/4/2024 22:19:41 [Information] Time remaining: 00:00:05 zTargetEndTime = 10:19:46
11/4/2024 22:19:41 [Information] Stepper Motor Controller Disable Z Axis controls while moving to location.
11/4/2024 22:19:41 [Information] Time remaining: 00:00:05 zTargetEndTime = 10:19:46
11/4/2024 22:19:41 [Information] Stepper Motor Controller Disable Z Axis controls while moving to location.
11/4/2024 22:19:41 [Information] Time remaining: 00:00:05 zTargetEndTime = 10:19:46
11/4/2024 22:19:41 [Information] Stepper Motor Controller Disable Z Axis controls while moving to location.
11/4/2024 22:19:41 [Information] Time remaining: 00:00:05 zTargetEndTime = 10:19:46
11/4/2024 22:19:41 [Information] Stepper Motor Controller Disable Z Axis controls while moving to location.
11/4/2024 22:19:41 [Information] Time remaining: 00:00:05 zTargetEndTime = 10:19:46
11/4/2024 22:19:41 [Information] Stepper Motor Controller Disable Z Axis controls while moving to location.
11/4/2024 22:19:41 [Information] Time remaining: 00:00:05 zTargetEndTime = 10:19:46
11/4/2024 22:19:41 [Information] Stepper Motor Controller Disable Z Axis controls while moving to location.
11/4/2024 22:19:41 [Information] Time remaining: 00:00:05 zTargetEndTime = 10:19:46
11/4/2024 22:19:41 [Information] Stepper Motor Controller Disable Z Axis controls while moving to location.
11/4/2024 22:19:41 [Information] Time remaining: 00:00:05 zTargetEndTime = 10:19:46
11/4/2024 22:19:41 [Information] Stepper Motor Controller Disable Z Axis controls while moving to location.
11/4/2024 22:19:41 [Information] Time remaining: 00:00:05 zTargetEndTime = 10:19:46
11/4/2024 22:19:41 [Information] Stepper Motor Controller Disable Z Axis controls while moving to location.
11/4/2024 22:19:41 [Information] Time remaining: 00:00:05 zTargetEndTime = 10:19:46
11/4/2024 22:19:41 [Information] Stepper Motor Controller Disable Z Axis controls while moving to location.
11/4/2024 22:19:41 [Information] Time remaining: 00:00:05 zTargetEndTime = 10:19:46
11/4/2024 22:19:41 [Information] Stepper Motor Controller Disable Z Axis controls while moving to location.
11/4/2024 22:19:41 [Information] Time remaining: 00:00:05 zTargetEndTime = 10:19:46
11/4/2024 22:19:41 [Information] Stepper Motor Controller Disable Z Axis controls while moving to location.
11/4/2024 22:19:41 [Information] Time remaining: 00:00:05 zTargetEndTime = 10:19:46
11/4/2024 22:19:41 [Information] Stepper Motor Controller Disable Z Axis controls while moving to location.
11/4/2024 22:19:41 [Information] Time remaining: 00:00:05 zTargetEndTime = 10:19:46
11/4/2024 22:19:41 [Information] Stepper Motor Controller Disable Z Axis controls while moving to location.
11/4/2024 22:19:41 [Information] Time remaining: 00:00:05 zTargetEndTime = 10:19:46
11/4/2024 22:19:41 [Information] Stepper Motor Controller Disable Z Axis controls while moving to location.
11/4/2024 22:19:41 [Information] Time remaining: 00:00:05 zTargetEndTime = 10:19:46
11/4/2024 22:19:41 [Information] Stepper Motor Controller Disable Z Axis controls while moving to location.
11/4/2024 22:19:41 [Information] Time remaining: 00:00:05 zTargetEndTime = 10:19:46
11/4/2024 22:19:41 [Information] Stepper Motor Controller Disable Z Axis controls while moving to location.
11/4/2024 22:19:41 [Information] Time remaining: 00:00:05 zTargetEndTime = 10:19:46
11/4/2024 22:19:41 [Information] Stepper Motor Controller Disable Z Axis controls while moving to location.
11/4/2024 22:19:41 [Information] Time remaining: 00:00:05 zTargetEndTime = 10:19:46
11/4/2024 22:19:41 [Information] Stepper Motor Controller Disable Z Axis controls while moving to location.
11/4/2024 22:19:41 [Information] Time remaining: 00:00:05 zTargetEndTime = 10:19:46
11/4/2024 22:19:41 [Information] Stepper Motor Controller Disable Z Axis controls while moving to location.
11/4/2024 22:19:41 [Information] Time remaining: 00:00:05 zTargetEndTime = 10:19:46
11/4/2024 22:19:41 [Information] Stepper Motor Controller Disable Z Axis controls while moving to location.
11/4/2024 22:19:41 [Information] Time remaining: 00:00:05 zTargetEndTime = 10:19:46
11/4/2024 22:19:41 [Information] Stepper Motor Controller Disable Z Axis controls while moving to location.
11/4/2024 22:19:41 [Information] Time remaining: 00:00:05 zTargetEndTime = 10:19:46
11/4/2024 22:19:41 [Information] Stepper Motor Controller Disable Z Axis controls while moving to location.
11/4/2024 22:19:41 [Information] Time remaining: 00:00:05 zTargetEndTime = 10:19:46
11/4/2024 22:19:41 [Information] Stepper Motor Controller Disable Z Axis controls while moving to location.
11/4/2024 22:19:41 [Information] Time remaining: 00:00:05 zTargetEndTime = 10:19:46
11/4/2024 22:19:41 [Information] Stepper Motor Controller Disable Z Axis controls while moving to location.
11/4/2024 22:19:41 [Information] Time remaining: 00:00:05 zTargetEndTime = 10:19:46
11/4/2024 22:19:41 [Information] Stepper Motor Controller Disable Z Axis controls while moving to location.
11/4/2024 22:19:41 [Information] Time remaining: 00:00:05 zTargetEndTime = 10:19:46
11/4/2024 22:19:41 [Information] Stepper Motor Controller Disable Z Axis controls while moving to location.
11/4/2024 22:19:41 [Information] Time remaining: 00:00:05 zTargetEndTime = 10:19:46
11/4/2024 22:19:42 [Information] Stepper Motor Controller Disable Z Axis controls while moving to location.
11/4/2024 22:19:42 [Information] Time remaining: 00:00:05 zTargetEndTime = 10:19:46
11/4/2024 22:19:42 [Information] Stepper Motor Controller Disable Z Axis controls while moving to location.
11/4/2024 22:19:42 [Information] Time remaining: 00:00:05 zTargetEndTime = 10:19:46
11/4/2024 22:19:42 [Information] Stepper Motor Controller Disable Z Axis controls while moving to location.
11/4/2024 22:19:42 [Information] Time remaining: 00:00:05 zTargetEndTime = 10:19:46
11/4/2024 22:19:42 [Information] Stepper Motor Controller Disable Z Axis controls while moving to location.
11/4/2024 22:19:42 [Information] Time remaining: 00:00:05 zTargetEndTime = 10:19:46
11/4/2024 22:19:42 [Information] Z Axis Data Received: Z Axis CW Motor Stopped
Z Axis CW Motor Current Position: 1523
Z Axis CW Motor Stopped
Z Axis CW Motor Current Positi
11/4/2024 22:19:42 [Information] Updated X,Y Zero.IsChecked status to 0 and Z Zero.IsChecked status to 1.
11/4/2024 22:19:42 [Information] ZAxisRun_Click button clicked:
11/4/2024 22:19:42 [Information] Z Axis Run Event to reset Axis to zero: Z,0.00,400.00,0,0.00,400.00,0,0.00,400.00,1
11/4/2024 22:19:42 [Information] Setting Z Axis Current Location Set to Zero on DRO
11/4/2024 22:19:42 [Information] Z Axis Data Received: on: 1523
Z Axis CW Motor Stopped
Z Axis CW Motor Current Position: 1523
Z Axis CW Motor Stopped
Z Axis CW Motor Curr
11/4/2024 22:19:42 [Information] ZAxisRun_Click button clicked:
11/4/2024 22:19:42 [Information] Z Axis Run Event to reset Axis to zero: Z,0.00,400.00,0,0.00,400.00,0,0.00,400.00,1
11/4/2024 22:19:42 [Information] Setting Z Axis Current Location Set to Zero on DRO
11/4/2024 22:19:42 [Information] Z Axis Data Received: ent Position: 1523

11/4/2024 22:19:43 [Information] Updated X,Y,Z Zero.IsChecked status to 0.
11/4/2024 22:19:43 [Information] Z Axis Current Location Set to Zero
11/4/2024 22:19:43 [Information] Z Axis Current Location Set to Zero
11/4/2024 22:19:44 [Information] Z Axis CW Motor Current Position: 41.34
11/4/2024 22:20:11 [Information] Z Axis mouse controlled Keypad returned: -41.34
11/4/2024 22:20:14 [Information] ZAxisRun_Click button clicked:
11/4/2024 22:20:14 [Information] Z Axis negative value: -41.34 converted to positive decimal: 41.34
11/4/2024 22:20:14 [Information] Z Axis MotorMovementSeconds decimal: (41.34 / 4) / 2 = 5.1675
11/4/2024 22:20:14 [Information] Z Axis myMovementTimer int: 1000 * 5.1675 = 5000
11/4/2024 22:20:15 [Information] Z Axis Run Event: Z,0.00,400.00,0,0.00,400.00,0,0.00,400.00,0
11/4/2024 22:20:15 [Information] Z Axis Current Time: 10:20:15 + 5000 = zTargetEndTime: 10:20:20
11/4/2024 22:20:15 [Information] Stepper Motor Controller Disable Z Axis controls while moving to location.
11/4/2024 22:20:15 [Information] Time remaining: 00:00:05 zTargetEndTime = 10:20:20
11/4/2024 22:20:15 [Information] Stepper Motor Controller Disable Z Axis controls while moving to location.
11/4/2024 22:20:15 [Information] Time remaining: 00:00:05 zTargetEndTime = 10:20:20
11/4/2024 22:20:15 [Information] Stepper Motor Controller Disable Z Axis controls while moving to location.
11/4/2024 22:20:15 [Information] Time remaining: 00:00:05 zTargetEndTime = 10:20:20
11/4/2024 22:20:15 [Information] Stepper Motor Controller Disable Z Axis controls while moving to location.
11/4/2024 22:20:15 [Information] Time remaining: 00:00:05 zTargetEndTime = 10:20:20
11/4/2024 22:20:15 [Information] Stepper Motor Controller Disable Z Axis controls while moving to location.
11/4/2024 22:20:15 [Information] Time remaining: 00:00:05 zTargetEndTime = 10:20:20
11/4/2024 22:20:15 [Information] Stepper Motor Controller Disable Z Axis controls while moving to location.
11/4/2024 22:20:15 [Information] Time remaining: 00:00:05 zTargetEndTime = 10:20:20
11/4/2024 22:20:15 [Information] Stepper Motor Controller Disable Z Axis controls while moving to location.
11/4/2024 22:20:15 [Information] Time remaining: 00:00:05 zTargetEndTime = 10:20:20
11/4/2024 22:20:15 [Information] Stepper Motor Controller Disable Z Axis controls while moving to location.
11/4/2024 22:20:15 [Information] Time remaining: 00:00:05 zTargetEndTime = 10:20:20
11/4/2024 22:20:15 [Information] Stepper Motor Controller Disable Z Axis controls while moving to location.
11/4/2024 22:20:15 [Information] Time remaining: 00:00:05 zTargetEndTime = 10:20:20
11/4/2024 22:20:15 [Information] Stepper Motor Controller Disable Z Axis controls while moving to location.
11/4/2024 22:20:15 [Information] Time remaining: 00:00:05 zTargetEndTime = 10:20:20
11/4/2024 22:20:15 [Information] Stepper Motor Controller Disable Z Axis controls while moving to location.
11/4/2024 22:20:15 [Information] Time remaining: 00:00:05 zTargetEndTime = 10:20:20
11/4/2024 22:20:15 [Information] Stepper Motor Controller Disable Z Axis controls while moving to location.
11/4/2024 22:20:15 [Information] Time remaining: 00:00:05 zTargetEndTime = 10:20:20
11/4/2024 22:20:15 [Information] Stepper Motor Controller Disable Z Axis controls while moving to location.
11/4/2024 22:20:15 [Information] Time remaining: 00:00:05 zTargetEndTime = 10:20:20
11/4/2024 22:20:15 [Information] Stepper Motor Controller Disable Z Axis controls while moving to location.
11/4/2024 22:20:15 [Information] Time remaining: 00:00:05 zTargetEndTime = 10:20:20
11/4/2024 22:20:15 [Information] Stepper Motor Controller Disable Z Axis controls while moving to location.
11/4/2024 22:20:15 [Information] Time remaining: 00:00:05 zTargetEndTime = 10:20:20
11/4/2024 22:20:15 [Information] Stepper Motor Controller Disable Z Axis controls while moving to location.
11/4/2024 22:20:15 [Information] Time remaining: 00:00:05 zTargetEndTime = 10:20:20
11/4/2024 22:20:15 [Information] Stepper Motor Controller Disable Z Axis controls while moving to location.
11/4/2024 22:20:15 [Information] Time remaining: 00:00:05 zTargetEndTime = 10:20:20
11/4/2024 22:20:15 [Information] Stepper Motor Controller Disable Z Axis controls while moving to location.
11/4/2024 22:20:15 [Information] Time remaining: 00:00:06 zTargetEndTime = 10:20:20
11/4/2024 22:20:15 [Information] Stepper Motor Controller Disable Z Axis controls while moving to location.
11/4/2024 22:20:15 [Information] Time remaining: 00:00:06 zTargetEndTime = 10:20:20
11/4/2024 22:20:15 [Information] Stepper Motor Controller Disable Z Axis controls while moving to location.
11/4/2024 22:20:15 [Information] Time remaining: 00:00:06 zTargetEndTime = 10:20:20
11/4/2024 22:20:15 [Information] Stepper Motor Controller Disable Z Axis controls while moving to location.
11/4/2024 22:20:15 [Information] Time remaining: 00:00:06 zTargetEndTime = 10:20:20
11/4/2024 22:20:15 [Information] Stepper Motor Controller Disable Z Axis controls while moving to location.
11/4/2024 22:20:15 [Information] Time remaining: 00:00:06 zTargetEndTime = 10:20:20
11/4/2024 22:20:15 [Information] Stepper Motor Controller Disable Z Axis controls while moving to location.
11/4/2024 22:20:15 [Information] Time remaining: 00:00:06 zTargetEndTime = 10:20:20
11/4/2024 22:20:15 [Information] Stepper Motor Controller Disable Z Axis controls while moving to location.
11/4/2024 22:20:15 [Information] Time remaining: 00:00:06 zTargetEndTime = 10:20:20
11/4/2024 22:20:15 [Information] Stepper Motor Controller Disable Z Axis controls while moving to location.
11/4/2024 22:20:15 [Information] Time remaining: 00:00:06 zTargetEndTime = 10:20:20
11/4/2024 22:20:15 [Information] Stepper Motor Controller Disable Z Axis controls while moving to location.
11/4/2024 22:20:15 [Information] Time remaining: 00:00:06 zTargetEndTime = 10:20:20
11/4/2024 22:20:15 [Information] Stepper Motor Controller Disable Z Axis controls while moving to location.
11/4/2024 22:20:15 [Information] Time remaining: 00:00:06 zTargetEndTime = 10:20:20
11/4/2024 22:20:15 [Information] Stepper Motor Controller Disable Z Axis controls while moving to location.
11/4/2024 22:20:15 [Information] Time remaining: 00:00:06 zTargetEndTime = 10:20:20
11/4/2024 22:20:15 [Information] Stepper Motor Controller Disable Z Axis controls while moving to location.
11/4/2024 22:20:15 [Information] Time remaining: 00:00:06 zTargetEndTime = 10:20:20
11/4/2024 22:20:15 [Information] Stepper Motor Controller Disable Z Axis controls while moving to location.
11/4/2024 22:20:15 [Information] Time remaining: 00:00:06 zTargetEndTime = 10:20:20
11/4/2024 22:20:15 [Information] Stepper Motor Controller Disable Z Axis controls while moving to location.
11/4/2024 22:20:15 [Information] Time remaining: 00:00:06 zTargetEndTime = 10:20:20
11/4/2024 22:20:15 [Information] Stepper Motor Controller Disable Z Axis controls while moving to location.
11/4/2024 22:20:15 [Information] Time remaining: 00:00:06 zTargetEndTime = 10:20:20
11/4/2024 22:20:15 [Information] Stepper Motor Controller Disable Z Axis controls while moving to location.
11/4/2024 22:20:15 [Information] Time remaining: 00:00:06 zTargetEndTime = 10:20:20
11/4/2024 22:20:15 [Information] Stepper Motor Controller Disable Z Axis controls while moving to location.
11/4/2024 22:20:15 [Information] Time remaining: 00:00:06 zTargetEndTime = 10:20:20
11/4/2024 22:20:15 [Information] Stepper Motor Controller Disable Z Axis controls while moving to location.
11/4/2024 22:20:15 [Information] Time remaining: 00:00:06 zTargetEndTime = 10:20:20
11/4/2024 22:20:15 [Information] Stepper Motor Controller Disable Z Axis controls while moving to location.
11/4/2024 22:20:15 [Information] Time remaining: 00:00:06 zTargetEndTime = 10:20:20
11/4/2024 22:20:15 [Information] Stepper Motor Controller Disable Z Axis controls while moving to location.
11/4/2024 22:20:15 [Information] Time remaining: 00:00:06 zTargetEndTime = 10:20:20
11/4/2024 22:20:15 [Information] Stepper Motor Controller Disable Z Axis controls while moving to location.
11/4/2024 22:20:15 [Information] Time remaining: 00:00:06 zTargetEndTime = 10:20:20
11/4/2024 22:20:15 [Information] Stepper Motor Controller Disable Z Axis controls while moving to location.
11/4/2024 22:20:15 [Information] Time remaining: 00:00:06 zTargetEndTime = 10:20:20
11/4/2024 22:20:15 [Information] Stepper Motor Controller Disable Z Axis controls while moving to location.
11/4/2024 22:20:15 [Information] Time remaining: 00:00:06 zTargetEndTime = 10:20:20
11/4/2024 22:20:15 [Information] Stepper Motor Controller Disable Z Axis controls while moving to location.
11/4/2024 22:20:15 [Information] Time remaining: 00:00:06 zTargetEndTime = 10:20:20
11/4/2024 22:20:15 [Information] Stepper Motor Controller Disable Z Axis controls while moving to location.
11/4/2024 22:20:15 [Information] Time remaining: 00:00:06 zTargetEndTime = 10:20:20
11/4/2024 22:20:16 [Information] Stepper Motor Controller Disable Z Axis controls while moving to location.
11/4/2024 22:20:16 [Information] Time remaining: 00:00:06 zTargetEndTime = 10:20:20
11/4/2024 22:20:16 [Information] Stepper Motor Controller Disable Z Axis controls while moving to location.
11/4/2024 22:20:16 [Information] Time remaining: 00:00:06 zTargetEndTime = 10:20:20
11/4/2024 22:20:16 [Information] Stepper Motor Controller Disable Z Axis controls while moving to location.
11/4/2024 22:20:16 [Information] Time remaining: 00:00:06 zTargetEndTime = 10:20:20
11/4/2024 22:20:16 [Information] Stepper Motor Controller Disable Z Axis controls while moving to location.
11/4/2024 22:20:16 [Information] Time remaining: 00:00:06 zTargetEndTime = 10:20:20
11/4/2024 22:20:16 [Information] Stepper Motor Controller Disable Z Axis controls while moving to location.
11/4/2024 22:20:16 [Information] Time remaining: 00:00:06 zTargetEndTime = 10:20:20
11/4/2024 22:20:16 [Information] Stepper Motor Controller Disable Z Axis controls while moving to location.
11/4/2024 22:20:16 [Information] Time remaining: 00:00:06 zTargetEndTime = 10:20:20
11/4/2024 22:20:16 [Information] Stepper Motor Controller Disable Z Axis controls while moving to location.
11/4/2024 22:20:16 [Information] Time remaining: 00:00:06 zTargetEndTime = 10:20:20
11/4/2024 22:20:16 [Information] Stepper Motor Controller Disable Z Axis controls while moving to location.
11/4/2024 22:20:16 [Information] Time remaining: 00:00:06 zTargetEndTime = 10:20:20
11/4/2024 22:20:16 [Information] Stepper Motor Controller Disable Z Axis controls while moving to location.
11/4/2024 22:20:16 [Information] Time remaining: 00:00:06 zTargetEndTime = 10:20:20
11/4/2024 22:20:16 [Information] Stepper Motor Controller Disable Z Axis controls while moving to location.
11/4/2024 22:20:16 [Information] Time remaining: 00:00:06 zTargetEndTime = 10:20:20
11/4/2024 22:20:16 [Information] Stepper Motor Controller Disable Z Axis controls while moving to location.
11/4/2024 22:20:16 [Information] Time remaining: 00:00:06 zTargetEndTime = 10:20:20
11/4/2024 22:20:16 [Information] Stepper Motor Controller Disable Z Axis controls while moving to location.
11/4/2024 22:20:16 [Information] Time remaining: 00:00:06 zTargetEndTime = 10:20:20
11/4/2024 22:20:16 [Information] Stepper Motor Controller Disable Z Axis controls while moving to location.
11/4/2024 22:20:16 [Information] Time remaining: 00:00:06 zTargetEndTime = 10:20:20
11/4/2024 22:20:16 [Information] Stepper Motor Controller Disable Z Axis controls while moving to location.
11/4/2024 22:20:16 [Information] Time remaining: 00:00:06 zTargetEndTime = 10:20:20
11/4/2024 22:20:16 [Information] Stepper Motor Controller Disable Z Axis controls while moving to location.
11/4/2024 22:20:16 [Information] Time remaining: 00:00:06 zTargetEndTime = 10:20:20
11/4/2024 22:20:16 [Information] Stepper Motor Controller Disable Z Axis controls while moving to location.
11/4/2024 22:20:16 [Information] Time remaining: 00:00:06 zTargetEndTime = 10:20:20
11/4/2024 22:20:16 [Information] Stepper Motor Controller Disable Z Axis controls while moving to location.
11/4/2024 22:20:16 [Information] Time remaining: 00:00:06 zTargetEndTime = 10:20:20
11/4/2024 22:20:16 [Information] Stepper Motor Controller Disable Z Axis controls while moving to location.
11/4/2024 22:20:16 [Information] Time remaining: 00:00:06 zTargetEndTime = 10:20:20
11/4/2024 22:20:16 [Information] Stepper Motor Controller Disable Z Axis controls while moving to location.
11/4/2024 22:20:16 [Information] Time remaining: 00:00:06 zTargetEndTime = 10:20:20
11/4/2024 22:20:16 [Information] Stepper Motor Controller Disable Z Axis controls while moving to location.
11/4/2024 22:20:16 [Information] Time remaining: 00:00:06 zTargetEndTime = 10:20:20
11/4/2024 22:20:16 [Information] Stepper Motor Controller Disable Z Axis controls while moving to location.
11/4/2024 22:20:16 [Information] Time remaining: 00:00:06 zTargetEndTime = 10:20:20
11/4/2024 22:20:16 [Information] Stepper Motor Controller Disable Z Axis controls while moving to location.
11/4/2024 22:20:16 [Information] Time remaining: 00:00:06 zTargetEndTime = 10:20:20
11/4/2024 22:20:16 [Information] Stepper Motor Controller Disable Z Axis controls while moving to location.
11/4/2024 22:20:16 [Information] Time remaining: 00:00:06 zTargetEndTime = 10:20:20
11/4/2024 22:20:16 [Information] Stepper Motor Controller Disable Z Axis controls while moving to location.
11/4/2024 22:20:16 [Information] Time remaining: 00:00:06 zTargetEndTime = 10:20:20
11/4/2024 22:20:16 [Information] Stepper Motor Controller Disable Z Axis controls while moving to location.
11/4/2024 22:20:16 [Information] Time remaining: 00:00:06 zTargetEndTime = 10:20:20
11/4/2024 22:20:16 [Information] Stepper Motor Controller Disable Z Axis controls while moving to location.
11/4/2024 22:20:16 [Information] Time remaining: 00:00:06 zTargetEndTime = 10:20:20
11/4/2024 22:20:16 [Information] Stepper Motor Controller Disable Z Axis controls while moving to location.
11/4/2024 22:20:16 [Information] Time remaining: 00:00:06 zTargetEndTime = 10:20:20
11/4/2024 22:20:16 [Information] Stepper Motor Controller Disable Z Axis controls while moving to location.
11/4/2024 22:20:16 [Information] Time remaining: 00:00:06 zTargetEndTime = 10:20:20
11/4/2024 22:20:16 [Information] Stepper Motor Controller Disable Z Axis controls while moving to location.
11/4/2024 22:20:16 [Information] Time remaining: 00:00:06 zTargetEndTime = 10:20:20
11/4/2024 22:20:16 [Information] Stepper Motor Controller Disable Z Axis controls while moving to location.
11/4/2024 22:20:16 [Information] Time remaining: 00:00:06 zTargetEndTime = 10:20:20
11/4/2024 22:20:16 [Information] Stepper Motor Controller Disable Z Axis controls while moving to location.
11/4/2024 22:20:16 [Information] Time remaining: 00:00:06 zTargetEndTime = 10:20:20
11/4/2024 22:20:16 [Information] Stepper Motor Controller Disable Z Axis controls while moving to location.
11/4/2024 22:20:16 [Information] Time remaining: 00:00:06 zTargetEndTime = 10:20:20
11/4/2024 22:20:16 [Information] Stepper Motor Controller Disable Z Axis controls while moving to location.
11/4/2024 22:20:16 [Information] Time remaining: 00:00:06 zTargetEndTime = 10:20:20
11/4/2024 22:20:16 [Information] Stepper Motor Controller Disable Z Axis controls while moving to location.
11/4/2024 22:20:16 [Information] Time remaining: 00:00:06 zTargetEndTime = 10:20:20
11/4/2024 22:20:16 [Information] Stepper Motor Controller Disable Z Axis controls while moving to location.
11/4/2024 22:20:16 [Information] Time remaining: 00:00:06 zTargetEndTime = 10:20:20
11/4/2024 22:20:16 [Information] Stepper Motor Controller Disable Z Axis controls while moving to location.
11/4/2024 22:20:16 [Information] Time remaining: 00:00:06 zTargetEndTime = 10:20:20
11/4/2024 22:20:16 [Information] Stepper Motor Controller Disable Z Axis controls while moving to location.
11/4/2024 22:20:16 [Information] Time remaining: 00:00:06 zTargetEndTime = 10:20:20
11/4/2024 22:20:16 [Information] Stepper Motor Controller Disable Z Axis controls while moving to location.
11/4/2024 22:20:16 [Information] Time remaining: 00:00:07 zTargetEndTime = 10:20:20
11/4/2024 22:20:16 [Information] Stepper Motor Controller Disable Z Axis controls while moving to location.
11/4/2024 22:20:16 [Information] Time remaining: 00:00:07 zTargetEndTime = 10:20:20
11/4/2024 22:20:16 [Information] Stepper Motor Controller Disable Z Axis controls while moving to location.
11/4/2024 22:20:16 [Information] Time remaining: 00:00:07 zTargetEndTime = 10:20:20
11/4/2024 22:20:16 [Information] Stepper Motor Controller Disable Z Axis controls while moving to location.
11/4/2024 22:20:16 [Information] Time remaining: 00:00:07 zTargetEndTime = 10:20:20
11/4/2024 22:20:16 [Information] Stepper Motor Controller Disable Z Axis controls while moving to location.
11/4/2024 22:20:16 [Information] Time remaining: 00:00:07 zTargetEndTime = 10:20:20
11/4/2024 22:20:16 [Information] Stepper Motor Controller Disable Z Axis controls while moving to location.
11/4/2024 22:20:16 [Information] Time remaining: 00:00:07 zTargetEndTime = 10:20:20
11/4/2024 22:20:16 [Information] Stepper Motor Controller Disable Z Axis controls while moving to location.
11/4/2024 22:20:16 [Information] Time remaining: 00:00:07 zTargetEndTime = 10:20:20
11/4/2024 22:20:16 [Information] Stepper Motor Controller Disable Z Axis controls while moving to location.
11/4/2024 22:20:16 [Information] Time remaining: 00:00:07 zTargetEndTime = 10:20:20
11/4/2024 22:20:16 [Information] Stepper Motor Controller Disable Z Axis controls while moving to location.
11/4/2024 22:20:16 [Information] Time remaining: 00:00:07 zTargetEndTime = 10:20:20
11/4/2024 22:20:16 [Information] Stepper Motor Controller Disable Z Axis controls while moving to location.
11/4/2024 22:20:16 [Information] Time remaining: 00:00:07 zTargetEndTime = 10:20:20
11/4/2024 22:20:16 [Information] Stepper Motor Controller Disable Z Axis controls while moving to location.
11/4/2024 22:20:16 [Information] Time remaining: 00:00:07 zTargetEndTime = 10:20:20
11/4/2024 22:20:16 [Information] Stepper Motor Controller Disable Z Axis controls while moving to location.
11/4/2024 22:20:16 [Information] Time remaining: 00:00:07 zTargetEndTime = 10:20:20
11/4/2024 22:20:16 [Information] Stepper Motor Controller Disable Z Axis controls while moving to location.
11/4/2024 22:20:16 [Information] Time remaining: 00:00:07 zTargetEndTime = 10:20:20
11/4/2024 22:20:16 [Information] Stepper Motor Controller Disable Z Axis controls while moving to location.
11/4/2024 22:20:16 [Information] Time remaining: 00:00:07 zTargetEndTime = 10:20:20
11/4/2024 22:20:16 [Information] Stepper Motor Controller Disable Z Axis controls while moving to location.
11/4/2024 22:20:16 [Information] Time remaining: 00:00:07 zTargetEndTime = 10:20:20
11/4/2024 22:20:16 [Information] Stepper Motor Controller Disable Z Axis controls while moving to location.
11/4/2024 22:20:16 [Information] Time remaining: 00:00:07 zTargetEndTime = 10:20:20
11/4/2024 22:20:16 [Information] Stepper Motor Controller Disable Z Axis controls while moving to location.
11/4/2024 22:20:16 [Information] Time remaining: 00:00:07 zTargetEndTime = 10:20:20
11/4/2024 22:20:16 [Information] Stepper Motor Controller Disable Z Axis controls while moving to location.
11/4/2024 22:20:16 [Information] Time remaining: 00:00:07 zTargetEndTime = 10:20:20
11/4/2024 22:20:16 [Information] Stepper Motor Controller Disable Z Axis controls while moving to location.
11/4/2024 22:20:16 [Information] Time remaining: 00:00:07 zTargetEndTime = 10:20:20
11/4/2024 22:20:16 [Information] Stepper Motor Controller Disable Z Axis controls while moving to location.
11/4/2024 22:20:16 [Information] Time remaining: 00:00:07 zTargetEndTime = 10:20:20
11/4/2024 22:20:16 [Information] Stepper Motor Controller Disable Z Axis controls while moving to location.
11/4/2024 22:20:16 [Information] Time remaining: 00:00:07 zTargetEndTime = 10:20:20
11/4/2024 22:20:16 [Information] Stepper Motor Controller Disable Z Axis controls while moving to location.
11/4/2024 22:20:16 [Information] Time remaining: 00:00:07 zTargetEndTime = 10:20:20
11/4/2024 22:20:16 [Information] Stepper Motor Controller Disable Z Axis controls while moving to location.
11/4/2024 22:20:16 [Information] Time remaining: 00:00:07 zTargetEndTime = 10:20:20
11/4/2024 22:20:17 [Information] Stepper Motor Controller Disable Z Axis controls while moving to location.
11/4/2024 22:20:17 [Information] Time remaining: 00:00:07 zTargetEndTime = 10:20:20
11/4/2024 22:20:17 [Information] Stepper Motor Controller Disable Z Axis controls while moving to location.
11/4/2024 22:20:17 [Information] Time remaining: 00:00:07 zTargetEndTime = 10:20:20
11/4/2024 22:20:17 [Information] Stepper Motor Controller Disable Z Axis controls while moving to location.
11/4/2024 22:20:17 [Information] Time remaining: 00:00:07 zTargetEndTime = 10:20:20
11/4/2024 22:20:17 [Information] Stepper Motor Controller Disable Z Axis controls while moving to location.
11/4/2024 22:20:17 [Information] Time remaining: 00:00:07 zTargetEndTime = 10:20:20
11/4/2024 22:20:17 [Information] Stepper Motor Controller Disable Z Axis controls while moving to location.
11/4/2024 22:20:17 [Information] Time remaining: 00:00:07 zTargetEndTime = 10:20:20
11/4/2024 22:20:17 [Information] Stepper Motor Controller Disable Z Axis controls while moving to location.
11/4/2024 22:20:17 [Information] Time remaining: 00:00:07 zTargetEndTime = 10:20:20
11/4/2024 22:20:17 [Information] Stepper Motor Controller Disable Z Axis controls while moving to location.
11/4/2024 22:20:17 [Information] Time remaining: 00:00:07 zTargetEndTime = 10:20:20
11/4/2024 22:20:17 [Information] Stepper Motor Controller Disable Z Axis controls while moving to location.
11/4/2024 22:20:17 [Information] Time remaining: 00:00:07 zTargetEndTime = 10:20:20
11/4/2024 22:20:17 [Information] Stepper Motor Controller Disable Z Axis controls while moving to location.
11/4/2024 22:20:17 [Information] Time remaining: 00:00:07 zTargetEndTime = 10:20:20
11/4/2024 22:20:17 [Information] Stepper Motor Controller Disable Z Axis controls while moving to location.
11/4/2024 22:20:17 [Information] Time remaining: 00:00:07 zTargetEndTime = 10:20:20
11/4/2024 22:20:17 [Information] Stepper Motor Controller Disable Z Axis controls while moving to location.
11/4/2024 22:20:17 [Information] Time remaining: 00:00:07 zTargetEndTime = 10:20:20
11/4/2024 22:20:17 [Information] Stepper Motor Controller Disable Z Axis controls while moving to location.
11/4/2024 22:20:17 [Information] Time remaining: 00:00:07 zTargetEndTime = 10:20:20
11/4/2024 22:20:17 [Information] Stepper Motor Controller Disable Z Axis controls while moving to location.
11/4/2024 22:20:17 [Information] Time remaining: 00:00:07 zTargetEndTime = 10:20:20
11/4/2024 22:20:17 [Information] Stepper Motor Controller Disable Z Axis controls while moving to location.
11/4/2024 22:20:17 [Information] Time remaining: 00:00:07 zTargetEndTime = 10:20:20
11/4/2024 22:20:17 [Information] Stepper Motor Controller Disable Z Axis controls while moving to location.
11/4/2024 22:20:17 [Information] Time remaining: 00:00:07 zTargetEndTime = 10:20:20
11/4/2024 22:20:17 [Information] Stepper Motor Controller Disable Z Axis controls while moving to location.
11/4/2024 22:20:17 [Information] Time remaining: 00:00:07 zTargetEndTime = 10:20:20
11/4/2024 22:20:17 [Information] Stepper Motor Controller Disable Z Axis controls while moving to location.
11/4/2024 22:20:17 [Information] Time remaining: 00:00:07 zTargetEndTime = 10:20:20
11/4/2024 22:20:17 [Information] Stepper Motor Controller Disable Z Axis controls while moving to location.
11/4/2024 22:20:17 [Information] Time remaining: 00:00:07 zTargetEndTime = 10:20:20
11/4/2024 22:20:17 [Information] Stepper Motor Controller Disable Z Axis controls while moving to location.
11/4/2024 22:20:17 [Information] Time remaining: 00:00:07 zTargetEndTime = 10:20:20
11/4/2024 22:20:17 [Information] Stepper Motor Controller Disable Z Axis controls while moving to location.
11/4/2024 22:20:17 [Information] Time remaining: 00:00:07 zTargetEndTime = 10:20:20
11/4/2024 22:20:17 [Information] Stepper Motor Controller Disable Z Axis controls while moving to location.
11/4/2024 22:20:17 [Information] Time remaining: 00:00:07 zTargetEndTime = 10:20:20
11/4/2024 22:20:17 [Information] Stepper Motor Controller Disable Z Axis controls while moving to location.
11/4/2024 22:20:17 [Information] Time remaining: 00:00:07 zTargetEndTime = 10:20:20
11/4/2024 22:20:17 [Information] Stepper Motor Controller Disable Z Axis controls while moving to location.
11/4/2024 22:20:17 [Information] Time remaining: 00:00:07 zTargetEndTime = 10:20:20
11/4/2024 22:20:17 [Information] Stepper Motor Controller Disable Z Axis controls while moving to location.
11/4/2024 22:20:17 [Information] Time remaining: 00:00:07 zTargetEndTime = 10:20:20
11/4/2024 22:20:17 [Information] Stepper Motor Controller Disable Z Axis controls while moving to location.
11/4/2024 22:20:17 [Information] Time remaining: 00:00:07 zTargetEndTime = 10:20:20
11/4/2024 22:20:17 [Information] Stepper Motor Controller Disable Z Axis controls while moving to location.
11/4/2024 22:20:17 [Information] Time remaining: 00:00:07 zTargetEndTime = 10:20:20
11/4/2024 22:20:17 [Information] Stepper Motor Controller Disable Z Axis controls while moving to location.
11/4/2024 22:20:17 [Information] Time remaining: 00:00:07 zTargetEndTime = 10:20:20
11/4/2024 22:20:17 [Information] Stepper Motor Controller Disable Z Axis controls while moving to location.
11/4/2024 22:20:17 [Information] Time remaining: 00:00:07 zTargetEndTime = 10:20:20
11/4/2024 22:20:17 [Information] Stepper Motor Controller Disable Z Axis controls while moving to location.
11/4/2024 22:20:17 [Information] Time remaining: 00:00:07 zTargetEndTime = 10:20:20
11/4/2024 22:20:17 [Information] Stepper Motor Controller Disable Z Axis controls while moving to location.
11/4/2024 22:20:17 [Information] Time remaining: 00:00:07 zTargetEndTime = 10:20:20
11/4/2024 22:20:17 [Information] Stepper Motor Controller Disable Z Axis controls while moving to location.
11/4/2024 22:20:17 [Information] Time remaining: 00:00:07 zTargetEndTime = 10:20:20
11/4/2024 22:20:17 [Information] Stepper Motor Controller Disable Z Axis controls while moving to location.
11/4/2024 22:20:17 [Information] Time remaining: 00:00:07 zTargetEndTime = 10:20:20
11/4/2024 22:20:17 [Information] Stepper Motor Controller Disable Z Axis controls while moving to location.
11/4/2024 22:20:17 [Information] Time remaining: 00:00:07 zTargetEndTime = 10:20:20
11/4/2024 22:20:17 [Information] Stepper Motor Controller Disable Z Axis controls while moving to location.
11/4/2024 22:20:17 [Information] Time remaining: 00:00:07 zTargetEndTime = 10:20:20
11/4/2024 22:20:17 [Information] Stepper Motor Controller Disable Z Axis controls while moving to location.
11/4/2024 22:20:17 [Information] Time remaining: 00:00:07 zTargetEndTime = 10:20:20
11/4/2024 22:20:17 [Information] Stepper Motor Controller Disable Z Axis controls while moving to location.
11/4/2024 22:20:17 [Information] Time remaining: 00:00:07 zTargetEndTime = 10:20:20
11/4/2024 22:20:17 [Information] Stepper Motor Controller Disable Z Axis controls while moving to location.
11/4/2024 22:20:17 [Information] Time remaining: 00:00:07 zTargetEndTime = 10:20:20
11/4/2024 22:20:17 [Information] Stepper Motor Controller Disable Z Axis controls while moving to location.
11/4/2024 22:20:17 [Information] Time remaining: 00:00:07 zTargetEndTime = 10:20:20
11/4/2024 22:20:17 [Information] Stepper Motor Controller Disable Z Axis controls while moving to location.
11/4/2024 22:20:17 [Information] Time remaining: 00:00:08 zTargetEndTime = 10:20:20
11/4/2024 22:20:17 [Information] Stepper Motor Controller Disable Z Axis controls while moving to location.
11/4/2024 22:20:17 [Information] Time remaining: 00:00:08 zTargetEndTime = 10:20:20
11/4/2024 22:20:17 [Information] Stepper Motor Controller Disable Z Axis controls while moving to location.
11/4/2024 22:20:17 [Information] Time remaining: 00:00:08 zTargetEndTime = 10:20:20
11/4/2024 22:20:17 [Information] Stepper Motor Controller Disable Z Axis controls while moving to location.
11/4/2024 22:20:17 [Information] Time remaining: 00:00:08 zTargetEndTime = 10:20:20
11/4/2024 22:20:17 [Information] Stepper Motor Controller Disable Z Axis controls while moving to location.
11/4/2024 22:20:17 [Information] Time remaining: 00:00:08 zTargetEndTime = 10:20:20
11/4/2024 22:20:17 [Information] Stepper Motor Controller Disable Z Axis controls while moving to location.
11/4/2024 22:20:17 [Information] Time remaining: 00:00:08 zTargetEndTime = 10:20:20
11/4/2024 22:20:17 [Information] Stepper Motor Controller Disable Z Axis controls while moving to location.
11/4/2024 22:20:17 [Information] Time remaining: 00:00:08 zTargetEndTime = 10:20:20
11/4/2024 22:20:17 [Information] Stepper Motor Controller Disable Z Axis controls while moving to location.
11/4/2024 22:20:17 [Information] Time remaining: 00:00:08 zTargetEndTime = 10:20:20
11/4/2024 22:20:17 [Information] Stepper Motor Controller Disable Z Axis controls while moving to location.
11/4/2024 22:20:17 [Information] Time remaining: 00:00:08 zTargetEndTime = 10:20:20
11/4/2024 22:20:17 [Information] Stepper Motor Controller Disable Z Axis controls while moving to location.
11/4/2024 22:20:17 [Information] Time remaining: 00:00:08 zTargetEndTime = 10:20:20
11/4/2024 22:20:17 [Information] Stepper Motor Controller Disable Z Axis controls while moving to location.
11/4/2024 22:20:17 [Information] Time remaining: 00:00:08 zTargetEndTime = 10:20:20
11/4/2024 22:20:17 [Information] Stepper Motor Controller Disable Z Axis controls while moving to location.
11/4/2024 22:20:17 [Information] Time remaining: 00:00:08 zTargetEndTime = 10:20:20
11/4/2024 22:20:17 [Information] Stepper Motor Controller Disable Z Axis controls while moving to location.
11/4/2024 22:20:17 [Information] Time remaining: 00:00:08 zTargetEndTime = 10:20:20
11/4/2024 22:20:17 [Information] Stepper Motor Controller Disable Z Axis controls while moving to location.
11/4/2024 22:20:17 [Information] Time remaining: 00:00:08 zTargetEndTime = 10:20:20
11/4/2024 22:20:17 [Information] Stepper Motor Controller Disable Z Axis controls while moving to location.
11/4/2024 22:20:17 [Information] Time remaining: 00:00:08 zTargetEndTime = 10:20:20
11/4/2024 22:20:17 [Information] Stepper Motor Controller Disable Z Axis controls while moving to location.
11/4/2024 22:20:17 [Information] Time remaining: 00:00:08 zTargetEndTime = 10:20:20
11/4/2024 22:20:17 [Information] Stepper Motor Controller Disable Z Axis controls while moving to location.
11/4/2024 22:20:17 [Information] Time remaining: 00:00:08 zTargetEndTime = 10:20:20
11/4/2024 22:20:17 [Information] Stepper Motor Controller Disable Z Axis controls while moving to location.
11/4/2024 22:20:17 [Information] Time remaining: 00:00:08 zTargetEndTime = 10:20:20
11/4/2024 22:20:17 [Information] Stepper Motor Controller Disable Z Axis controls while moving to location.
11/4/2024 22:20:17 [Information] Time remaining: 00:00:08 zTargetEndTime = 10:20:20
11/4/2024 22:20:17 [Information] Stepper Motor Controller Disable Z Axis controls while moving to location.
11/4/2024 22:20:17 [Information] Time remaining: 00:00:08 zTargetEndTime = 10:20:20
11/4/2024 22:20:17 [Information] Stepper Motor Controller Disable Z Axis controls while moving to location.
11/4/2024 22:20:17 [Information] Time remaining: 00:00:08 zTargetEndTime = 10:20:20
11/4/2024 22:20:17 [Information] Stepper Motor Controller Disable Z Axis controls while moving to location.
11/4/2024 22:20:17 [Information] Time remaining: 00:00:08 zTargetEndTime = 10:20:20
11/4/2024 22:20:17 [Information] Stepper Motor Controller Disable Z Axis controls while moving to location.
11/4/2024 22:20:17 [Information] Time remaining: 00:00:08 zTargetEndTime = 10:20:20
11/4/2024 22:20:18 [Information] Stepper Motor Controller Disable Z Axis controls while moving to location.
11/4/2024 22:20:18 [Information] Time remaining: 00:00:08 zTargetEndTime = 10:20:20
11/4/2024 22:20:18 [Information] Stepper Motor Controller Disable Z Axis controls while moving to location.
11/4/2024 22:20:18 [Information] Time remaining: 00:00:08 zTargetEndTime = 10:20:20
11/4/2024 22:20:18 [Information] Stepper Motor Controller Disable Z Axis controls while moving to location.
11/4/2024 22:20:18 [Information] Time remaining: 00:00:08 zTargetEndTime = 10:20:20
11/4/2024 22:20:18 [Information] Stepper Motor Controller Disable Z Axis controls while moving to location.
11/4/2024 22:20:18 [Information] Time remaining: 00:00:08 zTargetEndTime = 10:20:20
11/4/2024 22:20:18 [Information] Stepper Motor Controller Disable Z Axis controls while moving to location.
11/4/2024 22:20:18 [Information] Time remaining: 00:00:08 zTargetEndTime = 10:20:20
11/4/2024 22:20:18 [Information] Stepper Motor Controller Disable Z Axis controls while moving to location.
11/4/2024 22:20:18 [Information] Time remaining: 00:00:08 zTargetEndTime = 10:20:20
11/4/2024 22:20:18 [Information] Stepper Motor Controller Disable Z Axis controls while moving to location.
11/4/2024 22:20:18 [Information] Time remaining: 00:00:08 zTargetEndTime = 10:20:20
11/4/2024 22:20:18 [Information] Stepper Motor Controller Disable Z Axis controls while moving to location.
11/4/2024 22:20:18 [Information] Time remaining: 00:00:08 zTargetEndTime = 10:20:20
11/4/2024 22:20:18 [Information] Stepper Motor Controller Disable Z Axis controls while moving to location.
11/4/2024 22:20:18 [Information] Time remaining: 00:00:08 zTargetEndTime = 10:20:20
11/4/2024 22:20:18 [Information] Stepper Motor Controller Disable Z Axis controls while moving to location.
11/4/2024 22:20:18 [Information] Time remaining: 00:00:08 zTargetEndTime = 10:20:20
11/4/2024 22:20:18 [Information] Stepper Motor Controller Disable Z Axis controls while moving to location.
11/4/2024 22:20:18 [Information] Time remaining: 00:00:08 zTargetEndTime = 10:20:20
11/4/2024 22:20:18 [Information] Stepper Motor Controller Disable Z Axis controls while moving to location.
11/4/2024 22:20:18 [Information] Time remaining: 00:00:08 zTargetEndTime = 10:20:20
11/4/2024 22:20:18 [Information] Stepper Motor Controller Disable Z Axis controls while moving to location.
11/4/2024 22:20:18 [Information] Time remaining: 00:00:08 zTargetEndTime = 10:20:20
11/4/2024 22:20:18 [Information] Stepper Motor Controller Disable Z Axis controls while moving to location.
11/4/2024 22:20:18 [Information] Time remaining: 00:00:08 zTargetEndTime = 10:20:20
11/4/2024 22:20:18 [Information] Stepper Motor Controller Disable Z Axis controls while moving to location.
11/4/2024 22:20:18 [Information] Time remaining: 00:00:08 zTargetEndTime = 10:20:20
11/4/2024 22:20:18 [Information] Stepper Motor Controller Disable Z Axis controls while moving to location.
11/4/2024 22:20:18 [Information] Time remaining: 00:00:08 zTargetEndTime = 10:20:20
11/4/2024 22:20:18 [Information] Stepper Motor Controller Disable Z Axis controls while moving to location.
11/4/2024 22:20:18 [Information] Time remaining: 00:00:08 zTargetEndTime = 10:20:20
11/4/2024 22:20:18 [Information] Stepper Motor Controller Disable Z Axis controls while moving to location.
11/4/2024 22:20:18 [Information] Time remaining: 00:00:08 zTargetEndTime = 10:20:20
11/4/2024 22:20:18 [Information] Stepper Motor Controller Disable Z Axis controls while moving to location.
11/4/2024 22:20:18 [Information] Time remaining: 00:00:08 zTargetEndTime = 10:20:20
11/4/2024 22:20:18 [Information] Stepper Motor Controller Disable Z Axis controls while moving to location.
11/4/2024 22:20:18 [Information] Time remaining: 00:00:08 zTargetEndTime = 10:20:20
11/4/2024 22:20:18 [Information] Stepper Motor Controller Disable Z Axis controls while moving to location.
11/4/2024 22:20:18 [Information] Time remaining: 00:00:08 zTargetEndTime = 10:20:20
11/4/2024 22:20:18 [Information] Stepper Motor Controller Disable Z Axis controls while moving to location.
11/4/2024 22:20:18 [Information] Time remaining: 00:00:08 zTargetEndTime = 10:20:20
11/4/2024 22:20:18 [Information] Stepper Motor Controller Disable Z Axis controls while moving to location.
11/4/2024 22:20:18 [Information] Time remaining: 00:00:08 zTargetEndTime = 10:20:20
11/4/2024 22:20:18 [Information] Stepper Motor Controller Disable Z Axis controls while moving to location.
11/4/2024 22:20:18 [Information] Time remaining: 00:00:08 zTargetEndTime = 10:20:20
11/4/2024 22:20:18 [Information] Stepper Motor Controller Disable Z Axis controls while moving to location.
11/4/2024 22:20:18 [Information] Time remaining: 00:00:08 zTargetEndTime = 10:20:20
11/4/2024 22:20:18 [Information] Stepper Motor Controller Disable Z Axis controls while moving to location.
11/4/2024 22:20:18 [Information] Time remaining: 00:00:08 zTargetEndTime = 10:20:20
11/4/2024 22:20:18 [Information] Stepper Motor Controller Disable Z Axis controls while moving to location.
11/4/2024 22:20:18 [Information] Time remaining: 00:00:08 zTargetEndTime = 10:20:20
11/4/2024 22:20:18 [Information] Stepper Motor Controller Disable Z Axis controls while moving to location.
11/4/2024 22:20:18 [Information] Time remaining: 00:00:08 zTargetEndTime = 10:20:20
11/4/2024 22:20:18 [Information] Stepper Motor Controller Disable Z Axis controls while moving to location.
11/4/2024 22:20:18 [Information] Time remaining: 00:00:08 zTargetEndTime = 10:20:20
11/4/2024 22:20:18 [Information] Stepper Motor Controller Disable Z Axis controls while moving to location.
11/4/2024 22:20:18 [Information] Time remaining: 00:00:08 zTargetEndTime = 10:20:20
11/4/2024 22:20:18 [Information] Stepper Motor Controller Disable Z Axis controls while moving to location.
11/4/2024 22:20:18 [Information] Time remaining: 00:00:08 zTargetEndTime = 10:20:20
11/4/2024 22:20:18 [Information] Stepper Motor Controller Disable Z Axis controls while moving to location.
11/4/2024 22:20:18 [Information] Time remaining: 00:00:08 zTargetEndTime = 10:20:20
11/4/2024 22:20:18 [Information] Stepper Motor Controller Disable Z Axis controls while moving to location.
11/4/2024 22:20:18 [Information] Time remaining: 00:00:08 zTargetEndTime = 10:20:20
11/4/2024 22:20:18 [Information] Stepper Motor Controller Disable Z Axis controls while moving to location.
11/4/2024 22:20:18 [Information] Time remaining: 00:00:08 zTargetEndTime = 10:20:20
11/4/2024 22:20:18 [Information] Stepper Motor Controller Disable Z Axis controls while moving to location.
11/4/2024 22:20:18 [Information] Time remaining: 00:00:09 zTargetEndTime = 10:20:20
11/4/2024 22:20:18 [Information] Stepper Motor Controller Disable Z Axis controls while moving to location.
11/4/2024 22:20:18 [Information] Time remaining: 00:00:09 zTargetEndTime = 10:20:20
11/4/2024 22:20:18 [Information] Stepper Motor Controller Disable Z Axis controls while moving to location.
11/4/2024 22:20:18 [Information] Time remaining: 00:00:09 zTargetEndTime = 10:20:20
11/4/2024 22:20:18 [Information] Stepper Motor Controller Disable Z Axis controls while moving to location.
11/4/2024 22:20:18 [Information] Time remaining: 00:00:09 zTargetEndTime = 10:20:20
11/4/2024 22:20:18 [Information] Stepper Motor Controller Disable Z Axis controls while moving to location.
11/4/2024 22:20:18 [Information] Time remaining: 00:00:09 zTargetEndTime = 10:20:20
11/4/2024 22:20:18 [Information] Stepper Motor Controller Disable Z Axis controls while moving to location.
11/4/2024 22:20:18 [Information] Time remaining: 00:00:09 zTargetEndTime = 10:20:20
11/4/2024 22:20:18 [Information] Stepper Motor Controller Disable Z Axis controls while moving to location.
11/4/2024 22:20:18 [Information] Time remaining: 00:00:09 zTargetEndTime = 10:20:20
11/4/2024 22:20:18 [Information] Stepper Motor Controller Disable Z Axis controls while moving to location.
11/4/2024 22:20:18 [Information] Time remaining: 00:00:09 zTargetEndTime = 10:20:20
11/4/2024 22:20:18 [Information] Stepper Motor Controller Disable Z Axis controls while moving to location.
11/4/2024 22:20:18 [Information] Time remaining: 00:00:09 zTargetEndTime = 10:20:20
11/4/2024 22:20:18 [Information] Stepper Motor Controller Disable Z Axis controls while moving to location.
11/4/2024 22:20:18 [Information] Time remaining: 00:00:09 zTargetEndTime = 10:20:20
11/4/2024 22:20:18 [Information] Stepper Motor Controller Disable Z Axis controls while moving to location.
11/4/2024 22:20:18 [Information] Time remaining: 00:00:09 zTargetEndTime = 10:20:20
11/4/2024 22:20:18 [Information] Stepper Motor Controller Disable Z Axis controls while moving to location.
11/4/2024 22:20:18 [Information] Time remaining: 00:00:09 zTargetEndTime = 10:20:20
11/4/2024 22:20:18 [Information] Stepper Motor Controller Disable Z Axis controls while moving to location.
11/4/2024 22:20:18 [Information] Time remaining: 00:00:09 zTargetEndTime = 10:20:20
11/4/2024 22:20:18 [Information] Stepper Motor Controller Disable Z Axis controls while moving to location.
11/4/2024 22:20:18 [Information] Time remaining: 00:00:09 zTargetEndTime = 10:20:20
11/4/2024 22:20:18 [Information] Stepper Motor Controller Disable Z Axis controls while moving to location.
11/4/2024 22:20:18 [Information] Time remaining: 00:00:09 zTargetEndTime = 10:20:20
11/4/2024 22:20:18 [Information] Stepper Motor Controller Disable Z Axis controls while moving to location.
11/4/2024 22:20:18 [Information] Time remaining: 00:00:09 zTargetEndTime = 10:20:20
11/4/2024 22:20:18 [Information] Stepper Motor Controller Disable Z Axis controls while moving to location.
11/4/2024 22:20:18 [Information] Time remaining: 00:00:09 zTargetEndTime = 10:20:20
11/4/2024 22:20:18 [Information] Stepper Motor Controller Disable Z Axis controls while moving to location.
11/4/2024 22:20:18 [Information] Time remaining: 00:00:09 zTargetEndTime = 10:20:20
11/4/2024 22:20:18 [Information] Stepper Motor Controller Disable Z Axis controls while moving to location.
11/4/2024 22:20:18 [Information] Time remaining: 00:00:09 zTargetEndTime = 10:20:20
11/4/2024 22:20:18 [Information] Stepper Motor Controller Disable Z Axis controls while moving to location.
11/4/2024 22:20:18 [Information] Time remaining: 00:00:09 zTargetEndTime = 10:20:20
11/4/2024 22:20:18 [Information] Stepper Motor Controller Disable Z Axis controls while moving to location.
11/4/2024 22:20:18 [Information] Time remaining: 00:00:09 zTargetEndTime = 10:20:20
11/4/2024 22:20:18 [Information] Stepper Motor Controller Disable Z Axis controls while moving to location.
11/4/2024 22:20:18 [Information] Time remaining: 00:00:09 zTargetEndTime = 10:20:20
11/4/2024 22:20:18 [Information] Stepper Motor Controller Disable Z Axis controls while moving to location.
11/4/2024 22:20:18 [Information] Time remaining: 00:00:09 zTargetEndTime = 10:20:20
11/4/2024 22:20:18 [Information] Stepper Motor Controller Disable Z Axis controls while moving to location.
11/4/2024 22:20:18 [Information] Time remaining: 00:00:09 zTargetEndTime = 10:20:20
11/4/2024 22:20:19 [Information] Stepper Motor Controller Disable Z Axis controls while moving to location.
11/4/2024 22:20:19 [Information] Time remaining: 00:00:09 zTargetEndTime = 10:20:20
11/4/2024 22:20:19 [Information] Stepper Motor Controller Disable Z Axis controls while moving to location.
11/4/2024 22:20:19 [Information] Time remaining: 00:00:09 zTargetEndTime = 10:20:20
11/4/2024 22:20:19 [Information] Stepper Motor Controller Disable Z Axis controls while moving to location.
11/4/2024 22:20:19 [Information] Time remaining: 00:00:09 zTargetEndTime = 10:20:20
11/4/2024 22:20:19 [Information] Stepper Motor Controller Disable Z Axis controls while moving to location.
11/4/2024 22:20:19 [Information] Time remaining: 00:00:09 zTargetEndTime = 10:20:20
11/4/2024 22:20:19 [Information] Stepper Motor Controller Disable Z Axis controls while moving to location.
11/4/2024 22:20:19 [Information] Time remaining: 00:00:09 zTargetEndTime = 10:20:20
11/4/2024 22:20:19 [Information] Stepper Motor Controller Disable Z Axis controls while moving to location.
11/4/2024 22:20:19 [Information] Time remaining: 00:00:09 zTargetEndTime = 10:20:20
11/4/2024 22:20:19 [Information] Stepper Motor Controller Disable Z Axis controls while moving to location.
11/4/2024 22:20:19 [Information] Time remaining: 00:00:09 zTargetEndTime = 10:20:20
11/4/2024 22:20:19 [Information] Stepper Motor Controller Disable Z Axis controls while moving to location.
11/4/2024 22:20:19 [Information] Time remaining: 00:00:09 zTargetEndTime = 10:20:20
11/4/2024 22:20:19 [Information] Stepper Motor Controller Disable Z Axis controls while moving to location.
11/4/2024 22:20:19 [Information] Time remaining: 00:00:09 zTargetEndTime = 10:20:20
11/4/2024 22:20:19 [Information] Stepper Motor Controller Disable Z Axis controls while moving to location.
11/4/2024 22:20:19 [Information] Time remaining: 00:00:09 zTargetEndTime = 10:20:20
11/4/2024 22:20:19 [Information] Stepper Motor Controller Disable Z Axis controls while moving to location.
11/4/2024 22:20:19 [Information] Time remaining: 00:00:09 zTargetEndTime = 10:20:20
11/4/2024 22:20:19 [Information] Stepper Motor Controller Disable Z Axis controls while moving to location.
11/4/2024 22:20:19 [Information] Time remaining: 00:00:09 zTargetEndTime = 10:20:20
11/4/2024 22:20:19 [Information] Stepper Motor Controller Disable Z Axis controls while moving to location.
11/4/2024 22:20:19 [Information] Time remaining: 00:00:09 zTargetEndTime = 10:20:20
11/4/2024 22:20:19 [Information] Stepper Motor Controller Disable Z Axis controls while moving to location.
11/4/2024 22:20:19 [Information] Time remaining: 00:00:09 zTargetEndTime = 10:20:20
11/4/2024 22:20:19 [Information] Stepper Motor Controller Disable Z Axis controls while moving to location.
11/4/2024 22:20:19 [Information] Time remaining: 00:00:09 zTargetEndTime = 10:20:20
11/4/2024 22:20:19 [Information] Stepper Motor Controller Disable Z Axis controls while moving to location.
11/4/2024 22:20:19 [Information] Time remaining: 00:00:09 zTargetEndTime = 10:20:20
11/4/2024 22:20:19 [Information] Stepper Motor Controller Disable Z Axis controls while moving to location.
11/4/2024 22:20:19 [Information] Time remaining: 00:00:09 zTargetEndTime = 10:20:20
11/4/2024 22:20:19 [Information] Stepper Motor Controller Disable Z Axis controls while moving to location.
11/4/2024 22:20:19 [Information] Time remaining: 00:00:09 zTargetEndTime = 10:20:20
11/4/2024 22:20:19 [Information] Stepper Motor Controller Disable Z Axis controls while moving to location.
11/4/2024 22:20:19 [Information] Time remaining: 00:00:09 zTargetEndTime = 10:20:20
11/4/2024 22:20:19 [Information] Stepper Motor Controller Disable Z Axis controls while moving to location.
11/4/2024 22:20:19 [Information] Time remaining: 00:00:09 zTargetEndTime = 10:20:20
11/4/2024 22:20:19 [Information] Stepper Motor Controller Disable Z Axis controls while moving to location.
11/4/2024 22:20:19 [Information] Time remaining: 00:00:09 zTargetEndTime = 10:20:20
11/4/2024 22:20:19 [Information] Stepper Motor Controller Disable Z Axis controls while moving to location.
11/4/2024 22:20:19 [Information] Time remaining: 00:00:09 zTargetEndTime = 10:20:20
11/4/2024 22:20:19 [Information] Stepper Motor Controller Disable Z Axis controls while moving to location.
11/4/2024 22:20:19 [Information] Time remaining: 00:00:09 zTargetEndTime = 10:20:20
11/4/2024 22:20:19 [Information] Stepper Motor Controller Disable Z Axis controls while moving to location.
11/4/2024 22:20:19 [Information] Time remaining: 00:00:09 zTargetEndTime = 10:20:20
11/4/2024 22:20:19 [Information] Stepper Motor Controller Disable Z Axis controls while moving to location.
11/4/2024 22:20:19 [Information] Time remaining: 00:00:09 zTargetEndTime = 10:20:20
11/4/2024 22:20:19 [Information] Stepper Motor Controller Disable Z Axis controls while moving to location.
11/4/2024 22:20:19 [Information] Time remaining: 00:00:09 zTargetEndTime = 10:20:20
11/4/2024 22:20:19 [Information] Stepper Motor Controller Disable Z Axis controls while moving to location.
11/4/2024 22:20:19 [Information] Time remaining: 00:00:09 zTargetEndTime = 10:20:20
11/4/2024 22:20:19 [Information] Stepper Motor Controller Disable Z Axis controls while moving to location.
11/4/2024 22:20:19 [Information] Time remaining: 00:00:09 zTargetEndTime = 10:20:20
11/4/2024 22:20:19 [Information] Stepper Motor Controller Disable Z Axis controls while moving to location.
11/4/2024 22:20:19 [Information] Time remaining: 00:00:09 zTargetEndTime = 10:20:20
11/4/2024 22:20:19 [Information] Stepper Motor Controller Disable Z Axis controls while moving to location.
11/4/2024 22:20:19 [Information] Time remaining: 00:00:09 zTargetEndTime = 10:20:20
11/4/2024 22:20:19 [Information] Stepper Motor Controller Disable Z Axis controls while moving to location.
11/4/2024 22:20:19 [Information] Time remaining: 00:00:09 zTargetEndTime = 10:20:20
11/4/2024 22:20:19 [Information] Stepper Motor Controller Disable Z Axis controls while moving to location.
11/4/2024 22:20:19 [Information] Time remaining: 00:00:09 zTargetEndTime = 10:20:20
11/4/2024 22:20:19 [Information] Stepper Motor Controller Disable Z Axis controls while moving to location.
11/4/2024 22:20:19 [Information] Time remaining: 00:00:09 zTargetEndTime = 10:20:20
11/4/2024 22:20:19 [Information] Stepper Motor Controller Disable Z Axis controls while moving to location.
11/4/2024 22:20:19 [Information] Time remaining: 00:00:09 zTargetEndTime = 10:20:20
11/4/2024 22:20:19 [Information] Stepper Motor Controller Disable Z Axis controls while moving to location.
11/4/2024 22:20:19 [Information] Time remaining: 00:00:10 zTargetEndTime = 10:20:20
11/4/2024 22:20:19 [Information] Stepper Motor Controller Disable Z Axis controls while moving to location.
11/4/2024 22:20:19 [Information] Time remaining: 00:00:10 zTargetEndTime = 10:20:20
11/4/2024 22:20:19 [Information] Stepper Motor Controller Disable Z Axis controls while moving to location.
11/4/2024 22:20:19 [Information] Time remaining: 00:00:10 zTargetEndTime = 10:20:20
11/4/2024 22:20:19 [Information] Stepper Motor Controller Disable Z Axis controls while moving to location.
11/4/2024 22:20:19 [Information] Time remaining: 00:00:10 zTargetEndTime = 10:20:20
11/4/2024 22:20:19 [Information] Stepper Motor Controller Disable Z Axis controls while moving to location.
11/4/2024 22:20:19 [Information] Time remaining: 00:00:10 zTargetEndTime = 10:20:20
11/4/2024 22:20:19 [Information] Stepper Motor Controller Disable Z Axis controls while moving to location.
11/4/2024 22:20:19 [Information] Time remaining: 00:00:10 zTargetEndTime = 10:20:20
11/4/2024 22:20:19 [Information] Stepper Motor Controller Disable Z Axis controls while moving to location.
11/4/2024 22:20:19 [Information] Time remaining: 00:00:10 zTargetEndTime = 10:20:20
11/4/2024 22:20:19 [Information] Stepper Motor Controller Disable Z Axis controls while moving to location.
11/4/2024 22:20:19 [Information] Time remaining: 00:00:10 zTargetEndTime = 10:20:20
11/4/2024 22:20:19 [Information] Stepper Motor Controller Disable Z Axis controls while moving to location.
11/4/2024 22:20:19 [Information] Time remaining: 00:00:10 zTargetEndTime = 10:20:20
11/4/2024 22:20:19 [Information] Stepper Motor Controller Disable Z Axis controls while moving to location.
11/4/2024 22:20:19 [Information] Time remaining: 00:00:10 zTargetEndTime = 10:20:20
11/4/2024 22:20:19 [Information] Stepper Motor Controller Disable Z Axis controls while moving to location.
11/4/2024 22:20:19 [Information] Time remaining: 00:00:10 zTargetEndTime = 10:20:20
11/4/2024 22:20:19 [Information] Stepper Motor Controller Disable Z Axis controls while moving to location.
11/4/2024 22:20:19 [Information] Time remaining: 00:00:10 zTargetEndTime = 10:20:20
11/4/2024 22:20:19 [Information] Stepper Motor Controller Disable Z Axis controls while moving to location.
11/4/2024 22:20:19 [Information] Time remaining: 00:00:10 zTargetEndTime = 10:20:20
11/4/2024 22:20:19 [Information] Stepper Motor Controller Disable Z Axis controls while moving to location.
11/4/2024 22:20:19 [Information] Time remaining: 00:00:10 zTargetEndTime = 10:20:20
11/4/2024 22:20:19 [Information] Stepper Motor Controller Disable Z Axis controls while moving to location.
11/4/2024 22:20:19 [Information] Time remaining: 00:00:10 zTargetEndTime = 10:20:20
11/4/2024 22:20:19 [Information] Stepper Motor Controller Disable Z Axis controls while moving to location.
11/4/2024 22:20:19 [Information] Time remaining: 00:00:10 zTargetEndTime = 10:20:20
11/4/2024 22:20:19 [Information] Stepper Motor Controller Disable Z Axis controls while moving to location.
11/4/2024 22:20:19 [Information] Time remaining: 00:00:10 zTargetEndTime = 10:20:20
11/4/2024 22:20:19 [Information] Stepper Motor Controller Disable Z Axis controls while moving to location.
11/4/2024 22:20:19 [Information] Time remaining: 00:00:10 zTargetEndTime = 10:20:20
11/4/2024 22:20:19 [Information] Stepper Motor Controller Disable Z Axis controls while moving to location.
11/4/2024 22:20:19 [Information] Time remaining: 00:00:10 zTargetEndTime = 10:20:20
11/4/2024 22:20:19 [Information] Stepper Motor Controller Disable Z Axis controls while moving to location.
11/4/2024 22:20:19 [Information] Time remaining: 00:00:10 zTargetEndTime = 10:20:20
11/4/2024 22:20:19 [Information] Stepper Motor Controller Disable Z Axis controls while moving to location.
11/4/2024 22:20:19 [Information] Time remaining: 00:00:10 zTargetEndTime = 10:20:20
11/4/2024 22:20:19 [Information] Stepper Motor Controller Disable Z Axis controls while moving to location.
11/4/2024 22:20:19 [Information] Time remaining: 00:00:10 zTargetEndTime = 10:20:20
11/4/2024 22:20:19 [Information] Stepper Motor Controller Disable Z Axis controls while moving to location.
11/4/2024 22:20:19 [Information] Time remaining: 00:00:10 zTargetEndTime = 10:20:20
11/4/2024 22:20:19 [Information] Stepper Motor Controller Disable Z Axis controls while moving to location.
11/4/2024 22:20:19 [Information] Time remaining: 00:00:10 zTargetEndTime = 10:20:20
11/4/2024 22:20:20 [Information] Stepper Motor Controller Disable Z Axis controls while moving to location.
11/4/2024 22:20:20 [Information] Time remaining: 00:00:10 zTargetEndTime = 10:20:20
11/4/2024 22:20:20 [Information] Stepper Motor Controller Disable Z Axis controls while moving to location.
11/4/2024 22:20:20 [Information] Time remaining: 00:00:10 zTargetEndTime = 10:20:20
11/4/2024 22:20:20 [Information] Stepper Motor Controller Disable Z Axis controls while moving to location.
11/4/2024 22:20:20 [Information] Time remaining: 00:00:10 zTargetEndTime = 10:20:20
11/4/2024 22:20:20 [Information] Stepper Motor Controller Disable Z Axis controls while moving to location.
11/4/2024 22:20:20 [Information] Time remaining: 00:00:10 zTargetEndTime = 10:20:20
11/4/2024 22:20:20 [Information] Stepper Motor Controller Disable Z Axis controls while moving to location.
11/4/2024 22:20:20 [Information] Time remaining: 00:00:10 zTargetEndTime = 10:20:20
11/4/2024 22:20:20 [Information] Stepper Motor Controller Disable Z Axis controls while moving to location.
11/4/2024 22:20:20 [Information] Time remaining: 00:00:10 zTargetEndTime = 10:20:20
11/4/2024 22:20:20 [Information] Stepper Motor Controller Disable Z Axis controls while moving to location.
11/4/2024 22:20:20 [Information] Time remaining: 00:00:10 zTargetEndTime = 10:20:20
11/4/2024 22:20:20 [Information] Stepper Motor Controller Disable Z Axis controls while moving to location.
11/4/2024 22:20:20 [Information] Time remaining: 00:00:10 zTargetEndTime = 10:20:20
11/4/2024 22:20:20 [Information] Stepper Motor Controller Disable Z Axis controls while moving to location.
11/4/2024 22:20:20 [Information] Time remaining: 00:00:10 zTargetEndTime = 10:20:20
11/4/2024 22:20:20 [Information] Stepper Motor Controller Disable Z Axis controls while moving to location.
11/4/2024 22:20:20 [Information] Time remaining: 00:00:10 zTargetEndTime = 10:20:20
11/4/2024 22:20:20 [Information] Stepper Motor Controller Disable Z Axis controls while moving to location.
11/4/2024 22:20:20 [Information] Time remaining: 00:00:10 zTargetEndTime = 10:20:20
11/4/2024 22:20:20 [Information] Stepper Motor Controller Disable Z Axis controls while moving to location.
11/4/2024 22:20:20 [Information] Time remaining: 00:00:10 zTargetEndTime = 10:20:20
11/4/2024 22:20:20 [Information] Stepper Motor Controller Disable Z Axis controls while moving to location.
11/4/2024 22:20:20 [Information] Time remaining: 00:00:10 zTargetEndTime = 10:20:20
11/4/2024 22:20:20 [Information] Stepper Motor Controller Disable Z Axis controls while moving to location.
11/4/2024 22:20:20 [Information] Time remaining: 00:00:10 zTargetEndTime = 10:20:20
11/4/2024 22:20:20 [Information] Stepper Motor Controller Disable Z Axis controls while moving to location.
11/4/2024 22:20:20 [Information] Time remaining: 00:00:10 zTargetEndTime = 10:20:20
11/4/2024 22:20:20 [Information] Stepper Motor Controller Disable Z Axis controls while moving to location.
11/4/2024 22:20:20 [Information] Time remaining: 00:00:10 zTargetEndTime = 10:20:20
11/4/2024 22:20:20 [Information] Stepper Motor Controller Disable Z Axis controls while moving to location.
11/4/2024 22:20:20 [Information] Time remaining: 00:00:10 zTargetEndTime = 10:20:20
11/4/2024 22:20:20 [Information] Stepper Motor Controller Disable Z Axis controls while moving to location.
11/4/2024 22:20:20 [Information] Time remaining: 00:00:10 zTargetEndTime = 10:20:20
11/4/2024 22:20:20 [Information] Stepper Motor Controller Disable Z Axis controls while moving to location.
11/4/2024 22:20:20 [Information] Time remaining: 00:00:10 zTargetEndTime = 10:20:20
11/4/2024 22:20:20 [Information] Stepper Motor Controller Enable Z Axis controls after moving to location.
11/4/2024 22:20:20 [Information] Stepper Motor Controller Stopwatch Stopped.
11/4/2024 22:20:20 [Information] Stepper Motor Controller Timer Stopped.
11/4/2024 22:20:20 [Information] Stepper Motor Controller Stopwatch Reset.
11/4/2024 22:20:37 [Information] ZAxisRun_Click button clicked:
11/4/2024 22:20:37 [Information] Z Axis negative value: -41.34 converted to positive decimal: 41.34
11/4/2024 22:20:37 [Information] Z Axis MotorMovementSeconds decimal: (41.34 / 4) / 2 = 5.1675
11/4/2024 22:20:37 [Information] Z Axis myMovementTimer int: 1000 * 5.1675 = 5000
11/4/2024 22:20:38 [Information] Z Axis Run Event: Z,0.00,400.00,0,0.00,400.00,0,-41.34,400.00,0
11/4/2024 22:20:38 [Information] Z Axis Current Time: 10:20:38 + 5000 = zTargetEndTime: 10:20:43
11/4/2024 22:20:38 [Information] Stepper Motor Controller Disable Z Axis controls while moving to location.
11/4/2024 22:20:38 [Information] Time remaining: 00:00:00 zTargetEndTime = 10:20:43
11/4/2024 22:20:38 [Information] Stepper Motor Controller Disable Z Axis controls while moving to location.
11/4/2024 22:20:38 [Information] Time remaining: 00:00:00 zTargetEndTime = 10:20:43
11/4/2024 22:20:38 [Information] Stepper Motor Controller Disable Z Axis controls while moving to location.
11/4/2024 22:20:38 [Information] Time remaining: 00:00:00 zTargetEndTime = 10:20:43
11/4/2024 22:20:38 [Information] Stepper Motor Controller Disable Z Axis controls while moving to location.
11/4/2024 22:20:38 [Information] Time remaining: 00:00:00 zTargetEndTime = 10:20:43
11/4/2024 22:20:38 [Information] Stepper Motor Controller Disable Z Axis controls while moving to location.
11/4/2024 22:20:38 [Information] Time remaining: 00:00:00 zTargetEndTime = 10:20:43
11/4/2024 22:20:38 [Information] Stepper Motor Controller Disable Z Axis controls while moving to location.
11/4/2024 22:20:38 [Information] Time remaining: 00:00:00 zTargetEndTime = 10:20:43
11/4/2024 22:20:38 [Information] Stepper Motor Controller Disable Z Axis controls while moving to location.
11/4/2024 22:20:38 [Information] Time remaining: 00:00:00 zTargetEndTime = 10:20:43
11/4/2024 22:20:38 [Information] Stepper Motor Controller Disable Z Axis controls while moving to location.
11/4/2024 22:20:38 [Information] Time remaining: 00:00:00 zTargetEndTime = 10:20:43
11/4/2024 22:20:38 [Information] Stepper Motor Controller Disable Z Axis controls while moving to location.
11/4/2024 22:20:38 [Information] Time remaining: 00:00:00 zTargetEndTime = 10:20:43
11/4/2024 22:20:38 [Information] Stepper Motor Controller Disable Z Axis controls while moving to location.
11/4/2024 22:20:38 [Information] Time remaining: 00:00:00 zTargetEndTime = 10:20:43
11/4/2024 22:20:38 [Information] Stepper Motor Controller Disable Z Axis controls while moving to location.
11/4/2024 22:20:38 [Information] Time remaining: 00:00:00 zTargetEndTime = 10:20:43
11/4/2024 22:20:38 [Information] Stepper Motor Controller Disable Z Axis controls while moving to location.
11/4/2024 22:20:38 [Information] Time remaining: 00:00:00 zTargetEndTime = 10:20:43
11/4/2024 22:20:38 [Information] Stepper Motor Controller Disable Z Axis controls while moving to location.
11/4/2024 22:20:38 [Information] Time remaining: 00:00:00 zTargetEndTime = 10:20:43
11/4/2024 22:20:38 [Information] Stepper Motor Controller Disable Z Axis controls while moving to location.
11/4/2024 22:20:38 [Information] Time remaining: 00:00:00 zTargetEndTime = 10:20:43
11/4/2024 22:20:38 [Information] Stepper Motor Controller Disable Z Axis controls while moving to location.
11/4/2024 22:20:38 [Information] Time remaining: 00:00:00 zTargetEndTime = 10:20:43
11/4/2024 22:20:38 [Information] Stepper Motor Controller Disable Z Axis controls while moving to location.
11/4/2024 22:20:38 [Information] Time remaining: 00:00:00 zTargetEndTime = 10:20:43
11/4/2024 22:20:38 [Information] Stepper Motor Controller Disable Z Axis controls while moving to location.
11/4/2024 22:20:38 [Information] Time remaining: 00:00:00 zTargetEndTime = 10:20:43
11/4/2024 22:20:38 [Information] Stepper Motor Controller Disable Z Axis controls while moving to location.
11/4/2024 22:20:38 [Information] Time remaining: 00:00:00 zTargetEndTime = 10:20:43
11/4/2024 22:20:38 [Information] Stepper Motor Controller Disable Z Axis controls while moving to location.
11/4/2024 22:20:38 [Information] Time remaining: 00:00:00 zTargetEndTime = 10:20:43
11/4/2024 22:20:38 [Information] Stepper Motor Controller Disable Z Axis controls while moving to location.
11/4/2024 22:20:38 [Information] Time remaining: 00:00:00 zTargetEndTime = 10:20:43
11/4/2024 22:20:38 [Information] Stepper Motor Controller Disable Z Axis controls while moving to location.
11/4/2024 22:20:38 [Information] Time remaining: 00:00:00 zTargetEndTime = 10:20:43
11/4/2024 22:20:38 [Information] Stepper Motor Controller Disable Z Axis controls while moving to location.
11/4/2024 22:20:38 [Information] Time remaining: 00:00:00 zTargetEndTime = 10:20:43
11/4/2024 22:20:38 [Information] Stepper Motor Controller Disable Z Axis controls while moving to location.
11/4/2024 22:20:38 [Information] Time remaining: 00:00:00 zTargetEndTime = 10:20:43
11/4/2024 22:20:38 [Information] Stepper Motor Controller Disable Z Axis controls while moving to location.
11/4/2024 22:20:38 [Information] Time remaining: 00:00:00 zTargetEndTime = 10:20:43
11/4/2024 22:20:38 [Information] Stepper Motor Controller Disable Z Axis controls while moving to location.
11/4/2024 22:20:38 [Information] Time remaining: 00:00:00 zTargetEndTime = 10:20:43
11/4/2024 22:20:38 [Information] Stepper Motor Controller Disable Z Axis controls while moving to location.
11/4/2024 22:20:38 [Information] Time remaining: 00:00:00 zTargetEndTime = 10:20:43
11/4/2024 22:20:38 [Information] Stepper Motor Controller Disable Z Axis controls while moving to location.
11/4/2024 22:20:38 [Information] Time remaining: 00:00:00 zTargetEndTime = 10:20:43
11/4/2024 22:20:38 [Information] Stepper Motor Controller Disable Z Axis controls while moving to location.
11/4/2024 22:20:38 [Information] Time remaining: 00:00:00 zTargetEndTime = 10:20:43
11/4/2024 22:20:38 [Information] Stepper Motor Controller Disable Z Axis controls while moving to location.
11/4/2024 22:20:38 [Information] Time remaining: 00:00:00 zTargetEndTime = 10:20:43
11/4/2024 22:20:38 [Information] Stepper Motor Controller Disable Z Axis controls while moving to location.
11/4/2024 22:20:38 [Information] Time remaining: 00:00:00 zTargetEndTime = 10:20:43
11/4/2024 22:20:38 [Information] Stepper Motor Controller Disable Z Axis controls while moving to location.
11/4/2024 22:20:38 [Information] Time remaining: 00:00:00 zTargetEndTime = 10:20:43
11/4/2024 22:20:38 [Information] Stepper Motor Controller Disable Z Axis controls while moving to location.
11/4/2024 22:20:38 [Information] Time remaining: 00:00:00 zTargetEndTime = 10:20:43
11/4/2024 22:20:38 [Information] Stepper Motor Controller Disable Z Axis controls while moving to location.
11/4/2024 22:20:38 [Information] Time remaining: 00:00:00 zTargetEndTime = 10:20:43
11/4/2024 22:20:38 [Information] Stepper Motor Controller Disable Z Axis controls while moving to location.
11/4/2024 22:20:38 [Information] Time remaining: 00:00:00 zTargetEndTime = 10:20:43
11/4/2024 22:20:38 [Information] Stepper Motor Controller Disable Z Axis controls while moving to location.
11/4/2024 22:20:38 [Information] Time remaining: 00:00:00 zTargetEndTime = 10:20:43
11/4/2024 22:20:38 [Information] Stepper Motor Controller Disable Z Axis controls while moving to location.
11/4/2024 22:20:38 [Information] Time remaining: 00:00:00 zTargetEndTime = 10:20:43
11/4/2024 22:20:38 [Information] Stepper Motor Controller Disable Z Axis controls while moving to location.
11/4/2024 22:20:38 [Information] Time remaining: 00:00:00 zTargetEndTime = 10:20:43
11/4/2024 22:20:38 [Information] Stepper Motor Controller Disable Z Axis controls while moving to location.
11/4/2024 22:20:38 [Information] Time remaining: 00:00:00 zTargetEndTime = 10:20:43
11/4/2024 22:20:38 [Information] Stepper Motor Controller Disable Z Axis controls while moving to location.
11/4/2024 22:20:38 [Information] Time remaining: 00:00:00 zTargetEndTime = 10:20:43
11/4/2024 22:20:38 [Information] Stepper Motor Controller Disable Z Axis controls while moving to location.
11/4/2024 22:20:38 [Information] Time remaining: 00:00:00 zTargetEndTime = 10:20:43
11/4/2024 22:20:38 [Information] Stepper Motor Controller Disable Z Axis controls while moving to location.
11/4/2024 22:20:38 [Information] Time remaining: 00:00:00 zTargetEndTime = 10:20:43
11/4/2024 22:20:38 [Information] Stepper Motor Controller Disable Z Axis controls while moving to location.
11/4/2024 22:20:38 [Information] Time remaining: 00:00:00 zTargetEndTime = 10:20:43
11/4/2024 22:20:38 [Information] Stepper Motor Controller Disable Z Axis controls while moving to location.
11/4/2024 22:20:38 [Information] Time remaining: 00:00:00 zTargetEndTime = 10:20:43
11/4/2024 22:20:38 [Information] Stepper Motor Controller Disable Z Axis controls while moving to location.
11/4/2024 22:20:38 [Information] Time remaining: 00:00:00 zTargetEndTime = 10:20:43
11/4/2024 22:20:38 [Information] Stepper Motor Controller Disable Z Axis controls while moving to location.
11/4/2024 22:20:38 [Information] Time remaining: 00:00:00 zTargetEndTime = 10:20:43
11/4/2024 22:20:38 [Information] Stepper Motor Controller Disable Z Axis controls while moving to location.
11/4/2024 22:20:38 [Information] Time remaining: 00:00:00 zTargetEndTime = 10:20:43
11/4/2024 22:20:38 [Information] Stepper Motor Controller Disable Z Axis controls while moving to location.
11/4/2024 22:20:38 [Information] Time remaining: 00:00:00 zTargetEndTime = 10:20:43
11/4/2024 22:20:38 [Information] Stepper Motor Controller Disable Z Axis controls while moving to location.
11/4/2024 22:20:38 [Information] Time remaining: 00:00:00 zTargetEndTime = 10:20:43
11/4/2024 22:20:38 [Information] Stepper Motor Controller Disable Z Axis controls while moving to location.
11/4/2024 22:20:38 [Information] Time remaining: 00:00:00 zTargetEndTime = 10:20:43
11/4/2024 22:20:38 [Information] Stepper Motor Controller Disable Z Axis controls while moving to location.
11/4/2024 22:20:38 [Information] Time remaining: 00:00:00 zTargetEndTime = 10:20:43
11/4/2024 22:20:39 [Information] Stepper Motor Controller Disable Z Axis controls while moving to location.
11/4/2024 22:20:39 [Information] Time remaining: 00:00:00 zTargetEndTime = 10:20:43
11/4/2024 22:20:39 [Information] Stepper Motor Controller Disable Z Axis controls while moving to location.
11/4/2024 22:20:39 [Information] Time remaining: 00:00:00 zTargetEndTime = 10:20:43
11/4/2024 22:20:39 [Information] Stepper Motor Controller Disable Z Axis controls while moving to location.
11/4/2024 22:20:39 [Information] Time remaining: 00:00:00 zTargetEndTime = 10:20:43
11/4/2024 22:20:39 [Information] Stepper Motor Controller Disable Z Axis controls while moving to location.
11/4/2024 22:20:39 [Information] Time remaining: 00:00:00 zTargetEndTime = 10:20:43
11/4/2024 22:20:39 [Information] Stepper Motor Controller Disable Z Axis controls while moving to location.
11/4/2024 22:20:39 [Information] Time remaining: 00:00:00 zTargetEndTime = 10:20:43
11/4/2024 22:20:39 [Information] Stepper Motor Controller Disable Z Axis controls while moving to location.
11/4/2024 22:20:39 [Information] Time remaining: 00:00:00 zTargetEndTime = 10:20:43
11/4/2024 22:20:39 [Information] Stepper Motor Controller Disable Z Axis controls while moving to location.
11/4/2024 22:20:39 [Information] Time remaining: 00:00:00 zTargetEndTime = 10:20:43
11/4/2024 22:20:39 [Information] Stepper Motor Controller Disable Z Axis controls while moving to location.
11/4/2024 22:20:39 [Information] Time remaining: 00:00:00 zTargetEndTime = 10:20:43
11/4/2024 22:20:39 [Information] Stepper Motor Controller Disable Z Axis controls while moving to location.
11/4/2024 22:20:39 [Information] Time remaining: 00:00:00 zTargetEndTime = 10:20:43
11/4/2024 22:20:39 [Information] Stepper Motor Controller Disable Z Axis controls while moving to location.
11/4/2024 22:20:39 [Information] Time remaining: 00:00:01 zTargetEndTime = 10:20:43
11/4/2024 22:20:39 [Information] Stepper Motor Controller Disable Z Axis controls while moving to location.
11/4/2024 22:20:39 [Information] Time remaining: 00:00:01 zTargetEndTime = 10:20:43
11/4/2024 22:20:39 [Information] Stepper Motor Controller Disable Z Axis controls while moving to location.
11/4/2024 22:20:39 [Information] Time remaining: 00:00:01 zTargetEndTime = 10:20:43
11/4/2024 22:20:39 [Information] Stepper Motor Controller Disable Z Axis controls while moving to location.
11/4/2024 22:20:39 [Information] Time remaining: 00:00:01 zTargetEndTime = 10:20:43
11/4/2024 22:20:39 [Information] Stepper Motor Controller Disable Z Axis controls while moving to location.
11/4/2024 22:20:39 [Information] Time remaining: 00:00:01 zTargetEndTime = 10:20:43
11/4/2024 22:20:39 [Information] Stepper Motor Controller Disable Z Axis controls while moving to location.
11/4/2024 22:20:39 [Information] Time remaining: 00:00:01 zTargetEndTime = 10:20:43
11/4/2024 22:20:39 [Information] Stepper Motor Controller Disable Z Axis controls while moving to location.
11/4/2024 22:20:39 [Information] Time remaining: 00:00:01 zTargetEndTime = 10:20:43
11/4/2024 22:20:39 [Information] Stepper Motor Controller Disable Z Axis controls while moving to location.
11/4/2024 22:20:39 [Information] Time remaining: 00:00:01 zTargetEndTime = 10:20:43
11/4/2024 22:20:39 [Information] Stepper Motor Controller Disable Z Axis controls while moving to location.
11/4/2024 22:20:39 [Information] Time remaining: 00:00:01 zTargetEndTime = 10:20:43
11/4/2024 22:20:39 [Information] Stepper Motor Controller Disable Z Axis controls while moving to location.
11/4/2024 22:20:39 [Information] Time remaining: 00:00:01 zTargetEndTime = 10:20:43
11/4/2024 22:20:39 [Information] Stepper Motor Controller Disable Z Axis controls while moving to location.
11/4/2024 22:20:39 [Information] Time remaining: 00:00:01 zTargetEndTime = 10:20:43
11/4/2024 22:20:39 [Information] Stepper Motor Controller Disable Z Axis controls while moving to location.
11/4/2024 22:20:39 [Information] Time remaining: 00:00:01 zTargetEndTime = 10:20:43
11/4/2024 22:20:39 [Information] Stepper Motor Controller Disable Z Axis controls while moving to location.
11/4/2024 22:20:39 [Information] Time remaining: 00:00:01 zTargetEndTime = 10:20:43
11/4/2024 22:20:39 [Information] Stepper Motor Controller Disable Z Axis controls while moving to location.
11/4/2024 22:20:39 [Information] Time remaining: 00:00:01 zTargetEndTime = 10:20:43
11/4/2024 22:20:39 [Information] Stepper Motor Controller Disable Z Axis controls while moving to location.
11/4/2024 22:20:39 [Information] Time remaining: 00:00:01 zTargetEndTime = 10:20:43
11/4/2024 22:20:39 [Information] Stepper Motor Controller Disable Z Axis controls while moving to location.
11/4/2024 22:20:39 [Information] Time remaining: 00:00:01 zTargetEndTime = 10:20:43
11/4/2024 22:20:39 [Information] Stepper Motor Controller Disable Z Axis controls while moving to location.
11/4/2024 22:20:39 [Information] Time remaining: 00:00:01 zTargetEndTime = 10:20:43
11/4/2024 22:20:39 [Information] Stepper Motor Controller Disable Z Axis controls while moving to location.
11/4/2024 22:20:39 [Information] Time remaining: 00:00:01 zTargetEndTime = 10:20:43
11/4/2024 22:20:39 [Information] Stepper Motor Controller Disable Z Axis controls while moving to location.
11/4/2024 22:20:39 [Information] Time remaining: 00:00:01 zTargetEndTime = 10:20:43
11/4/2024 22:20:39 [Information] Stepper Motor Controller Disable Z Axis controls while moving to location.
11/4/2024 22:20:39 [Information] Time remaining: 00:00:01 zTargetEndTime = 10:20:43
11/4/2024 22:20:39 [Information] Stepper Motor Controller Disable Z Axis controls while moving to location.
11/4/2024 22:20:39 [Information] Time remaining: 00:00:01 zTargetEndTime = 10:20:43
11/4/2024 22:20:39 [Information] Stepper Motor Controller Disable Z Axis controls while moving to location.
11/4/2024 22:20:39 [Information] Time remaining: 00:00:01 zTargetEndTime = 10:20:43
11/4/2024 22:20:39 [Information] Stepper Motor Controller Disable Z Axis controls while moving to location.
11/4/2024 22:20:39 [Information] Time remaining: 00:00:01 zTargetEndTime = 10:20:43
11/4/2024 22:20:39 [Information] Stepper Motor Controller Disable Z Axis controls while moving to location.
11/4/2024 22:20:39 [Information] Time remaining: 00:00:01 zTargetEndTime = 10:20:43
11/4/2024 22:20:39 [Information] Stepper Motor Controller Disable Z Axis controls while moving to location.
11/4/2024 22:20:39 [Information] Time remaining: 00:00:01 zTargetEndTime = 10:20:43
11/4/2024 22:20:39 [Information] Stepper Motor Controller Disable Z Axis controls while moving to location.
11/4/2024 22:20:39 [Information] Time remaining: 00:00:01 zTargetEndTime = 10:20:43
11/4/2024 22:20:39 [Information] Stepper Motor Controller Disable Z Axis controls while moving to location.
11/4/2024 22:20:39 [Information] Time remaining: 00:00:01 zTargetEndTime = 10:20:43
11/4/2024 22:20:39 [Information] Stepper Motor Controller Disable Z Axis controls while moving to location.
11/4/2024 22:20:39 [Information] Time remaining: 00:00:01 zTargetEndTime = 10:20:43
11/4/2024 22:20:39 [Information] Stepper Motor Controller Disable Z Axis controls while moving to location.
11/4/2024 22:20:39 [Information] Time remaining: 00:00:01 zTargetEndTime = 10:20:43
11/4/2024 22:20:39 [Information] Stepper Motor Controller Disable Z Axis controls while moving to location.
11/4/2024 22:20:39 [Information] Time remaining: 00:00:01 zTargetEndTime = 10:20:43
11/4/2024 22:20:39 [Information] Stepper Motor Controller Disable Z Axis controls while moving to location.
11/4/2024 22:20:39 [Information] Time remaining: 00:00:01 zTargetEndTime = 10:20:43
11/4/2024 22:20:39 [Information] Stepper Motor Controller Disable Z Axis controls while moving to location.
11/4/2024 22:20:39 [Information] Time remaining: 00:00:01 zTargetEndTime = 10:20:43
11/4/2024 22:20:39 [Information] Stepper Motor Controller Disable Z Axis controls while moving to location.
11/4/2024 22:20:39 [Information] Time remaining: 00:00:01 zTargetEndTime = 10:20:43
11/4/2024 22:20:39 [Information] Stepper Motor Controller Disable Z Axis controls while moving to location.
11/4/2024 22:20:39 [Information] Time remaining: 00:00:01 zTargetEndTime = 10:20:43
11/4/2024 22:20:39 [Information] Stepper Motor Controller Disable Z Axis controls while moving to location.
11/4/2024 22:20:39 [Information] Time remaining: 00:00:01 zTargetEndTime = 10:20:43
11/4/2024 22:20:39 [Information] Stepper Motor Controller Disable Z Axis controls while moving to location.
11/4/2024 22:20:39 [Information] Time remaining: 00:00:01 zTargetEndTime = 10:20:43
11/4/2024 22:20:39 [Information] Stepper Motor Controller Disable Z Axis controls while moving to location.
11/4/2024 22:20:39 [Information] Time remaining: 00:00:01 zTargetEndTime = 10:20:43
11/4/2024 22:20:39 [Information] Stepper Motor Controller Disable Z Axis controls while moving to location.
11/4/2024 22:20:39 [Information] Time remaining: 00:00:01 zTargetEndTime = 10:20:43
11/4/2024 22:20:39 [Information] Stepper Motor Controller Disable Z Axis controls while moving to location.
11/4/2024 22:20:39 [Information] Time remaining: 00:00:01 zTargetEndTime = 10:20:43
11/4/2024 22:20:39 [Information] Stepper Motor Controller Disable Z Axis controls while moving to location.
11/4/2024 22:20:39 [Information] Time remaining: 00:00:01 zTargetEndTime = 10:20:43
11/4/2024 22:20:39 [Information] Stepper Motor Controller Disable Z Axis controls while moving to location.
11/4/2024 22:20:39 [Information] Time remaining: 00:00:01 zTargetEndTime = 10:20:43
11/4/2024 22:20:39 [Information] Stepper Motor Controller Disable Z Axis controls while moving to location.
11/4/2024 22:20:39 [Information] Time remaining: 00:00:01 zTargetEndTime = 10:20:43
11/4/2024 22:20:39 [Information] Stepper Motor Controller Disable Z Axis controls while moving to location.
11/4/2024 22:20:39 [Information] Time remaining: 00:00:01 zTargetEndTime = 10:20:43
11/4/2024 22:20:39 [Information] Stepper Motor Controller Disable Z Axis controls while moving to location.
11/4/2024 22:20:39 [Information] Time remaining: 00:00:01 zTargetEndTime = 10:20:43
11/4/2024 22:20:39 [Information] Stepper Motor Controller Disable Z Axis controls while moving to location.
11/4/2024 22:20:39 [Information] Time remaining: 00:00:01 zTargetEndTime = 10:20:43
11/4/2024 22:20:39 [Information] Stepper Motor Controller Disable Z Axis controls while moving to location.
11/4/2024 22:20:39 [Information] Time remaining: 00:00:01 zTargetEndTime = 10:20:43
11/4/2024 22:20:39 [Information] Stepper Motor Controller Disable Z Axis controls while moving to location.
11/4/2024 22:20:39 [Information] Time remaining: 00:00:01 zTargetEndTime = 10:20:43
11/4/2024 22:20:39 [Information] Stepper Motor Controller Disable Z Axis controls while moving to location.
11/4/2024 22:20:39 [Information] Time remaining: 00:00:01 zTargetEndTime = 10:20:43
11/4/2024 22:20:39 [Information] Stepper Motor Controller Disable Z Axis controls while moving to location.
11/4/2024 22:20:39 [Information] Time remaining: 00:00:01 zTargetEndTime = 10:20:43
11/4/2024 22:20:39 [Information] Stepper Motor Controller Disable Z Axis controls while moving to location.
11/4/2024 22:20:39 [Information] Time remaining: 00:00:01 zTargetEndTime = 10:20:43
11/4/2024 22:20:39 [Information] Stepper Motor Controller Disable Z Axis controls while moving to location.
11/4/2024 22:20:39 [Information] Time remaining: 00:00:01 zTargetEndTime = 10:20:43
11/4/2024 22:20:40 [Information] Stepper Motor Controller Disable Z Axis controls while moving to location.
11/4/2024 22:20:40 [Information] Time remaining: 00:00:01 zTargetEndTime = 10:20:43
11/4/2024 22:20:40 [Information] Stepper Motor Controller Disable Z Axis controls while moving to location.
11/4/2024 22:20:40 [Information] Time remaining: 00:00:01 zTargetEndTime = 10:20:43
11/4/2024 22:20:40 [Information] Stepper Motor Controller Disable Z Axis controls while moving to location.
11/4/2024 22:20:40 [Information] Time remaining: 00:00:01 zTargetEndTime = 10:20:43
11/4/2024 22:20:40 [Information] Stepper Motor Controller Disable Z Axis controls while moving to location.
11/4/2024 22:20:40 [Information] Time remaining: 00:00:01 zTargetEndTime = 10:20:43
11/4/2024 22:20:40 [Information] Stepper Motor Controller Disable Z Axis controls while moving to location.
11/4/2024 22:20:40 [Information] Time remaining: 00:00:01 zTargetEndTime = 10:20:43
11/4/2024 22:20:40 [Information] Stepper Motor Controller Disable Z Axis controls while moving to location.
11/4/2024 22:20:40 [Information] Time remaining: 00:00:01 zTargetEndTime = 10:20:43
11/4/2024 22:20:40 [Information] Stepper Motor Controller Disable Z Axis controls while moving to location.
11/4/2024 22:20:40 [Information] Time remaining: 00:00:01 zTargetEndTime = 10:20:43
11/4/2024 22:20:40 [Information] Stepper Motor Controller Disable Z Axis controls while moving to location.
11/4/2024 22:20:40 [Information] Time remaining: 00:00:01 zTargetEndTime = 10:20:43
11/4/2024 22:20:40 [Information] Stepper Motor Controller Disable Z Axis controls while moving to location.
11/4/2024 22:20:40 [Information] Time remaining: 00:00:01 zTargetEndTime = 10:20:43
11/4/2024 22:20:40 [Information] Stepper Motor Controller Disable Z Axis controls while moving to location.
11/4/2024 22:20:40 [Information] Time remaining: 00:00:01 zTargetEndTime = 10:20:43
11/4/2024 22:20:40 [Information] Stepper Motor Controller Disable Z Axis controls while moving to location.
11/4/2024 22:20:40 [Information] Time remaining: 00:00:01 zTargetEndTime = 10:20:43
11/4/2024 22:20:40 [Information] Stepper Motor Controller Disable Z Axis controls while moving to location.
11/4/2024 22:20:40 [Information] Time remaining: 00:00:02 zTargetEndTime = 10:20:43
11/4/2024 22:20:40 [Information] Stepper Motor Controller Disable Z Axis controls while moving to location.
11/4/2024 22:20:40 [Information] Time remaining: 00:00:02 zTargetEndTime = 10:20:43
11/4/2024 22:20:40 [Information] Stepper Motor Controller Disable Z Axis controls while moving to location.
11/4/2024 22:20:40 [Information] Time remaining: 00:00:02 zTargetEndTime = 10:20:43
11/4/2024 22:20:40 [Information] Stepper Motor Controller Disable Z Axis controls while moving to location.
11/4/2024 22:20:40 [Information] Time remaining: 00:00:02 zTargetEndTime = 10:20:43
11/4/2024 22:20:40 [Information] Stepper Motor Controller Disable Z Axis controls while moving to location.
11/4/2024 22:20:40 [Information] Time remaining: 00:00:02 zTargetEndTime = 10:20:43
11/4/2024 22:20:40 [Information] Stepper Motor Controller Disable Z Axis controls while moving to location.
11/4/2024 22:20:40 [Information] Time remaining: 00:00:02 zTargetEndTime = 10:20:43
11/4/2024 22:20:40 [Information] Stepper Motor Controller Disable Z Axis controls while moving to location.
11/4/2024 22:20:40 [Information] Time remaining: 00:00:02 zTargetEndTime = 10:20:43
11/4/2024 22:20:40 [Information] Stepper Motor Controller Disable Z Axis controls while moving to location.
11/4/2024 22:20:40 [Information] Time remaining: 00:00:02 zTargetEndTime = 10:20:43
11/4/2024 22:20:40 [Information] Stepper Motor Controller Disable Z Axis controls while moving to location.
11/4/2024 22:20:40 [Information] Time remaining: 00:00:02 zTargetEndTime = 10:20:43
11/4/2024 22:20:40 [Information] Stepper Motor Controller Disable Z Axis controls while moving to location.
11/4/2024 22:20:40 [Information] Time remaining: 00:00:02 zTargetEndTime = 10:20:43
11/4/2024 22:20:40 [Information] Stepper Motor Controller Disable Z Axis controls while moving to location.
11/4/2024 22:20:40 [Information] Time remaining: 00:00:02 zTargetEndTime = 10:20:43
11/4/2024 22:20:40 [Information] Stepper Motor Controller Disable Z Axis controls while moving to location.
11/4/2024 22:20:40 [Information] Time remaining: 00:00:02 zTargetEndTime = 10:20:43
11/4/2024 22:20:40 [Information] Stepper Motor Controller Disable Z Axis controls while moving to location.
11/4/2024 22:20:40 [Information] Time remaining: 00:00:02 zTargetEndTime = 10:20:43
11/4/2024 22:20:40 [Information] Stepper Motor Controller Disable Z Axis controls while moving to location.
11/4/2024 22:20:40 [Information] Time remaining: 00:00:02 zTargetEndTime = 10:20:43
11/4/2024 22:20:40 [Information] Stepper Motor Controller Disable Z Axis controls while moving to location.
11/4/2024 22:20:40 [Information] Time remaining: 00:00:02 zTargetEndTime = 10:20:43
11/4/2024 22:20:40 [Information] Stepper Motor Controller Disable Z Axis controls while moving to location.
11/4/2024 22:20:40 [Information] Time remaining: 00:00:02 zTargetEndTime = 10:20:43
11/4/2024 22:20:40 [Information] Stepper Motor Controller Disable Z Axis controls while moving to location.
11/4/2024 22:20:40 [Information] Time remaining: 00:00:02 zTargetEndTime = 10:20:43
11/4/2024 22:20:40 [Information] Stepper Motor Controller Disable Z Axis controls while moving to location.
11/4/2024 22:20:40 [Information] Time remaining: 00:00:02 zTargetEndTime = 10:20:43
11/4/2024 22:20:40 [Information] Stepper Motor Controller Disable Z Axis controls while moving to location.
11/4/2024 22:20:40 [Information] Time remaining: 00:00:02 zTargetEndTime = 10:20:43
11/4/2024 22:20:40 [Information] Stepper Motor Controller Disable Z Axis controls while moving to location.
11/4/2024 22:20:40 [Information] Time remaining: 00:00:02 zTargetEndTime = 10:20:43
11/4/2024 22:20:40 [Information] Stepper Motor Controller Disable Z Axis controls while moving to location.
11/4/2024 22:20:40 [Information] Time remaining: 00:00:02 zTargetEndTime = 10:20:43
11/4/2024 22:20:40 [Information] Stepper Motor Controller Disable Z Axis controls while moving to location.
11/4/2024 22:20:40 [Information] Time remaining: 00:00:02 zTargetEndTime = 10:20:43
11/4/2024 22:20:40 [Information] Stepper Motor Controller Disable Z Axis controls while moving to location.
11/4/2024 22:20:40 [Information] Time remaining: 00:00:02 zTargetEndTime = 10:20:43
11/4/2024 22:20:40 [Information] Stepper Motor Controller Disable Z Axis controls while moving to location.
11/4/2024 22:20:40 [Information] Time remaining: 00:00:02 zTargetEndTime = 10:20:43
11/4/2024 22:20:40 [Information] Stepper Motor Controller Disable Z Axis controls while moving to location.
11/4/2024 22:20:40 [Information] Time remaining: 00:00:02 zTargetEndTime = 10:20:43
11/4/2024 22:20:40 [Information] Stepper Motor Controller Disable Z Axis controls while moving to location.
11/4/2024 22:20:40 [Information] Time remaining: 00:00:02 zTargetEndTime = 10:20:43
11/4/2024 22:20:40 [Information] Stepper Motor Controller Disable Z Axis controls while moving to location.
11/4/2024 22:20:40 [Information] Time remaining: 00:00:02 zTargetEndTime = 10:20:43
11/4/2024 22:20:40 [Information] Stepper Motor Controller Disable Z Axis controls while moving to location.
11/4/2024 22:20:40 [Information] Time remaining: 00:00:02 zTargetEndTime = 10:20:43
11/4/2024 22:20:40 [Information] Stepper Motor Controller Disable Z Axis controls while moving to location.
11/4/2024 22:20:40 [Information] Time remaining: 00:00:02 zTargetEndTime = 10:20:43
11/4/2024 22:20:40 [Information] Stepper Motor Controller Disable Z Axis controls while moving to location.
11/4/2024 22:20:40 [Information] Time remaining: 00:00:02 zTargetEndTime = 10:20:43
11/4/2024 22:20:40 [Information] Stepper Motor Controller Disable Z Axis controls while moving to location.
11/4/2024 22:20:40 [Information] Time remaining: 00:00:02 zTargetEndTime = 10:20:43
11/4/2024 22:20:40 [Information] Stepper Motor Controller Disable Z Axis controls while moving to location.
11/4/2024 22:20:40 [Information] Time remaining: 00:00:02 zTargetEndTime = 10:20:43
11/4/2024 22:20:40 [Information] Stepper Motor Controller Disable Z Axis controls while moving to location.
11/4/2024 22:20:40 [Information] Time remaining: 00:00:02 zTargetEndTime = 10:20:43
11/4/2024 22:20:40 [Information] Stepper Motor Controller Disable Z Axis controls while moving to location.
11/4/2024 22:20:40 [Information] Time remaining: 00:00:02 zTargetEndTime = 10:20:43
11/4/2024 22:20:40 [Information] Stepper Motor Controller Disable Z Axis controls while moving to location.
11/4/2024 22:20:40 [Information] Time remaining: 00:00:02 zTargetEndTime = 10:20:43
11/4/2024 22:20:40 [Information] Stepper Motor Controller Disable Z Axis controls while moving to location.
11/4/2024 22:20:40 [Information] Time remaining: 00:00:02 zTargetEndTime = 10:20:43
11/4/2024 22:20:40 [Information] Stepper Motor Controller Disable Z Axis controls while moving to location.
11/4/2024 22:20:40 [Information] Time remaining: 00:00:02 zTargetEndTime = 10:20:43
11/4/2024 22:20:40 [Information] Stepper Motor Controller Disable Z Axis controls while moving to location.
11/4/2024 22:20:40 [Information] Time remaining: 00:00:02 zTargetEndTime = 10:20:43
11/4/2024 22:20:40 [Information] Stepper Motor Controller Disable Z Axis controls while moving to location.
11/4/2024 22:20:40 [Information] Time remaining: 00:00:02 zTargetEndTime = 10:20:43
11/4/2024 22:20:40 [Information] Stepper Motor Controller Disable Z Axis controls while moving to location.
11/4/2024 22:20:40 [Information] Time remaining: 00:00:02 zTargetEndTime = 10:20:43
11/4/2024 22:20:40 [Information] Stepper Motor Controller Disable Z Axis controls while moving to location.
11/4/2024 22:20:40 [Information] Time remaining: 00:00:02 zTargetEndTime = 10:20:43
11/4/2024 22:20:40 [Information] Stepper Motor Controller Disable Z Axis controls while moving to location.
11/4/2024 22:20:40 [Information] Time remaining: 00:00:02 zTargetEndTime = 10:20:43
11/4/2024 22:20:40 [Information] Stepper Motor Controller Disable Z Axis controls while moving to location.
11/4/2024 22:20:40 [Information] Time remaining: 00:00:02 zTargetEndTime = 10:20:43
11/4/2024 22:20:40 [Information] Stepper Motor Controller Disable Z Axis controls while moving to location.
11/4/2024 22:20:40 [Information] Time remaining: 00:00:02 zTargetEndTime = 10:20:43
11/4/2024 22:20:40 [Information] Stepper Motor Controller Disable Z Axis controls while moving to location.
11/4/2024 22:20:40 [Information] Time remaining: 00:00:02 zTargetEndTime = 10:20:43
11/4/2024 22:20:40 [Information] Stepper Motor Controller Disable Z Axis controls while moving to location.
11/4/2024 22:20:40 [Information] Time remaining: 00:00:02 zTargetEndTime = 10:20:43
11/4/2024 22:20:40 [Information] Stepper Motor Controller Disable Z Axis controls while moving to location.
11/4/2024 22:20:40 [Information] Time remaining: 00:00:02 zTargetEndTime = 10:20:43
11/4/2024 22:20:41 [Information] Stepper Motor Controller Disable Z Axis controls while moving to location.
11/4/2024 22:20:41 [Information] Time remaining: 00:00:02 zTargetEndTime = 10:20:43
11/4/2024 22:20:41 [Information] Stepper Motor Controller Disable Z Axis controls while moving to location.
11/4/2024 22:20:41 [Information] Time remaining: 00:00:02 zTargetEndTime = 10:20:43
11/4/2024 22:20:41 [Information] Stepper Motor Controller Disable Z Axis controls while moving to location.
11/4/2024 22:20:41 [Information] Time remaining: 00:00:02 zTargetEndTime = 10:20:43
11/4/2024 22:20:41 [Information] Stepper Motor Controller Disable Z Axis controls while moving to location.
11/4/2024 22:20:41 [Information] Time remaining: 00:00:02 zTargetEndTime = 10:20:43
11/4/2024 22:20:41 [Information] Stepper Motor Controller Disable Z Axis controls while moving to location.
11/4/2024 22:20:41 [Information] Time remaining: 00:00:02 zTargetEndTime = 10:20:43
11/4/2024 22:20:41 [Information] Stepper Motor Controller Disable Z Axis controls while moving to location.
11/4/2024 22:20:41 [Information] Time remaining: 00:00:02 zTargetEndTime = 10:20:43
11/4/2024 22:20:41 [Information] Stepper Motor Controller Disable Z Axis controls while moving to location.
11/4/2024 22:20:41 [Information] Time remaining: 00:00:02 zTargetEndTime = 10:20:43
11/4/2024 22:20:41 [Information] Stepper Motor Controller Disable Z Axis controls while moving to location.
11/4/2024 22:20:41 [Information] Time remaining: 00:00:02 zTargetEndTime = 10:20:43
11/4/2024 22:20:41 [Information] Stepper Motor Controller Disable Z Axis controls while moving to location.
11/4/2024 22:20:41 [Information] Time remaining: 00:00:02 zTargetEndTime = 10:20:43
11/4/2024 22:20:41 [Information] Stepper Motor Controller Disable Z Axis controls while moving to location.
11/4/2024 22:20:41 [Information] Time remaining: 00:00:02 zTargetEndTime = 10:20:43
11/4/2024 22:20:41 [Information] Stepper Motor Controller Disable Z Axis controls while moving to location.
11/4/2024 22:20:41 [Information] Time remaining: 00:00:03 zTargetEndTime = 10:20:43
11/4/2024 22:20:41 [Information] Stepper Motor Controller Disable Z Axis controls while moving to location.
11/4/2024 22:20:41 [Information] Time remaining: 00:00:03 zTargetEndTime = 10:20:43
11/4/2024 22:20:41 [Information] Stepper Motor Controller Disable Z Axis controls while moving to location.
11/4/2024 22:20:41 [Information] Time remaining: 00:00:03 zTargetEndTime = 10:20:43
11/4/2024 22:20:41 [Information] Stepper Motor Controller Disable Z Axis controls while moving to location.
11/4/2024 22:20:41 [Information] Time remaining: 00:00:03 zTargetEndTime = 10:20:43
11/4/2024 22:20:41 [Information] Stepper Motor Controller Disable Z Axis controls while moving to location.
11/4/2024 22:20:41 [Information] Time remaining: 00:00:03 zTargetEndTime = 10:20:43
11/4/2024 22:20:41 [Information] Stepper Motor Controller Disable Z Axis controls while moving to location.
11/4/2024 22:20:41 [Information] Time remaining: 00:00:03 zTargetEndTime = 10:20:43
11/4/2024 22:20:41 [Information] Stepper Motor Controller Disable Z Axis controls while moving to location.
11/4/2024 22:20:41 [Information] Time remaining: 00:00:03 zTargetEndTime = 10:20:43
11/4/2024 22:20:41 [Information] Stepper Motor Controller Disable Z Axis controls while moving to location.
11/4/2024 22:20:41 [Information] Time remaining: 00:00:03 zTargetEndTime = 10:20:43
11/4/2024 22:20:41 [Information] Stepper Motor Controller Disable Z Axis controls while moving to location.
11/4/2024 22:20:41 [Information] Time remaining: 00:00:03 zTargetEndTime = 10:20:43
11/4/2024 22:20:41 [Information] Stepper Motor Controller Disable Z Axis controls while moving to location.
11/4/2024 22:20:41 [Information] Time remaining: 00:00:03 zTargetEndTime = 10:20:43
11/4/2024 22:20:41 [Information] Stepper Motor Controller Disable Z Axis controls while moving to location.
11/4/2024 22:20:41 [Information] Time remaining: 00:00:03 zTargetEndTime = 10:20:43
11/4/2024 22:20:41 [Information] Stepper Motor Controller Disable Z Axis controls while moving to location.
11/4/2024 22:20:41 [Information] Time remaining: 00:00:03 zTargetEndTime = 10:20:43
11/4/2024 22:20:41 [Information] Stepper Motor Controller Disable Z Axis controls while moving to location.
11/4/2024 22:20:41 [Information] Time remaining: 00:00:03 zTargetEndTime = 10:20:43
11/4/2024 22:20:41 [Information] Stepper Motor Controller Disable Z Axis controls while moving to location.
11/4/2024 22:20:41 [Information] Time remaining: 00:00:03 zTargetEndTime = 10:20:43
11/4/2024 22:20:41 [Information] Stepper Motor Controller Disable Z Axis controls while moving to location.
11/4/2024 22:20:41 [Information] Time remaining: 00:00:03 zTargetEndTime = 10:20:43
11/4/2024 22:20:41 [Information] Stepper Motor Controller Disable Z Axis controls while moving to location.
11/4/2024 22:20:41 [Information] Time remaining: 00:00:03 zTargetEndTime = 10:20:43
11/4/2024 22:20:41 [Information] Stepper Motor Controller Disable Z Axis controls while moving to location.
11/4/2024 22:20:41 [Information] Time remaining: 00:00:03 zTargetEndTime = 10:20:43
11/4/2024 22:20:41 [Information] Stepper Motor Controller Disable Z Axis controls while moving to location.
11/4/2024 22:20:41 [Information] Time remaining: 00:00:03 zTargetEndTime = 10:20:43
11/4/2024 22:20:41 [Information] Stepper Motor Controller Disable Z Axis controls while moving to location.
11/4/2024 22:20:41 [Information] Time remaining: 00:00:03 zTargetEndTime = 10:20:43
11/4/2024 22:20:41 [Information] Stepper Motor Controller Disable Z Axis controls while moving to location.
11/4/2024 22:20:41 [Information] Time remaining: 00:00:03 zTargetEndTime = 10:20:43
11/4/2024 22:20:41 [Information] Stepper Motor Controller Disable Z Axis controls while moving to location.
11/4/2024 22:20:41 [Information] Time remaining: 00:00:03 zTargetEndTime = 10:20:43
11/4/2024 22:20:41 [Information] Stepper Motor Controller Disable Z Axis controls while moving to location.
11/4/2024 22:20:41 [Information] Time remaining: 00:00:03 zTargetEndTime = 10:20:43
11/4/2024 22:20:41 [Information] Stepper Motor Controller Disable Z Axis controls while moving to location.
11/4/2024 22:20:41 [Information] Time remaining: 00:00:03 zTargetEndTime = 10:20:43
11/4/2024 22:20:41 [Information] Stepper Motor Controller Disable Z Axis controls while moving to location.
11/4/2024 22:20:41 [Information] Time remaining: 00:00:03 zTargetEndTime = 10:20:43
11/4/2024 22:20:41 [Information] Stepper Motor Controller Disable Z Axis controls while moving to location.
11/4/2024 22:20:41 [Information] Time remaining: 00:00:03 zTargetEndTime = 10:20:43
11/4/2024 22:20:41 [Information] Stepper Motor Controller Disable Z Axis controls while moving to location.
11/4/2024 22:20:41 [Information] Time remaining: 00:00:03 zTargetEndTime = 10:20:43
11/4/2024 22:20:41 [Information] Stepper Motor Controller Disable Z Axis controls while moving to location.
11/4/2024 22:20:41 [Information] Time remaining: 00:00:03 zTargetEndTime = 10:20:43
11/4/2024 22:20:41 [Information] Stepper Motor Controller Disable Z Axis controls while moving to location.
11/4/2024 22:20:41 [Information] Time remaining: 00:00:03 zTargetEndTime = 10:20:43
11/4/2024 22:20:41 [Information] Stepper Motor Controller Disable Z Axis controls while moving to location.
11/4/2024 22:20:41 [Information] Time remaining: 00:00:03 zTargetEndTime = 10:20:43
11/4/2024 22:20:41 [Information] Stepper Motor Controller Disable Z Axis controls while moving to location.
11/4/2024 22:20:41 [Information] Time remaining: 00:00:03 zTargetEndTime = 10:20:43
11/4/2024 22:20:41 [Information] Stepper Motor Controller Disable Z Axis controls while moving to location.
11/4/2024 22:20:41 [Information] Time remaining: 00:00:03 zTargetEndTime = 10:20:43
11/4/2024 22:20:41 [Information] Stepper Motor Controller Disable Z Axis controls while moving to location.
11/4/2024 22:20:41 [Information] Time remaining: 00:00:03 zTargetEndTime = 10:20:43
11/4/2024 22:20:41 [Information] Stepper Motor Controller Disable Z Axis controls while moving to location.
11/4/2024 22:20:41 [Information] Time remaining: 00:00:03 zTargetEndTime = 10:20:43
11/4/2024 22:20:41 [Information] Stepper Motor Controller Disable Z Axis controls while moving to location.
11/4/2024 22:20:41 [Information] Time remaining: 00:00:03 zTargetEndTime = 10:20:43
11/4/2024 22:20:41 [Information] Stepper Motor Controller Disable Z Axis controls while moving to location.
11/4/2024 22:20:41 [Information] Time remaining: 00:00:03 zTargetEndTime = 10:20:43
11/4/2024 22:20:41 [Information] Stepper Motor Controller Disable Z Axis controls while moving to location.
11/4/2024 22:20:41 [Information] Time remaining: 00:00:03 zTargetEndTime = 10:20:43
11/4/2024 22:20:41 [Information] Stepper Motor Controller Disable Z Axis controls while moving to location.
11/4/2024 22:20:41 [Information] Time remaining: 00:00:03 zTargetEndTime = 10:20:43
11/4/2024 22:20:41 [Information] Stepper Motor Controller Disable Z Axis controls while moving to location.
11/4/2024 22:20:41 [Information] Time remaining: 00:00:03 zTargetEndTime = 10:20:43
11/4/2024 22:20:41 [Information] Stepper Motor Controller Disable Z Axis controls while moving to location.
11/4/2024 22:20:41 [Information] Time remaining: 00:00:03 zTargetEndTime = 10:20:43
11/4/2024 22:20:41 [Information] Stepper Motor Controller Disable Z Axis controls while moving to location.
11/4/2024 22:20:41 [Information] Time remaining: 00:00:03 zTargetEndTime = 10:20:43
11/4/2024 22:20:41 [Information] Stepper Motor Controller Disable Z Axis controls while moving to location.
11/4/2024 22:20:41 [Information] Time remaining: 00:00:03 zTargetEndTime = 10:20:43
11/4/2024 22:20:41 [Information] Stepper Motor Controller Disable Z Axis controls while moving to location.
11/4/2024 22:20:41 [Information] Time remaining: 00:00:03 zTargetEndTime = 10:20:43
11/4/2024 22:20:41 [Information] Stepper Motor Controller Disable Z Axis controls while moving to location.
11/4/2024 22:20:41 [Information] Time remaining: 00:00:03 zTargetEndTime = 10:20:43
11/4/2024 22:20:41 [Information] Stepper Motor Controller Disable Z Axis controls while moving to location.
11/4/2024 22:20:41 [Information] Time remaining: 00:00:03 zTargetEndTime = 10:20:43
11/4/2024 22:20:41 [Information] Stepper Motor Controller Disable Z Axis controls while moving to location.
11/4/2024 22:20:41 [Information] Time remaining: 00:00:03 zTargetEndTime = 10:20:43
11/4/2024 22:20:41 [Information] Stepper Motor Controller Disable Z Axis controls while moving to location.
11/4/2024 22:20:41 [Information] Time remaining: 00:00:03 zTargetEndTime = 10:20:43
11/4/2024 22:20:41 [Information] Stepper Motor Controller Disable Z Axis controls while moving to location.
11/4/2024 22:20:41 [Information] Time remaining: 00:00:03 zTargetEndTime = 10:20:43
11/4/2024 22:20:41 [Information] Stepper Motor Controller Disable Z Axis controls while moving to location.
11/4/2024 22:20:41 [Information] Time remaining: 00:00:03 zTargetEndTime = 10:20:43
11/4/2024 22:20:41 [Information] Stepper Motor Controller Disable Z Axis controls while moving to location.
11/4/2024 22:20:41 [Information] Time remaining: 00:00:03 zTargetEndTime = 10:20:43
11/4/2024 22:20:41 [Information] Stepper Motor Controller Disable Z Axis controls while moving to location.
11/4/2024 22:20:41 [Information] Time remaining: 00:00:03 zTargetEndTime = 10:20:43
11/4/2024 22:20:41 [Information] Stepper Motor Controller Disable Z Axis controls while moving to location.
11/4/2024 22:20:42 [Information] Time remaining: 00:00:03 zTargetEndTime = 10:20:43
11/4/2024 22:20:42 [Information] Stepper Motor Controller Disable Z Axis controls while moving to location.
11/4/2024 22:20:42 [Information] Time remaining: 00:00:03 zTargetEndTime = 10:20:43
11/4/2024 22:20:42 [Information] Stepper Motor Controller Disable Z Axis controls while moving to location.
11/4/2024 22:20:42 [Information] Time remaining: 00:00:03 zTargetEndTime = 10:20:43
11/4/2024 22:20:42 [Information] Stepper Motor Controller Disable Z Axis controls while moving to location.
11/4/2024 22:20:42 [Information] Time remaining: 00:00:03 zTargetEndTime = 10:20:43
11/4/2024 22:20:42 [Information] Stepper Motor Controller Disable Z Axis controls while moving to location.
11/4/2024 22:20:42 [Information] Time remaining: 00:00:03 zTargetEndTime = 10:20:43
11/4/2024 22:20:42 [Information] Stepper Motor Controller Disable Z Axis controls while moving to location.
11/4/2024 22:20:42 [Information] Time remaining: 00:00:03 zTargetEndTime = 10:20:43
11/4/2024 22:20:42 [Information] Stepper Motor Controller Disable Z Axis controls while moving to location.
11/4/2024 22:20:42 [Information] Time remaining: 00:00:03 zTargetEndTime = 10:20:43
11/4/2024 22:20:42 [Information] Stepper Motor Controller Disable Z Axis controls while moving to location.
11/4/2024 22:20:42 [Information] Time remaining: 00:00:03 zTargetEndTime = 10:20:43
11/4/2024 22:20:42 [Information] Stepper Motor Controller Disable Z Axis controls while moving to location.
11/4/2024 22:20:42 [Information] Time remaining: 00:00:03 zTargetEndTime = 10:20:43
11/4/2024 22:20:42 [Information] Stepper Motor Controller Disable Z Axis controls while moving to location.
11/4/2024 22:20:42 [Information] Time remaining: 00:00:03 zTargetEndTime = 10:20:43
11/4/2024 22:20:42 [Information] Stepper Motor Controller Disable Z Axis controls while moving to location.
11/4/2024 22:20:42 [Information] Time remaining: 00:00:03 zTargetEndTime = 10:20:43
11/4/2024 22:20:42 [Information] Stepper Motor Controller Disable Z Axis controls while moving to location.
11/4/2024 22:20:42 [Information] Time remaining: 00:00:04 zTargetEndTime = 10:20:43
11/4/2024 22:20:42 [Information] Stepper Motor Controller Disable Z Axis controls while moving to location.
11/4/2024 22:20:42 [Information] Time remaining: 00:00:04 zTargetEndTime = 10:20:43
11/4/2024 22:20:42 [Information] Stepper Motor Controller Disable Z Axis controls while moving to location.
11/4/2024 22:20:42 [Information] Time remaining: 00:00:04 zTargetEndTime = 10:20:43
11/4/2024 22:20:42 [Information] Stepper Motor Controller Disable Z Axis controls while moving to location.
11/4/2024 22:20:42 [Information] Time remaining: 00:00:04 zTargetEndTime = 10:20:43
11/4/2024 22:20:42 [Information] Stepper Motor Controller Disable Z Axis controls while moving to location.
11/4/2024 22:20:42 [Information] Time remaining: 00:00:04 zTargetEndTime = 10:20:43
11/4/2024 22:20:42 [Information] Stepper Motor Controller Disable Z Axis controls while moving to location.
11/4/2024 22:20:42 [Information] Time remaining: 00:00:04 zTargetEndTime = 10:20:43
11/4/2024 22:20:42 [Information] Stepper Motor Controller Disable Z Axis controls while moving to location.
11/4/2024 22:20:42 [Information] Time remaining: 00:00:04 zTargetEndTime = 10:20:43
11/4/2024 22:20:42 [Information] Stepper Motor Controller Disable Z Axis controls while moving to location.
11/4/2024 22:20:42 [Information] Time remaining: 00:00:04 zTargetEndTime = 10:20:43
11/4/2024 22:20:42 [Information] Stepper Motor Controller Disable Z Axis controls while moving to location.
11/4/2024 22:20:42 [Information] Time remaining: 00:00:04 zTargetEndTime = 10:20:43
11/4/2024 22:20:42 [Information] Stepper Motor Controller Disable Z Axis controls while moving to location.
11/4/2024 22:20:42 [Information] Time remaining: 00:00:04 zTargetEndTime = 10:20:43
11/4/2024 22:20:42 [Information] Stepper Motor Controller Disable Z Axis controls while moving to location.
11/4/2024 22:20:42 [Information] Time remaining: 00:00:04 zTargetEndTime = 10:20:43
11/4/2024 22:20:42 [Information] Stepper Motor Controller Disable Z Axis controls while moving to location.
11/4/2024 22:20:42 [Information] Time remaining: 00:00:04 zTargetEndTime = 10:20:43
11/4/2024 22:20:42 [Information] Stepper Motor Controller Disable Z Axis controls while moving to location.
11/4/2024 22:20:42 [Information] Time remaining: 00:00:04 zTargetEndTime = 10:20:43
11/4/2024 22:20:42 [Information] Stepper Motor Controller Disable Z Axis controls while moving to location.
11/4/2024 22:20:42 [Information] Time remaining: 00:00:04 zTargetEndTime = 10:20:43
11/4/2024 22:20:42 [Information] Stepper Motor Controller Disable Z Axis controls while moving to location.
11/4/2024 22:20:42 [Information] Time remaining: 00:00:04 zTargetEndTime = 10:20:43
11/4/2024 22:20:42 [Information] Stepper Motor Controller Disable Z Axis controls while moving to location.
11/4/2024 22:20:42 [Information] Time remaining: 00:00:04 zTargetEndTime = 10:20:43
11/4/2024 22:20:42 [Information] Stepper Motor Controller Disable Z Axis controls while moving to location.
11/4/2024 22:20:42 [Information] Time remaining: 00:00:04 zTargetEndTime = 10:20:43
11/4/2024 22:20:42 [Information] Stepper Motor Controller Disable Z Axis controls while moving to location.
11/4/2024 22:20:42 [Information] Time remaining: 00:00:04 zTargetEndTime = 10:20:43
11/4/2024 22:20:42 [Information] Stepper Motor Controller Disable Z Axis controls while moving to location.
11/4/2024 22:20:42 [Information] Time remaining: 00:00:04 zTargetEndTime = 10:20:43
11/4/2024 22:20:42 [Information] Stepper Motor Controller Disable Z Axis controls while moving to location.
11/4/2024 22:20:42 [Information] Time remaining: 00:00:04 zTargetEndTime = 10:20:43
11/4/2024 22:20:42 [Information] Stepper Motor Controller Disable Z Axis controls while moving to location.
11/4/2024 22:20:42 [Information] Time remaining: 00:00:04 zTargetEndTime = 10:20:43
11/4/2024 22:20:42 [Information] Stepper Motor Controller Disable Z Axis controls while moving to location.
11/4/2024 22:20:42 [Information] Time remaining: 00:00:04 zTargetEndTime = 10:20:43
11/4/2024 22:20:42 [Information] Stepper Motor Controller Disable Z Axis controls while moving to location.
11/4/2024 22:20:42 [Information] Time remaining: 00:00:04 zTargetEndTime = 10:20:43
11/4/2024 22:20:42 [Information] Stepper Motor Controller Disable Z Axis controls while moving to location.
11/4/2024 22:20:42 [Information] Time remaining: 00:00:04 zTargetEndTime = 10:20:43
11/4/2024 22:20:42 [Information] Stepper Motor Controller Disable Z Axis controls while moving to location.
11/4/2024 22:20:42 [Information] Time remaining: 00:00:04 zTargetEndTime = 10:20:43
11/4/2024 22:20:42 [Information] Stepper Motor Controller Disable Z Axis controls while moving to location.
11/4/2024 22:20:42 [Information] Time remaining: 00:00:04 zTargetEndTime = 10:20:43
11/4/2024 22:20:42 [Information] Stepper Motor Controller Disable Z Axis controls while moving to location.
11/4/2024 22:20:42 [Information] Time remaining: 00:00:04 zTargetEndTime = 10:20:43
11/4/2024 22:20:42 [Information] Stepper Motor Controller Disable Z Axis controls while moving to location.
11/4/2024 22:20:42 [Information] Time remaining: 00:00:04 zTargetEndTime = 10:20:43
11/4/2024 22:20:42 [Information] Stepper Motor Controller Disable Z Axis controls while moving to location.
11/4/2024 22:20:42 [Information] Time remaining: 00:00:04 zTargetEndTime = 10:20:43
11/4/2024 22:20:42 [Information] Stepper Motor Controller Disable Z Axis controls while moving to location.
11/4/2024 22:20:42 [Information] Time remaining: 00:00:04 zTargetEndTime = 10:20:43
11/4/2024 22:20:42 [Information] Stepper Motor Controller Disable Z Axis controls while moving to location.
11/4/2024 22:20:42 [Information] Time remaining: 00:00:04 zTargetEndTime = 10:20:43
11/4/2024 22:20:42 [Information] Stepper Motor Controller Disable Z Axis controls while moving to location.
11/4/2024 22:20:42 [Information] Time remaining: 00:00:04 zTargetEndTime = 10:20:43
11/4/2024 22:20:42 [Information] Stepper Motor Controller Disable Z Axis controls while moving to location.
11/4/2024 22:20:42 [Information] Time remaining: 00:00:04 zTargetEndTime = 10:20:43
11/4/2024 22:20:42 [Information] Stepper Motor Controller Disable Z Axis controls while moving to location.
11/4/2024 22:20:42 [Information] Time remaining: 00:00:04 zTargetEndTime = 10:20:43
11/4/2024 22:20:42 [Information] Stepper Motor Controller Disable Z Axis controls while moving to location.
11/4/2024 22:20:42 [Information] Time remaining: 00:00:04 zTargetEndTime = 10:20:43
11/4/2024 22:20:42 [Information] Stepper Motor Controller Disable Z Axis controls while moving to location.
11/4/2024 22:20:42 [Information] Time remaining: 00:00:04 zTargetEndTime = 10:20:43
11/4/2024 22:20:42 [Information] Stepper Motor Controller Disable Z Axis controls while moving to location.
11/4/2024 22:20:42 [Information] Time remaining: 00:00:04 zTargetEndTime = 10:20:43
11/4/2024 22:20:42 [Information] Stepper Motor Controller Disable Z Axis controls while moving to location.
11/4/2024 22:20:42 [Information] Time remaining: 00:00:04 zTargetEndTime = 10:20:43
11/4/2024 22:20:42 [Information] Stepper Motor Controller Disable Z Axis controls while moving to location.
11/4/2024 22:20:42 [Information] Time remaining: 00:00:04 zTargetEndTime = 10:20:43
11/4/2024 22:20:42 [Information] Stepper Motor Controller Disable Z Axis controls while moving to location.
11/4/2024 22:20:42 [Information] Time remaining: 00:00:04 zTargetEndTime = 10:20:43
11/4/2024 22:20:42 [Information] Stepper Motor Controller Disable Z Axis controls while moving to location.
11/4/2024 22:20:42 [Information] Time remaining: 00:00:04 zTargetEndTime = 10:20:43
11/4/2024 22:20:42 [Information] Stepper Motor Controller Disable Z Axis controls while moving to location.
11/4/2024 22:20:42 [Information] Time remaining: 00:00:04 zTargetEndTime = 10:20:43
11/4/2024 22:20:42 [Information] Stepper Motor Controller Disable Z Axis controls while moving to location.
11/4/2024 22:20:42 [Information] Time remaining: 00:00:04 zTargetEndTime = 10:20:43
11/4/2024 22:20:42 [Information] Stepper Motor Controller Disable Z Axis controls while moving to location.
11/4/2024 22:20:42 [Information] Time remaining: 00:00:04 zTargetEndTime = 10:20:43
11/4/2024 22:20:42 [Information] Stepper Motor Controller Disable Z Axis controls while moving to location.
11/4/2024 22:20:42 [Information] Time remaining: 00:00:04 zTargetEndTime = 10:20:43
11/4/2024 22:20:42 [Information] Stepper Motor Controller Disable Z Axis controls while moving to location.
11/4/2024 22:20:42 [Information] Time remaining: 00:00:04 zTargetEndTime = 10:20:43
11/4/2024 22:20:42 [Information] Stepper Motor Controller Disable Z Axis controls while moving to location.
11/4/2024 22:20:42 [Information] Time remaining: 00:00:04 zTargetEndTime = 10:20:43
11/4/2024 22:20:42 [Information] Stepper Motor Controller Disable Z Axis controls while moving to location.
11/4/2024 22:20:42 [Information] Time remaining: 00:00:04 zTargetEndTime = 10:20:43
11/4/2024 22:20:42 [Information] Stepper Motor Controller Disable Z Axis controls while moving to location.
11/4/2024 22:20:42 [Information] Time remaining: 00:00:04 zTargetEndTime = 10:20:43
11/4/2024 22:20:43 [Information] Stepper Motor Controller Disable Z Axis controls while moving to location.
11/4/2024 22:20:43 [Information] Time remaining: 00:00:04 zTargetEndTime = 10:20:43
11/4/2024 22:20:43 [Information] Stepper Motor Controller Disable Z Axis controls while moving to location.
11/4/2024 22:20:43 [Information] Time remaining: 00:00:04 zTargetEndTime = 10:20:43
11/4/2024 22:20:43 [Information] Stepper Motor Controller Disable Z Axis controls while moving to location.
11/4/2024 22:20:43 [Information] Time remaining: 00:00:04 zTargetEndTime = 10:20:43
11/4/2024 22:20:43 [Information] Stepper Motor Controller Disable Z Axis controls while moving to location.
11/4/2024 22:20:43 [Information] Time remaining: 00:00:04 zTargetEndTime = 10:20:43
11/4/2024 22:20:43 [Information] Stepper Motor Controller Disable Z Axis controls while moving to location.
11/4/2024 22:20:43 [Information] Time remaining: 00:00:04 zTargetEndTime = 10:20:43
11/4/2024 22:20:43 [Information] Stepper Motor Controller Disable Z Axis controls while moving to location.
11/4/2024 22:20:43 [Information] Time remaining: 00:00:04 zTargetEndTime = 10:20:43
11/4/2024 22:20:43 [Information] Stepper Motor Controller Disable Z Axis controls while moving to location.
11/4/2024 22:20:43 [Information] Time remaining: 00:00:04 zTargetEndTime = 10:20:43
11/4/2024 22:20:43 [Information] Stepper Motor Controller Disable Z Axis controls while moving to location.
11/4/2024 22:20:43 [Information] Time remaining: 00:00:04 zTargetEndTime = 10:20:43
11/4/2024 22:20:43 [Information] Stepper Motor Controller Disable Z Axis controls while moving to location.
11/4/2024 22:20:43 [Information] Time remaining: 00:00:04 zTargetEndTime = 10:20:43
11/4/2024 22:20:43 [Information] Stepper Motor Controller Disable Z Axis controls while moving to location.
11/4/2024 22:20:43 [Information] Time remaining: 00:00:04 zTargetEndTime = 10:20:43
11/4/2024 22:20:43 [Information] Stepper Motor Controller Enable Z Axis controls after moving to location.
11/4/2024 22:20:43 [Information] Stepper Motor Controller Stopwatch Stopped.
11/4/2024 22:20:43 [Information] Stepper Motor Controller Timer Stopped.
11/4/2024 22:20:43 [Information] Stepper Motor Controller Stopwatch Reset.
11/4/2024 22:21:42 [Information] Z Axis mouse controlled Keypad returned: 41.34
11/4/2024 22:21:44 [Information] ZAxisRun_Click button clicked:
11/4/2024 22:21:44 [Information] Z Axis MotorMovementSeconds decimal: (41.34 / 4) / 2 = 5.1675
11/4/2024 22:21:44 [Information] Z Axis myMovementTimer int: 1000 * 5.1675 = 5000
11/4/2024 22:21:45 [Information] Z Axis Run Event: Z,0.00,400.00,0,0.00,400.00,0,0.00,400.00,0
11/4/2024 22:21:45 [Information] Z Axis Current Time: 10:21:45 + 5000 = zTargetEndTime: 10:21:50
11/4/2024 22:21:45 [Information] Stepper Motor Controller Disable Z Axis controls while moving to location.
11/4/2024 22:21:45 [Information] Time remaining: 00:00:00 zTargetEndTime = 10:21:50
11/4/2024 22:21:45 [Information] Stepper Motor Controller Disable Z Axis controls while moving to location.
11/4/2024 22:21:45 [Information] Time remaining: 00:00:00 zTargetEndTime = 10:21:50
11/4/2024 22:21:45 [Information] Stepper Motor Controller Disable Z Axis controls while moving to location.
11/4/2024 22:21:45 [Information] Time remaining: 00:00:00 zTargetEndTime = 10:21:50
11/4/2024 22:21:45 [Information] Stepper Motor Controller Disable Z Axis controls while moving to location.
11/4/2024 22:21:45 [Information] Time remaining: 00:00:00 zTargetEndTime = 10:21:50
11/4/2024 22:21:45 [Information] Stepper Motor Controller Disable Z Axis controls while moving to location.
11/4/2024 22:21:45 [Information] Time remaining: 00:00:00 zTargetEndTime = 10:21:50
11/4/2024 22:21:45 [Information] Stepper Motor Controller Disable Z Axis controls while moving to location.
11/4/2024 22:21:45 [Information] Time remaining: 00:00:00 zTargetEndTime = 10:21:50
11/4/2024 22:21:45 [Information] Stepper Motor Controller Disable Z Axis controls while moving to location.
11/4/2024 22:21:45 [Information] Time remaining: 00:00:00 zTargetEndTime = 10:21:50
11/4/2024 22:21:45 [Information] Stepper Motor Controller Disable Z Axis controls while moving to location.
11/4/2024 22:21:45 [Information] Time remaining: 00:00:00 zTargetEndTime = 10:21:50
11/4/2024 22:21:45 [Information] Stepper Motor Controller Disable Z Axis controls while moving to location.
11/4/2024 22:21:45 [Information] Time remaining: 00:00:00 zTargetEndTime = 10:21:50
11/4/2024 22:21:45 [Information] Stepper Motor Controller Disable Z Axis controls while moving to location.
11/4/2024 22:21:45 [Information] Time remaining: 00:00:00 zTargetEndTime = 10:21:50
11/4/2024 22:21:45 [Information] Stepper Motor Controller Disable Z Axis controls while moving to location.
11/4/2024 22:21:45 [Information] Time remaining: 00:00:00 zTargetEndTime = 10:21:50
11/4/2024 22:21:45 [Information] Stepper Motor Controller Disable Z Axis controls while moving to location.
11/4/2024 22:21:45 [Information] Time remaining: 00:00:00 zTargetEndTime = 10:21:50
11/4/2024 22:21:45 [Information] Stepper Motor Controller Disable Z Axis controls while moving to location.
11/4/2024 22:21:45 [Information] Time remaining: 00:00:00 zTargetEndTime = 10:21:50
11/4/2024 22:21:45 [Information] Stepper Motor Controller Disable Z Axis controls while moving to location.
11/4/2024 22:21:45 [Information] Time remaining: 00:00:00 zTargetEndTime = 10:21:50
11/4/2024 22:21:45 [Information] Stepper Motor Controller Disable Z Axis controls while moving to location.
11/4/2024 22:21:45 [Information] Time remaining: 00:00:00 zTargetEndTime = 10:21:50
11/4/2024 22:21:45 [Information] Stepper Motor Controller Disable Z Axis controls while moving to location.
11/4/2024 22:21:45 [Information] Time remaining: 00:00:00 zTargetEndTime = 10:21:50
11/4/2024 22:21:45 [Information] Stepper Motor Controller Disable Z Axis controls while moving to location.
11/4/2024 22:21:45 [Information] Time remaining: 00:00:00 zTargetEndTime = 10:21:50
11/4/2024 22:21:45 [Information] Stepper Motor Controller Disable Z Axis controls while moving to location.
11/4/2024 22:21:45 [Information] Time remaining: 00:00:00 zTargetEndTime = 10:21:50
11/4/2024 22:21:45 [Information] Stepper Motor Controller Disable Z Axis controls while moving to location.
11/4/2024 22:21:45 [Information] Time remaining: 00:00:00 zTargetEndTime = 10:21:50
11/4/2024 22:21:45 [Information] Stepper Motor Controller Disable Z Axis controls while moving to location.
11/4/2024 22:21:45 [Information] Time remaining: 00:00:00 zTargetEndTime = 10:21:50
11/4/2024 22:21:45 [Information] Stepper Motor Controller Disable Z Axis controls while moving to location.
11/4/2024 22:21:45 [Information] Time remaining: 00:00:00 zTargetEndTime = 10:21:50
11/4/2024 22:21:45 [Information] Stepper Motor Controller Disable Z Axis controls while moving to location.
11/4/2024 22:21:45 [Information] Time remaining: 00:00:00 zTargetEndTime = 10:21:50
11/4/2024 22:21:45 [Information] Stepper Motor Controller Disable Z Axis controls while moving to location.
11/4/2024 22:21:45 [Information] Time remaining: 00:00:00 zTargetEndTime = 10:21:50
11/4/2024 22:21:45 [Information] Stepper Motor Controller Disable Z Axis controls while moving to location.
11/4/2024 22:21:45 [Information] Time remaining: 00:00:00 zTargetEndTime = 10:21:50
11/4/2024 22:21:45 [Information] Stepper Motor Controller Disable Z Axis controls while moving to location.
11/4/2024 22:21:45 [Information] Time remaining: 00:00:00 zTargetEndTime = 10:21:50
11/4/2024 22:21:45 [Information] Stepper Motor Controller Disable Z Axis controls while moving to location.
11/4/2024 22:21:45 [Information] Time remaining: 00:00:00 zTargetEndTime = 10:21:50
11/4/2024 22:21:46 [Information] Stepper Motor Controller Disable Z Axis controls while moving to location.
11/4/2024 22:21:46 [Information] Time remaining: 00:00:00 zTargetEndTime = 10:21:50
11/4/2024 22:21:46 [Information] Stepper Motor Controller Disable Z Axis controls while moving to location.
11/4/2024 22:21:46 [Information] Time remaining: 00:00:00 zTargetEndTime = 10:21:50
11/4/2024 22:21:46 [Information] Stepper Motor Controller Disable Z Axis controls while moving to location.
11/4/2024 22:21:46 [Information] Time remaining: 00:00:00 zTargetEndTime = 10:21:50
11/4/2024 22:21:46 [Information] Stepper Motor Controller Disable Z Axis controls while moving to location.
11/4/2024 22:21:46 [Information] Time remaining: 00:00:00 zTargetEndTime = 10:21:50
11/4/2024 22:21:46 [Information] Stepper Motor Controller Disable Z Axis controls while moving to location.
11/4/2024 22:21:46 [Information] Time remaining: 00:00:00 zTargetEndTime = 10:21:50
11/4/2024 22:21:46 [Information] Stepper Motor Controller Disable Z Axis controls while moving to location.
11/4/2024 22:21:46 [Information] Time remaining: 00:00:00 zTargetEndTime = 10:21:50
11/4/2024 22:21:46 [Information] Stepper Motor Controller Disable Z Axis controls while moving to location.
11/4/2024 22:21:46 [Information] Time remaining: 00:00:00 zTargetEndTime = 10:21:50
11/4/2024 22:21:46 [Information] Stepper Motor Controller Disable Z Axis controls while moving to location.
11/4/2024 22:21:46 [Information] Time remaining: 00:00:00 zTargetEndTime = 10:21:50
11/4/2024 22:21:46 [Information] Stepper Motor Controller Disable Z Axis controls while moving to location.
11/4/2024 22:21:46 [Information] Time remaining: 00:00:00 zTargetEndTime = 10:21:50
11/4/2024 22:21:46 [Information] Stepper Motor Controller Disable Z Axis controls while moving to location.
11/4/2024 22:21:46 [Information] Time remaining: 00:00:00 zTargetEndTime = 10:21:50
11/4/2024 22:21:46 [Information] Stepper Motor Controller Disable Z Axis controls while moving to location.
11/4/2024 22:21:46 [Information] Time remaining: 00:00:00 zTargetEndTime = 10:21:50
11/4/2024 22:21:46 [Information] Stepper Motor Controller Disable Z Axis controls while moving to location.
11/4/2024 22:21:46 [Information] Time remaining: 00:00:00 zTargetEndTime = 10:21:50
11/4/2024 22:21:46 [Information] Stepper Motor Controller Disable Z Axis controls while moving to location.
11/4/2024 22:21:46 [Information] Time remaining: 00:00:00 zTargetEndTime = 10:21:50
11/4/2024 22:21:46 [Information] Stepper Motor Controller Disable Z Axis controls while moving to location.
11/4/2024 22:21:46 [Information] Time remaining: 00:00:00 zTargetEndTime = 10:21:50
11/4/2024 22:21:46 [Information] Stepper Motor Controller Disable Z Axis controls while moving to location.
11/4/2024 22:21:46 [Information] Time remaining: 00:00:00 zTargetEndTime = 10:21:50
11/4/2024 22:21:46 [Information] Stepper Motor Controller Disable Z Axis controls while moving to location.
11/4/2024 22:21:46 [Information] Time remaining: 00:00:00 zTargetEndTime = 10:21:50
11/4/2024 22:21:46 [Information] Stepper Motor Controller Disable Z Axis controls while moving to location.
11/4/2024 22:21:46 [Information] Time remaining: 00:00:00 zTargetEndTime = 10:21:50
11/4/2024 22:21:46 [Information] Stepper Motor Controller Disable Z Axis controls while moving to location.
11/4/2024 22:21:46 [Information] Time remaining: 00:00:00 zTargetEndTime = 10:21:50
11/4/2024 22:21:46 [Information] Stepper Motor Controller Disable Z Axis controls while moving to location.
11/4/2024 22:21:46 [Information] Time remaining: 00:00:00 zTargetEndTime = 10:21:50
11/4/2024 22:21:46 [Information] Stepper Motor Controller Disable Z Axis controls while moving to location.
11/4/2024 22:21:46 [Information] Time remaining: 00:00:00 zTargetEndTime = 10:21:50
11/4/2024 22:21:46 [Information] Stepper Motor Controller Disable Z Axis controls while moving to location.
11/4/2024 22:21:46 [Information] Time remaining: 00:00:00 zTargetEndTime = 10:21:50
11/4/2024 22:21:46 [Information] Stepper Motor Controller Disable Z Axis controls while moving to location.
11/4/2024 22:21:46 [Information] Time remaining: 00:00:00 zTargetEndTime = 10:21:50
11/4/2024 22:21:46 [Information] Stepper Motor Controller Disable Z Axis controls while moving to location.
11/4/2024 22:21:46 [Information] Time remaining: 00:00:00 zTargetEndTime = 10:21:50
11/4/2024 22:21:46 [Information] Stepper Motor Controller Disable Z Axis controls while moving to location.
11/4/2024 22:21:46 [Information] Time remaining: 00:00:00 zTargetEndTime = 10:21:50
11/4/2024 22:21:46 [Information] Stepper Motor Controller Disable Z Axis controls while moving to location.
11/4/2024 22:21:46 [Information] Time remaining: 00:00:00 zTargetEndTime = 10:21:50
11/4/2024 22:21:46 [Information] Stepper Motor Controller Disable Z Axis controls while moving to location.
11/4/2024 22:21:46 [Information] Time remaining: 00:00:00 zTargetEndTime = 10:21:50
11/4/2024 22:21:46 [Information] Stepper Motor Controller Disable Z Axis controls while moving to location.
11/4/2024 22:21:46 [Information] Time remaining: 00:00:01 zTargetEndTime = 10:21:50
11/4/2024 22:21:46 [Information] Stepper Motor Controller Disable Z Axis controls while moving to location.
11/4/2024 22:21:46 [Information] Time remaining: 00:00:01 zTargetEndTime = 10:21:50
11/4/2024 22:21:46 [Information] Stepper Motor Controller Disable Z Axis controls while moving to location.
11/4/2024 22:21:46 [Information] Time remaining: 00:00:01 zTargetEndTime = 10:21:50
11/4/2024 22:21:46 [Information] Stepper Motor Controller Disable Z Axis controls while moving to location.
11/4/2024 22:21:46 [Information] Time remaining: 00:00:01 zTargetEndTime = 10:21:50
11/4/2024 22:21:46 [Information] Stepper Motor Controller Disable Z Axis controls while moving to location.
11/4/2024 22:21:46 [Information] Time remaining: 00:00:01 zTargetEndTime = 10:21:50
11/4/2024 22:21:46 [Information] Stepper Motor Controller Disable Z Axis controls while moving to location.
11/4/2024 22:21:46 [Information] Time remaining: 00:00:01 zTargetEndTime = 10:21:50
11/4/2024 22:21:46 [Information] Stepper Motor Controller Disable Z Axis controls while moving to location.
11/4/2024 22:21:46 [Information] Time remaining: 00:00:01 zTargetEndTime = 10:21:50
11/4/2024 22:21:46 [Information] Stepper Motor Controller Disable Z Axis controls while moving to location.
11/4/2024 22:21:46 [Information] Time remaining: 00:00:01 zTargetEndTime = 10:21:50
11/4/2024 22:21:46 [Information] Stepper Motor Controller Disable Z Axis controls while moving to location.
11/4/2024 22:21:46 [Information] Time remaining: 00:00:01 zTargetEndTime = 10:21:50
11/4/2024 22:21:46 [Information] Stepper Motor Controller Disable Z Axis controls while moving to location.
11/4/2024 22:21:46 [Information] Time remaining: 00:00:01 zTargetEndTime = 10:21:50
11/4/2024 22:21:46 [Information] Stepper Motor Controller Disable Z Axis controls while moving to location.
11/4/2024 22:21:46 [Information] Time remaining: 00:00:01 zTargetEndTime = 10:21:50
11/4/2024 22:21:46 [Information] Stepper Motor Controller Disable Z Axis controls while moving to location.
11/4/2024 22:21:46 [Information] Time remaining: 00:00:01 zTargetEndTime = 10:21:50
11/4/2024 22:21:46 [Information] Stepper Motor Controller Disable Z Axis controls while moving to location.
11/4/2024 22:21:46 [Information] Time remaining: 00:00:01 zTargetEndTime = 10:21:50
11/4/2024 22:21:46 [Information] Stepper Motor Controller Disable Z Axis controls while moving to location.
11/4/2024 22:21:46 [Information] Time remaining: 00:00:01 zTargetEndTime = 10:21:50
11/4/2024 22:21:46 [Information] Stepper Motor Controller Disable Z Axis controls while moving to location.
11/4/2024 22:21:46 [Information] Time remaining: 00:00:01 zTargetEndTime = 10:21:50
11/4/2024 22:21:46 [Information] Stepper Motor Controller Disable Z Axis controls while moving to location.
11/4/2024 22:21:46 [Information] Time remaining: 00:00:01 zTargetEndTime = 10:21:50
11/4/2024 22:21:46 [Information] Stepper Motor Controller Disable Z Axis controls while moving to location.
11/4/2024 22:21:46 [Information] Time remaining: 00:00:01 zTargetEndTime = 10:21:50
11/4/2024 22:21:46 [Information] Stepper Motor Controller Disable Z Axis controls while moving to location.
11/4/2024 22:21:46 [Information] Time remaining: 00:00:01 zTargetEndTime = 10:21:50
11/4/2024 22:21:46 [Information] Stepper Motor Controller Disable Z Axis controls while moving to location.
11/4/2024 22:21:46 [Information] Time remaining: 00:00:01 zTargetEndTime = 10:21:50
11/4/2024 22:21:46 [Information] Stepper Motor Controller Disable Z Axis controls while moving to location.
11/4/2024 22:21:46 [Information] Time remaining: 00:00:01 zTargetEndTime = 10:21:50
11/4/2024 22:21:46 [Information] Stepper Motor Controller Disable Z Axis controls while moving to location.
11/4/2024 22:21:46 [Information] Time remaining: 00:00:01 zTargetEndTime = 10:21:50
11/4/2024 22:21:46 [Information] Stepper Motor Controller Disable Z Axis controls while moving to location.
11/4/2024 22:21:46 [Information] Time remaining: 00:00:01 zTargetEndTime = 10:21:50
11/4/2024 22:21:46 [Information] Stepper Motor Controller Disable Z Axis controls while moving to location.
11/4/2024 22:21:46 [Information] Time remaining: 00:00:01 zTargetEndTime = 10:21:50
11/4/2024 22:21:46 [Information] Stepper Motor Controller Disable Z Axis controls while moving to location.
11/4/2024 22:21:46 [Information] Time remaining: 00:00:01 zTargetEndTime = 10:21:50
11/4/2024 22:21:46 [Information] Stepper Motor Controller Disable Z Axis controls while moving to location.
11/4/2024 22:21:46 [Information] Time remaining: 00:00:01 zTargetEndTime = 10:21:50
11/4/2024 22:21:46 [Information] Stepper Motor Controller Disable Z Axis controls while moving to location.
11/4/2024 22:21:46 [Information] Time remaining: 00:00:01 zTargetEndTime = 10:21:50
11/4/2024 22:21:46 [Information] Stepper Motor Controller Disable Z Axis controls while moving to location.
11/4/2024 22:21:46 [Information] Time remaining: 00:00:01 zTargetEndTime = 10:21:50
11/4/2024 22:21:46 [Information] Stepper Motor Controller Disable Z Axis controls while moving to location.
11/4/2024 22:21:46 [Information] Time remaining: 00:00:01 zTargetEndTime = 10:21:50
11/4/2024 22:21:46 [Information] Stepper Motor Controller Disable Z Axis controls while moving to location.
11/4/2024 22:21:46 [Information] Time remaining: 00:00:01 zTargetEndTime = 10:21:50
11/4/2024 22:21:46 [Information] Stepper Motor Controller Disable Z Axis controls while moving to location.
11/4/2024 22:21:46 [Information] Time remaining: 00:00:01 zTargetEndTime = 10:21:50
11/4/2024 22:21:47 [Information] Stepper Motor Controller Disable Z Axis controls while moving to location.
11/4/2024 22:21:47 [Information] Time remaining: 00:00:01 zTargetEndTime = 10:21:50
11/4/2024 22:21:47 [Information] Stepper Motor Controller Disable Z Axis controls while moving to location.
11/4/2024 22:21:47 [Information] Time remaining: 00:00:01 zTargetEndTime = 10:21:50
11/4/2024 22:21:47 [Information] Stepper Motor Controller Disable Z Axis controls while moving to location.
11/4/2024 22:21:47 [Information] Time remaining: 00:00:01 zTargetEndTime = 10:21:50
11/4/2024 22:21:47 [Information] Stepper Motor Controller Disable Z Axis controls while moving to location.
11/4/2024 22:21:47 [Information] Time remaining: 00:00:01 zTargetEndTime = 10:21:50
11/4/2024 22:21:47 [Information] Stepper Motor Controller Disable Z Axis controls while moving to location.
11/4/2024 22:21:47 [Information] Time remaining: 00:00:01 zTargetEndTime = 10:21:50
11/4/2024 22:21:47 [Information] Stepper Motor Controller Disable Z Axis controls while moving to location.
11/4/2024 22:21:47 [Information] Time remaining: 00:00:01 zTargetEndTime = 10:21:50
11/4/2024 22:21:47 [Information] Stepper Motor Controller Disable Z Axis controls while moving to location.
11/4/2024 22:21:47 [Information] Time remaining: 00:00:01 zTargetEndTime = 10:21:50
11/4/2024 22:21:47 [Information] Stepper Motor Controller Disable Z Axis controls while moving to location.
11/4/2024 22:21:47 [Information] Time remaining: 00:00:01 zTargetEndTime = 10:21:50
11/4/2024 22:21:47 [Information] Stepper Motor Controller Disable Z Axis controls while moving to location.
11/4/2024 22:21:47 [Information] Time remaining: 00:00:01 zTargetEndTime = 10:21:50
11/4/2024 22:21:47 [Information] Stepper Motor Controller Disable Z Axis controls while moving to location.
11/4/2024 22:21:47 [Information] Time remaining: 00:00:01 zTargetEndTime = 10:21:50
11/4/2024 22:21:47 [Information] Stepper Motor Controller Disable Z Axis controls while moving to location.
11/4/2024 22:21:47 [Information] Time remaining: 00:00:01 zTargetEndTime = 10:21:50
11/4/2024 22:21:47 [Information] Stepper Motor Controller Disable Z Axis controls while moving to location.
11/4/2024 22:21:47 [Information] Time remaining: 00:00:01 zTargetEndTime = 10:21:50
11/4/2024 22:21:47 [Information] Stepper Motor Controller Disable Z Axis controls while moving to location.
11/4/2024 22:21:47 [Information] Time remaining: 00:00:01 zTargetEndTime = 10:21:50
11/4/2024 22:21:47 [Information] Stepper Motor Controller Disable Z Axis controls while moving to location.
11/4/2024 22:21:47 [Information] Time remaining: 00:00:01 zTargetEndTime = 10:21:50
11/4/2024 22:21:47 [Information] Stepper Motor Controller Disable Z Axis controls while moving to location.
11/4/2024 22:21:47 [Information] Time remaining: 00:00:01 zTargetEndTime = 10:21:50
11/4/2024 22:21:47 [Information] Stepper Motor Controller Disable Z Axis controls while moving to location.
11/4/2024 22:21:47 [Information] Time remaining: 00:00:01 zTargetEndTime = 10:21:50
11/4/2024 22:21:47 [Information] Stepper Motor Controller Disable Z Axis controls while moving to location.
11/4/2024 22:21:47 [Information] Time remaining: 00:00:01 zTargetEndTime = 10:21:50
11/4/2024 22:21:47 [Information] Stepper Motor Controller Disable Z Axis controls while moving to location.
11/4/2024 22:21:47 [Information] Time remaining: 00:00:01 zTargetEndTime = 10:21:50
11/4/2024 22:21:47 [Information] Stepper Motor Controller Disable Z Axis controls while moving to location.
11/4/2024 22:21:47 [Information] Time remaining: 00:00:01 zTargetEndTime = 10:21:50
11/4/2024 22:21:47 [Information] Stepper Motor Controller Disable Z Axis controls while moving to location.
11/4/2024 22:21:47 [Information] Time remaining: 00:00:01 zTargetEndTime = 10:21:50
11/4/2024 22:21:47 [Information] Stepper Motor Controller Disable Z Axis controls while moving to location.
11/4/2024 22:21:47 [Information] Time remaining: 00:00:01 zTargetEndTime = 10:21:50
11/4/2024 22:21:47 [Information] Stepper Motor Controller Disable Z Axis controls while moving to location.
11/4/2024 22:21:47 [Information] Time remaining: 00:00:01 zTargetEndTime = 10:21:50
11/4/2024 22:21:47 [Information] Stepper Motor Controller Disable Z Axis controls while moving to location.
11/4/2024 22:21:47 [Information] Time remaining: 00:00:01 zTargetEndTime = 10:21:50
11/4/2024 22:21:47 [Information] Stepper Motor Controller Disable Z Axis controls while moving to location.
11/4/2024 22:21:47 [Information] Time remaining: 00:00:01 zTargetEndTime = 10:21:50
11/4/2024 22:21:47 [Information] Stepper Motor Controller Disable Z Axis controls while moving to location.
11/4/2024 22:21:47 [Information] Time remaining: 00:00:01 zTargetEndTime = 10:21:50
11/4/2024 22:21:47 [Information] Stepper Motor Controller Disable Z Axis controls while moving to location.
11/4/2024 22:21:47 [Information] Time remaining: 00:00:02 zTargetEndTime = 10:21:50
11/4/2024 22:21:47 [Information] Stepper Motor Controller Disable Z Axis controls while moving to location.
11/4/2024 22:21:47 [Information] Time remaining: 00:00:02 zTargetEndTime = 10:21:50
11/4/2024 22:21:47 [Information] Stepper Motor Controller Disable Z Axis controls while moving to location.
11/4/2024 22:21:47 [Information] Time remaining: 00:00:02 zTargetEndTime = 10:21:50
11/4/2024 22:21:47 [Information] Stepper Motor Controller Disable Z Axis controls while moving to location.
11/4/2024 22:21:47 [Information] Time remaining: 00:00:02 zTargetEndTime = 10:21:50
11/4/2024 22:21:47 [Information] Stepper Motor Controller Disable Z Axis controls while moving to location.
11/4/2024 22:21:47 [Information] Time remaining: 00:00:02 zTargetEndTime = 10:21:50
11/4/2024 22:21:47 [Information] Stepper Motor Controller Disable Z Axis controls while moving to location.
11/4/2024 22:21:47 [Information] Time remaining: 00:00:02 zTargetEndTime = 10:21:50
11/4/2024 22:21:47 [Information] Stepper Motor Controller Disable Z Axis controls while moving to location.
11/4/2024 22:21:47 [Information] Time remaining: 00:00:02 zTargetEndTime = 10:21:50
11/4/2024 22:21:47 [Information] Stepper Motor Controller Disable Z Axis controls while moving to location.
11/4/2024 22:21:47 [Information] Time remaining: 00:00:02 zTargetEndTime = 10:21:50
11/4/2024 22:21:47 [Information] Stepper Motor Controller Disable Z Axis controls while moving to location.
11/4/2024 22:21:47 [Information] Time remaining: 00:00:02 zTargetEndTime = 10:21:50
11/4/2024 22:21:47 [Information] Stepper Motor Controller Disable Z Axis controls while moving to location.
11/4/2024 22:21:47 [Information] Time remaining: 00:00:02 zTargetEndTime = 10:21:50
11/4/2024 22:21:47 [Information] Stepper Motor Controller Disable Z Axis controls while moving to location.
11/4/2024 22:21:47 [Information] Time remaining: 00:00:02 zTargetEndTime = 10:21:50
11/4/2024 22:21:47 [Information] Stepper Motor Controller Disable Z Axis controls while moving to location.
11/4/2024 22:21:47 [Information] Time remaining: 00:00:02 zTargetEndTime = 10:21:50
11/4/2024 22:21:47 [Information] Stepper Motor Controller Disable Z Axis controls while moving to location.
11/4/2024 22:21:47 [Information] Time remaining: 00:00:02 zTargetEndTime = 10:21:50
11/4/2024 22:21:47 [Information] Stepper Motor Controller Disable Z Axis controls while moving to location.
11/4/2024 22:21:47 [Information] Time remaining: 00:00:02 zTargetEndTime = 10:21:50
11/4/2024 22:21:47 [Information] Stepper Motor Controller Disable Z Axis controls while moving to location.
11/4/2024 22:21:47 [Information] Time remaining: 00:00:02 zTargetEndTime = 10:21:50
11/4/2024 22:21:47 [Information] Stepper Motor Controller Disable Z Axis controls while moving to location.
11/4/2024 22:21:47 [Information] Time remaining: 00:00:02 zTargetEndTime = 10:21:50
11/4/2024 22:21:47 [Information] Stepper Motor Controller Disable Z Axis controls while moving to location.
11/4/2024 22:21:47 [Information] Time remaining: 00:00:02 zTargetEndTime = 10:21:50
11/4/2024 22:21:47 [Information] Stepper Motor Controller Disable Z Axis controls while moving to location.
11/4/2024 22:21:47 [Information] Time remaining: 00:00:02 zTargetEndTime = 10:21:50
11/4/2024 22:21:47 [Information] Stepper Motor Controller Disable Z Axis controls while moving to location.
11/4/2024 22:21:47 [Information] Time remaining: 00:00:02 zTargetEndTime = 10:21:50
11/4/2024 22:21:47 [Information] Stepper Motor Controller Disable Z Axis controls while moving to location.
11/4/2024 22:21:47 [Information] Time remaining: 00:00:02 zTargetEndTime = 10:21:50
11/4/2024 22:21:47 [Information] Stepper Motor Controller Disable Z Axis controls while moving to location.
11/4/2024 22:21:47 [Information] Time remaining: 00:00:02 zTargetEndTime = 10:21:50
11/4/2024 22:21:47 [Information] Stepper Motor Controller Disable Z Axis controls while moving to location.
11/4/2024 22:21:47 [Information] Time remaining: 00:00:02 zTargetEndTime = 10:21:50
11/4/2024 22:21:47 [Information] Stepper Motor Controller Disable Z Axis controls while moving to location.
11/4/2024 22:21:47 [Information] Time remaining: 00:00:02 zTargetEndTime = 10:21:50
11/4/2024 22:21:47 [Information] Stepper Motor Controller Disable Z Axis controls while moving to location.
11/4/2024 22:21:47 [Information] Time remaining: 00:00:02 zTargetEndTime = 10:21:50
11/4/2024 22:21:47 [Information] Stepper Motor Controller Disable Z Axis controls while moving to location.
11/4/2024 22:21:47 [Information] Time remaining: 00:00:02 zTargetEndTime = 10:21:50
11/4/2024 22:21:47 [Information] Stepper Motor Controller Disable Z Axis controls while moving to location.
11/4/2024 22:21:47 [Information] Time remaining: 00:00:02 zTargetEndTime = 10:21:50
11/4/2024 22:21:47 [Information] Stepper Motor Controller Disable Z Axis controls while moving to location.
11/4/2024 22:21:47 [Information] Time remaining: 00:00:02 zTargetEndTime = 10:21:50
11/4/2024 22:21:47 [Information] Stepper Motor Controller Disable Z Axis controls while moving to location.
11/4/2024 22:21:47 [Information] Time remaining: 00:00:02 zTargetEndTime = 10:21:50
11/4/2024 22:21:47 [Information] Stepper Motor Controller Disable Z Axis controls while moving to location.
11/4/2024 22:21:47 [Information] Time remaining: 00:00:02 zTargetEndTime = 10:21:50
11/4/2024 22:21:47 [Information] Stepper Motor Controller Disable Z Axis controls while moving to location.
11/4/2024 22:21:47 [Information] Time remaining: 00:00:02 zTargetEndTime = 10:21:50
11/4/2024 22:21:47 [Information] Stepper Motor Controller Disable Z Axis controls while moving to location.
11/4/2024 22:21:47 [Information] Time remaining: 00:00:02 zTargetEndTime = 10:21:50
11/4/2024 22:21:47 [Information] Stepper Motor Controller Disable Z Axis controls while moving to location.
11/4/2024 22:21:47 [Information] Time remaining: 00:00:02 zTargetEndTime = 10:21:50
11/4/2024 22:21:47 [Information] Stepper Motor Controller Disable Z Axis controls while moving to location.
11/4/2024 22:21:47 [Information] Time remaining: 00:00:02 zTargetEndTime = 10:21:50
11/4/2024 22:21:47 [Information] Stepper Motor Controller Disable Z Axis controls while moving to location.
11/4/2024 22:21:47 [Information] Time remaining: 00:00:02 zTargetEndTime = 10:21:50
11/4/2024 22:21:48 [Information] Stepper Motor Controller Disable Z Axis controls while moving to location.
11/4/2024 22:21:48 [Information] Time remaining: 00:00:02 zTargetEndTime = 10:21:50
11/4/2024 22:21:48 [Information] Stepper Motor Controller Disable Z Axis controls while moving to location.
11/4/2024 22:21:48 [Information] Time remaining: 00:00:02 zTargetEndTime = 10:21:50
11/4/2024 22:21:48 [Information] Stepper Motor Controller Disable Z Axis controls while moving to location.
11/4/2024 22:21:48 [Information] Time remaining: 00:00:02 zTargetEndTime = 10:21:50
11/4/2024 22:21:48 [Information] Stepper Motor Controller Disable Z Axis controls while moving to location.
11/4/2024 22:21:48 [Information] Time remaining: 00:00:02 zTargetEndTime = 10:21:50
11/4/2024 22:21:48 [Information] Stepper Motor Controller Disable Z Axis controls while moving to location.
11/4/2024 22:21:48 [Information] Time remaining: 00:00:02 zTargetEndTime = 10:21:50
11/4/2024 22:21:48 [Information] Stepper Motor Controller Disable Z Axis controls while moving to location.
11/4/2024 22:21:48 [Information] Time remaining: 00:00:02 zTargetEndTime = 10:21:50
11/4/2024 22:21:48 [Information] Stepper Motor Controller Disable Z Axis controls while moving to location.
11/4/2024 22:21:48 [Information] Time remaining: 00:00:02 zTargetEndTime = 10:21:50
11/4/2024 22:21:48 [Information] Stepper Motor Controller Disable Z Axis controls while moving to location.
11/4/2024 22:21:48 [Information] Time remaining: 00:00:02 zTargetEndTime = 10:21:50
11/4/2024 22:21:48 [Information] Stepper Motor Controller Disable Z Axis controls while moving to location.
11/4/2024 22:21:48 [Information] Time remaining: 00:00:02 zTargetEndTime = 10:21:50
11/4/2024 22:21:48 [Information] Stepper Motor Controller Disable Z Axis controls while moving to location.
11/4/2024 22:21:48 [Information] Time remaining: 00:00:02 zTargetEndTime = 10:21:50
11/4/2024 22:21:48 [Information] Stepper Motor Controller Disable Z Axis controls while moving to location.
11/4/2024 22:21:48 [Information] Time remaining: 00:00:02 zTargetEndTime = 10:21:50
11/4/2024 22:21:48 [Information] Stepper Motor Controller Disable Z Axis controls while moving to location.
11/4/2024 22:21:48 [Information] Time remaining: 00:00:02 zTargetEndTime = 10:21:50
11/4/2024 22:21:48 [Information] Stepper Motor Controller Disable Z Axis controls while moving to location.
11/4/2024 22:21:48 [Information] Time remaining: 00:00:02 zTargetEndTime = 10:21:50
11/4/2024 22:21:48 [Information] Stepper Motor Controller Disable Z Axis controls while moving to location.
11/4/2024 22:21:48 [Information] Time remaining: 00:00:02 zTargetEndTime = 10:21:50
11/4/2024 22:21:48 [Information] Stepper Motor Controller Disable Z Axis controls while moving to location.
11/4/2024 22:21:48 [Information] Time remaining: 00:00:02 zTargetEndTime = 10:21:50
11/4/2024 22:21:48 [Information] Stepper Motor Controller Disable Z Axis controls while moving to location.
11/4/2024 22:21:48 [Information] Time remaining: 00:00:02 zTargetEndTime = 10:21:50
11/4/2024 22:21:48 [Information] Stepper Motor Controller Disable Z Axis controls while moving to location.
11/4/2024 22:21:48 [Information] Time remaining: 00:00:02 zTargetEndTime = 10:21:50
11/4/2024 22:21:48 [Information] Stepper Motor Controller Disable Z Axis controls while moving to location.
11/4/2024 22:21:48 [Information] Time remaining: 00:00:02 zTargetEndTime = 10:21:50
11/4/2024 22:21:48 [Information] Stepper Motor Controller Disable Z Axis controls while moving to location.
11/4/2024 22:21:48 [Information] Time remaining: 00:00:02 zTargetEndTime = 10:21:50
11/4/2024 22:21:48 [Information] Stepper Motor Controller Disable Z Axis controls while moving to location.
11/4/2024 22:21:48 [Information] Time remaining: 00:00:02 zTargetEndTime = 10:21:50
11/4/2024 22:21:48 [Information] Stepper Motor Controller Disable Z Axis controls while moving to location.
11/4/2024 22:21:48 [Information] Time remaining: 00:00:02 zTargetEndTime = 10:21:50
11/4/2024 22:21:48 [Information] Stepper Motor Controller Disable Z Axis controls while moving to location.
11/4/2024 22:21:48 [Information] Time remaining: 00:00:02 zTargetEndTime = 10:21:50
11/4/2024 22:21:48 [Information] Stepper Motor Controller Disable Z Axis controls while moving to location.
11/4/2024 22:21:48 [Information] Time remaining: 00:00:02 zTargetEndTime = 10:21:50
11/4/2024 22:21:48 [Information] Stepper Motor Controller Disable Z Axis controls while moving to location.
11/4/2024 22:21:48 [Information] Time remaining: 00:00:02 zTargetEndTime = 10:21:50
11/4/2024 22:21:48 [Information] Stepper Motor Controller Disable Z Axis controls while moving to location.
11/4/2024 22:21:48 [Information] Time remaining: 00:00:02 zTargetEndTime = 10:21:50
11/4/2024 22:21:48 [Information] Stepper Motor Controller Disable Z Axis controls while moving to location.
11/4/2024 22:21:48 [Information] Time remaining: 00:00:02 zTargetEndTime = 10:21:50
11/4/2024 22:21:48 [Information] Stepper Motor Controller Disable Z Axis controls while moving to location.
11/4/2024 22:21:48 [Information] Time remaining: 00:00:03 zTargetEndTime = 10:21:50
11/4/2024 22:21:48 [Information] Stepper Motor Controller Disable Z Axis controls while moving to location.
11/4/2024 22:21:48 [Information] Time remaining: 00:00:03 zTargetEndTime = 10:21:50
11/4/2024 22:21:48 [Information] Stepper Motor Controller Disable Z Axis controls while moving to location.
11/4/2024 22:21:48 [Information] Time remaining: 00:00:03 zTargetEndTime = 10:21:50
11/4/2024 22:21:48 [Information] Stepper Motor Controller Disable Z Axis controls while moving to location.
11/4/2024 22:21:48 [Information] Time remaining: 00:00:03 zTargetEndTime = 10:21:50
11/4/2024 22:21:48 [Information] Stepper Motor Controller Disable Z Axis controls while moving to location.
11/4/2024 22:21:48 [Information] Time remaining: 00:00:03 zTargetEndTime = 10:21:50
11/4/2024 22:21:48 [Information] Stepper Motor Controller Disable Z Axis controls while moving to location.
11/4/2024 22:21:48 [Information] Time remaining: 00:00:03 zTargetEndTime = 10:21:50
11/4/2024 22:21:48 [Information] Stepper Motor Controller Disable Z Axis controls while moving to location.
11/4/2024 22:21:48 [Information] Time remaining: 00:00:03 zTargetEndTime = 10:21:50
11/4/2024 22:21:48 [Information] Stepper Motor Controller Disable Z Axis controls while moving to location.
11/4/2024 22:21:48 [Information] Time remaining: 00:00:03 zTargetEndTime = 10:21:50
11/4/2024 22:21:48 [Information] Stepper Motor Controller Disable Z Axis controls while moving to location.
11/4/2024 22:21:48 [Information] Time remaining: 00:00:03 zTargetEndTime = 10:21:50
11/4/2024 22:21:48 [Information] Stepper Motor Controller Disable Z Axis controls while moving to location.
11/4/2024 22:21:48 [Information] Time remaining: 00:00:03 zTargetEndTime = 10:21:50
11/4/2024 22:21:48 [Information] Stepper Motor Controller Disable Z Axis controls while moving to location.
11/4/2024 22:21:48 [Information] Time remaining: 00:00:03 zTargetEndTime = 10:21:50
11/4/2024 22:21:48 [Information] Stepper Motor Controller Disable Z Axis controls while moving to location.
11/4/2024 22:21:48 [Information] Time remaining: 00:00:03 zTargetEndTime = 10:21:50
11/4/2024 22:21:48 [Information] Stepper Motor Controller Disable Z Axis controls while moving to location.
11/4/2024 22:21:48 [Information] Time remaining: 00:00:03 zTargetEndTime = 10:21:50
11/4/2024 22:21:48 [Information] Stepper Motor Controller Disable Z Axis controls while moving to location.
11/4/2024 22:21:48 [Information] Time remaining: 00:00:03 zTargetEndTime = 10:21:50
11/4/2024 22:21:48 [Information] Stepper Motor Controller Disable Z Axis controls while moving to location.
11/4/2024 22:21:48 [Information] Time remaining: 00:00:03 zTargetEndTime = 10:21:50
11/4/2024 22:21:48 [Information] Stepper Motor Controller Disable Z Axis controls while moving to location.
11/4/2024 22:21:48 [Information] Time remaining: 00:00:03 zTargetEndTime = 10:21:50
11/4/2024 22:21:48 [Information] Stepper Motor Controller Disable Z Axis controls while moving to location.
11/4/2024 22:21:48 [Information] Time remaining: 00:00:03 zTargetEndTime = 10:21:50
11/4/2024 22:21:48 [Information] Stepper Motor Controller Disable Z Axis controls while moving to location.
11/4/2024 22:21:48 [Information] Time remaining: 00:00:03 zTargetEndTime = 10:21:50
11/4/2024 22:21:48 [Information] Stepper Motor Controller Disable Z Axis controls while moving to location.
11/4/2024 22:21:48 [Information] Time remaining: 00:00:03 zTargetEndTime = 10:21:50
11/4/2024 22:21:48 [Information] Stepper Motor Controller Disable Z Axis controls while moving to location.
11/4/2024 22:21:48 [Information] Time remaining: 00:00:03 zTargetEndTime = 10:21:50
11/4/2024 22:21:48 [Information] Stepper Motor Controller Disable Z Axis controls while moving to location.
11/4/2024 22:21:48 [Information] Time remaining: 00:00:03 zTargetEndTime = 10:21:50
11/4/2024 22:21:48 [Information] Stepper Motor Controller Disable Z Axis controls while moving to location.
11/4/2024 22:21:48 [Information] Time remaining: 00:00:03 zTargetEndTime = 10:21:50
11/4/2024 22:21:48 [Information] Stepper Motor Controller Disable Z Axis controls while moving to location.
11/4/2024 22:21:48 [Information] Time remaining: 00:00:03 zTargetEndTime = 10:21:50
11/4/2024 22:21:48 [Information] Stepper Motor Controller Disable Z Axis controls while moving to location.
11/4/2024 22:21:48 [Information] Time remaining: 00:00:03 zTargetEndTime = 10:21:50
11/4/2024 22:21:48 [Information] Stepper Motor Controller Disable Z Axis controls while moving to location.
11/4/2024 22:21:48 [Information] Time remaining: 00:00:03 zTargetEndTime = 10:21:50
11/4/2024 22:21:48 [Information] Stepper Motor Controller Disable Z Axis controls while moving to location.
11/4/2024 22:21:48 [Information] Time remaining: 00:00:03 zTargetEndTime = 10:21:50
11/4/2024 22:21:48 [Information] Stepper Motor Controller Disable Z Axis controls while moving to location.
11/4/2024 22:21:48 [Information] Time remaining: 00:00:03 zTargetEndTime = 10:21:50
11/4/2024 22:21:48 [Information] Stepper Motor Controller Disable Z Axis controls while moving to location.
11/4/2024 22:21:48 [Information] Time remaining: 00:00:03 zTargetEndTime = 10:21:50
11/4/2024 22:21:48 [Information] Stepper Motor Controller Disable Z Axis controls while moving to location.
11/4/2024 22:21:48 [Information] Time remaining: 00:00:03 zTargetEndTime = 10:21:50
11/4/2024 22:21:48 [Information] Stepper Motor Controller Disable Z Axis controls while moving to location.
11/4/2024 22:21:48 [Information] Time remaining: 00:00:03 zTargetEndTime = 10:21:50
11/4/2024 22:21:48 [Information] Stepper Motor Controller Disable Z Axis controls while moving to location.
11/4/2024 22:21:48 [Information] Time remaining: 00:00:03 zTargetEndTime = 10:21:50
11/4/2024 22:21:48 [Information] Stepper Motor Controller Disable Z Axis controls while moving to location.
11/4/2024 22:21:48 [Information] Time remaining: 00:00:03 zTargetEndTime = 10:21:50
11/4/2024 22:21:48 [Information] Stepper Motor Controller Disable Z Axis controls while moving to location.
11/4/2024 22:21:48 [Information] Time remaining: 00:00:03 zTargetEndTime = 10:21:50
11/4/2024 22:21:48 [Information] Stepper Motor Controller Disable Z Axis controls while moving to location.
11/4/2024 22:21:48 [Information] Time remaining: 00:00:03 zTargetEndTime = 10:21:50
11/4/2024 22:21:49 [Information] Stepper Motor Controller Disable Z Axis controls while moving to location.
11/4/2024 22:21:49 [Information] Time remaining: 00:00:03 zTargetEndTime = 10:21:50
11/4/2024 22:21:49 [Information] Stepper Motor Controller Disable Z Axis controls while moving to location.
11/4/2024 22:21:49 [Information] Time remaining: 00:00:03 zTargetEndTime = 10:21:50
11/4/2024 22:21:49 [Information] Stepper Motor Controller Disable Z Axis controls while moving to location.
11/4/2024 22:21:49 [Information] Time remaining: 00:00:03 zTargetEndTime = 10:21:50
11/4/2024 22:21:49 [Information] Stepper Motor Controller Disable Z Axis controls while moving to location.
11/4/2024 22:21:49 [Information] Time remaining: 00:00:03 zTargetEndTime = 10:21:50
11/4/2024 22:21:49 [Information] Stepper Motor Controller Disable Z Axis controls while moving to location.
11/4/2024 22:21:49 [Information] Time remaining: 00:00:03 zTargetEndTime = 10:21:50
11/4/2024 22:21:49 [Information] Stepper Motor Controller Disable Z Axis controls while moving to location.
11/4/2024 22:21:49 [Information] Time remaining: 00:00:03 zTargetEndTime = 10:21:50
11/4/2024 22:21:49 [Information] Stepper Motor Controller Disable Z Axis controls while moving to location.
11/4/2024 22:21:49 [Information] Time remaining: 00:00:03 zTargetEndTime = 10:21:50
11/4/2024 22:21:49 [Information] Stepper Motor Controller Disable Z Axis controls while moving to location.
11/4/2024 22:21:49 [Information] Time remaining: 00:00:03 zTargetEndTime = 10:21:50
11/4/2024 22:21:49 [Information] Stepper Motor Controller Disable Z Axis controls while moving to location.
11/4/2024 22:21:49 [Information] Time remaining: 00:00:03 zTargetEndTime = 10:21:50
11/4/2024 22:21:49 [Information] Stepper Motor Controller Disable Z Axis controls while moving to location.
11/4/2024 22:21:49 [Information] Time remaining: 00:00:03 zTargetEndTime = 10:21:50
11/4/2024 22:21:49 [Information] Stepper Motor Controller Disable Z Axis controls while moving to location.
11/4/2024 22:21:49 [Information] Time remaining: 00:00:03 zTargetEndTime = 10:21:50
11/4/2024 22:21:49 [Information] Stepper Motor Controller Disable Z Axis controls while moving to location.
11/4/2024 22:21:49 [Information] Time remaining: 00:00:03 zTargetEndTime = 10:21:50
11/4/2024 22:21:49 [Information] Stepper Motor Controller Disable Z Axis controls while moving to location.
11/4/2024 22:21:49 [Information] Time remaining: 00:00:03 zTargetEndTime = 10:21:50
11/4/2024 22:21:49 [Information] Stepper Motor Controller Disable Z Axis controls while moving to location.
11/4/2024 22:21:49 [Information] Time remaining: 00:00:03 zTargetEndTime = 10:21:50
11/4/2024 22:21:49 [Information] Stepper Motor Controller Disable Z Axis controls while moving to location.
11/4/2024 22:21:49 [Information] Time remaining: 00:00:03 zTargetEndTime = 10:21:50
11/4/2024 22:21:49 [Information] Stepper Motor Controller Disable Z Axis controls while moving to location.
11/4/2024 22:21:49 [Information] Time remaining: 00:00:03 zTargetEndTime = 10:21:50
11/4/2024 22:21:49 [Information] Stepper Motor Controller Disable Z Axis controls while moving to location.
11/4/2024 22:21:49 [Information] Time remaining: 00:00:03 zTargetEndTime = 10:21:50
11/4/2024 22:21:49 [Information] Stepper Motor Controller Disable Z Axis controls while moving to location.
11/4/2024 22:21:49 [Information] Time remaining: 00:00:03 zTargetEndTime = 10:21:50
11/4/2024 22:21:49 [Information] Stepper Motor Controller Disable Z Axis controls while moving to location.
11/4/2024 22:21:49 [Information] Time remaining: 00:00:03 zTargetEndTime = 10:21:50
11/4/2024 22:21:49 [Information] Stepper Motor Controller Disable Z Axis controls while moving to location.
11/4/2024 22:21:49 [Information] Time remaining: 00:00:03 zTargetEndTime = 10:21:50
11/4/2024 22:21:49 [Information] Stepper Motor Controller Disable Z Axis controls while moving to location.
11/4/2024 22:21:49 [Information] Time remaining: 00:00:03 zTargetEndTime = 10:21:50
11/4/2024 22:21:49 [Information] Stepper Motor Controller Disable Z Axis controls while moving to location.
11/4/2024 22:21:49 [Information] Time remaining: 00:00:03 zTargetEndTime = 10:21:50
11/4/2024 22:21:49 [Information] Stepper Motor Controller Disable Z Axis controls while moving to location.
11/4/2024 22:21:49 [Information] Time remaining: 00:00:03 zTargetEndTime = 10:21:50
11/4/2024 22:21:49 [Information] Stepper Motor Controller Disable Z Axis controls while moving to location.
11/4/2024 22:21:49 [Information] Time remaining: 00:00:03 zTargetEndTime = 10:21:50
11/4/2024 22:21:49 [Information] Stepper Motor Controller Disable Z Axis controls while moving to location.
11/4/2024 22:21:49 [Information] Time remaining: 00:00:03 zTargetEndTime = 10:21:50
11/4/2024 22:21:49 [Information] Stepper Motor Controller Disable Z Axis controls while moving to location.
11/4/2024 22:21:49 [Information] Time remaining: 00:00:03 zTargetEndTime = 10:21:50
11/4/2024 22:21:49 [Information] Stepper Motor Controller Disable Z Axis controls while moving to location.
11/4/2024 22:21:49 [Information] Time remaining: 00:00:04 zTargetEndTime = 10:21:50
11/4/2024 22:21:49 [Information] Stepper Motor Controller Disable Z Axis controls while moving to location.
11/4/2024 22:21:49 [Information] Time remaining: 00:00:04 zTargetEndTime = 10:21:50
11/4/2024 22:21:49 [Information] Stepper Motor Controller Disable Z Axis controls while moving to location.
11/4/2024 22:21:49 [Information] Time remaining: 00:00:04 zTargetEndTime = 10:21:50
11/4/2024 22:21:49 [Information] Stepper Motor Controller Disable Z Axis controls while moving to location.
11/4/2024 22:21:49 [Information] Time remaining: 00:00:04 zTargetEndTime = 10:21:50
11/4/2024 22:21:49 [Information] Stepper Motor Controller Disable Z Axis controls while moving to location.
11/4/2024 22:21:49 [Information] Time remaining: 00:00:04 zTargetEndTime = 10:21:50
11/4/2024 22:21:49 [Information] Stepper Motor Controller Disable Z Axis controls while moving to location.
11/4/2024 22:21:49 [Information] Time remaining: 00:00:04 zTargetEndTime = 10:21:50
11/4/2024 22:21:49 [Information] Stepper Motor Controller Disable Z Axis controls while moving to location.
11/4/2024 22:21:49 [Information] Time remaining: 00:00:04 zTargetEndTime = 10:21:50
11/4/2024 22:21:49 [Information] Stepper Motor Controller Disable Z Axis controls while moving to location.
11/4/2024 22:21:49 [Information] Time remaining: 00:00:04 zTargetEndTime = 10:21:50
11/4/2024 22:21:49 [Information] Stepper Motor Controller Disable Z Axis controls while moving to location.
11/4/2024 22:21:49 [Information] Time remaining: 00:00:04 zTargetEndTime = 10:21:50
11/4/2024 22:21:49 [Information] Stepper Motor Controller Disable Z Axis controls while moving to location.
11/4/2024 22:21:49 [Information] Time remaining: 00:00:04 zTargetEndTime = 10:21:50
11/4/2024 22:21:49 [Information] Stepper Motor Controller Disable Z Axis controls while moving to location.
11/4/2024 22:21:49 [Information] Time remaining: 00:00:04 zTargetEndTime = 10:21:50
11/4/2024 22:21:49 [Information] Stepper Motor Controller Disable Z Axis controls while moving to location.
11/4/2024 22:21:49 [Information] Time remaining: 00:00:04 zTargetEndTime = 10:21:50
11/4/2024 22:21:49 [Information] Stepper Motor Controller Disable Z Axis controls while moving to location.
11/4/2024 22:21:49 [Information] Time remaining: 00:00:04 zTargetEndTime = 10:21:50
11/4/2024 22:21:49 [Information] Stepper Motor Controller Disable Z Axis controls while moving to location.
11/4/2024 22:21:49 [Information] Time remaining: 00:00:04 zTargetEndTime = 10:21:50
11/4/2024 22:21:49 [Information] Stepper Motor Controller Disable Z Axis controls while moving to location.
11/4/2024 22:21:49 [Information] Time remaining: 00:00:04 zTargetEndTime = 10:21:50
11/4/2024 22:21:49 [Information] Stepper Motor Controller Disable Z Axis controls while moving to location.
11/4/2024 22:21:49 [Information] Time remaining: 00:00:04 zTargetEndTime = 10:21:50
11/4/2024 22:21:49 [Information] Stepper Motor Controller Disable Z Axis controls while moving to location.
11/4/2024 22:21:49 [Information] Time remaining: 00:00:04 zTargetEndTime = 10:21:50
11/4/2024 22:21:49 [Information] Stepper Motor Controller Disable Z Axis controls while moving to location.
11/4/2024 22:21:49 [Information] Time remaining: 00:00:04 zTargetEndTime = 10:21:50
11/4/2024 22:21:49 [Information] Stepper Motor Controller Disable Z Axis controls while moving to location.
11/4/2024 22:21:49 [Information] Time remaining: 00:00:04 zTargetEndTime = 10:21:50
11/4/2024 22:21:49 [Information] Stepper Motor Controller Disable Z Axis controls while moving to location.
11/4/2024 22:21:49 [Information] Time remaining: 00:00:04 zTargetEndTime = 10:21:50
11/4/2024 22:21:49 [Information] Stepper Motor Controller Disable Z Axis controls while moving to location.
11/4/2024 22:21:49 [Information] Time remaining: 00:00:04 zTargetEndTime = 10:21:50
11/4/2024 22:21:49 [Information] Stepper Motor Controller Disable Z Axis controls while moving to location.
11/4/2024 22:21:49 [Information] Time remaining: 00:00:04 zTargetEndTime = 10:21:50
11/4/2024 22:21:49 [Information] Stepper Motor Controller Disable Z Axis controls while moving to location.
11/4/2024 22:21:49 [Information] Time remaining: 00:00:04 zTargetEndTime = 10:21:50
11/4/2024 22:21:49 [Information] Stepper Motor Controller Disable Z Axis controls while moving to location.
11/4/2024 22:21:49 [Information] Time remaining: 00:00:04 zTargetEndTime = 10:21:50
11/4/2024 22:21:49 [Information] Stepper Motor Controller Disable Z Axis controls while moving to location.
11/4/2024 22:21:49 [Information] Time remaining: 00:00:04 zTargetEndTime = 10:21:50
11/4/2024 22:21:49 [Information] Stepper Motor Controller Disable Z Axis controls while moving to location.
11/4/2024 22:21:49 [Information] Time remaining: 00:00:04 zTargetEndTime = 10:21:50
11/4/2024 22:21:49 [Information] Stepper Motor Controller Disable Z Axis controls while moving to location.
11/4/2024 22:21:49 [Information] Time remaining: 00:00:04 zTargetEndTime = 10:21:50
11/4/2024 22:21:49 [Information] Stepper Motor Controller Disable Z Axis controls while moving to location.
11/4/2024 22:21:49 [Information] Time remaining: 00:00:04 zTargetEndTime = 10:21:50
11/4/2024 22:21:49 [Information] Stepper Motor Controller Disable Z Axis controls while moving to location.
11/4/2024 22:21:49 [Information] Time remaining: 00:00:04 zTargetEndTime = 10:21:50
11/4/2024 22:21:49 [Information] Stepper Motor Controller Disable Z Axis controls while moving to location.
11/4/2024 22:21:49 [Information] Time remaining: 00:00:04 zTargetEndTime = 10:21:50
11/4/2024 22:21:49 [Information] Stepper Motor Controller Disable Z Axis controls while moving to location.
11/4/2024 22:21:49 [Information] Time remaining: 00:00:04 zTargetEndTime = 10:21:50
11/4/2024 22:21:49 [Information] Stepper Motor Controller Disable Z Axis controls while moving to location.
11/4/2024 22:21:49 [Information] Time remaining: 00:00:04 zTargetEndTime = 10:21:50
11/4/2024 22:21:49 [Information] Stepper Motor Controller Disable Z Axis controls while moving to location.
11/4/2024 22:21:49 [Information] Time remaining: 00:00:04 zTargetEndTime = 10:21:50
11/4/2024 22:21:49 [Information] Stepper Motor Controller Disable Z Axis controls while moving to location.
11/4/2024 22:21:49 [Information] Time remaining: 00:00:04 zTargetEndTime = 10:21:50
11/4/2024 22:21:50 [Information] Stepper Motor Controller Disable Z Axis controls while moving to location.
11/4/2024 22:21:50 [Information] Time remaining: 00:00:04 zTargetEndTime = 10:21:50
11/4/2024 22:21:50 [Information] Stepper Motor Controller Disable Z Axis controls while moving to location.
11/4/2024 22:21:50 [Information] Time remaining: 00:00:04 zTargetEndTime = 10:21:50
11/4/2024 22:21:50 [Information] Stepper Motor Controller Disable Z Axis controls while moving to location.
11/4/2024 22:21:50 [Information] Time remaining: 00:00:04 zTargetEndTime = 10:21:50
11/4/2024 22:21:50 [Information] Stepper Motor Controller Disable Z Axis controls while moving to location.
11/4/2024 22:21:50 [Information] Time remaining: 00:00:04 zTargetEndTime = 10:21:50
11/4/2024 22:21:50 [Information] Stepper Motor Controller Disable Z Axis controls while moving to location.
11/4/2024 22:21:50 [Information] Time remaining: 00:00:04 zTargetEndTime = 10:21:50
11/4/2024 22:21:50 [Information] Stepper Motor Controller Disable Z Axis controls while moving to location.
11/4/2024 22:21:50 [Information] Time remaining: 00:00:04 zTargetEndTime = 10:21:50
11/4/2024 22:21:50 [Information] Stepper Motor Controller Disable Z Axis controls while moving to location.
11/4/2024 22:21:50 [Information] Time remaining: 00:00:04 zTargetEndTime = 10:21:50
11/4/2024 22:21:50 [Information] Stepper Motor Controller Disable Z Axis controls while moving to location.
11/4/2024 22:21:50 [Information] Time remaining: 00:00:04 zTargetEndTime = 10:21:50
11/4/2024 22:21:50 [Information] Stepper Motor Controller Disable Z Axis controls while moving to location.
11/4/2024 22:21:50 [Information] Time remaining: 00:00:04 zTargetEndTime = 10:21:50
11/4/2024 22:21:50 [Information] Stepper Motor Controller Disable Z Axis controls while moving to location.
11/4/2024 22:21:50 [Information] Time remaining: 00:00:04 zTargetEndTime = 10:21:50
11/4/2024 22:21:50 [Information] Stepper Motor Controller Disable Z Axis controls while moving to location.
11/4/2024 22:21:50 [Information] Time remaining: 00:00:04 zTargetEndTime = 10:21:50
11/4/2024 22:21:50 [Information] Stepper Motor Controller Disable Z Axis controls while moving to location.
11/4/2024 22:21:50 [Information] Time remaining: 00:00:04 zTargetEndTime = 10:21:50
11/4/2024 22:21:50 [Information] Stepper Motor Controller Disable Z Axis controls while moving to location.
11/4/2024 22:21:50 [Information] Time remaining: 00:00:04 zTargetEndTime = 10:21:50
11/4/2024 22:21:50 [Information] Stepper Motor Controller Disable Z Axis controls while moving to location.
11/4/2024 22:21:50 [Information] Time remaining: 00:00:04 zTargetEndTime = 10:21:50
11/4/2024 22:21:50 [Information] Stepper Motor Controller Disable Z Axis controls while moving to location.
11/4/2024 22:21:50 [Information] Time remaining: 00:00:04 zTargetEndTime = 10:21:50
11/4/2024 22:21:50 [Information] Stepper Motor Controller Disable Z Axis controls while moving to location.
11/4/2024 22:21:50 [Information] Time remaining: 00:00:04 zTargetEndTime = 10:21:50
11/4/2024 22:21:50 [Information] Stepper Motor Controller Disable Z Axis controls while moving to location.
11/4/2024 22:21:50 [Information] Time remaining: 00:00:04 zTargetEndTime = 10:21:50
11/4/2024 22:21:50 [Information] Stepper Motor Controller Disable Z Axis controls while moving to location.
11/4/2024 22:21:50 [Information] Time remaining: 00:00:04 zTargetEndTime = 10:21:50
11/4/2024 22:21:50 [Information] Stepper Motor Controller Disable Z Axis controls while moving to location.
11/4/2024 22:21:50 [Information] Time remaining: 00:00:04 zTargetEndTime = 10:21:50
11/4/2024 22:21:50 [Information] Stepper Motor Controller Disable Z Axis controls while moving to location.
11/4/2024 22:21:50 [Information] Time remaining: 00:00:04 zTargetEndTime = 10:21:50
11/4/2024 22:21:50 [Information] Stepper Motor Controller Disable Z Axis controls while moving to location.
11/4/2024 22:21:50 [Information] Time remaining: 00:00:04 zTargetEndTime = 10:21:50
11/4/2024 22:21:50 [Information] Stepper Motor Controller Disable Z Axis controls while moving to location.
11/4/2024 22:21:50 [Information] Time remaining: 00:00:04 zTargetEndTime = 10:21:50
11/4/2024 22:21:50 [Information] Stepper Motor Controller Disable Z Axis controls while moving to location.
11/4/2024 22:21:50 [Information] Time remaining: 00:00:04 zTargetEndTime = 10:21:50
11/4/2024 22:21:50 [Information] Stepper Motor Controller Disable Z Axis controls while moving to location.
11/4/2024 22:21:50 [Information] Time remaining: 00:00:04 zTargetEndTime = 10:21:50
11/4/2024 22:21:50 [Information] Stepper Motor Controller Disable Z Axis controls while moving to location.
11/4/2024 22:21:50 [Information] Time remaining: 00:00:04 zTargetEndTime = 10:21:50
11/4/2024 22:21:50 [Information] Stepper Motor Controller Disable Z Axis controls while moving to location.
11/4/2024 22:21:50 [Information] Time remaining: 00:00:04 zTargetEndTime = 10:21:50
11/4/2024 22:21:50 [Information] Stepper Motor Controller Enable Z Axis controls after moving to location.
11/4/2024 22:21:50 [Information] Stepper Motor Controller Stopwatch Stopped.
11/4/2024 22:21:50 [Information] Stepper Motor Controller Timer Stopped.
11/4/2024 22:21:50 [Information] Stepper Motor Controller Stopwatch Reset.
11/4/2024 22:22:06 [Information] ZAxisRun_Click button clicked:
11/4/2024 22:22:06 [Information] Z Axis MotorMovementSeconds decimal: (41.34 / 4) / 2 = 5.1675
11/4/2024 22:22:06 [Information] Z Axis myMovementTimer int: 1000 * 5.1675 = 5000
11/4/2024 22:22:07 [Information] Z Axis Run Event: Z,0.00,400.00,0,0.00,400.00,0,41.34,400.00,0
11/4/2024 22:22:07 [Information] Z Axis Current Time: 10:22:07 + 5000 = zTargetEndTime: 10:22:12
11/4/2024 22:22:07 [Information] Stepper Motor Controller Disable Z Axis controls while moving to location.
11/4/2024 22:22:07 [Information] Time remaining: 00:00:00 zTargetEndTime = 10:22:12
11/4/2024 22:22:07 [Information] Stepper Motor Controller Disable Z Axis controls while moving to location.
11/4/2024 22:22:07 [Information] Time remaining: 00:00:00 zTargetEndTime = 10:22:12
11/4/2024 22:22:07 [Information] Stepper Motor Controller Disable Z Axis controls while moving to location.
11/4/2024 22:22:07 [Information] Time remaining: 00:00:00 zTargetEndTime = 10:22:12
11/4/2024 22:22:07 [Information] Stepper Motor Controller Disable Z Axis controls while moving to location.
11/4/2024 22:22:07 [Information] Time remaining: 00:00:00 zTargetEndTime = 10:22:12
11/4/2024 22:22:07 [Information] Stepper Motor Controller Disable Z Axis controls while moving to location.
11/4/2024 22:22:07 [Information] Time remaining: 00:00:00 zTargetEndTime = 10:22:12
11/4/2024 22:22:07 [Information] Stepper Motor Controller Disable Z Axis controls while moving to location.
11/4/2024 22:22:07 [Information] Time remaining: 00:00:00 zTargetEndTime = 10:22:12
11/4/2024 22:22:07 [Information] Stepper Motor Controller Disable Z Axis controls while moving to location.
11/4/2024 22:22:07 [Information] Time remaining: 00:00:00 zTargetEndTime = 10:22:12
11/4/2024 22:22:07 [Information] Stepper Motor Controller Disable Z Axis controls while moving to location.
11/4/2024 22:22:07 [Information] Time remaining: 00:00:00 zTargetEndTime = 10:22:12
11/4/2024 22:22:07 [Information] Stepper Motor Controller Disable Z Axis controls while moving to location.
11/4/2024 22:22:07 [Information] Time remaining: 00:00:00 zTargetEndTime = 10:22:12
11/4/2024 22:22:07 [Information] Stepper Motor Controller Disable Z Axis controls while moving to location.
11/4/2024 22:22:07 [Information] Time remaining: 00:00:00 zTargetEndTime = 10:22:12
11/4/2024 22:22:07 [Information] Stepper Motor Controller Disable Z Axis controls while moving to location.
11/4/2024 22:22:07 [Information] Time remaining: 00:00:00 zTargetEndTime = 10:22:12
11/4/2024 22:22:07 [Information] Stepper Motor Controller Disable Z Axis controls while moving to location.
11/4/2024 22:22:07 [Information] Time remaining: 00:00:00 zTargetEndTime = 10:22:12
11/4/2024 22:22:07 [Information] Stepper Motor Controller Disable Z Axis controls while moving to location.
11/4/2024 22:22:07 [Information] Time remaining: 00:00:00 zTargetEndTime = 10:22:12
11/4/2024 22:22:07 [Information] Stepper Motor Controller Disable Z Axis controls while moving to location.
11/4/2024 22:22:07 [Information] Time remaining: 00:00:00 zTargetEndTime = 10:22:12
11/4/2024 22:22:07 [Information] Stepper Motor Controller Disable Z Axis controls while moving to location.
11/4/2024 22:22:07 [Information] Time remaining: 00:00:00 zTargetEndTime = 10:22:12
11/4/2024 22:22:07 [Information] Stepper Motor Controller Disable Z Axis controls while moving to location.
11/4/2024 22:22:07 [Information] Time remaining: 00:00:00 zTargetEndTime = 10:22:12
11/4/2024 22:22:07 [Information] Stepper Motor Controller Disable Z Axis controls while moving to location.
11/4/2024 22:22:07 [Information] Time remaining: 00:00:00 zTargetEndTime = 10:22:12
11/4/2024 22:22:07 [Information] Stepper Motor Controller Disable Z Axis controls while moving to location.
11/4/2024 22:22:07 [Information] Time remaining: 00:00:00 zTargetEndTime = 10:22:12
11/4/2024 22:22:07 [Information] Stepper Motor Controller Disable Z Axis controls while moving to location.
11/4/2024 22:22:07 [Information] Time remaining: 00:00:00 zTargetEndTime = 10:22:12
11/4/2024 22:22:07 [Information] Stepper Motor Controller Disable Z Axis controls while moving to location.
11/4/2024 22:22:07 [Information] Time remaining: 00:00:00 zTargetEndTime = 10:22:12
11/4/2024 22:22:07 [Information] Stepper Motor Controller Disable Z Axis controls while moving to location.
11/4/2024 22:22:07 [Information] Time remaining: 00:00:00 zTargetEndTime = 10:22:12
11/4/2024 22:22:07 [Information] Stepper Motor Controller Disable Z Axis controls while moving to location.
11/4/2024 22:22:07 [Information] Time remaining: 00:00:00 zTargetEndTime = 10:22:12
11/4/2024 22:22:07 [Information] Stepper Motor Controller Disable Z Axis controls while moving to location.
11/4/2024 22:22:07 [Information] Time remaining: 00:00:00 zTargetEndTime = 10:22:12
11/4/2024 22:22:07 [Information] Stepper Motor Controller Disable Z Axis controls while moving to location.
11/4/2024 22:22:07 [Information] Time remaining: 00:00:00 zTargetEndTime = 10:22:12
11/4/2024 22:22:07 [Information] Stepper Motor Controller Disable Z Axis controls while moving to location.
11/4/2024 22:22:07 [Information] Time remaining: 00:00:00 zTargetEndTime = 10:22:12
11/4/2024 22:22:08 [Information] Stepper Motor Controller Disable Z Axis controls while moving to location.
11/4/2024 22:22:08 [Information] Time remaining: 00:00:00 zTargetEndTime = 10:22:12
11/4/2024 22:22:08 [Information] Stepper Motor Controller Disable Z Axis controls while moving to location.
11/4/2024 22:22:08 [Information] Time remaining: 00:00:00 zTargetEndTime = 10:22:12
11/4/2024 22:22:08 [Information] Stepper Motor Controller Disable Z Axis controls while moving to location.
11/4/2024 22:22:08 [Information] Time remaining: 00:00:00 zTargetEndTime = 10:22:12
11/4/2024 22:22:08 [Information] Stepper Motor Controller Disable Z Axis controls while moving to location.
11/4/2024 22:22:08 [Information] Time remaining: 00:00:00 zTargetEndTime = 10:22:12
11/4/2024 22:22:08 [Information] Stepper Motor Controller Disable Z Axis controls while moving to location.
11/4/2024 22:22:08 [Information] Time remaining: 00:00:00 zTargetEndTime = 10:22:12
11/4/2024 22:22:08 [Information] Stepper Motor Controller Disable Z Axis controls while moving to location.
11/4/2024 22:22:08 [Information] Time remaining: 00:00:00 zTargetEndTime = 10:22:12
11/4/2024 22:22:08 [Information] Stepper Motor Controller Disable Z Axis controls while moving to location.
11/4/2024 22:22:08 [Information] Time remaining: 00:00:00 zTargetEndTime = 10:22:12
11/4/2024 22:22:08 [Information] Stepper Motor Controller Disable Z Axis controls while moving to location.
11/4/2024 22:22:08 [Information] Time remaining: 00:00:00 zTargetEndTime = 10:22:12
11/4/2024 22:22:08 [Information] Stepper Motor Controller Disable Z Axis controls while moving to location.
11/4/2024 22:22:08 [Information] Time remaining: 00:00:00 zTargetEndTime = 10:22:12
11/4/2024 22:22:08 [Information] Stepper Motor Controller Disable Z Axis controls while moving to location.
11/4/2024 22:22:08 [Information] Time remaining: 00:00:00 zTargetEndTime = 10:22:12
11/4/2024 22:22:08 [Information] Stepper Motor Controller Disable Z Axis controls while moving to location.
11/4/2024 22:22:08 [Information] Time remaining: 00:00:00 zTargetEndTime = 10:22:12
11/4/2024 22:22:08 [Information] Stepper Motor Controller Disable Z Axis controls while moving to location.
11/4/2024 22:22:08 [Information] Time remaining: 00:00:00 zTargetEndTime = 10:22:12
11/4/2024 22:22:08 [Information] Stepper Motor Controller Disable Z Axis controls while moving to location.
11/4/2024 22:22:08 [Information] Time remaining: 00:00:00 zTargetEndTime = 10:22:12
11/4/2024 22:22:08 [Information] Stepper Motor Controller Disable Z Axis controls while moving to location.
11/4/2024 22:22:08 [Information] Time remaining: 00:00:00 zTargetEndTime = 10:22:12
11/4/2024 22:22:08 [Information] Stepper Motor Controller Disable Z Axis controls while moving to location.
11/4/2024 22:22:08 [Information] Time remaining: 00:00:00 zTargetEndTime = 10:22:12
11/4/2024 22:22:08 [Information] Stepper Motor Controller Disable Z Axis controls while moving to location.
11/4/2024 22:22:08 [Information] Time remaining: 00:00:00 zTargetEndTime = 10:22:12
11/4/2024 22:22:08 [Information] Stepper Motor Controller Disable Z Axis controls while moving to location.
11/4/2024 22:22:08 [Information] Time remaining: 00:00:00 zTargetEndTime = 10:22:12
11/4/2024 22:22:08 [Information] Stepper Motor Controller Disable Z Axis controls while moving to location.
11/4/2024 22:22:08 [Information] Time remaining: 00:00:00 zTargetEndTime = 10:22:12
11/4/2024 22:22:08 [Information] Stepper Motor Controller Disable Z Axis controls while moving to location.
11/4/2024 22:22:08 [Information] Time remaining: 00:00:00 zTargetEndTime = 10:22:12
11/4/2024 22:22:08 [Information] Stepper Motor Controller Disable Z Axis controls while moving to location.
11/4/2024 22:22:08 [Information] Time remaining: 00:00:00 zTargetEndTime = 10:22:12
11/4/2024 22:22:08 [Information] Stepper Motor Controller Disable Z Axis controls while moving to location.
11/4/2024 22:22:08 [Information] Time remaining: 00:00:00 zTargetEndTime = 10:22:12
11/4/2024 22:22:08 [Information] Stepper Motor Controller Disable Z Axis controls while moving to location.
11/4/2024 22:22:08 [Information] Time remaining: 00:00:00 zTargetEndTime = 10:22:12
11/4/2024 22:22:08 [Information] Stepper Motor Controller Disable Z Axis controls while moving to location.
11/4/2024 22:22:08 [Information] Time remaining: 00:00:00 zTargetEndTime = 10:22:12
11/4/2024 22:22:08 [Information] Stepper Motor Controller Disable Z Axis controls while moving to location.
11/4/2024 22:22:08 [Information] Time remaining: 00:00:00 zTargetEndTime = 10:22:12
11/4/2024 22:22:08 [Information] Stepper Motor Controller Disable Z Axis controls while moving to location.
11/4/2024 22:22:08 [Information] Time remaining: 00:00:00 zTargetEndTime = 10:22:12
11/4/2024 22:22:08 [Information] Stepper Motor Controller Disable Z Axis controls while moving to location.
11/4/2024 22:22:08 [Information] Time remaining: 00:00:00 zTargetEndTime = 10:22:12
11/4/2024 22:22:08 [Information] Stepper Motor Controller Disable Z Axis controls while moving to location.
11/4/2024 22:22:08 [Information] Time remaining: 00:00:00 zTargetEndTime = 10:22:12
11/4/2024 22:22:08 [Information] Stepper Motor Controller Disable Z Axis controls while moving to location.
11/4/2024 22:22:08 [Information] Time remaining: 00:00:00 zTargetEndTime = 10:22:12
11/4/2024 22:22:08 [Information] Stepper Motor Controller Disable Z Axis controls while moving to location.
11/4/2024 22:22:08 [Information] Time remaining: 00:00:01 zTargetEndTime = 10:22:12
11/4/2024 22:22:08 [Information] Stepper Motor Controller Disable Z Axis controls while moving to location.
11/4/2024 22:22:08 [Information] Time remaining: 00:00:01 zTargetEndTime = 10:22:12
11/4/2024 22:22:08 [Information] Stepper Motor Controller Disable Z Axis controls while moving to location.
11/4/2024 22:22:08 [Information] Time remaining: 00:00:01 zTargetEndTime = 10:22:12
11/4/2024 22:22:08 [Information] Stepper Motor Controller Disable Z Axis controls while moving to location.
11/4/2024 22:22:08 [Information] Time remaining: 00:00:01 zTargetEndTime = 10:22:12
11/4/2024 22:22:08 [Information] Stepper Motor Controller Disable Z Axis controls while moving to location.
11/4/2024 22:22:08 [Information] Time remaining: 00:00:01 zTargetEndTime = 10:22:12
11/4/2024 22:22:08 [Information] Stepper Motor Controller Disable Z Axis controls while moving to location.
11/4/2024 22:22:08 [Information] Time remaining: 00:00:01 zTargetEndTime = 10:22:12
11/4/2024 22:22:08 [Information] Stepper Motor Controller Disable Z Axis controls while moving to location.
11/4/2024 22:22:08 [Information] Time remaining: 00:00:01 zTargetEndTime = 10:22:12
11/4/2024 22:22:08 [Information] Stepper Motor Controller Disable Z Axis controls while moving to location.
11/4/2024 22:22:08 [Information] Time remaining: 00:00:01 zTargetEndTime = 10:22:12
11/4/2024 22:22:08 [Information] Stepper Motor Controller Disable Z Axis controls while moving to location.
11/4/2024 22:22:08 [Information] Time remaining: 00:00:01 zTargetEndTime = 10:22:12
11/4/2024 22:22:08 [Information] Stepper Motor Controller Disable Z Axis controls while moving to location.
11/4/2024 22:22:08 [Information] Time remaining: 00:00:01 zTargetEndTime = 10:22:12
11/4/2024 22:22:08 [Information] Stepper Motor Controller Disable Z Axis controls while moving to location.
11/4/2024 22:22:08 [Information] Time remaining: 00:00:01 zTargetEndTime = 10:22:12
11/4/2024 22:22:08 [Information] Stepper Motor Controller Disable Z Axis controls while moving to location.
11/4/2024 22:22:08 [Information] Time remaining: 00:00:01 zTargetEndTime = 10:22:12
11/4/2024 22:22:08 [Information] Stepper Motor Controller Disable Z Axis controls while moving to location.
11/4/2024 22:22:08 [Information] Time remaining: 00:00:01 zTargetEndTime = 10:22:12
11/4/2024 22:22:08 [Information] Stepper Motor Controller Disable Z Axis controls while moving to location.
11/4/2024 22:22:08 [Information] Time remaining: 00:00:01 zTargetEndTime = 10:22:12
11/4/2024 22:22:08 [Information] Stepper Motor Controller Disable Z Axis controls while moving to location.
11/4/2024 22:22:08 [Information] Time remaining: 00:00:01 zTargetEndTime = 10:22:12
11/4/2024 22:22:08 [Information] Stepper Motor Controller Disable Z Axis controls while moving to location.
11/4/2024 22:22:08 [Information] Time remaining: 00:00:01 zTargetEndTime = 10:22:12
11/4/2024 22:22:08 [Information] Stepper Motor Controller Disable Z Axis controls while moving to location.
11/4/2024 22:22:08 [Information] Time remaining: 00:00:01 zTargetEndTime = 10:22:12
11/4/2024 22:22:08 [Information] Stepper Motor Controller Disable Z Axis controls while moving to location.
11/4/2024 22:22:08 [Information] Time remaining: 00:00:01 zTargetEndTime = 10:22:12
11/4/2024 22:22:08 [Information] Stepper Motor Controller Disable Z Axis controls while moving to location.
11/4/2024 22:22:08 [Information] Time remaining: 00:00:01 zTargetEndTime = 10:22:12
11/4/2024 22:22:08 [Information] Stepper Motor Controller Disable Z Axis controls while moving to location.
11/4/2024 22:22:08 [Information] Time remaining: 00:00:01 zTargetEndTime = 10:22:12
11/4/2024 22:22:08 [Information] Stepper Motor Controller Disable Z Axis controls while moving to location.
11/4/2024 22:22:08 [Information] Time remaining: 00:00:01 zTargetEndTime = 10:22:12
11/4/2024 22:22:08 [Information] Stepper Motor Controller Disable Z Axis controls while moving to location.
11/4/2024 22:22:08 [Information] Time remaining: 00:00:01 zTargetEndTime = 10:22:12
11/4/2024 22:22:08 [Information] Stepper Motor Controller Disable Z Axis controls while moving to location.
11/4/2024 22:22:08 [Information] Time remaining: 00:00:01 zTargetEndTime = 10:22:12
11/4/2024 22:22:08 [Information] Stepper Motor Controller Disable Z Axis controls while moving to location.
11/4/2024 22:22:08 [Information] Time remaining: 00:00:01 zTargetEndTime = 10:22:12
11/4/2024 22:22:08 [Information] Stepper Motor Controller Disable Z Axis controls while moving to location.
11/4/2024 22:22:08 [Information] Time remaining: 00:00:01 zTargetEndTime = 10:22:12
11/4/2024 22:22:08 [Information] Stepper Motor Controller Disable Z Axis controls while moving to location.
11/4/2024 22:22:08 [Information] Time remaining: 00:00:01 zTargetEndTime = 10:22:12
11/4/2024 22:22:08 [Information] Stepper Motor Controller Disable Z Axis controls while moving to location.
11/4/2024 22:22:08 [Information] Time remaining: 00:00:01 zTargetEndTime = 10:22:12
11/4/2024 22:22:08 [Information] Stepper Motor Controller Disable Z Axis controls while moving to location.
11/4/2024 22:22:08 [Information] Time remaining: 00:00:01 zTargetEndTime = 10:22:12
11/4/2024 22:22:08 [Information] Stepper Motor Controller Disable Z Axis controls while moving to location.
11/4/2024 22:22:08 [Information] Time remaining: 00:00:01 zTargetEndTime = 10:22:12
11/4/2024 22:22:08 [Information] Stepper Motor Controller Disable Z Axis controls while moving to location.
11/4/2024 22:22:08 [Information] Time remaining: 00:00:01 zTargetEndTime = 10:22:12
11/4/2024 22:22:08 [Information] Stepper Motor Controller Disable Z Axis controls while moving to location.
11/4/2024 22:22:08 [Information] Time remaining: 00:00:01 zTargetEndTime = 10:22:12
11/4/2024 22:22:08 [Information] Stepper Motor Controller Disable Z Axis controls while moving to location.
11/4/2024 22:22:08 [Information] Time remaining: 00:00:01 zTargetEndTime = 10:22:12
11/4/2024 22:22:08 [Information] Stepper Motor Controller Disable Z Axis controls while moving to location.
11/4/2024 22:22:08 [Information] Time remaining: 00:00:01 zTargetEndTime = 10:22:12
11/4/2024 22:22:09 [Information] Stepper Motor Controller Disable Z Axis controls while moving to location.
11/4/2024 22:22:09 [Information] Time remaining: 00:00:01 zTargetEndTime = 10:22:12
11/4/2024 22:22:09 [Information] Stepper Motor Controller Disable Z Axis controls while moving to location.
11/4/2024 22:22:09 [Information] Time remaining: 00:00:01 zTargetEndTime = 10:22:12
11/4/2024 22:22:09 [Information] Stepper Motor Controller Disable Z Axis controls while moving to location.
11/4/2024 22:22:09 [Information] Time remaining: 00:00:01 zTargetEndTime = 10:22:12
11/4/2024 22:22:09 [Information] Stepper Motor Controller Disable Z Axis controls while moving to location.
11/4/2024 22:22:09 [Information] Time remaining: 00:00:01 zTargetEndTime = 10:22:12
11/4/2024 22:22:09 [Information] Stepper Motor Controller Disable Z Axis controls while moving to location.
11/4/2024 22:22:09 [Information] Time remaining: 00:00:01 zTargetEndTime = 10:22:12
11/4/2024 22:22:09 [Information] Stepper Motor Controller Disable Z Axis controls while moving to location.
11/4/2024 22:22:09 [Information] Time remaining: 00:00:01 zTargetEndTime = 10:22:12
11/4/2024 22:22:09 [Information] Stepper Motor Controller Disable Z Axis controls while moving to location.
11/4/2024 22:22:09 [Information] Time remaining: 00:00:01 zTargetEndTime = 10:22:12
11/4/2024 22:22:09 [Information] Stepper Motor Controller Disable Z Axis controls while moving to location.
11/4/2024 22:22:09 [Information] Time remaining: 00:00:01 zTargetEndTime = 10:22:12
11/4/2024 22:22:09 [Information] Stepper Motor Controller Disable Z Axis controls while moving to location.
11/4/2024 22:22:09 [Information] Time remaining: 00:00:01 zTargetEndTime = 10:22:12
11/4/2024 22:22:09 [Information] Stepper Motor Controller Disable Z Axis controls while moving to location.
11/4/2024 22:22:09 [Information] Time remaining: 00:00:01 zTargetEndTime = 10:22:12
11/4/2024 22:22:09 [Information] Stepper Motor Controller Disable Z Axis controls while moving to location.
11/4/2024 22:22:09 [Information] Time remaining: 00:00:01 zTargetEndTime = 10:22:12
11/4/2024 22:22:09 [Information] Stepper Motor Controller Disable Z Axis controls while moving to location.
11/4/2024 22:22:09 [Information] Time remaining: 00:00:01 zTargetEndTime = 10:22:12
11/4/2024 22:22:09 [Information] Stepper Motor Controller Disable Z Axis controls while moving to location.
11/4/2024 22:22:09 [Information] Time remaining: 00:00:01 zTargetEndTime = 10:22:12
11/4/2024 22:22:09 [Information] Stepper Motor Controller Disable Z Axis controls while moving to location.
11/4/2024 22:22:09 [Information] Time remaining: 00:00:01 zTargetEndTime = 10:22:12
11/4/2024 22:22:09 [Information] Stepper Motor Controller Disable Z Axis controls while moving to location.
11/4/2024 22:22:09 [Information] Time remaining: 00:00:01 zTargetEndTime = 10:22:12
11/4/2024 22:22:09 [Information] Stepper Motor Controller Disable Z Axis controls while moving to location.
11/4/2024 22:22:09 [Information] Time remaining: 00:00:01 zTargetEndTime = 10:22:12
11/4/2024 22:22:09 [Information] Stepper Motor Controller Disable Z Axis controls while moving to location.
11/4/2024 22:22:09 [Information] Time remaining: 00:00:01 zTargetEndTime = 10:22:12
11/4/2024 22:22:09 [Information] Stepper Motor Controller Disable Z Axis controls while moving to location.
11/4/2024 22:22:09 [Information] Time remaining: 00:00:01 zTargetEndTime = 10:22:12
11/4/2024 22:22:09 [Information] Stepper Motor Controller Disable Z Axis controls while moving to location.
11/4/2024 22:22:09 [Information] Time remaining: 00:00:01 zTargetEndTime = 10:22:12
11/4/2024 22:22:09 [Information] Stepper Motor Controller Disable Z Axis controls while moving to location.
11/4/2024 22:22:09 [Information] Time remaining: 00:00:01 zTargetEndTime = 10:22:12
11/4/2024 22:22:09 [Information] Stepper Motor Controller Disable Z Axis controls while moving to location.
11/4/2024 22:22:09 [Information] Time remaining: 00:00:01 zTargetEndTime = 10:22:12
11/4/2024 22:22:09 [Information] Stepper Motor Controller Disable Z Axis controls while moving to location.
11/4/2024 22:22:09 [Information] Time remaining: 00:00:01 zTargetEndTime = 10:22:12
11/4/2024 22:22:09 [Information] Stepper Motor Controller Disable Z Axis controls while moving to location.
11/4/2024 22:22:09 [Information] Time remaining: 00:00:02 zTargetEndTime = 10:22:12
11/4/2024 22:22:09 [Information] Stepper Motor Controller Disable Z Axis controls while moving to location.
11/4/2024 22:22:09 [Information] Time remaining: 00:00:02 zTargetEndTime = 10:22:12
11/4/2024 22:22:09 [Information] Stepper Motor Controller Disable Z Axis controls while moving to location.
11/4/2024 22:22:09 [Information] Time remaining: 00:00:02 zTargetEndTime = 10:22:12
11/4/2024 22:22:09 [Information] Stepper Motor Controller Disable Z Axis controls while moving to location.
11/4/2024 22:22:09 [Information] Time remaining: 00:00:02 zTargetEndTime = 10:22:12
11/4/2024 22:22:09 [Information] Stepper Motor Controller Disable Z Axis controls while moving to location.
11/4/2024 22:22:09 [Information] Time remaining: 00:00:02 zTargetEndTime = 10:22:12
11/4/2024 22:22:09 [Information] Stepper Motor Controller Disable Z Axis controls while moving to location.
11/4/2024 22:22:09 [Information] Time remaining: 00:00:02 zTargetEndTime = 10:22:12
11/4/2024 22:22:09 [Information] Stepper Motor Controller Disable Z Axis controls while moving to location.
11/4/2024 22:22:09 [Information] Time remaining: 00:00:02 zTargetEndTime = 10:22:12
11/4/2024 22:22:09 [Information] Stepper Motor Controller Disable Z Axis controls while moving to location.
11/4/2024 22:22:09 [Information] Time remaining: 00:00:02 zTargetEndTime = 10:22:12
11/4/2024 22:22:09 [Information] Stepper Motor Controller Disable Z Axis controls while moving to location.
11/4/2024 22:22:09 [Information] Time remaining: 00:00:02 zTargetEndTime = 10:22:12
11/4/2024 22:22:09 [Information] Stepper Motor Controller Disable Z Axis controls while moving to location.
11/4/2024 22:22:09 [Information] Time remaining: 00:00:02 zTargetEndTime = 10:22:12
11/4/2024 22:22:09 [Information] Stepper Motor Controller Disable Z Axis controls while moving to location.
11/4/2024 22:22:09 [Information] Time remaining: 00:00:02 zTargetEndTime = 10:22:12
11/4/2024 22:22:09 [Information] Stepper Motor Controller Disable Z Axis controls while moving to location.
11/4/2024 22:22:09 [Information] Time remaining: 00:00:02 zTargetEndTime = 10:22:12
11/4/2024 22:22:09 [Information] Stepper Motor Controller Disable Z Axis controls while moving to location.
11/4/2024 22:22:09 [Information] Time remaining: 00:00:02 zTargetEndTime = 10:22:12
11/4/2024 22:22:09 [Information] Stepper Motor Controller Disable Z Axis controls while moving to location.
11/4/2024 22:22:09 [Information] Time remaining: 00:00:02 zTargetEndTime = 10:22:12
11/4/2024 22:22:09 [Information] Stepper Motor Controller Disable Z Axis controls while moving to location.
11/4/2024 22:22:09 [Information] Time remaining: 00:00:02 zTargetEndTime = 10:22:12
11/4/2024 22:22:09 [Information] Stepper Motor Controller Disable Z Axis controls while moving to location.
11/4/2024 22:22:09 [Information] Time remaining: 00:00:02 zTargetEndTime = 10:22:12
11/4/2024 22:22:09 [Information] Stepper Motor Controller Disable Z Axis controls while moving to location.
11/4/2024 22:22:09 [Information] Time remaining: 00:00:02 zTargetEndTime = 10:22:12
11/4/2024 22:22:09 [Information] Stepper Motor Controller Disable Z Axis controls while moving to location.
11/4/2024 22:22:09 [Information] Time remaining: 00:00:02 zTargetEndTime = 10:22:12
11/4/2024 22:22:09 [Information] Stepper Motor Controller Disable Z Axis controls while moving to location.
11/4/2024 22:22:09 [Information] Time remaining: 00:00:02 zTargetEndTime = 10:22:12
11/4/2024 22:22:09 [Information] Stepper Motor Controller Disable Z Axis controls while moving to location.
11/4/2024 22:22:09 [Information] Time remaining: 00:00:02 zTargetEndTime = 10:22:12
11/4/2024 22:22:09 [Information] Stepper Motor Controller Disable Z Axis controls while moving to location.
11/4/2024 22:22:09 [Information] Time remaining: 00:00:02 zTargetEndTime = 10:22:12
11/4/2024 22:22:09 [Information] Stepper Motor Controller Disable Z Axis controls while moving to location.
11/4/2024 22:22:09 [Information] Time remaining: 00:00:02 zTargetEndTime = 10:22:12
11/4/2024 22:22:09 [Information] Stepper Motor Controller Disable Z Axis controls while moving to location.
11/4/2024 22:22:09 [Information] Time remaining: 00:00:02 zTargetEndTime = 10:22:12
11/4/2024 22:22:09 [Information] Z Axis Data Received: Z Axis CW Motor Stopped
Z Axis CW Motor Current Position: 877
Z Axis CW Motor Stopped
Z Axis CW Motor Current Positio
11/4/2024 22:22:09 [Information] Updated X,Y Zero.IsChecked status to 0 and Z Zero.IsChecked status to 1.
11/4/2024 22:22:09 [Information] ZAxisRun_Click button clicked:
11/4/2024 22:22:09 [Information] Z Axis Run Event to reset Axis to zero: Z,0.00,400.00,0,0.00,400.00,0,0.00,400.00,1
11/4/2024 22:22:09 [Information] Setting Z Axis Current Location Set to Zero on DRO
11/4/2024 22:22:09 [Information] Z Axis Data Received: n: 877
Z Axis CW Motor Stopped
Z Axis CW Motor Current Position: 877
Z Axis CW Motor Stopped
Z Axis CW Motor Current
11/4/2024 22:22:09 [Information] ZAxisRun_Click button clicked:
11/4/2024 22:22:09 [Information] Z Axis Run Event to reset Axis to zero: Z,0.00,400.00,0,0.00,400.00,0,0.00,400.00,1
11/4/2024 22:22:09 [Information] Setting Z Axis Current Location Set to Zero on DRO
11/4/2024 22:22:10 [Information] Z Axis Data Received:  Position: 877
Z Axis CW Motor Stopped
Z Axis CW Motor Current Position: 877

11/4/2024 22:22:10 [Information] ZAxisRun_Click button clicked:
11/4/2024 22:22:10 [Information] Z Axis Run Event to reset Axis to zero: Z,0.00,400.00,0,0.00,400.00,0,0.00,400.00,1
11/4/2024 22:22:10 [Information] Setting Z Axis Current Location Set to Zero on DRO
11/4/2024 22:22:10 [Information] Updated X,Y,Z Zero.IsChecked status to 0.
11/4/2024 22:22:10 [Information] Z Axis Current Location Set to Zero
11/4/2024 22:22:10 [Information] Z Axis Current Location Set to Zero
11/4/2024 22:22:11 [Information] Z Axis Current Location Set to Zero
11/4/2024 22:22:11 [Information] Z Axis CW Motor Current Position: 58.88
11/4/2024 22:22:28 [Information] Z Axis mouse controlled Keypad returned: 4.00
11/4/2024 22:22:30 [Information] ZAxisRun_Click button clicked:
11/4/2024 22:22:30 [Information] Z Axis MotorMovementSeconds decimal: (4.00 / 4) / 2 = 0.50
11/4/2024 22:22:30 [Information] Z Axis myMovementTimer int: 1000 * 0.50 = 0
11/4/2024 22:22:31 [Information] Z Axis Run Event: Z,0.00,400.00,0,0.00,400.00,0,62.88,400.00,0
11/4/2024 22:22:31 [Information] Z Axis Current Time: 10:22:31 + 0 = zTargetEndTime: 10:22:31
11/4/2024 22:22:31 [Information] Stepper Motor Controller Enable Z Axis controls after moving to location.
11/4/2024 22:22:31 [Information] Stepper Motor Controller Stopwatch Stopped.
11/4/2024 22:22:31 [Information] Stepper Motor Controller Timer Stopped.
11/4/2024 22:22:31 [Information] Stepper Motor Controller Stopwatch Reset.
11/4/2024 22:22:51 [Information] Stepper Motor Controller MainWindow Closing.
11/4/2024 22:22:51 [Information] Stepper Motor Controller Serial Ports closed.
11/4/2024 22:22:51 [Information] Properties Settings Saved.
11/4/2024 22:22:51 [Information] Properties Settings Form Closed.
11/4/2024 22:22:51 [Information] Stepper Motor Controller Form Closed.
