11/19/2024 07:29:56 [Information] Stepper Motor Controller Application Started.
11/19/2024 07:29:56 [Information] Version: 3.0.9089.13493 (11/19/2024 07:29:56)
11/19/2024 07:29:56 [Error] I/O error occurred while opening the port COM7.
11/19/2024 07:29:58 [Error] I/O error occurred while opening the port COM8.
11/19/2024 07:29:59 [Information] SerialPort COM10 opened successfully.
11/19/2024 07:29:59 [Information] Stepper Motor Controller Application Started.
11/19/2024 07:29:59 [Information] Version: 3.0.9089.13493 (11/19/2024 07:29:59)
11/19/2024 07:29:59 [Information] Version: 3.1.0.13494 (11/19/2024 07:29:59)
11/19/2024 07:29:59 [Warning] Element AssemblyVersion not found in the provided XML document.
11/19/2024 07:29:59 [Warning] Element FileVersion not found in the provided XML document.
11/19/2024 07:29:59 [Information] Version: 3.1.0.13494 (11/19/2024 07:29:59)
11/19/2024 07:29:59 [Information] Stepper Motor Controller Application Settings Window Opened.
11/19/2024 07:29:59 [Information] Stepper Motor Controller Application Settings form is rebuilt each and every time it is opened.
11/19/2024 07:29:59 [Information] int: 9600 BaudRate added to the Settings Form.
11/19/2024 07:29:59 [Information] bool: False ckbXaxisResetToZeroIsChecked added to the Settings Form.
11/19/2024 07:29:59 [Information] bool: False ckbYaxisResetToZeroIsChecked added to the Settings Form.
11/19/2024 07:29:59 [Information] bool: False ckbZaxisResetToZeroIsChecked added to the Settings Form.
11/19/2024 07:29:59 [Information] COM1: ComPort added to the Settings Form.
11/19/2024 07:29:59 [Information] COM2: ComPort added to the Settings Form.
11/19/2024 07:29:59 [Information] COM3: ComPort added to the Settings Form.
11/19/2024 07:29:59 [Information] COM4: ComPort added to the Settings Form.
11/19/2024 07:29:59 [Information] COM5: ComPort added to the Settings Form.
11/19/2024 07:29:59 [Information] COM6: ComPort added to the Settings Form.
11/19/2024 07:29:59 [Information] COM7: ComPort added to the Settings Form.
11/19/2024 07:29:59 [Information] COM8: ComPort added to the Settings Form.
11/19/2024 07:29:59 [Information] COM9: ComPort added to the Settings Form.
11/19/2024 07:29:59 [Information] COM10: ComPort added to the Settings Form.
11/19/2024 07:29:59 [Information] decimal: 4.00 Divider4_00 added to the Settings Form.
11/19/2024 07:29:59 [Information] decimal: 0.00 MathPart2Initlz added to the Settings Form.
11/19/2024 07:29:59 [Information] decimal: 1.00 MilisecondTimerInterval added to the Settings Form.
11/19/2024 07:29:59 [Information] decimal: 1000.00 MillisecondDelay added to the Settings Form.
11/19/2024 07:29:59 [Information] int: 1000 Milliseconds added to the Settings Form.
11/19/2024 07:29:59 [Information] int: 4 mmPerRevolution added to the Settings Form.
11/19/2024 07:29:59 [Information] int: 2000 ThreadSleep added to the Settings Form.
11/19/2024 07:29:59 [Information] decimal: 0.00 Value_0_00 added to the Settings Form.
11/19/2024 07:29:59 [Information] decimal: 50.00 XaxisAcceleration added to the Settings Form.
11/19/2024 07:29:59 [Information] bool: False XaxisChanged added to the Settings Form.
11/19/2024 07:29:59 [Information] decimal: 400.00 XaxisMotorSpeed added to the Settings Form.
11/19/2024 07:29:59 [Information] decimal: 0.00 XaxisStepperCurrent added to the Settings Form.
11/19/2024 07:29:59 [Information] decimal: 0.00 XaxisStepperMove added to the Settings Form.
11/19/2024 07:29:59 [Information] XCOM1: XComPort added to the Settings Form.
11/19/2024 07:29:59 [Information] XCOM2: XComPort added to the Settings Form.
11/19/2024 07:29:59 [Information] XCOM3: XComPort added to the Settings Form.
11/19/2024 07:29:59 [Information] XCOM4: XComPort added to the Settings Form.
11/19/2024 07:29:59 [Information] XCOM5: XComPort added to the Settings Form.
11/19/2024 07:29:59 [Information] XCOM6: XComPort added to the Settings Form.
11/19/2024 07:29:59 [Information] XCOM7: XComPort added to the Settings Form.
11/19/2024 07:29:59 [Information] XCOM8: XComPort added to the Settings Form.
11/19/2024 07:29:59 [Information] XCOM9: XComPort added to the Settings Form.
11/19/2024 07:29:59 [Information] XCOM10: XComPort added to the Settings Form.
11/19/2024 07:29:59 [Information] decimal: 50.00 YaxisAcceleration added to the Settings Form.
11/19/2024 07:29:59 [Information] bool: False YaxisChanged added to the Settings Form.
11/19/2024 07:29:59 [Information] decimal: 400.00 YaxisMotorSpeed added to the Settings Form.
11/19/2024 07:29:59 [Information] decimal: 0.00 YaxisStepperCurrent added to the Settings Form.
11/19/2024 07:29:59 [Information] decimal: 0.00 YaxisStepperMove added to the Settings Form.
11/19/2024 07:29:59 [Information] YCOM1: YComPort added to the Settings Form.
11/19/2024 07:29:59 [Information] YCOM2: YComPort added to the Settings Form.
11/19/2024 07:29:59 [Information] YCOM3: YComPort added to the Settings Form.
11/19/2024 07:29:59 [Information] YCOM4: YComPort added to the Settings Form.
11/19/2024 07:29:59 [Information] YCOM5: YComPort added to the Settings Form.
11/19/2024 07:29:59 [Information] YCOM6: YComPort added to the Settings Form.
11/19/2024 07:29:59 [Information] YCOM7: YComPort added to the Settings Form.
11/19/2024 07:29:59 [Information] YCOM8: YComPort added to the Settings Form.
11/19/2024 07:29:59 [Information] YCOM9: YComPort added to the Settings Form.
11/19/2024 07:29:59 [Information] YCOM10: YComPort added to the Settings Form.
11/19/2024 07:29:59 [Information] decimal: 50.00 ZaxisAcceleration added to the Settings Form.
11/19/2024 07:29:59 [Information] bool: False ZaxisChanged added to the Settings Form.
11/19/2024 07:29:59 [Information] decimal: 400.00 ZaxisMotorSpeed added to the Settings Form.
11/19/2024 07:29:59 [Information] decimal: 0.00 ZaxisStepperCurrent added to the Settings Form.
11/19/2024 07:29:59 [Information] decimal: 0.00 ZaxisStepperMove added to the Settings Form.
11/19/2024 07:29:59 [Information] ZCOM1: ZComPort added to the Settings Form.
11/19/2024 07:29:59 [Information] ZCOM2: ZComPort added to the Settings Form.
11/19/2024 07:29:59 [Information] ZCOM3: ZComPort added to the Settings Form.
11/19/2024 07:29:59 [Information] ZCOM4: ZComPort added to the Settings Form.
11/19/2024 07:29:59 [Information] ZCOM5: ZComPort added to the Settings Form.
11/19/2024 07:29:59 [Information] ZCOM6: ZComPort added to the Settings Form.
11/19/2024 07:29:59 [Information] ZCOM7: ZComPort added to the Settings Form.
11/19/2024 07:29:59 [Information] ZCOM8: ZComPort added to the Settings Form.
11/19/2024 07:29:59 [Information] ZCOM9: ZComPort added to the Settings Form.
11/19/2024 07:29:59 [Information] ZCOM10: ZComPort added to the Settings Form.
11/19/2024 07:29:59 [Information] int: 0 zeroXaxis added to the Settings Form.
11/19/2024 07:29:59 [Information] int: 0 zeroYaxis added to the Settings Form.
11/19/2024 07:29:59 [Information] int: 0 zeroZaxis added to the Settings Form.
11/19/2024 07:30:00 [Information] Stepper Motor Controller MainWindow loaded
11/19/2024 07:30:00 [Information] Set MainWindow Media Brushes to White.
11/19/2024 07:30:07 [Information] txtZaxisStepperMove Axis mouse controlled Keypad returned: 16.00
11/19/2024 07:30:09 [Information] Z Axis Run button clicked:
11/19/2024 07:30:10 [Information] Z Axis Run Event: Z,0.00,400.00,0,0.00,400.00,0,16.00,400.00,0
11/19/2024 07:30:10 [Information] Z Axis MotorMovementSeconds: 0.04
11/19/2024 07:30:10 [Information] Z Axis Timer Started. Target End Time: 07:30:10
11/19/2024 07:30:10 [Information] Z Axis Stopwatch Started.
11/19/2024 07:30:10 [Information] Z Axis Data Received: ????????????????????????????????????????????????????????????????erialData: Z,0.00,400.00,0,0.00,400.00,0,16.00,400.00,0

11/19/2024 07:30:10 [Information] Z Axis Motor Current Position: -0.0064
11/19/2024 07:30:10 [Information] Z Axis Current Time: 07:30:10 + 0 = 07:30:10
11/19/2024 07:30:10 [Information] Stepper Motor Controller Enable Y Axis controls after moving to location.
11/19/2024 07:30:10 [Information] Stepper Motor Controller Stopwatch Stopped.
11/19/2024 07:30:10 [Information] Stepper Motor Controller Timer Stopped.
11/19/2024 07:30:10 [Information] Stepper Motor Controller Stopwatch Reset.
11/19/2024 07:30:11 [Information] Stepper Motor Controller Enable Y Axis controls after moving to location.
11/19/2024 07:30:11 [Information] Stepper Motor Controller Stopwatch Stopped.
11/19/2024 07:30:11 [Information] Stepper Motor Controller Timer Stopped.
11/19/2024 07:30:11 [Information] Stepper Motor Controller Stopwatch Reset.
11/19/2024 07:30:11 [Information] Stepper Motor Controller Enable Y Axis controls after moving to location.
11/19/2024 07:30:11 [Information] Stepper Motor Controller Stopwatch Stopped.
11/19/2024 07:30:11 [Information] Stepper Motor Controller Timer Stopped.
11/19/2024 07:30:11 [Information] Stepper Motor Controller Stopwatch Reset.
11/19/2024 07:30:11 [Information] Stepper Motor Controller Enable Y Axis controls after moving to location.
11/19/2024 07:30:11 [Information] Stepper Motor Controller Stopwatch Stopped.
11/19/2024 07:30:11 [Information] Stepper Motor Controller Timer Stopped.
11/19/2024 07:30:11 [Information] Stepper Motor Controller Stopwatch Reset.
11/19/2024 07:30:11 [Information] Stepper Motor Controller Enable Y Axis controls after moving to location.
11/19/2024 07:30:11 [Information] Stepper Motor Controller Stopwatch Stopped.
11/19/2024 07:30:11 [Information] Stepper Motor Controller Timer Stopped.
11/19/2024 07:30:11 [Information] Stepper Motor Controller Stopwatch Reset.
11/19/2024 07:30:11 [Information] Stepper Motor Controller Enable Y Axis controls after moving to location.
11/19/2024 07:30:11 [Information] Stepper Motor Controller Stopwatch Stopped.
11/19/2024 07:30:11 [Information] Stepper Motor Controller Timer Stopped.
11/19/2024 07:30:11 [Information] Stepper Motor Controller Stopwatch Reset.
11/19/2024 07:30:11 [Information] Stepper Motor Controller Enable Y Axis controls after moving to location.
11/19/2024 07:30:11 [Information] Stepper Motor Controller Stopwatch Stopped.
11/19/2024 07:30:11 [Information] Stepper Motor Controller Timer Stopped.
11/19/2024 07:30:11 [Information] Stepper Motor Controller Stopwatch Reset.
11/19/2024 07:30:11 [Information] Stepper Motor Controller Enable Y Axis controls after moving to location.
11/19/2024 07:30:11 [Information] Stepper Motor Controller Stopwatch Stopped.
11/19/2024 07:30:11 [Information] Stepper Motor Controller Timer Stopped.
11/19/2024 07:30:11 [Information] Stepper Motor Controller Stopwatch Reset.
11/19/2024 07:30:11 [Information] Stepper Motor Controller Enable Y Axis controls after moving to location.
11/19/2024 07:30:11 [Information] Stepper Motor Controller Stopwatch Stopped.
11/19/2024 07:30:11 [Information] Stepper Motor Controller Timer Stopped.
11/19/2024 07:30:11 [Information] Stepper Motor Controller Stopwatch Reset.
11/19/2024 07:30:11 [Information] Stepper Motor Controller Enable Y Axis controls after moving to location.
11/19/2024 07:30:11 [Information] Stepper Motor Controller Stopwatch Stopped.
11/19/2024 07:30:11 [Information] Stepper Motor Controller Timer Stopped.
11/19/2024 07:30:11 [Information] Stepper Motor Controller Stopwatch Reset.
11/19/2024 07:30:11 [Information] Stepper Motor Controller Enable Y Axis controls after moving to location.
11/19/2024 07:30:11 [Information] Stepper Motor Controller Stopwatch Stopped.
11/19/2024 07:30:11 [Information] Stepper Motor Controller Timer Stopped.
11/19/2024 07:30:11 [Information] Stepper Motor Controller Stopwatch Reset.
11/19/2024 07:30:11 [Information] Stepper Motor Controller Enable Y Axis controls after moving to location.
11/19/2024 07:30:11 [Information] Stepper Motor Controller Stopwatch Stopped.
11/19/2024 07:30:11 [Information] Stepper Motor Controller Timer Stopped.
11/19/2024 07:30:11 [Information] Stepper Motor Controller Stopwatch Reset.
11/19/2024 07:30:11 [Information] Stepper Motor Controller Enable Y Axis controls after moving to location.
11/19/2024 07:30:11 [Information] Stepper Motor Controller Stopwatch Stopped.
11/19/2024 07:30:11 [Information] Stepper Motor Controller Timer Stopped.
11/19/2024 07:30:11 [Information] Stepper Motor Controller Stopwatch Reset.
11/19/2024 07:30:11 [Information] Stepper Motor Controller Enable Y Axis controls after moving to location.
11/19/2024 07:30:11 [Information] Stepper Motor Controller Stopwatch Stopped.
11/19/2024 07:30:11 [Information] Stepper Motor Controller Timer Stopped.
11/19/2024 07:30:11 [Information] Stepper Motor Controller Stopwatch Reset.
11/19/2024 07:30:11 [Information] Stepper Motor Controller Enable Y Axis controls after moving to location.
11/19/2024 07:30:11 [Information] Stepper Motor Controller Stopwatch Stopped.
11/19/2024 07:30:11 [Information] Stepper Motor Controller Timer Stopped.
11/19/2024 07:30:11 [Information] Stepper Motor Controller Stopwatch Reset.
11/19/2024 07:30:11 [Information] Stepper Motor Controller Enable Y Axis controls after moving to location.
11/19/2024 07:30:11 [Information] Stepper Motor Controller Stopwatch Stopped.
11/19/2024 07:30:11 [Information] Stepper Motor Controller Timer Stopped.
11/19/2024 07:30:11 [Information] Stepper Motor Controller Stopwatch Reset.
11/19/2024 07:30:11 [Information] Stepper Motor Controller Enable Y Axis controls after moving to location.
11/19/2024 07:30:11 [Information] Stepper Motor Controller Stopwatch Stopped.
11/19/2024 07:30:11 [Information] Stepper Motor Controller Timer Stopped.
11/19/2024 07:30:11 [Information] Stepper Motor Controller Stopwatch Reset.
11/19/2024 07:30:11 [Information] Stepper Motor Controller Enable Y Axis controls after moving to location.
11/19/2024 07:30:11 [Information] Stepper Motor Controller Stopwatch Stopped.
11/19/2024 07:30:11 [Information] Stepper Motor Controller Timer Stopped.
11/19/2024 07:30:11 [Information] Stepper Motor Controller Stopwatch Reset.
11/19/2024 07:30:11 [Information] Stepper Motor Controller Enable Y Axis controls after moving to location.
11/19/2024 07:30:11 [Information] Stepper Motor Controller Stopwatch Stopped.
11/19/2024 07:30:11 [Information] Stepper Motor Controller Timer Stopped.
11/19/2024 07:30:11 [Information] Stepper Motor Controller Stopwatch Reset.
11/19/2024 07:30:11 [Information] Stepper Motor Controller Enable Y Axis controls after moving to location.
11/19/2024 07:30:11 [Information] Stepper Motor Controller Stopwatch Stopped.
11/19/2024 07:30:11 [Information] Stepper Motor Controller Timer Stopped.
11/19/2024 07:30:11 [Information] Stepper Motor Controller Stopwatch Reset.
11/19/2024 07:30:11 [Information] Stepper Motor Controller Enable Y Axis controls after moving to location.
11/19/2024 07:30:11 [Information] Stepper Motor Controller Stopwatch Stopped.
11/19/2024 07:30:11 [Information] Stepper Motor Controller Timer Stopped.
11/19/2024 07:30:11 [Information] Stepper Motor Controller Stopwatch Reset.
11/19/2024 07:30:11 [Information] Stepper Motor Controller Enable Y Axis controls after moving to location.
11/19/2024 07:30:11 [Information] Stepper Motor Controller Stopwatch Stopped.
11/19/2024 07:30:11 [Information] Stepper Motor Controller Timer Stopped.
11/19/2024 07:30:11 [Information] Stepper Motor Controller Stopwatch Reset.
11/19/2024 07:30:11 [Information] Stepper Motor Controller Enable Y Axis controls after moving to location.
11/19/2024 07:30:11 [Information] Stepper Motor Controller Stopwatch Stopped.
11/19/2024 07:30:11 [Information] Stepper Motor Controller Timer Stopped.
11/19/2024 07:30:11 [Information] Stepper Motor Controller Stopwatch Reset.
11/19/2024 07:30:11 [Information] Stepper Motor Controller Enable Y Axis controls after moving to location.
11/19/2024 07:30:11 [Information] Stepper Motor Controller Stopwatch Stopped.
11/19/2024 07:30:11 [Information] Stepper Motor Controller Timer Stopped.
11/19/2024 07:30:11 [Information] Stepper Motor Controller Stopwatch Reset.
11/19/2024 07:30:11 [Information] Stepper Motor Controller Enable Y Axis controls after moving to location.
11/19/2024 07:30:11 [Information] Stepper Motor Controller Stopwatch Stopped.
11/19/2024 07:30:11 [Information] Stepper Motor Controller Timer Stopped.
11/19/2024 07:30:11 [Information] Stepper Motor Controller Stopwatch Reset.
11/19/2024 07:30:12 [Information] Stepper Motor Controller Enable Y Axis controls after moving to location.
11/19/2024 07:30:12 [Information] Stepper Motor Controller Stopwatch Stopped.
11/19/2024 07:30:12 [Information] Stepper Motor Controller Timer Stopped.
11/19/2024 07:30:12 [Information] Stepper Motor Controller Stopwatch Reset.
11/19/2024 07:30:12 [Information] Stepper Motor Controller Enable Y Axis controls after moving to location.
11/19/2024 07:30:12 [Information] Stepper Motor Controller Stopwatch Stopped.
11/19/2024 07:30:12 [Information] Stepper Motor Controller Timer Stopped.
11/19/2024 07:30:12 [Information] Stepper Motor Controller Stopwatch Reset.
11/19/2024 07:30:12 [Information] Stepper Motor Controller Enable Y Axis controls after moving to location.
11/19/2024 07:30:12 [Information] Stepper Motor Controller Stopwatch Stopped.
11/19/2024 07:30:12 [Information] Stepper Motor Controller Timer Stopped.
11/19/2024 07:30:12 [Information] Stepper Motor Controller Stopwatch Reset.
11/19/2024 07:30:12 [Information] Stepper Motor Controller Enable Y Axis controls after moving to location.
11/19/2024 07:30:12 [Information] Stepper Motor Controller Stopwatch Stopped.
11/19/2024 07:30:12 [Information] Stepper Motor Controller Timer Stopped.
11/19/2024 07:30:12 [Information] Stepper Motor Controller Stopwatch Reset.
11/19/2024 07:30:12 [Information] Stepper Motor Controller Enable Y Axis controls after moving to location.
11/19/2024 07:30:12 [Information] Stepper Motor Controller Stopwatch Stopped.
11/19/2024 07:30:12 [Information] Stepper Motor Controller Timer Stopped.
11/19/2024 07:30:12 [Information] Stepper Motor Controller Stopwatch Reset.
11/19/2024 07:30:12 [Information] Stepper Motor Controller Enable Y Axis controls after moving to location.
11/19/2024 07:30:12 [Information] Stepper Motor Controller Stopwatch Stopped.
11/19/2024 07:30:12 [Information] Stepper Motor Controller Timer Stopped.
11/19/2024 07:30:12 [Information] Stepper Motor Controller Stopwatch Reset.
11/19/2024 07:30:12 [Information] Stepper Motor Controller Enable Y Axis controls after moving to location.
11/19/2024 07:30:12 [Information] Stepper Motor Controller Stopwatch Stopped.
11/19/2024 07:30:12 [Information] Stepper Motor Controller Timer Stopped.
11/19/2024 07:30:12 [Information] Stepper Motor Controller Stopwatch Reset.
11/19/2024 07:30:12 [Information] Stepper Motor Controller Enable Y Axis controls after moving to location.
11/19/2024 07:30:12 [Information] Stepper Motor Controller Stopwatch Stopped.
11/19/2024 07:30:12 [Information] Stepper Motor Controller Timer Stopped.
11/19/2024 07:30:12 [Information] Stepper Motor Controller Stopwatch Reset.
11/19/2024 07:30:12 [Information] Stepper Motor Controller Enable Y Axis controls after moving to location.
11/19/2024 07:30:12 [Information] Stepper Motor Controller Stopwatch Stopped.
11/19/2024 07:30:12 [Information] Stepper Motor Controller Timer Stopped.
11/19/2024 07:30:12 [Information] Stepper Motor Controller Stopwatch Reset.
11/19/2024 07:30:12 [Information] Stepper Motor Controller Enable Y Axis controls after moving to location.
11/19/2024 07:30:12 [Information] Stepper Motor Controller Stopwatch Stopped.
11/19/2024 07:30:12 [Information] Stepper Motor Controller Timer Stopped.
11/19/2024 07:30:12 [Information] Stepper Motor Controller Stopwatch Reset.
11/19/2024 07:30:12 [Information] Stepper Motor Controller Enable Y Axis controls after moving to location.
11/19/2024 07:30:12 [Information] Stepper Motor Controller Stopwatch Stopped.
11/19/2024 07:30:12 [Information] Stepper Motor Controller Timer Stopped.
11/19/2024 07:30:12 [Information] Stepper Motor Controller Stopwatch Reset.
11/19/2024 07:30:12 [Information] Stepper Motor Controller Enable Y Axis controls after moving to location.
11/19/2024 07:30:12 [Information] Stepper Motor Controller Stopwatch Stopped.
11/19/2024 07:30:12 [Information] Stepper Motor Controller Timer Stopped.
11/19/2024 07:30:12 [Information] Stepper Motor Controller Stopwatch Reset.
11/19/2024 07:30:12 [Information] Stepper Motor Controller Enable Y Axis controls after moving to location.
11/19/2024 07:30:12 [Information] Stepper Motor Controller Stopwatch Stopped.
11/19/2024 07:30:12 [Information] Stepper Motor Controller Timer Stopped.
11/19/2024 07:30:12 [Information] Stepper Motor Controller Stopwatch Reset.
11/19/2024 07:30:12 [Information] Stepper Motor Controller Enable Y Axis controls after moving to location.
11/19/2024 07:30:12 [Information] Stepper Motor Controller Stopwatch Stopped.
11/19/2024 07:30:12 [Information] Stepper Motor Controller Timer Stopped.
11/19/2024 07:30:12 [Information] Stepper Motor Controller Stopwatch Reset.
11/19/2024 07:30:12 [Information] Stepper Motor Controller Enable Y Axis controls after moving to location.
11/19/2024 07:30:12 [Information] Stepper Motor Controller Stopwatch Stopped.
11/19/2024 07:30:12 [Information] Stepper Motor Controller Timer Stopped.
11/19/2024 07:30:12 [Information] Stepper Motor Controller Stopwatch Reset.
11/19/2024 07:30:12 [Information] Stepper Motor Controller Enable Y Axis controls after moving to location.
11/19/2024 07:30:12 [Information] Stepper Motor Controller Stopwatch Stopped.
11/19/2024 07:30:12 [Information] Stepper Motor Controller Timer Stopped.
11/19/2024 07:30:12 [Information] Stepper Motor Controller Stopwatch Reset.
11/19/2024 07:30:12 [Information] Stepper Motor Controller Enable Y Axis controls after moving to location.
11/19/2024 07:30:12 [Information] Stepper Motor Controller Stopwatch Stopped.
11/19/2024 07:30:12 [Information] Stepper Motor Controller Timer Stopped.
11/19/2024 07:30:12 [Information] Stepper Motor Controller Stopwatch Reset.
11/19/2024 07:30:12 [Information] Stepper Motor Controller Enable Y Axis controls after moving to location.
11/19/2024 07:30:12 [Information] Stepper Motor Controller Stopwatch Stopped.
11/19/2024 07:30:12 [Information] Stepper Motor Controller Timer Stopped.
11/19/2024 07:30:12 [Information] Stepper Motor Controller Stopwatch Reset.
11/19/2024 07:30:12 [Information] Stepper Motor Controller Enable Y Axis controls after moving to location.
11/19/2024 07:30:12 [Information] Stepper Motor Controller Stopwatch Stopped.
11/19/2024 07:30:12 [Information] Stepper Motor Controller Timer Stopped.
11/19/2024 07:30:12 [Information] Stepper Motor Controller Stopwatch Reset.
11/19/2024 07:30:12 [Information] Stepper Motor Controller Enable Y Axis controls after moving to location.
11/19/2024 07:30:12 [Information] Stepper Motor Controller Stopwatch Stopped.
11/19/2024 07:30:12 [Information] Stepper Motor Controller Timer Stopped.
11/19/2024 07:30:12 [Information] Stepper Motor Controller Stopwatch Reset.
11/19/2024 07:30:12 [Information] Stepper Motor Controller Enable Y Axis controls after moving to location.
11/19/2024 07:30:12 [Information] Stepper Motor Controller Stopwatch Stopped.
11/19/2024 07:30:12 [Information] Stepper Motor Controller Timer Stopped.
11/19/2024 07:30:12 [Information] Stepper Motor Controller Stopwatch Reset.
11/19/2024 07:30:12 [Information] Stepper Motor Controller Enable Y Axis controls after moving to location.
11/19/2024 07:30:12 [Information] Stepper Motor Controller Stopwatch Stopped.
11/19/2024 07:30:12 [Information] Stepper Motor Controller Timer Stopped.
11/19/2024 07:30:12 [Information] Stepper Motor Controller Stopwatch Reset.
11/19/2024 07:30:12 [Information] Stepper Motor Controller Enable Y Axis controls after moving to location.
11/19/2024 07:30:12 [Information] Stepper Motor Controller Stopwatch Stopped.
11/19/2024 07:30:12 [Information] Stepper Motor Controller Timer Stopped.
11/19/2024 07:30:12 [Information] Stepper Motor Controller Stopwatch Reset.
11/19/2024 07:30:12 [Information] Stepper Motor Controller Enable Y Axis controls after moving to location.
11/19/2024 07:30:12 [Information] Stepper Motor Controller Stopwatch Stopped.
11/19/2024 07:30:12 [Information] Stepper Motor Controller Timer Stopped.
11/19/2024 07:30:12 [Information] Stepper Motor Controller Stopwatch Reset.
11/19/2024 07:30:12 [Information] Stepper Motor Controller Enable Y Axis controls after moving to location.
11/19/2024 07:30:12 [Information] Stepper Motor Controller Stopwatch Stopped.
11/19/2024 07:30:12 [Information] Stepper Motor Controller Timer Stopped.
11/19/2024 07:30:12 [Information] Stepper Motor Controller Stopwatch Reset.
11/19/2024 07:30:12 [Information] Z Axis Data Received: Z 
11/19/2024 07:30:13 [Information] Stepper Motor Controller Enable Y Axis controls after moving to location.
11/19/2024 07:30:13 [Information] Stepper Motor Controller Stopwatch Stopped.
11/19/2024 07:30:13 [Information] Stepper Motor Controller Timer Stopped.
11/19/2024 07:30:13 [Information] Stepper Motor Controller Stopwatch Reset.
11/19/2024 07:30:13 [Information] Stepper Motor Controller Enable Y Axis controls after moving to location.
11/19/2024 07:30:13 [Information] Stepper Motor Controller Stopwatch Stopped.
11/19/2024 07:30:13 [Information] Stepper Motor Controller Timer Stopped.
11/19/2024 07:30:13 [Information] Stepper Motor Controller Stopwatch Reset.
11/19/2024 07:30:13 [Information] Stepper Motor Controller Enable Y Axis controls after moving to location.
11/19/2024 07:30:13 [Information] Stepper Motor Controller Stopwatch Stopped.
11/19/2024 07:30:13 [Information] Stepper Motor Controller Timer Stopped.
11/19/2024 07:30:13 [Information] Stepper Motor Controller Stopwatch Reset.
11/19/2024 07:30:13 [Information] Stepper Motor Controller Enable Y Axis controls after moving to location.
11/19/2024 07:30:13 [Information] Stepper Motor Controller Stopwatch Stopped.
11/19/2024 07:30:13 [Information] Stepper Motor Controller Timer Stopped.
11/19/2024 07:30:13 [Information] Stepper Motor Controller Stopwatch Reset.
11/19/2024 07:30:13 [Information] Stepper Motor Controller Enable Y Axis controls after moving to location.
11/19/2024 07:30:13 [Information] Stepper Motor Controller Stopwatch Stopped.
11/19/2024 07:30:13 [Information] Stepper Motor Controller Timer Stopped.
11/19/2024 07:30:13 [Information] Stepper Motor Controller Stopwatch Reset.
11/19/2024 07:30:13 [Information] Stepper Motor Controller Enable Y Axis controls after moving to location.
11/19/2024 07:30:13 [Information] Stepper Motor Controller Stopwatch Stopped.
11/19/2024 07:30:13 [Information] Stepper Motor Controller Timer Stopped.
11/19/2024 07:30:13 [Information] Stepper Motor Controller Stopwatch Reset.
11/19/2024 07:30:13 [Information] Stepper Motor Controller Enable Y Axis controls after moving to location.
11/19/2024 07:30:13 [Information] Stepper Motor Controller Stopwatch Stopped.
11/19/2024 07:30:13 [Information] Stepper Motor Controller Timer Stopped.
11/19/2024 07:30:13 [Information] Stepper Motor Controller Stopwatch Reset.
11/19/2024 07:30:13 [Information] Stepper Motor Controller Enable Y Axis controls after moving to location.
11/19/2024 07:30:13 [Information] Stepper Motor Controller Stopwatch Stopped.
11/19/2024 07:30:13 [Information] Stepper Motor Controller Timer Stopped.
11/19/2024 07:30:13 [Information] Stepper Motor Controller Stopwatch Reset.
11/19/2024 07:30:13 [Information] Stepper Motor Controller Enable Y Axis controls after moving to location.
11/19/2024 07:30:13 [Information] Stepper Motor Controller Stopwatch Stopped.
11/19/2024 07:30:13 [Information] Stepper Motor Controller Timer Stopped.
11/19/2024 07:30:13 [Information] Stepper Motor Controller Stopwatch Reset.
11/19/2024 07:30:13 [Information] Stepper Motor Controller Enable Y Axis controls after moving to location.
11/19/2024 07:30:13 [Information] Stepper Motor Controller Stopwatch Stopped.
11/19/2024 07:30:13 [Information] Stepper Motor Controller Timer Stopped.
11/19/2024 07:30:13 [Information] Stepper Motor Controller Stopwatch Reset.
11/19/2024 07:30:13 [Information] Stepper Motor Controller Enable Y Axis controls after moving to location.
11/19/2024 07:30:13 [Information] Stepper Motor Controller Stopwatch Stopped.
11/19/2024 07:30:13 [Information] Stepper Motor Controller Timer Stopped.
11/19/2024 07:30:13 [Information] Stepper Motor Controller Stopwatch Reset.
11/19/2024 07:30:13 [Information] Stepper Motor Controller Enable Y Axis controls after moving to location.
11/19/2024 07:30:13 [Information] Stepper Motor Controller Stopwatch Stopped.
11/19/2024 07:30:13 [Information] Stepper Motor Controller Timer Stopped.
11/19/2024 07:30:13 [Information] Stepper Motor Controller Stopwatch Reset.
11/19/2024 07:30:13 [Information] Stepper Motor Controller Enable Y Axis controls after moving to location.
11/19/2024 07:30:13 [Information] Stepper Motor Controller Stopwatch Stopped.
11/19/2024 07:30:13 [Information] Stepper Motor Controller Timer Stopped.
11/19/2024 07:30:13 [Information] Stepper Motor Controller Stopwatch Reset.
11/19/2024 07:30:13 [Information] Stepper Motor Controller Enable Y Axis controls after moving to location.
11/19/2024 07:30:13 [Information] Stepper Motor Controller Stopwatch Stopped.
11/19/2024 07:30:13 [Information] Stepper Motor Controller Timer Stopped.
11/19/2024 07:30:13 [Information] Stepper Motor Controller Stopwatch Reset.
11/19/2024 07:30:13 [Information] Stepper Motor Controller Enable Y Axis controls after moving to location.
11/19/2024 07:30:13 [Information] Stepper Motor Controller Stopwatch Stopped.
11/19/2024 07:30:13 [Information] Stepper Motor Controller Timer Stopped.
11/19/2024 07:30:13 [Information] Stepper Motor Controller Stopwatch Reset.
11/19/2024 07:30:13 [Information] Stepper Motor Controller Enable Y Axis controls after moving to location.
11/19/2024 07:30:13 [Information] Stepper Motor Controller Stopwatch Stopped.
11/19/2024 07:30:13 [Information] Stepper Motor Controller Timer Stopped.
11/19/2024 07:30:13 [Information] Stepper Motor Controller Stopwatch Reset.
11/19/2024 07:30:13 [Information] Stepper Motor Controller Enable Y Axis controls after moving to location.
11/19/2024 07:30:13 [Information] Stepper Motor Controller Stopwatch Stopped.
11/19/2024 07:30:13 [Information] Stepper Motor Controller Timer Stopped.
11/19/2024 07:30:13 [Information] Stepper Motor Controller Stopwatch Reset.
11/19/2024 07:30:13 [Information] Stepper Motor Controller Enable Y Axis controls after moving to location.
11/19/2024 07:30:13 [Information] Stepper Motor Controller Stopwatch Stopped.
11/19/2024 07:30:13 [Information] Stepper Motor Controller Timer Stopped.
11/19/2024 07:30:13 [Information] Stepper Motor Controller Stopwatch Reset.
11/19/2024 07:30:13 [Information] Stepper Motor Controller Enable Y Axis controls after moving to location.
11/19/2024 07:30:13 [Information] Stepper Motor Controller Stopwatch Stopped.
11/19/2024 07:30:13 [Information] Stepper Motor Controller Timer Stopped.
11/19/2024 07:30:13 [Information] Stepper Motor Controller Stopwatch Reset.
11/19/2024 07:30:13 [Information] Stepper Motor Controller Enable Y Axis controls after moving to location.
11/19/2024 07:30:13 [Information] Stepper Motor Controller Stopwatch Stopped.
11/19/2024 07:30:13 [Information] Stepper Motor Controller Timer Stopped.
11/19/2024 07:30:13 [Information] Stepper Motor Controller Stopwatch Reset.
11/19/2024 07:30:13 [Information] Stepper Motor Controller Enable Y Axis controls after moving to location.
11/19/2024 07:30:13 [Information] Stepper Motor Controller Stopwatch Stopped.
11/19/2024 07:30:13 [Information] Stepper Motor Controller Timer Stopped.
11/19/2024 07:30:13 [Information] Stepper Motor Controller Stopwatch Reset.
11/19/2024 07:30:13 [Information] Stepper Motor Controller Enable Y Axis controls after moving to location.
11/19/2024 07:30:13 [Information] Stepper Motor Controller Stopwatch Stopped.
11/19/2024 07:30:13 [Information] Stepper Motor Controller Timer Stopped.
11/19/2024 07:30:13 [Information] Stepper Motor Controller Stopwatch Reset.
11/19/2024 07:30:13 [Information] Stepper Motor Controller Enable Y Axis controls after moving to location.
11/19/2024 07:30:13 [Information] Stepper Motor Controller Stopwatch Stopped.
11/19/2024 07:30:13 [Information] Stepper Motor Controller Timer Stopped.
11/19/2024 07:30:13 [Information] Stepper Motor Controller Stopwatch Reset.
11/19/2024 07:30:13 [Information] Stepper Motor Controller Enable Y Axis controls after moving to location.
11/19/2024 07:30:13 [Information] Stepper Motor Controller Stopwatch Stopped.
11/19/2024 07:30:13 [Information] Stepper Motor Controller Timer Stopped.
11/19/2024 07:30:13 [Information] Stepper Motor Controller Stopwatch Reset.
11/19/2024 07:30:13 [Information] Stepper Motor Controller Enable Y Axis controls after moving to location.
11/19/2024 07:30:13 [Information] Stepper Motor Controller Stopwatch Stopped.
11/19/2024 07:30:13 [Information] Stepper Motor Controller Timer Stopped.
11/19/2024 07:30:13 [Information] Stepper Motor Controller Stopwatch Reset.
11/19/2024 07:30:14 [Information] Stepper Motor Controller Enable Y Axis controls after moving to location.
11/19/2024 07:30:14 [Information] Stepper Motor Controller Stopwatch Stopped.
11/19/2024 07:30:14 [Information] Stepper Motor Controller Timer Stopped.
11/19/2024 07:30:14 [Information] Stepper Motor Controller Stopwatch Reset.
11/19/2024 07:30:14 [Information] Z Axis Data Received: Axis reached target position
Current Position: 800

11/19/2024 07:30:14 [Information] Stepper Motor Controller Enable Y Axis controls after moving to location.
11/19/2024 07:30:14 [Information] Stepper Motor Controller Stopwatch Stopped.
11/19/2024 07:30:14 [Information] Stepper Motor Controller Timer Stopped.
11/19/2024 07:30:14 [Information] Stepper Motor Controller Stopwatch Reset.
11/19/2024 07:30:14 [Information] Stepper Motor Controller Enable Y Axis controls after moving to location.
11/19/2024 07:30:14 [Information] Stepper Motor Controller Stopwatch Stopped.
11/19/2024 07:30:14 [Information] Stepper Motor Controller Timer Stopped.
11/19/2024 07:30:14 [Information] Stepper Motor Controller Stopwatch Reset.
11/19/2024 07:30:14 [Information] Stepper Motor Controller Enable Y Axis controls after moving to location.
11/19/2024 07:30:14 [Information] Stepper Motor Controller Stopwatch Stopped.
11/19/2024 07:30:14 [Information] Stepper Motor Controller Timer Stopped.
11/19/2024 07:30:14 [Information] Stepper Motor Controller Stopwatch Reset.
11/19/2024 07:30:14 [Information] Stepper Motor Controller Enable Y Axis controls after moving to location.
11/19/2024 07:30:14 [Information] Stepper Motor Controller Stopwatch Stopped.
11/19/2024 07:30:14 [Information] Stepper Motor Controller Timer Stopped.
11/19/2024 07:30:14 [Information] Stepper Motor Controller Stopwatch Reset.
11/19/2024 07:30:14 [Information] Stepper Motor Controller Enable Y Axis controls after moving to location.
11/19/2024 07:30:14 [Information] Stepper Motor Controller Stopwatch Stopped.
11/19/2024 07:30:14 [Information] Stepper Motor Controller Timer Stopped.
11/19/2024 07:30:14 [Information] Stepper Motor Controller Stopwatch Reset.
11/19/2024 07:30:14 [Information] Stepper Motor Controller Enable Y Axis controls after moving to location.
11/19/2024 07:30:14 [Information] Stepper Motor Controller Stopwatch Stopped.
11/19/2024 07:30:14 [Information] Stepper Motor Controller Timer Stopped.
11/19/2024 07:30:14 [Information] Stepper Motor Controller Stopwatch Reset.
11/19/2024 07:30:14 [Information] Stepper Motor Controller Enable Y Axis controls after moving to location.
11/19/2024 07:30:14 [Information] Stepper Motor Controller Stopwatch Stopped.
11/19/2024 07:30:14 [Information] Stepper Motor Controller Timer Stopped.
11/19/2024 07:30:14 [Information] Stepper Motor Controller Stopwatch Reset.
11/19/2024 07:30:14 [Information] Stepper Motor Controller Enable Y Axis controls after moving to location.
11/19/2024 07:30:14 [Information] Stepper Motor Controller Stopwatch Stopped.
11/19/2024 07:30:14 [Information] Stepper Motor Controller Timer Stopped.
11/19/2024 07:30:14 [Information] Stepper Motor Controller Stopwatch Reset.
11/19/2024 07:30:14 [Information] Stepper Motor Controller Enable Y Axis controls after moving to location.
11/19/2024 07:30:14 [Information] Stepper Motor Controller Stopwatch Stopped.
11/19/2024 07:30:14 [Information] Stepper Motor Controller Timer Stopped.
11/19/2024 07:30:14 [Information] Stepper Motor Controller Stopwatch Reset.
11/19/2024 07:30:14 [Information] Stepper Motor Controller Enable Y Axis controls after moving to location.
11/19/2024 07:30:14 [Information] Stepper Motor Controller Stopwatch Stopped.
11/19/2024 07:30:14 [Information] Stepper Motor Controller Timer Stopped.
11/19/2024 07:30:14 [Information] Stepper Motor Controller Stopwatch Reset.
11/19/2024 07:30:14 [Information] Stepper Motor Controller Enable Y Axis controls after moving to location.
11/19/2024 07:30:14 [Information] Stepper Motor Controller Stopwatch Stopped.
11/19/2024 07:30:14 [Information] Stepper Motor Controller Timer Stopped.
11/19/2024 07:30:14 [Information] Stepper Motor Controller Stopwatch Reset.
11/19/2024 07:30:14 [Information] Stepper Motor Controller Enable Y Axis controls after moving to location.
11/19/2024 07:30:14 [Information] Stepper Motor Controller Stopwatch Stopped.
11/19/2024 07:30:14 [Information] Stepper Motor Controller Timer Stopped.
11/19/2024 07:30:14 [Information] Stepper Motor Controller Stopwatch Reset.
11/19/2024 07:30:14 [Information] Stepper Motor Controller Enable Y Axis controls after moving to location.
11/19/2024 07:30:14 [Information] Stepper Motor Controller Stopwatch Stopped.
11/19/2024 07:30:14 [Information] Stepper Motor Controller Timer Stopped.
11/19/2024 07:30:14 [Information] Stepper Motor Controller Stopwatch Reset.
11/19/2024 07:30:14 [Information] Stepper Motor Controller Enable Y Axis controls after moving to location.
11/19/2024 07:30:14 [Information] Stepper Motor Controller Stopwatch Stopped.
11/19/2024 07:30:14 [Information] Stepper Motor Controller Timer Stopped.
11/19/2024 07:30:14 [Information] Stepper Motor Controller Stopwatch Reset.
11/19/2024 07:30:14 [Information] Stepper Motor Controller Enable Y Axis controls after moving to location.
11/19/2024 07:30:14 [Information] Stepper Motor Controller Stopwatch Stopped.
11/19/2024 07:30:14 [Information] Stepper Motor Controller Timer Stopped.
11/19/2024 07:30:14 [Information] Stepper Motor Controller Stopwatch Reset.
11/19/2024 07:30:14 [Information] Stepper Motor Controller Enable Y Axis controls after moving to location.
11/19/2024 07:30:14 [Information] Stepper Motor Controller Stopwatch Stopped.
11/19/2024 07:30:14 [Information] Stepper Motor Controller Timer Stopped.
11/19/2024 07:30:14 [Information] Stepper Motor Controller Stopwatch Reset.
11/19/2024 07:30:14 [Information] Stepper Motor Controller Enable Y Axis controls after moving to location.
11/19/2024 07:30:14 [Information] Stepper Motor Controller Stopwatch Stopped.
11/19/2024 07:30:14 [Information] Stepper Motor Controller Timer Stopped.
11/19/2024 07:30:14 [Information] Stepper Motor Controller Stopwatch Reset.
11/19/2024 07:30:14 [Information] Stepper Motor Controller Enable Y Axis controls after moving to location.
11/19/2024 07:30:14 [Information] Stepper Motor Controller Stopwatch Stopped.
11/19/2024 07:30:14 [Information] Stepper Motor Controller Timer Stopped.
11/19/2024 07:30:14 [Information] Stepper Motor Controller Stopwatch Reset.
11/19/2024 07:30:14 [Information] Stepper Motor Controller Enable Y Axis controls after moving to location.
11/19/2024 07:30:14 [Information] Stepper Motor Controller Stopwatch Stopped.
11/19/2024 07:30:14 [Information] Stepper Motor Controller Timer Stopped.
11/19/2024 07:30:14 [Information] Stepper Motor Controller Stopwatch Reset.
11/19/2024 07:30:14 [Information] Stepper Motor Controller Enable Y Axis controls after moving to location.
11/19/2024 07:30:14 [Information] Stepper Motor Controller Stopwatch Stopped.
11/19/2024 07:30:14 [Information] Stepper Motor Controller Timer Stopped.
11/19/2024 07:30:14 [Information] Stepper Motor Controller Stopwatch Reset.
11/19/2024 07:30:14 [Information] Stepper Motor Controller Enable Y Axis controls after moving to location.
11/19/2024 07:30:14 [Information] Stepper Motor Controller Stopwatch Stopped.
11/19/2024 07:30:14 [Information] Stepper Motor Controller Timer Stopped.
11/19/2024 07:30:14 [Information] Stepper Motor Controller Stopwatch Reset.
11/19/2024 07:30:14 [Information] Stepper Motor Controller Enable Y Axis controls after moving to location.
11/19/2024 07:30:14 [Information] Stepper Motor Controller Stopwatch Stopped.
11/19/2024 07:30:14 [Information] Stepper Motor Controller Timer Stopped.
11/19/2024 07:30:14 [Information] Stepper Motor Controller Stopwatch Reset.
11/19/2024 07:30:14 [Information] Stepper Motor Controller Enable Y Axis controls after moving to location.
11/19/2024 07:30:14 [Information] Stepper Motor Controller Stopwatch Stopped.
11/19/2024 07:30:14 [Information] Stepper Motor Controller Timer Stopped.
11/19/2024 07:30:14 [Information] Stepper Motor Controller Stopwatch Reset.
11/19/2024 07:30:14 [Information] Stepper Motor Controller Enable Y Axis controls after moving to location.
11/19/2024 07:30:14 [Information] Stepper Motor Controller Stopwatch Stopped.
11/19/2024 07:30:14 [Information] Stepper Motor Controller Timer Stopped.
11/19/2024 07:30:14 [Information] Stepper Motor Controller Stopwatch Reset.
11/19/2024 07:30:14 [Information] Stepper Motor Controller Enable Y Axis controls after moving to location.
11/19/2024 07:30:14 [Information] Stepper Motor Controller Stopwatch Stopped.
11/19/2024 07:30:14 [Information] Stepper Motor Controller Timer Stopped.
11/19/2024 07:30:14 [Information] Stepper Motor Controller Stopwatch Reset.
11/19/2024 07:30:15 [Information] Stepper Motor Controller Enable Y Axis controls after moving to location.
11/19/2024 07:30:15 [Information] Stepper Motor Controller Stopwatch Stopped.
11/19/2024 07:30:15 [Information] Stepper Motor Controller Timer Stopped.
11/19/2024 07:30:15 [Information] Stepper Motor Controller Stopwatch Reset.
11/19/2024 07:30:15 [Information] Stepper Motor Controller Enable Y Axis controls after moving to location.
11/19/2024 07:30:15 [Information] Stepper Motor Controller Stopwatch Stopped.
11/19/2024 07:30:15 [Information] Stepper Motor Controller Timer Stopped.
11/19/2024 07:30:15 [Information] Stepper Motor Controller Stopwatch Reset.
11/19/2024 07:30:15 [Information] Stepper Motor Controller Enable Y Axis controls after moving to location.
11/19/2024 07:30:15 [Information] Stepper Motor Controller Stopwatch Stopped.
11/19/2024 07:30:15 [Information] Stepper Motor Controller Timer Stopped.
11/19/2024 07:30:15 [Information] Stepper Motor Controller Stopwatch Reset.
11/19/2024 07:30:15 [Information] Stepper Motor Controller Enable Y Axis controls after moving to location.
11/19/2024 07:30:15 [Information] Stepper Motor Controller Stopwatch Stopped.
11/19/2024 07:30:15 [Information] Stepper Motor Controller Timer Stopped.
11/19/2024 07:30:15 [Information] Stepper Motor Controller Stopwatch Reset.
11/19/2024 07:30:15 [Information] Stepper Motor Controller Enable Y Axis controls after moving to location.
11/19/2024 07:30:15 [Information] Stepper Motor Controller Stopwatch Stopped.
11/19/2024 07:30:15 [Information] Stepper Motor Controller Timer Stopped.
11/19/2024 07:30:15 [Information] Stepper Motor Controller Stopwatch Reset.
11/19/2024 07:30:15 [Information] Stepper Motor Controller Enable Y Axis controls after moving to location.
11/19/2024 07:30:15 [Information] Stepper Motor Controller Stopwatch Stopped.
11/19/2024 07:30:15 [Information] Stepper Motor Controller Timer Stopped.
11/19/2024 07:30:15 [Information] Stepper Motor Controller Stopwatch Reset.
11/19/2024 07:30:15 [Information] Stepper Motor Controller Enable Y Axis controls after moving to location.
11/19/2024 07:30:15 [Information] Stepper Motor Controller Stopwatch Stopped.
11/19/2024 07:30:15 [Information] Stepper Motor Controller Timer Stopped.
11/19/2024 07:30:15 [Information] Stepper Motor Controller Stopwatch Reset.
11/19/2024 07:30:15 [Information] Stepper Motor Controller Enable Y Axis controls after moving to location.
11/19/2024 07:30:15 [Information] Stepper Motor Controller Stopwatch Stopped.
11/19/2024 07:30:15 [Information] Stepper Motor Controller Timer Stopped.
11/19/2024 07:30:15 [Information] Stepper Motor Controller Stopwatch Reset.
11/19/2024 07:30:15 [Information] Stepper Motor Controller Enable Y Axis controls after moving to location.
11/19/2024 07:30:15 [Information] Stepper Motor Controller Stopwatch Stopped.
11/19/2024 07:30:15 [Information] Stepper Motor Controller Timer Stopped.
11/19/2024 07:30:15 [Information] Stepper Motor Controller Stopwatch Reset.
11/19/2024 07:30:15 [Information] Stepper Motor Controller Enable Y Axis controls after moving to location.
11/19/2024 07:30:15 [Information] Stepper Motor Controller Stopwatch Stopped.
11/19/2024 07:30:15 [Information] Stepper Motor Controller Timer Stopped.
11/19/2024 07:30:15 [Information] Stepper Motor Controller Stopwatch Reset.
11/19/2024 07:30:15 [Information] Stepper Motor Controller Enable Y Axis controls after moving to location.
11/19/2024 07:30:15 [Information] Stepper Motor Controller Stopwatch Stopped.
11/19/2024 07:30:15 [Information] Stepper Motor Controller Timer Stopped.
11/19/2024 07:30:15 [Information] Stepper Motor Controller Stopwatch Reset.
11/19/2024 07:30:15 [Information] Stepper Motor Controller Enable Y Axis controls after moving to location.
11/19/2024 07:30:15 [Information] Stepper Motor Controller Stopwatch Stopped.
11/19/2024 07:30:15 [Information] Stepper Motor Controller Timer Stopped.
11/19/2024 07:30:15 [Information] Stepper Motor Controller Stopwatch Reset.
11/19/2024 07:30:15 [Information] Stepper Motor Controller Enable Y Axis controls after moving to location.
11/19/2024 07:30:15 [Information] Stepper Motor Controller Stopwatch Stopped.
11/19/2024 07:30:15 [Information] Stepper Motor Controller Timer Stopped.
11/19/2024 07:30:15 [Information] Stepper Motor Controller Stopwatch Reset.
11/19/2024 07:30:15 [Information] Stepper Motor Controller Enable Y Axis controls after moving to location.
11/19/2024 07:30:15 [Information] Stepper Motor Controller Stopwatch Stopped.
11/19/2024 07:30:15 [Information] Stepper Motor Controller Timer Stopped.
11/19/2024 07:30:15 [Information] Stepper Motor Controller Stopwatch Reset.
11/19/2024 07:30:15 [Information] Stepper Motor Controller Enable Y Axis controls after moving to location.
11/19/2024 07:30:15 [Information] Stepper Motor Controller Stopwatch Stopped.
11/19/2024 07:30:15 [Information] Stepper Motor Controller Timer Stopped.
11/19/2024 07:30:15 [Information] Stepper Motor Controller Stopwatch Reset.
11/19/2024 07:30:15 [Information] Stepper Motor Controller Enable Y Axis controls after moving to location.
11/19/2024 07:30:15 [Information] Stepper Motor Controller Stopwatch Stopped.
11/19/2024 07:30:15 [Information] Stepper Motor Controller Timer Stopped.
11/19/2024 07:30:15 [Information] Stepper Motor Controller Stopwatch Reset.
11/19/2024 07:30:15 [Information] Stepper Motor Controller Enable Y Axis controls after moving to location.
11/19/2024 07:30:15 [Information] Stepper Motor Controller Stopwatch Stopped.
11/19/2024 07:30:15 [Information] Stepper Motor Controller Timer Stopped.
11/19/2024 07:30:15 [Information] Stepper Motor Controller Stopwatch Reset.
11/19/2024 07:30:15 [Information] Stepper Motor Controller Enable Y Axis controls after moving to location.
11/19/2024 07:30:15 [Information] Stepper Motor Controller Stopwatch Stopped.
11/19/2024 07:30:15 [Information] Stepper Motor Controller Timer Stopped.
11/19/2024 07:30:15 [Information] Stepper Motor Controller Stopwatch Reset.
11/19/2024 07:30:15 [Information] Stepper Motor Controller Enable Y Axis controls after moving to location.
11/19/2024 07:30:15 [Information] Stepper Motor Controller Stopwatch Stopped.
11/19/2024 07:30:15 [Information] Stepper Motor Controller Timer Stopped.
11/19/2024 07:30:15 [Information] Stepper Motor Controller Stopwatch Reset.
11/19/2024 07:30:15 [Information] Stepper Motor Controller Enable Y Axis controls after moving to location.
11/19/2024 07:30:15 [Information] Stepper Motor Controller Stopwatch Stopped.
11/19/2024 07:30:15 [Information] Stepper Motor Controller Timer Stopped.
11/19/2024 07:30:15 [Information] Stepper Motor Controller Stopwatch Reset.
11/19/2024 07:30:15 [Information] Stepper Motor Controller Enable Y Axis controls after moving to location.
11/19/2024 07:30:15 [Information] Stepper Motor Controller Stopwatch Stopped.
11/19/2024 07:30:15 [Information] Stepper Motor Controller Timer Stopped.
11/19/2024 07:30:15 [Information] Stepper Motor Controller Stopwatch Reset.
11/19/2024 07:30:15 [Information] Stepper Motor Controller Enable Y Axis controls after moving to location.
11/19/2024 07:30:15 [Information] Stepper Motor Controller Stopwatch Stopped.
11/19/2024 07:30:15 [Information] Stepper Motor Controller Timer Stopped.
11/19/2024 07:30:15 [Information] Stepper Motor Controller Stopwatch Reset.
11/19/2024 07:30:15 [Information] Stepper Motor Controller Enable Y Axis controls after moving to location.
11/19/2024 07:30:15 [Information] Stepper Motor Controller Stopwatch Stopped.
11/19/2024 07:30:15 [Information] Stepper Motor Controller Timer Stopped.
11/19/2024 07:30:15 [Information] Stepper Motor Controller Stopwatch Reset.
11/19/2024 07:30:15 [Information] Stepper Motor Controller Enable Y Axis controls after moving to location.
11/19/2024 07:30:15 [Information] Stepper Motor Controller Stopwatch Stopped.
11/19/2024 07:30:15 [Information] Stepper Motor Controller Timer Stopped.
11/19/2024 07:30:15 [Information] Stepper Motor Controller Stopwatch Reset.
11/19/2024 07:30:15 [Information] Stepper Motor Controller Enable Y Axis controls after moving to location.
11/19/2024 07:30:15 [Information] Stepper Motor Controller Stopwatch Stopped.
11/19/2024 07:30:15 [Information] Stepper Motor Controller Timer Stopped.
11/19/2024 07:30:15 [Information] Stepper Motor Controller Stopwatch Reset.
11/19/2024 07:30:15 [Information] Stepper Motor Controller Enable Y Axis controls after moving to location.
11/19/2024 07:30:15 [Information] Stepper Motor Controller Stopwatch Stopped.
11/19/2024 07:30:15 [Information] Stepper Motor Controller Timer Stopped.
11/19/2024 07:30:15 [Information] Stepper Motor Controller Stopwatch Reset.
11/19/2024 07:30:15 [Information] Stepper Motor Controller Enable Y Axis controls after moving to location.
11/19/2024 07:30:15 [Information] Stepper Motor Controller Stopwatch Stopped.
11/19/2024 07:30:15 [Information] Stepper Motor Controller Timer Stopped.
11/19/2024 07:30:15 [Information] Stepper Motor Controller Stopwatch Reset.
11/19/2024 07:30:16 [Information] Stepper Motor Controller Enable Y Axis controls after moving to location.
11/19/2024 07:30:16 [Information] Stepper Motor Controller Stopwatch Stopped.
11/19/2024 07:30:16 [Information] Stepper Motor Controller Timer Stopped.
11/19/2024 07:30:16 [Information] Stepper Motor Controller Stopwatch Reset.
11/19/2024 07:30:16 [Information] Stepper Motor Controller Enable Y Axis controls after moving to location.
11/19/2024 07:30:16 [Information] Stepper Motor Controller Stopwatch Stopped.
11/19/2024 07:30:16 [Information] Stepper Motor Controller Timer Stopped.
11/19/2024 07:30:16 [Information] Stepper Motor Controller Stopwatch Reset.
11/19/2024 07:30:16 [Information] Stepper Motor Controller Enable Y Axis controls after moving to location.
11/19/2024 07:30:16 [Information] Stepper Motor Controller Stopwatch Stopped.
11/19/2024 07:30:16 [Information] Stepper Motor Controller Timer Stopped.
11/19/2024 07:30:16 [Information] Stepper Motor Controller Stopwatch Reset.
11/19/2024 07:30:16 [Information] Stepper Motor Controller Enable Y Axis controls after moving to location.
11/19/2024 07:30:16 [Information] Stepper Motor Controller Stopwatch Stopped.
11/19/2024 07:30:16 [Information] Stepper Motor Controller Timer Stopped.
11/19/2024 07:30:16 [Information] Stepper Motor Controller Stopwatch Reset.
11/19/2024 07:30:16 [Information] Stepper Motor Controller Enable Y Axis controls after moving to location.
11/19/2024 07:30:16 [Information] Stepper Motor Controller Stopwatch Stopped.
11/19/2024 07:30:16 [Information] Stepper Motor Controller Timer Stopped.
11/19/2024 07:30:16 [Information] Stepper Motor Controller Stopwatch Reset.
11/19/2024 07:30:16 [Information] Stepper Motor Controller Enable Y Axis controls after moving to location.
11/19/2024 07:30:16 [Information] Stepper Motor Controller Stopwatch Stopped.
11/19/2024 07:30:16 [Information] Stepper Motor Controller Timer Stopped.
11/19/2024 07:30:16 [Information] Stepper Motor Controller Stopwatch Reset.
11/19/2024 07:30:16 [Information] Stepper Motor Controller Enable Y Axis controls after moving to location.
11/19/2024 07:30:16 [Information] Stepper Motor Controller Stopwatch Stopped.
11/19/2024 07:30:16 [Information] Stepper Motor Controller Timer Stopped.
11/19/2024 07:30:16 [Information] Stepper Motor Controller Stopwatch Reset.
11/19/2024 07:30:16 [Information] Stepper Motor Controller Enable Y Axis controls after moving to location.
11/19/2024 07:30:16 [Information] Stepper Motor Controller Stopwatch Stopped.
11/19/2024 07:30:16 [Information] Stepper Motor Controller Timer Stopped.
11/19/2024 07:30:16 [Information] Stepper Motor Controller Stopwatch Reset.
11/19/2024 07:30:16 [Information] Stepper Motor Controller Enable Y Axis controls after moving to location.
11/19/2024 07:30:16 [Information] Stepper Motor Controller Stopwatch Stopped.
11/19/2024 07:30:16 [Information] Stepper Motor Controller Timer Stopped.
11/19/2024 07:30:16 [Information] Stepper Motor Controller Stopwatch Reset.
11/19/2024 07:30:16 [Information] Stepper Motor Controller Enable Y Axis controls after moving to location.
11/19/2024 07:30:16 [Information] Stepper Motor Controller Stopwatch Stopped.
11/19/2024 07:30:16 [Information] Stepper Motor Controller Timer Stopped.
11/19/2024 07:30:16 [Information] Stepper Motor Controller Stopwatch Reset.
11/19/2024 07:30:16 [Information] Stepper Motor Controller Enable Y Axis controls after moving to location.
11/19/2024 07:30:16 [Information] Stepper Motor Controller Stopwatch Stopped.
11/19/2024 07:30:16 [Information] Stepper Motor Controller Timer Stopped.
11/19/2024 07:30:16 [Information] Stepper Motor Controller Stopwatch Reset.
11/19/2024 07:30:16 [Information] Stepper Motor Controller Enable Y Axis controls after moving to location.
11/19/2024 07:30:16 [Information] Stepper Motor Controller Stopwatch Stopped.
11/19/2024 07:30:16 [Information] Stepper Motor Controller Timer Stopped.
11/19/2024 07:30:16 [Information] Stepper Motor Controller Stopwatch Reset.
11/19/2024 07:30:16 [Information] Stepper Motor Controller Enable Y Axis controls after moving to location.
11/19/2024 07:30:16 [Information] Stepper Motor Controller Stopwatch Stopped.
11/19/2024 07:30:16 [Information] Stepper Motor Controller Timer Stopped.
11/19/2024 07:30:16 [Information] Stepper Motor Controller Stopwatch Reset.
11/19/2024 07:30:16 [Information] Stepper Motor Controller Enable Y Axis controls after moving to location.
11/19/2024 07:30:16 [Information] Stepper Motor Controller Stopwatch Stopped.
11/19/2024 07:30:16 [Information] Stepper Motor Controller Timer Stopped.
11/19/2024 07:30:16 [Information] Stepper Motor Controller Stopwatch Reset.
11/19/2024 07:30:16 [Information] Stepper Motor Controller Enable Y Axis controls after moving to location.
11/19/2024 07:30:16 [Information] Stepper Motor Controller Stopwatch Stopped.
11/19/2024 07:30:16 [Information] Stepper Motor Controller Timer Stopped.
11/19/2024 07:30:16 [Information] Stepper Motor Controller Stopwatch Reset.
11/19/2024 07:30:16 [Information] Stepper Motor Controller Enable Y Axis controls after moving to location.
11/19/2024 07:30:16 [Information] Stepper Motor Controller Stopwatch Stopped.
11/19/2024 07:30:16 [Information] Stepper Motor Controller Timer Stopped.
11/19/2024 07:30:16 [Information] Stepper Motor Controller Stopwatch Reset.
11/19/2024 07:30:16 [Information] Stepper Motor Controller Enable Y Axis controls after moving to location.
11/19/2024 07:30:16 [Information] Stepper Motor Controller Stopwatch Stopped.
11/19/2024 07:30:16 [Information] Stepper Motor Controller Timer Stopped.
11/19/2024 07:30:16 [Information] Stepper Motor Controller Stopwatch Reset.
11/19/2024 07:30:16 [Information] Stepper Motor Controller Enable Y Axis controls after moving to location.
11/19/2024 07:30:16 [Information] Stepper Motor Controller Stopwatch Stopped.
11/19/2024 07:30:16 [Information] Stepper Motor Controller Timer Stopped.
11/19/2024 07:30:16 [Information] Stepper Motor Controller Stopwatch Reset.
11/19/2024 07:30:16 [Information] Stepper Motor Controller Enable Y Axis controls after moving to location.
11/19/2024 07:30:16 [Information] Stepper Motor Controller Stopwatch Stopped.
11/19/2024 07:30:16 [Information] Stepper Motor Controller Timer Stopped.
11/19/2024 07:30:16 [Information] Stepper Motor Controller Stopwatch Reset.
11/19/2024 07:30:16 [Information] Stepper Motor Controller Enable Y Axis controls after moving to location.
11/19/2024 07:30:16 [Information] Stepper Motor Controller Stopwatch Stopped.
11/19/2024 07:30:16 [Information] Stepper Motor Controller Timer Stopped.
11/19/2024 07:30:16 [Information] Stepper Motor Controller Stopwatch Reset.
11/19/2024 07:30:16 [Information] Stepper Motor Controller Enable Y Axis controls after moving to location.
11/19/2024 07:30:16 [Information] Stepper Motor Controller Stopwatch Stopped.
11/19/2024 07:30:16 [Information] Stepper Motor Controller Timer Stopped.
11/19/2024 07:30:16 [Information] Stepper Motor Controller Stopwatch Reset.
11/19/2024 07:30:16 [Information] Stepper Motor Controller Enable Y Axis controls after moving to location.
11/19/2024 07:30:16 [Information] Stepper Motor Controller Stopwatch Stopped.
11/19/2024 07:30:16 [Information] Stepper Motor Controller Timer Stopped.
11/19/2024 07:30:16 [Information] Stepper Motor Controller Stopwatch Reset.
11/19/2024 07:30:16 [Information] Stepper Motor Controller Enable Y Axis controls after moving to location.
11/19/2024 07:30:16 [Information] Stepper Motor Controller Stopwatch Stopped.
11/19/2024 07:30:16 [Information] Stepper Motor Controller Timer Stopped.
11/19/2024 07:30:16 [Information] Stepper Motor Controller Stopwatch Reset.
11/19/2024 07:30:16 [Information] Stepper Motor Controller Enable Y Axis controls after moving to location.
11/19/2024 07:30:16 [Information] Stepper Motor Controller Stopwatch Stopped.
11/19/2024 07:30:16 [Information] Stepper Motor Controller Timer Stopped.
11/19/2024 07:30:16 [Information] Stepper Motor Controller Stopwatch Reset.
11/19/2024 07:30:16 [Information] Stepper Motor Controller Enable Y Axis controls after moving to location.
11/19/2024 07:30:16 [Information] Stepper Motor Controller Stopwatch Stopped.
11/19/2024 07:30:16 [Information] Stepper Motor Controller Timer Stopped.
11/19/2024 07:30:16 [Information] Stepper Motor Controller Stopwatch Reset.
11/19/2024 07:30:17 [Information] Stepper Motor Controller Enable Y Axis controls after moving to location.
11/19/2024 07:30:17 [Information] Stepper Motor Controller Stopwatch Stopped.
11/19/2024 07:30:17 [Information] Stepper Motor Controller Timer Stopped.
11/19/2024 07:30:17 [Information] Stepper Motor Controller Stopwatch Reset.
11/19/2024 07:30:17 [Information] Stepper Motor Controller Enable Y Axis controls after moving to location.
11/19/2024 07:30:17 [Information] Stepper Motor Controller Stopwatch Stopped.
11/19/2024 07:30:17 [Information] Stepper Motor Controller Timer Stopped.
11/19/2024 07:30:17 [Information] Stepper Motor Controller Stopwatch Reset.
11/19/2024 07:30:17 [Information] Stepper Motor Controller Enable Y Axis controls after moving to location.
11/19/2024 07:30:17 [Information] Stepper Motor Controller Stopwatch Stopped.
11/19/2024 07:30:17 [Information] Stepper Motor Controller Timer Stopped.
11/19/2024 07:30:17 [Information] Stepper Motor Controller Stopwatch Reset.
11/19/2024 07:30:17 [Information] Stepper Motor Controller Enable Y Axis controls after moving to location.
11/19/2024 07:30:17 [Information] Stepper Motor Controller Stopwatch Stopped.
11/19/2024 07:30:17 [Information] Stepper Motor Controller Timer Stopped.
11/19/2024 07:30:17 [Information] Stepper Motor Controller Stopwatch Reset.
11/19/2024 07:30:17 [Information] Stepper Motor Controller Enable Y Axis controls after moving to location.
11/19/2024 07:30:17 [Information] Stepper Motor Controller Stopwatch Stopped.
11/19/2024 07:30:17 [Information] Stepper Motor Controller Timer Stopped.
11/19/2024 07:30:17 [Information] Stepper Motor Controller Stopwatch Reset.
11/19/2024 07:30:17 [Information] Stepper Motor Controller Enable Y Axis controls after moving to location.
11/19/2024 07:30:17 [Information] Stepper Motor Controller Stopwatch Stopped.
11/19/2024 07:30:17 [Information] Stepper Motor Controller Timer Stopped.
11/19/2024 07:30:17 [Information] Stepper Motor Controller Stopwatch Reset.
11/19/2024 07:30:17 [Information] Stepper Motor Controller Enable Y Axis controls after moving to location.
11/19/2024 07:30:17 [Information] Stepper Motor Controller Stopwatch Stopped.
11/19/2024 07:30:17 [Information] Stepper Motor Controller Timer Stopped.
11/19/2024 07:30:17 [Information] Stepper Motor Controller Stopwatch Reset.
11/19/2024 07:30:17 [Information] Stepper Motor Controller Enable Y Axis controls after moving to location.
11/19/2024 07:30:17 [Information] Stepper Motor Controller Stopwatch Stopped.
11/19/2024 07:30:17 [Information] Stepper Motor Controller Timer Stopped.
11/19/2024 07:30:17 [Information] Stepper Motor Controller Stopwatch Reset.
11/19/2024 07:30:17 [Information] Stepper Motor Controller Enable Y Axis controls after moving to location.
11/19/2024 07:30:17 [Information] Stepper Motor Controller Stopwatch Stopped.
11/19/2024 07:30:17 [Information] Stepper Motor Controller Timer Stopped.
11/19/2024 07:30:17 [Information] Stepper Motor Controller Stopwatch Reset.
11/19/2024 07:30:17 [Information] Stepper Motor Controller Enable Y Axis controls after moving to location.
11/19/2024 07:30:17 [Information] Stepper Motor Controller Stopwatch Stopped.
11/19/2024 07:30:17 [Information] Stepper Motor Controller Timer Stopped.
11/19/2024 07:30:17 [Information] Stepper Motor Controller Stopwatch Reset.
11/19/2024 07:30:17 [Information] Stepper Motor Controller Enable Y Axis controls after moving to location.
11/19/2024 07:30:17 [Information] Stepper Motor Controller Stopwatch Stopped.
11/19/2024 07:30:17 [Information] Stepper Motor Controller Timer Stopped.
11/19/2024 07:30:17 [Information] Stepper Motor Controller Stopwatch Reset.
11/19/2024 07:30:17 [Information] Stepper Motor Controller Enable Y Axis controls after moving to location.
11/19/2024 07:30:17 [Information] Stepper Motor Controller Stopwatch Stopped.
11/19/2024 07:30:17 [Information] Stepper Motor Controller Timer Stopped.
11/19/2024 07:30:17 [Information] Stepper Motor Controller Stopwatch Reset.
11/19/2024 07:30:17 [Information] Stepper Motor Controller Enable Y Axis controls after moving to location.
11/19/2024 07:30:17 [Information] Stepper Motor Controller Stopwatch Stopped.
11/19/2024 07:30:17 [Information] Stepper Motor Controller Timer Stopped.
11/19/2024 07:30:17 [Information] Stepper Motor Controller Stopwatch Reset.
11/19/2024 07:30:17 [Information] Stepper Motor Controller Enable Y Axis controls after moving to location.
11/19/2024 07:30:17 [Information] Stepper Motor Controller Stopwatch Stopped.
11/19/2024 07:30:17 [Information] Stepper Motor Controller Timer Stopped.
11/19/2024 07:30:17 [Information] Stepper Motor Controller Stopwatch Reset.
11/19/2024 07:30:17 [Information] Stepper Motor Controller Enable Y Axis controls after moving to location.
11/19/2024 07:30:17 [Information] Stepper Motor Controller Stopwatch Stopped.
11/19/2024 07:30:17 [Information] Stepper Motor Controller Timer Stopped.
11/19/2024 07:30:17 [Information] Stepper Motor Controller Stopwatch Reset.
11/19/2024 07:30:17 [Information] Stepper Motor Controller Enable Y Axis controls after moving to location.
11/19/2024 07:30:17 [Information] Stepper Motor Controller Stopwatch Stopped.
11/19/2024 07:30:17 [Information] Stepper Motor Controller Timer Stopped.
11/19/2024 07:30:17 [Information] Stepper Motor Controller Stopwatch Reset.
11/19/2024 07:30:17 [Information] Stepper Motor Controller Enable Y Axis controls after moving to location.
11/19/2024 07:30:17 [Information] Stepper Motor Controller Stopwatch Stopped.
11/19/2024 07:30:17 [Information] Stepper Motor Controller Timer Stopped.
11/19/2024 07:30:17 [Information] Stepper Motor Controller Stopwatch Reset.
11/19/2024 07:30:17 [Information] Stepper Motor Controller Enable Y Axis controls after moving to location.
11/19/2024 07:30:17 [Information] Stepper Motor Controller Stopwatch Stopped.
11/19/2024 07:30:17 [Information] Stepper Motor Controller Timer Stopped.
11/19/2024 07:30:17 [Information] Stepper Motor Controller Stopwatch Reset.
11/19/2024 07:30:17 [Information] Stepper Motor Controller Enable Y Axis controls after moving to location.
11/19/2024 07:30:17 [Information] Stepper Motor Controller Stopwatch Stopped.
11/19/2024 07:30:17 [Information] Stepper Motor Controller Timer Stopped.
11/19/2024 07:30:17 [Information] Stepper Motor Controller Stopwatch Reset.
11/19/2024 07:30:17 [Information] Stepper Motor Controller Enable Y Axis controls after moving to location.
11/19/2024 07:30:17 [Information] Stepper Motor Controller Stopwatch Stopped.
11/19/2024 07:30:17 [Information] Stepper Motor Controller Timer Stopped.
11/19/2024 07:30:17 [Information] Stepper Motor Controller Stopwatch Reset.
11/19/2024 07:30:17 [Information] Stepper Motor Controller Enable Y Axis controls after moving to location.
11/19/2024 07:30:17 [Information] Stepper Motor Controller Stopwatch Stopped.
11/19/2024 07:30:17 [Information] Stepper Motor Controller Timer Stopped.
11/19/2024 07:30:17 [Information] Stepper Motor Controller Stopwatch Reset.
11/19/2024 07:30:17 [Information] Stepper Motor Controller Enable Y Axis controls after moving to location.
11/19/2024 07:30:17 [Information] Stepper Motor Controller Stopwatch Stopped.
11/19/2024 07:30:17 [Information] Stepper Motor Controller Timer Stopped.
11/19/2024 07:30:17 [Information] Stepper Motor Controller Stopwatch Reset.
11/19/2024 07:30:17 [Information] Stepper Motor Controller Enable Y Axis controls after moving to location.
11/19/2024 07:30:17 [Information] Stepper Motor Controller Stopwatch Stopped.
11/19/2024 07:30:17 [Information] Stepper Motor Controller Timer Stopped.
11/19/2024 07:30:17 [Information] Stepper Motor Controller Stopwatch Reset.
11/19/2024 07:30:17 [Information] Stepper Motor Controller Enable Y Axis controls after moving to location.
11/19/2024 07:30:17 [Information] Stepper Motor Controller Stopwatch Stopped.
11/19/2024 07:30:17 [Information] Stepper Motor Controller Timer Stopped.
11/19/2024 07:30:17 [Information] Stepper Motor Controller Stopwatch Reset.
11/19/2024 07:30:18 [Information] Stepper Motor Controller Enable Y Axis controls after moving to location.
11/19/2024 07:30:18 [Information] Stepper Motor Controller Stopwatch Stopped.
11/19/2024 07:30:18 [Information] Stepper Motor Controller Timer Stopped.
11/19/2024 07:30:18 [Information] Stepper Motor Controller Stopwatch Reset.
11/19/2024 07:30:18 [Information] Stepper Motor Controller Enable Y Axis controls after moving to location.
11/19/2024 07:30:18 [Information] Stepper Motor Controller Stopwatch Stopped.
11/19/2024 07:30:18 [Information] Stepper Motor Controller Timer Stopped.
11/19/2024 07:30:18 [Information] Stepper Motor Controller Stopwatch Reset.
11/19/2024 07:30:18 [Information] Stepper Motor Controller Enable Y Axis controls after moving to location.
11/19/2024 07:30:18 [Information] Stepper Motor Controller Stopwatch Stopped.
11/19/2024 07:30:18 [Information] Stepper Motor Controller Timer Stopped.
11/19/2024 07:30:18 [Information] Stepper Motor Controller Stopwatch Reset.
11/19/2024 07:30:18 [Information] Stepper Motor Controller Enable Y Axis controls after moving to location.
11/19/2024 07:30:18 [Information] Stepper Motor Controller Stopwatch Stopped.
11/19/2024 07:30:18 [Information] Stepper Motor Controller Timer Stopped.
11/19/2024 07:30:18 [Information] Stepper Motor Controller Stopwatch Reset.
11/19/2024 07:30:18 [Information] Stepper Motor Controller Enable Y Axis controls after moving to location.
11/19/2024 07:30:18 [Information] Stepper Motor Controller Stopwatch Stopped.
11/19/2024 07:30:18 [Information] Stepper Motor Controller Timer Stopped.
11/19/2024 07:30:18 [Information] Stepper Motor Controller Stopwatch Reset.
11/19/2024 07:30:18 [Information] Stepper Motor Controller Enable Y Axis controls after moving to location.
11/19/2024 07:30:18 [Information] Stepper Motor Controller Stopwatch Stopped.
11/19/2024 07:30:18 [Information] Stepper Motor Controller Timer Stopped.
11/19/2024 07:30:18 [Information] Stepper Motor Controller Stopwatch Reset.
11/19/2024 07:30:18 [Information] Stepper Motor Controller Enable Y Axis controls after moving to location.
11/19/2024 07:30:18 [Information] Stepper Motor Controller Stopwatch Stopped.
11/19/2024 07:30:18 [Information] Stepper Motor Controller Timer Stopped.
11/19/2024 07:30:18 [Information] Stepper Motor Controller Stopwatch Reset.
11/19/2024 07:30:18 [Information] Stepper Motor Controller Enable Y Axis controls after moving to location.
11/19/2024 07:30:18 [Information] Stepper Motor Controller Stopwatch Stopped.
11/19/2024 07:30:18 [Information] Stepper Motor Controller Timer Stopped.
11/19/2024 07:30:18 [Information] Stepper Motor Controller Stopwatch Reset.
11/19/2024 07:30:18 [Information] Stepper Motor Controller Enable Y Axis controls after moving to location.
11/19/2024 07:30:18 [Information] Stepper Motor Controller Stopwatch Stopped.
11/19/2024 07:30:18 [Information] Stepper Motor Controller Timer Stopped.
11/19/2024 07:30:18 [Information] Stepper Motor Controller Stopwatch Reset.
11/19/2024 07:30:18 [Information] Stepper Motor Controller Enable Y Axis controls after moving to location.
11/19/2024 07:30:18 [Information] Stepper Motor Controller Stopwatch Stopped.
11/19/2024 07:30:18 [Information] Stepper Motor Controller Timer Stopped.
11/19/2024 07:30:18 [Information] Stepper Motor Controller Stopwatch Reset.
11/19/2024 07:30:18 [Information] Stepper Motor Controller Enable Y Axis controls after moving to location.
11/19/2024 07:30:18 [Information] Stepper Motor Controller Stopwatch Stopped.
11/19/2024 07:30:18 [Information] Stepper Motor Controller Timer Stopped.
11/19/2024 07:30:18 [Information] Stepper Motor Controller Stopwatch Reset.
11/19/2024 07:30:18 [Information] Stepper Motor Controller Enable Y Axis controls after moving to location.
11/19/2024 07:30:18 [Information] Stepper Motor Controller Stopwatch Stopped.
11/19/2024 07:30:18 [Information] Stepper Motor Controller Timer Stopped.
11/19/2024 07:30:18 [Information] Stepper Motor Controller Stopwatch Reset.
11/19/2024 07:30:18 [Information] Stepper Motor Controller Enable Y Axis controls after moving to location.
11/19/2024 07:30:18 [Information] Stepper Motor Controller Stopwatch Stopped.
11/19/2024 07:30:18 [Information] Stepper Motor Controller Timer Stopped.
11/19/2024 07:30:18 [Information] Stepper Motor Controller Stopwatch Reset.
11/19/2024 07:30:18 [Information] Stepper Motor Controller Enable Y Axis controls after moving to location.
11/19/2024 07:30:18 [Information] Stepper Motor Controller Stopwatch Stopped.
11/19/2024 07:30:18 [Information] Stepper Motor Controller Timer Stopped.
11/19/2024 07:30:18 [Information] Stepper Motor Controller Stopwatch Reset.
11/19/2024 07:30:18 [Information] Stepper Motor Controller Enable Y Axis controls after moving to location.
11/19/2024 07:30:18 [Information] Stepper Motor Controller Stopwatch Stopped.
11/19/2024 07:30:18 [Information] Stepper Motor Controller Timer Stopped.
11/19/2024 07:30:18 [Information] Stepper Motor Controller Stopwatch Reset.
11/19/2024 07:30:18 [Information] Stepper Motor Controller Enable Y Axis controls after moving to location.
11/19/2024 07:30:18 [Information] Stepper Motor Controller Stopwatch Stopped.
11/19/2024 07:30:18 [Information] Stepper Motor Controller Timer Stopped.
11/19/2024 07:30:18 [Information] Stepper Motor Controller Stopwatch Reset.
11/19/2024 07:30:18 [Information] Stepper Motor Controller Enable Y Axis controls after moving to location.
11/19/2024 07:30:18 [Information] Stepper Motor Controller Stopwatch Stopped.
11/19/2024 07:30:18 [Information] Stepper Motor Controller Timer Stopped.
11/19/2024 07:30:18 [Information] Stepper Motor Controller Stopwatch Reset.
11/19/2024 07:30:18 [Information] Stepper Motor Controller Enable Y Axis controls after moving to location.
11/19/2024 07:30:18 [Information] Stepper Motor Controller Stopwatch Stopped.
11/19/2024 07:30:18 [Information] Stepper Motor Controller Timer Stopped.
11/19/2024 07:30:18 [Information] Stepper Motor Controller Stopwatch Reset.
11/19/2024 07:30:18 [Information] Stepper Motor Controller Enable Y Axis controls after moving to location.
11/19/2024 07:30:18 [Information] Stepper Motor Controller Stopwatch Stopped.
11/19/2024 07:30:18 [Information] Stepper Motor Controller Timer Stopped.
11/19/2024 07:30:18 [Information] Stepper Motor Controller Stopwatch Reset.
11/19/2024 07:30:18 [Information] Stepper Motor Controller Enable Y Axis controls after moving to location.
11/19/2024 07:30:18 [Information] Stepper Motor Controller Stopwatch Stopped.
11/19/2024 07:30:18 [Information] Stepper Motor Controller Timer Stopped.
11/19/2024 07:30:18 [Information] Stepper Motor Controller Stopwatch Reset.
11/19/2024 07:30:18 [Information] Stepper Motor Controller Enable Y Axis controls after moving to location.
11/19/2024 07:30:18 [Information] Stepper Motor Controller Stopwatch Stopped.
11/19/2024 07:30:18 [Information] Stepper Motor Controller Timer Stopped.
11/19/2024 07:30:18 [Information] Stepper Motor Controller Stopwatch Reset.
11/19/2024 07:30:18 [Information] Stepper Motor Controller Enable Y Axis controls after moving to location.
11/19/2024 07:30:18 [Information] Stepper Motor Controller Stopwatch Stopped.
11/19/2024 07:30:18 [Information] Stepper Motor Controller Timer Stopped.
11/19/2024 07:30:18 [Information] Stepper Motor Controller Stopwatch Reset.
11/19/2024 07:30:18 [Information] Stepper Motor Controller Enable Y Axis controls after moving to location.
11/19/2024 07:30:18 [Information] Stepper Motor Controller Stopwatch Stopped.
11/19/2024 07:30:18 [Information] Stepper Motor Controller Timer Stopped.
11/19/2024 07:30:18 [Information] Stepper Motor Controller Stopwatch Reset.
11/19/2024 07:30:18 [Information] Stepper Motor Controller Enable Y Axis controls after moving to location.
11/19/2024 07:30:18 [Information] Stepper Motor Controller Stopwatch Stopped.
11/19/2024 07:30:18 [Information] Stepper Motor Controller Timer Stopped.
11/19/2024 07:30:18 [Information] Stepper Motor Controller Stopwatch Reset.
11/19/2024 07:30:19 [Information] Stepper Motor Controller Enable Y Axis controls after moving to location.
11/19/2024 07:30:19 [Information] Stepper Motor Controller Stopwatch Stopped.
11/19/2024 07:30:19 [Information] Stepper Motor Controller Timer Stopped.
11/19/2024 07:30:19 [Information] Stepper Motor Controller Stopwatch Reset.
11/19/2024 07:30:19 [Information] Stepper Motor Controller Enable Y Axis controls after moving to location.
11/19/2024 07:30:19 [Information] Stepper Motor Controller Stopwatch Stopped.
11/19/2024 07:30:19 [Information] Stepper Motor Controller Timer Stopped.
11/19/2024 07:30:19 [Information] Stepper Motor Controller Stopwatch Reset.
11/19/2024 07:30:19 [Information] Stepper Motor Controller Enable Y Axis controls after moving to location.
11/19/2024 07:30:19 [Information] Stepper Motor Controller Stopwatch Stopped.
11/19/2024 07:30:19 [Information] Stepper Motor Controller Timer Stopped.
11/19/2024 07:30:19 [Information] Stepper Motor Controller Stopwatch Reset.
11/19/2024 07:30:19 [Information] Stepper Motor Controller Enable Y Axis controls after moving to location.
11/19/2024 07:30:19 [Information] Stepper Motor Controller Stopwatch Stopped.
11/19/2024 07:30:19 [Information] Stepper Motor Controller Timer Stopped.
11/19/2024 07:30:19 [Information] Stepper Motor Controller Stopwatch Reset.
11/19/2024 07:30:19 [Information] Stepper Motor Controller Enable Y Axis controls after moving to location.
11/19/2024 07:30:19 [Information] Stepper Motor Controller Stopwatch Stopped.
11/19/2024 07:30:19 [Information] Stepper Motor Controller Timer Stopped.
11/19/2024 07:30:19 [Information] Stepper Motor Controller Stopwatch Reset.
11/19/2024 07:30:19 [Information] Stepper Motor Controller Enable Y Axis controls after moving to location.
11/19/2024 07:30:19 [Information] Stepper Motor Controller Stopwatch Stopped.
11/19/2024 07:30:19 [Information] Stepper Motor Controller Timer Stopped.
11/19/2024 07:30:19 [Information] Stepper Motor Controller Stopwatch Reset.
11/19/2024 07:30:19 [Information] Stepper Motor Controller Enable Y Axis controls after moving to location.
11/19/2024 07:30:19 [Information] Stepper Motor Controller Stopwatch Stopped.
11/19/2024 07:30:19 [Information] Stepper Motor Controller Timer Stopped.
11/19/2024 07:30:19 [Information] Stepper Motor Controller Stopwatch Reset.
11/19/2024 07:30:19 [Information] Stepper Motor Controller Enable Y Axis controls after moving to location.
11/19/2024 07:30:19 [Information] Stepper Motor Controller Stopwatch Stopped.
11/19/2024 07:30:19 [Information] Stepper Motor Controller Timer Stopped.
11/19/2024 07:30:19 [Information] Stepper Motor Controller Stopwatch Reset.
11/19/2024 07:30:19 [Information] Stepper Motor Controller Enable Y Axis controls after moving to location.
11/19/2024 07:30:19 [Information] Stepper Motor Controller Stopwatch Stopped.
11/19/2024 07:30:19 [Information] Stepper Motor Controller Timer Stopped.
11/19/2024 07:30:19 [Information] Stepper Motor Controller Stopwatch Reset.
11/19/2024 07:30:19 [Information] Stepper Motor Controller Enable Y Axis controls after moving to location.
11/19/2024 07:30:19 [Information] Stepper Motor Controller Stopwatch Stopped.
11/19/2024 07:30:19 [Information] Stepper Motor Controller Timer Stopped.
11/19/2024 07:30:19 [Information] Stepper Motor Controller Stopwatch Reset.
11/19/2024 07:30:19 [Information] Stepper Motor Controller Enable Y Axis controls after moving to location.
11/19/2024 07:30:19 [Information] Stepper Motor Controller Stopwatch Stopped.
11/19/2024 07:30:19 [Information] Stepper Motor Controller Timer Stopped.
11/19/2024 07:30:19 [Information] Stepper Motor Controller Stopwatch Reset.
11/19/2024 07:30:19 [Information] Stepper Motor Controller Enable Y Axis controls after moving to location.
11/19/2024 07:30:19 [Information] Stepper Motor Controller Stopwatch Stopped.
11/19/2024 07:30:19 [Information] Stepper Motor Controller Timer Stopped.
11/19/2024 07:30:19 [Information] Stepper Motor Controller Stopwatch Reset.
11/19/2024 07:30:19 [Information] Stepper Motor Controller Enable Y Axis controls after moving to location.
11/19/2024 07:30:19 [Information] Stepper Motor Controller Stopwatch Stopped.
11/19/2024 07:30:19 [Information] Stepper Motor Controller Timer Stopped.
11/19/2024 07:30:19 [Information] Stepper Motor Controller Stopwatch Reset.
11/19/2024 07:30:19 [Information] Stepper Motor Controller Enable Y Axis controls after moving to location.
11/19/2024 07:30:19 [Information] Stepper Motor Controller Stopwatch Stopped.
11/19/2024 07:30:19 [Information] Stepper Motor Controller Timer Stopped.
11/19/2024 07:30:19 [Information] Stepper Motor Controller Stopwatch Reset.
11/19/2024 07:30:19 [Information] Stepper Motor Controller Enable Y Axis controls after moving to location.
11/19/2024 07:30:19 [Information] Stepper Motor Controller Stopwatch Stopped.
11/19/2024 07:30:19 [Information] Stepper Motor Controller Timer Stopped.
11/19/2024 07:30:19 [Information] Stepper Motor Controller Stopwatch Reset.
11/19/2024 07:30:19 [Information] Stepper Motor Controller Enable Y Axis controls after moving to location.
11/19/2024 07:30:19 [Information] Stepper Motor Controller Stopwatch Stopped.
11/19/2024 07:30:19 [Information] Stepper Motor Controller Timer Stopped.
11/19/2024 07:30:19 [Information] Stepper Motor Controller Stopwatch Reset.
11/19/2024 07:30:19 [Information] Stepper Motor Controller Enable Y Axis controls after moving to location.
11/19/2024 07:30:19 [Information] Stepper Motor Controller Stopwatch Stopped.
11/19/2024 07:30:19 [Information] Stepper Motor Controller Timer Stopped.
11/19/2024 07:30:19 [Information] Stepper Motor Controller Stopwatch Reset.
11/19/2024 07:30:19 [Information] Stepper Motor Controller Enable Y Axis controls after moving to location.
11/19/2024 07:30:19 [Information] Stepper Motor Controller Stopwatch Stopped.
11/19/2024 07:30:19 [Information] Stepper Motor Controller Timer Stopped.
11/19/2024 07:30:19 [Information] Stepper Motor Controller Stopwatch Reset.
11/19/2024 07:30:19 [Information] Stepper Motor Controller Enable Y Axis controls after moving to location.
11/19/2024 07:30:19 [Information] Stepper Motor Controller Stopwatch Stopped.
11/19/2024 07:30:19 [Information] Stepper Motor Controller Timer Stopped.
11/19/2024 07:30:19 [Information] Stepper Motor Controller Stopwatch Reset.
11/19/2024 07:30:19 [Information] Stepper Motor Controller Enable Y Axis controls after moving to location.
11/19/2024 07:30:19 [Information] Stepper Motor Controller Stopwatch Stopped.
11/19/2024 07:30:19 [Information] Stepper Motor Controller Timer Stopped.
11/19/2024 07:30:19 [Information] Stepper Motor Controller Stopwatch Reset.
11/19/2024 07:30:19 [Information] Stepper Motor Controller Enable Y Axis controls after moving to location.
11/19/2024 07:30:19 [Information] Stepper Motor Controller Stopwatch Stopped.
11/19/2024 07:30:19 [Information] Stepper Motor Controller Timer Stopped.
11/19/2024 07:30:19 [Information] Stepper Motor Controller Stopwatch Reset.
11/19/2024 07:30:19 [Information] Stepper Motor Controller Enable Y Axis controls after moving to location.
11/19/2024 07:30:19 [Information] Stepper Motor Controller Stopwatch Stopped.
11/19/2024 07:30:19 [Information] Stepper Motor Controller Timer Stopped.
11/19/2024 07:30:19 [Information] Stepper Motor Controller Stopwatch Reset.
11/19/2024 07:30:19 [Information] Stepper Motor Controller Enable Y Axis controls after moving to location.
11/19/2024 07:30:19 [Information] Stepper Motor Controller Stopwatch Stopped.
11/19/2024 07:30:19 [Information] Stepper Motor Controller Timer Stopped.
11/19/2024 07:30:19 [Information] Stepper Motor Controller Stopwatch Reset.
11/19/2024 07:30:19 [Information] Stepper Motor Controller Enable Y Axis controls after moving to location.
11/19/2024 07:30:19 [Information] Stepper Motor Controller Stopwatch Stopped.
11/19/2024 07:30:19 [Information] Stepper Motor Controller Timer Stopped.
11/19/2024 07:30:19 [Information] Stepper Motor Controller Stopwatch Reset.
11/19/2024 07:30:19 [Information] Stepper Motor Controller Enable Y Axis controls after moving to location.
11/19/2024 07:30:19 [Information] Stepper Motor Controller Stopwatch Stopped.
11/19/2024 07:30:19 [Information] Stepper Motor Controller Timer Stopped.
11/19/2024 07:30:19 [Information] Stepper Motor Controller Stopwatch Reset.
11/19/2024 07:30:19 [Information] Stepper Motor Controller Enable Y Axis controls after moving to location.
11/19/2024 07:30:19 [Information] Stepper Motor Controller Stopwatch Stopped.
11/19/2024 07:30:19 [Information] Stepper Motor Controller Timer Stopped.
11/19/2024 07:30:19 [Information] Stepper Motor Controller Stopwatch Reset.
11/19/2024 07:30:20 [Information] Stepper Motor Controller Enable Y Axis controls after moving to location.
11/19/2024 07:30:20 [Information] Stepper Motor Controller Stopwatch Stopped.
11/19/2024 07:30:20 [Information] Stepper Motor Controller Timer Stopped.
11/19/2024 07:30:20 [Information] Stepper Motor Controller Stopwatch Reset.
11/19/2024 07:30:20 [Information] Stepper Motor Controller Enable Y Axis controls after moving to location.
11/19/2024 07:30:20 [Information] Stepper Motor Controller Stopwatch Stopped.
11/19/2024 07:30:20 [Information] Stepper Motor Controller Timer Stopped.
11/19/2024 07:30:20 [Information] Stepper Motor Controller Stopwatch Reset.
11/19/2024 07:30:20 [Information] Stepper Motor Controller Enable Y Axis controls after moving to location.
11/19/2024 07:30:20 [Information] Stepper Motor Controller Stopwatch Stopped.
11/19/2024 07:30:20 [Information] Stepper Motor Controller Timer Stopped.
11/19/2024 07:30:20 [Information] Stepper Motor Controller Stopwatch Reset.
11/19/2024 07:30:20 [Information] Stepper Motor Controller Enable Y Axis controls after moving to location.
11/19/2024 07:30:20 [Information] Stepper Motor Controller Stopwatch Stopped.
11/19/2024 07:30:20 [Information] Stepper Motor Controller Timer Stopped.
11/19/2024 07:30:20 [Information] Stepper Motor Controller Stopwatch Reset.
11/19/2024 07:30:20 [Information] Stepper Motor Controller Enable Y Axis controls after moving to location.
11/19/2024 07:30:20 [Information] Stepper Motor Controller Stopwatch Stopped.
11/19/2024 07:30:20 [Information] Stepper Motor Controller Timer Stopped.
11/19/2024 07:30:20 [Information] Stepper Motor Controller Stopwatch Reset.
11/19/2024 07:30:20 [Information] Stepper Motor Controller Enable Y Axis controls after moving to location.
11/19/2024 07:30:20 [Information] Stepper Motor Controller Stopwatch Stopped.
11/19/2024 07:30:20 [Information] Stepper Motor Controller Timer Stopped.
11/19/2024 07:30:20 [Information] Stepper Motor Controller Stopwatch Reset.
11/19/2024 07:30:20 [Information] Stepper Motor Controller Enable Y Axis controls after moving to location.
11/19/2024 07:30:20 [Information] Stepper Motor Controller Stopwatch Stopped.
11/19/2024 07:30:20 [Information] Stepper Motor Controller Timer Stopped.
11/19/2024 07:30:20 [Information] Stepper Motor Controller Stopwatch Reset.
11/19/2024 07:30:20 [Information] Stepper Motor Controller Enable Y Axis controls after moving to location.
11/19/2024 07:30:20 [Information] Stepper Motor Controller Stopwatch Stopped.
11/19/2024 07:30:20 [Information] Stepper Motor Controller Timer Stopped.
11/19/2024 07:30:20 [Information] Stepper Motor Controller Stopwatch Reset.
11/19/2024 07:30:20 [Information] Stepper Motor Controller Enable Y Axis controls after moving to location.
11/19/2024 07:30:20 [Information] Stepper Motor Controller Stopwatch Stopped.
11/19/2024 07:30:20 [Information] Stepper Motor Controller Timer Stopped.
11/19/2024 07:30:20 [Information] Stepper Motor Controller Stopwatch Reset.
11/19/2024 07:30:20 [Information] Stepper Motor Controller Enable Y Axis controls after moving to location.
11/19/2024 07:30:20 [Information] Stepper Motor Controller Stopwatch Stopped.
11/19/2024 07:30:20 [Information] Stepper Motor Controller Timer Stopped.
11/19/2024 07:30:20 [Information] Stepper Motor Controller Stopwatch Reset.
11/19/2024 07:30:20 [Information] Stepper Motor Controller Enable Y Axis controls after moving to location.
11/19/2024 07:30:20 [Information] Stepper Motor Controller Stopwatch Stopped.
11/19/2024 07:30:20 [Information] Stepper Motor Controller Timer Stopped.
11/19/2024 07:30:20 [Information] Stepper Motor Controller Stopwatch Reset.
11/19/2024 07:30:20 [Information] Stepper Motor Controller Enable Y Axis controls after moving to location.
11/19/2024 07:30:20 [Information] Stepper Motor Controller Stopwatch Stopped.
11/19/2024 07:30:20 [Information] Stepper Motor Controller Timer Stopped.
11/19/2024 07:30:20 [Information] Stepper Motor Controller Stopwatch Reset.
11/19/2024 07:30:20 [Information] Stepper Motor Controller Enable Y Axis controls after moving to location.
11/19/2024 07:30:20 [Information] Stepper Motor Controller Stopwatch Stopped.
11/19/2024 07:30:20 [Information] Stepper Motor Controller Timer Stopped.
11/19/2024 07:30:20 [Information] Stepper Motor Controller Stopwatch Reset.
11/19/2024 07:30:20 [Information] Stepper Motor Controller Enable Y Axis controls after moving to location.
11/19/2024 07:30:20 [Information] Stepper Motor Controller Stopwatch Stopped.
11/19/2024 07:30:20 [Information] Stepper Motor Controller Timer Stopped.
11/19/2024 07:30:20 [Information] Stepper Motor Controller Stopwatch Reset.
11/19/2024 07:30:20 [Information] Stepper Motor Controller Enable Y Axis controls after moving to location.
11/19/2024 07:30:20 [Information] Stepper Motor Controller Stopwatch Stopped.
11/19/2024 07:30:20 [Information] Stepper Motor Controller Timer Stopped.
11/19/2024 07:30:20 [Information] Stepper Motor Controller Stopwatch Reset.
11/19/2024 07:30:20 [Information] Stepper Motor Controller Enable Y Axis controls after moving to location.
11/19/2024 07:30:20 [Information] Stepper Motor Controller Stopwatch Stopped.
11/19/2024 07:30:20 [Information] Stepper Motor Controller Timer Stopped.
11/19/2024 07:30:20 [Information] Stepper Motor Controller Stopwatch Reset.
11/19/2024 07:30:20 [Information] Stepper Motor Controller Enable Y Axis controls after moving to location.
11/19/2024 07:30:20 [Information] Stepper Motor Controller Stopwatch Stopped.
11/19/2024 07:30:20 [Information] Stepper Motor Controller Timer Stopped.
11/19/2024 07:30:20 [Information] Stepper Motor Controller Stopwatch Reset.
11/19/2024 07:30:20 [Information] Stepper Motor Controller Enable Y Axis controls after moving to location.
11/19/2024 07:30:20 [Information] Stepper Motor Controller Stopwatch Stopped.
11/19/2024 07:30:20 [Information] Stepper Motor Controller Timer Stopped.
11/19/2024 07:30:20 [Information] Stepper Motor Controller Stopwatch Reset.
11/19/2024 07:30:20 [Information] Stepper Motor Controller Enable Y Axis controls after moving to location.
11/19/2024 07:30:20 [Information] Stepper Motor Controller Stopwatch Stopped.
11/19/2024 07:30:20 [Information] Stepper Motor Controller Timer Stopped.
11/19/2024 07:30:20 [Information] Stepper Motor Controller Stopwatch Reset.
11/19/2024 07:30:20 [Information] Stepper Motor Controller Enable Y Axis controls after moving to location.
11/19/2024 07:30:20 [Information] Stepper Motor Controller Stopwatch Stopped.
11/19/2024 07:30:20 [Information] Stepper Motor Controller Timer Stopped.
11/19/2024 07:30:20 [Information] Stepper Motor Controller Stopwatch Reset.
11/19/2024 07:30:20 [Information] Stepper Motor Controller Enable Y Axis controls after moving to location.
11/19/2024 07:30:20 [Information] Stepper Motor Controller Stopwatch Stopped.
11/19/2024 07:30:20 [Information] Stepper Motor Controller Timer Stopped.
11/19/2024 07:30:20 [Information] Stepper Motor Controller Stopwatch Reset.
11/19/2024 07:30:20 [Information] Stepper Motor Controller Enable Y Axis controls after moving to location.
11/19/2024 07:30:20 [Information] Stepper Motor Controller Stopwatch Stopped.
11/19/2024 07:30:20 [Information] Stepper Motor Controller Timer Stopped.
11/19/2024 07:30:20 [Information] Stepper Motor Controller Stopwatch Reset.
11/19/2024 07:30:20 [Information] Stepper Motor Controller Enable Y Axis controls after moving to location.
11/19/2024 07:30:20 [Information] Stepper Motor Controller Stopwatch Stopped.
11/19/2024 07:30:20 [Information] Stepper Motor Controller Timer Stopped.
11/19/2024 07:30:20 [Information] Stepper Motor Controller Stopwatch Reset.
11/19/2024 07:30:20 [Information] Stepper Motor Controller Enable Y Axis controls after moving to location.
11/19/2024 07:30:20 [Information] Stepper Motor Controller Stopwatch Stopped.
11/19/2024 07:30:20 [Information] Stepper Motor Controller Timer Stopped.
11/19/2024 07:30:20 [Information] Stepper Motor Controller Stopwatch Reset.
11/19/2024 07:30:20 [Information] Stepper Motor Controller Enable Y Axis controls after moving to location.
11/19/2024 07:30:20 [Information] Stepper Motor Controller Stopwatch Stopped.
11/19/2024 07:30:20 [Information] Stepper Motor Controller Timer Stopped.
11/19/2024 07:30:20 [Information] Stepper Motor Controller Stopwatch Reset.
11/19/2024 07:30:21 [Information] Stepper Motor Controller Enable Y Axis controls after moving to location.
11/19/2024 07:30:21 [Information] Stepper Motor Controller Stopwatch Stopped.
11/19/2024 07:30:21 [Information] Stepper Motor Controller Timer Stopped.
11/19/2024 07:30:21 [Information] Stepper Motor Controller Stopwatch Reset.
11/19/2024 07:30:21 [Information] Stepper Motor Controller Enable Y Axis controls after moving to location.
11/19/2024 07:30:21 [Information] Stepper Motor Controller Stopwatch Stopped.
11/19/2024 07:30:21 [Information] Stepper Motor Controller Timer Stopped.
11/19/2024 07:30:21 [Information] Stepper Motor Controller Stopwatch Reset.
11/19/2024 07:30:21 [Information] Stepper Motor Controller Enable Y Axis controls after moving to location.
11/19/2024 07:30:21 [Information] Stepper Motor Controller Stopwatch Stopped.
11/19/2024 07:30:21 [Information] Stepper Motor Controller Timer Stopped.
11/19/2024 07:30:21 [Information] Stepper Motor Controller Stopwatch Reset.
11/19/2024 07:30:21 [Information] Stepper Motor Controller Enable Y Axis controls after moving to location.
11/19/2024 07:30:21 [Information] Stepper Motor Controller Stopwatch Stopped.
11/19/2024 07:30:21 [Information] Stepper Motor Controller Timer Stopped.
11/19/2024 07:30:21 [Information] Stepper Motor Controller Stopwatch Reset.
11/19/2024 07:30:21 [Information] Stepper Motor Controller Enable Y Axis controls after moving to location.
11/19/2024 07:30:21 [Information] Stepper Motor Controller Stopwatch Stopped.
11/19/2024 07:30:21 [Information] Stepper Motor Controller Timer Stopped.
11/19/2024 07:30:21 [Information] Stepper Motor Controller Stopwatch Reset.
11/19/2024 07:30:21 [Information] Stepper Motor Controller Enable Y Axis controls after moving to location.
11/19/2024 07:30:21 [Information] Stepper Motor Controller Stopwatch Stopped.
11/19/2024 07:30:21 [Information] Stepper Motor Controller Timer Stopped.
11/19/2024 07:30:21 [Information] Stepper Motor Controller Stopwatch Reset.
11/19/2024 07:30:21 [Information] Stepper Motor Controller Enable Y Axis controls after moving to location.
11/19/2024 07:30:21 [Information] Stepper Motor Controller Stopwatch Stopped.
11/19/2024 07:30:21 [Information] Stepper Motor Controller Timer Stopped.
11/19/2024 07:30:21 [Information] Stepper Motor Controller Stopwatch Reset.
11/19/2024 07:30:21 [Information] Stepper Motor Controller Enable Y Axis controls after moving to location.
11/19/2024 07:30:21 [Information] Stepper Motor Controller Stopwatch Stopped.
11/19/2024 07:30:21 [Information] Stepper Motor Controller Timer Stopped.
11/19/2024 07:30:21 [Information] Stepper Motor Controller Stopwatch Reset.
11/19/2024 07:30:21 [Information] Stepper Motor Controller Enable Y Axis controls after moving to location.
11/19/2024 07:30:21 [Information] Stepper Motor Controller Stopwatch Stopped.
11/19/2024 07:30:21 [Information] Stepper Motor Controller Timer Stopped.
11/19/2024 07:30:21 [Information] Stepper Motor Controller Stopwatch Reset.
11/19/2024 07:30:21 [Information] Stepper Motor Controller Enable Y Axis controls after moving to location.
11/19/2024 07:30:21 [Information] Stepper Motor Controller Stopwatch Stopped.
11/19/2024 07:30:21 [Information] Stepper Motor Controller Timer Stopped.
11/19/2024 07:30:21 [Information] Stepper Motor Controller Stopwatch Reset.
11/19/2024 07:30:21 [Information] Stepper Motor Controller Enable Y Axis controls after moving to location.
11/19/2024 07:30:21 [Information] Stepper Motor Controller Stopwatch Stopped.
11/19/2024 07:30:21 [Information] Stepper Motor Controller Timer Stopped.
11/19/2024 07:30:21 [Information] Stepper Motor Controller Stopwatch Reset.
11/19/2024 07:30:21 [Information] Stepper Motor Controller Enable Y Axis controls after moving to location.
11/19/2024 07:30:21 [Information] Stepper Motor Controller Stopwatch Stopped.
11/19/2024 07:30:21 [Information] Stepper Motor Controller Timer Stopped.
11/19/2024 07:30:21 [Information] Stepper Motor Controller Stopwatch Reset.
11/19/2024 07:30:21 [Information] Stepper Motor Controller Enable Y Axis controls after moving to location.
11/19/2024 07:30:21 [Information] Stepper Motor Controller Stopwatch Stopped.
11/19/2024 07:30:21 [Information] Stepper Motor Controller Timer Stopped.
11/19/2024 07:30:21 [Information] Stepper Motor Controller Stopwatch Reset.
11/19/2024 07:30:21 [Information] Stepper Motor Controller Enable Y Axis controls after moving to location.
11/19/2024 07:30:21 [Information] Stepper Motor Controller Stopwatch Stopped.
11/19/2024 07:30:21 [Information] Stepper Motor Controller Timer Stopped.
11/19/2024 07:30:21 [Information] Stepper Motor Controller Stopwatch Reset.
11/19/2024 07:30:21 [Information] Stepper Motor Controller Enable Y Axis controls after moving to location.
11/19/2024 07:30:21 [Information] Stepper Motor Controller Stopwatch Stopped.
11/19/2024 07:30:21 [Information] Stepper Motor Controller Timer Stopped.
11/19/2024 07:30:21 [Information] Stepper Motor Controller Stopwatch Reset.
11/19/2024 07:30:21 [Information] Stepper Motor Controller Enable Y Axis controls after moving to location.
11/19/2024 07:30:21 [Information] Stepper Motor Controller Stopwatch Stopped.
11/19/2024 07:30:21 [Information] Stepper Motor Controller Timer Stopped.
11/19/2024 07:30:21 [Information] Stepper Motor Controller Stopwatch Reset.
11/19/2024 07:30:21 [Information] Stepper Motor Controller Enable Y Axis controls after moving to location.
11/19/2024 07:30:21 [Information] Stepper Motor Controller Stopwatch Stopped.
11/19/2024 07:30:21 [Information] Stepper Motor Controller Timer Stopped.
11/19/2024 07:30:21 [Information] Stepper Motor Controller Stopwatch Reset.
11/19/2024 07:30:21 [Information] Stepper Motor Controller Enable Y Axis controls after moving to location.
11/19/2024 07:30:21 [Information] Stepper Motor Controller Stopwatch Stopped.
11/19/2024 07:30:21 [Information] Stepper Motor Controller Timer Stopped.
11/19/2024 07:30:21 [Information] Stepper Motor Controller Stopwatch Reset.
11/19/2024 07:30:21 [Information] Stepper Motor Controller Enable Y Axis controls after moving to location.
11/19/2024 07:30:21 [Information] Stepper Motor Controller Stopwatch Stopped.
11/19/2024 07:30:21 [Information] Stepper Motor Controller Timer Stopped.
11/19/2024 07:30:21 [Information] Stepper Motor Controller Stopwatch Reset.
11/19/2024 07:30:21 [Information] Stepper Motor Controller Enable Y Axis controls after moving to location.
11/19/2024 07:30:21 [Information] Stepper Motor Controller Stopwatch Stopped.
11/19/2024 07:30:21 [Information] Stepper Motor Controller Timer Stopped.
11/19/2024 07:30:21 [Information] Stepper Motor Controller Stopwatch Reset.
11/19/2024 07:30:21 [Information] Stepper Motor Controller Enable Y Axis controls after moving to location.
11/19/2024 07:30:21 [Information] Stepper Motor Controller Stopwatch Stopped.
11/19/2024 07:30:21 [Information] Stepper Motor Controller Timer Stopped.
11/19/2024 07:30:21 [Information] Stepper Motor Controller Stopwatch Reset.
11/19/2024 07:30:21 [Information] Stepper Motor Controller Enable Y Axis controls after moving to location.
11/19/2024 07:30:21 [Information] Stepper Motor Controller Stopwatch Stopped.
11/19/2024 07:30:21 [Information] Stepper Motor Controller Timer Stopped.
11/19/2024 07:30:21 [Information] Stepper Motor Controller Stopwatch Reset.
11/19/2024 07:30:21 [Information] Stepper Motor Controller Enable Y Axis controls after moving to location.
11/19/2024 07:30:21 [Information] Stepper Motor Controller Stopwatch Stopped.
11/19/2024 07:30:21 [Information] Stepper Motor Controller Timer Stopped.
11/19/2024 07:30:21 [Information] Stepper Motor Controller Stopwatch Reset.
11/19/2024 07:30:21 [Information] Stepper Motor Controller Enable Y Axis controls after moving to location.
11/19/2024 07:30:21 [Information] Stepper Motor Controller Stopwatch Stopped.
11/19/2024 07:30:21 [Information] Stepper Motor Controller Timer Stopped.
11/19/2024 07:30:21 [Information] Stepper Motor Controller Stopwatch Reset.
11/19/2024 07:30:21 [Information] Stepper Motor Controller Enable Y Axis controls after moving to location.
11/19/2024 07:30:21 [Information] Stepper Motor Controller Stopwatch Stopped.
11/19/2024 07:30:21 [Information] Stepper Motor Controller Timer Stopped.
11/19/2024 07:30:21 [Information] Stepper Motor Controller Stopwatch Reset.
11/19/2024 07:30:22 [Information] Stepper Motor Controller Enable Y Axis controls after moving to location.
11/19/2024 07:30:22 [Information] Stepper Motor Controller Stopwatch Stopped.
11/19/2024 07:30:22 [Information] Stepper Motor Controller Timer Stopped.
11/19/2024 07:30:22 [Information] Stepper Motor Controller Stopwatch Reset.
11/19/2024 07:30:22 [Information] Stepper Motor Controller Enable Y Axis controls after moving to location.
11/19/2024 07:30:22 [Information] Stepper Motor Controller Stopwatch Stopped.
11/19/2024 07:30:22 [Information] Stepper Motor Controller Timer Stopped.
11/19/2024 07:30:22 [Information] Stepper Motor Controller Stopwatch Reset.
11/19/2024 07:30:22 [Information] Stepper Motor Controller Enable Y Axis controls after moving to location.
11/19/2024 07:30:22 [Information] Stepper Motor Controller Stopwatch Stopped.
11/19/2024 07:30:22 [Information] Stepper Motor Controller Timer Stopped.
11/19/2024 07:30:22 [Information] Stepper Motor Controller Stopwatch Reset.
11/19/2024 07:30:22 [Information] Stepper Motor Controller Enable Y Axis controls after moving to location.
11/19/2024 07:30:22 [Information] Stepper Motor Controller Stopwatch Stopped.
11/19/2024 07:30:22 [Information] Stepper Motor Controller Timer Stopped.
11/19/2024 07:30:22 [Information] Stepper Motor Controller Stopwatch Reset.
11/19/2024 07:30:22 [Information] Stepper Motor Controller Enable Y Axis controls after moving to location.
11/19/2024 07:30:22 [Information] Stepper Motor Controller Stopwatch Stopped.
11/19/2024 07:30:22 [Information] Stepper Motor Controller Timer Stopped.
11/19/2024 07:30:22 [Information] Stepper Motor Controller Stopwatch Reset.
11/19/2024 07:30:22 [Information] Stepper Motor Controller Enable Y Axis controls after moving to location.
11/19/2024 07:30:22 [Information] Stepper Motor Controller Stopwatch Stopped.
11/19/2024 07:30:22 [Information] Stepper Motor Controller Timer Stopped.
11/19/2024 07:30:22 [Information] Stepper Motor Controller Stopwatch Reset.
11/19/2024 07:30:22 [Information] Stepper Motor Controller Enable Y Axis controls after moving to location.
11/19/2024 07:30:22 [Information] Stepper Motor Controller Stopwatch Stopped.
11/19/2024 07:30:22 [Information] Stepper Motor Controller Timer Stopped.
11/19/2024 07:30:22 [Information] Stepper Motor Controller Stopwatch Reset.
11/19/2024 07:30:22 [Information] Stepper Motor Controller Enable Y Axis controls after moving to location.
11/19/2024 07:30:22 [Information] Stepper Motor Controller Stopwatch Stopped.
11/19/2024 07:30:22 [Information] Stepper Motor Controller Timer Stopped.
11/19/2024 07:30:22 [Information] Stepper Motor Controller Stopwatch Reset.
11/19/2024 07:30:22 [Information] Stepper Motor Controller Enable Y Axis controls after moving to location.
11/19/2024 07:30:22 [Information] Stepper Motor Controller Stopwatch Stopped.
11/19/2024 07:30:22 [Information] Stepper Motor Controller Timer Stopped.
11/19/2024 07:30:22 [Information] Stepper Motor Controller Stopwatch Reset.
11/19/2024 07:30:22 [Information] Stepper Motor Controller Enable Y Axis controls after moving to location.
11/19/2024 07:30:22 [Information] Stepper Motor Controller Stopwatch Stopped.
11/19/2024 07:30:22 [Information] Stepper Motor Controller Timer Stopped.
11/19/2024 07:30:22 [Information] Stepper Motor Controller Stopwatch Reset.
11/19/2024 07:30:22 [Information] Stepper Motor Controller Enable Y Axis controls after moving to location.
11/19/2024 07:30:22 [Information] Stepper Motor Controller Stopwatch Stopped.
11/19/2024 07:30:22 [Information] Stepper Motor Controller Timer Stopped.
11/19/2024 07:30:22 [Information] Stepper Motor Controller Stopwatch Reset.
11/19/2024 07:30:22 [Information] Stepper Motor Controller Enable Y Axis controls after moving to location.
11/19/2024 07:30:22 [Information] Stepper Motor Controller Stopwatch Stopped.
11/19/2024 07:30:22 [Information] Stepper Motor Controller Timer Stopped.
11/19/2024 07:30:22 [Information] Stepper Motor Controller Stopwatch Reset.
11/19/2024 07:30:22 [Information] Stepper Motor Controller Enable Y Axis controls after moving to location.
11/19/2024 07:30:22 [Information] Stepper Motor Controller Stopwatch Stopped.
11/19/2024 07:30:22 [Information] Stepper Motor Controller Timer Stopped.
11/19/2024 07:30:22 [Information] Stepper Motor Controller Stopwatch Reset.
11/19/2024 07:30:22 [Information] Stepper Motor Controller Enable Y Axis controls after moving to location.
11/19/2024 07:30:22 [Information] Stepper Motor Controller Stopwatch Stopped.
11/19/2024 07:30:22 [Information] Stepper Motor Controller Timer Stopped.
11/19/2024 07:30:22 [Information] Stepper Motor Controller Stopwatch Reset.
11/19/2024 07:30:22 [Information] Stepper Motor Controller Enable Y Axis controls after moving to location.
11/19/2024 07:30:22 [Information] Stepper Motor Controller Stopwatch Stopped.
11/19/2024 07:30:22 [Information] Stepper Motor Controller Timer Stopped.
11/19/2024 07:30:22 [Information] Stepper Motor Controller Stopwatch Reset.
11/19/2024 07:30:22 [Information] Stepper Motor Controller Enable Y Axis controls after moving to location.
11/19/2024 07:30:22 [Information] Stepper Motor Controller Stopwatch Stopped.
11/19/2024 07:30:22 [Information] Stepper Motor Controller Timer Stopped.
11/19/2024 07:30:22 [Information] Stepper Motor Controller Stopwatch Reset.
11/19/2024 07:30:22 [Information] Stepper Motor Controller Enable Y Axis controls after moving to location.
11/19/2024 07:30:22 [Information] Stepper Motor Controller Stopwatch Stopped.
11/19/2024 07:30:22 [Information] Stepper Motor Controller Timer Stopped.
11/19/2024 07:30:22 [Information] Stepper Motor Controller Stopwatch Reset.
11/19/2024 07:30:22 [Information] Stepper Motor Controller Enable Y Axis controls after moving to location.
11/19/2024 07:30:22 [Information] Stepper Motor Controller Stopwatch Stopped.
11/19/2024 07:30:22 [Information] Stepper Motor Controller Timer Stopped.
11/19/2024 07:30:22 [Information] Stepper Motor Controller Stopwatch Reset.
11/19/2024 07:30:22 [Information] Stepper Motor Controller Enable Y Axis controls after moving to location.
11/19/2024 07:30:22 [Information] Stepper Motor Controller Stopwatch Stopped.
11/19/2024 07:30:22 [Information] Stepper Motor Controller Timer Stopped.
11/19/2024 07:30:22 [Information] Stepper Motor Controller Stopwatch Reset.
11/19/2024 07:30:22 [Information] Stepper Motor Controller Enable Y Axis controls after moving to location.
11/19/2024 07:30:22 [Information] Stepper Motor Controller Stopwatch Stopped.
11/19/2024 07:30:22 [Information] Stepper Motor Controller Timer Stopped.
11/19/2024 07:30:22 [Information] Stepper Motor Controller Stopwatch Reset.
11/19/2024 07:30:22 [Information] Stepper Motor Controller Enable Y Axis controls after moving to location.
11/19/2024 07:30:22 [Information] Stepper Motor Controller Stopwatch Stopped.
11/19/2024 07:30:22 [Information] Stepper Motor Controller Timer Stopped.
11/19/2024 07:30:22 [Information] Stepper Motor Controller Stopwatch Reset.
11/19/2024 07:30:22 [Information] Stepper Motor Controller Enable Y Axis controls after moving to location.
11/19/2024 07:30:22 [Information] Stepper Motor Controller Stopwatch Stopped.
11/19/2024 07:30:22 [Information] Stepper Motor Controller Timer Stopped.
11/19/2024 07:30:22 [Information] Stepper Motor Controller Stopwatch Reset.
11/19/2024 07:30:22 [Information] Stepper Motor Controller Enable Y Axis controls after moving to location.
11/19/2024 07:30:22 [Information] Stepper Motor Controller Stopwatch Stopped.
11/19/2024 07:30:22 [Information] Stepper Motor Controller Timer Stopped.
11/19/2024 07:30:22 [Information] Stepper Motor Controller Stopwatch Reset.
11/19/2024 07:30:22 [Information] Stepper Motor Controller Enable Y Axis controls after moving to location.
11/19/2024 07:30:22 [Information] Stepper Motor Controller Stopwatch Stopped.
11/19/2024 07:30:22 [Information] Stepper Motor Controller Timer Stopped.
11/19/2024 07:30:22 [Information] Stepper Motor Controller Stopwatch Reset.
11/19/2024 07:30:22 [Information] Stepper Motor Controller Enable Y Axis controls after moving to location.
11/19/2024 07:30:22 [Information] Stepper Motor Controller Stopwatch Stopped.
11/19/2024 07:30:22 [Information] Stepper Motor Controller Timer Stopped.
11/19/2024 07:30:22 [Information] Stepper Motor Controller Stopwatch Reset.
11/19/2024 07:30:22 [Information] Stepper Motor Controller Enable Y Axis controls after moving to location.
11/19/2024 07:30:22 [Information] Stepper Motor Controller Stopwatch Stopped.
11/19/2024 07:30:22 [Information] Stepper Motor Controller Timer Stopped.
11/19/2024 07:30:22 [Information] Stepper Motor Controller Stopwatch Reset.
11/19/2024 07:30:23 [Information] Stepper Motor Controller Enable Y Axis controls after moving to location.
11/19/2024 07:30:23 [Information] Stepper Motor Controller Stopwatch Stopped.
11/19/2024 07:30:23 [Information] Stepper Motor Controller Timer Stopped.
11/19/2024 07:30:23 [Information] Stepper Motor Controller Stopwatch Reset.
11/19/2024 07:30:23 [Information] Stepper Motor Controller Enable Y Axis controls after moving to location.
11/19/2024 07:30:23 [Information] Stepper Motor Controller Stopwatch Stopped.
11/19/2024 07:30:23 [Information] Stepper Motor Controller Timer Stopped.
11/19/2024 07:30:23 [Information] Stepper Motor Controller Stopwatch Reset.
11/19/2024 07:30:23 [Information] Stepper Motor Controller Enable Y Axis controls after moving to location.
11/19/2024 07:30:23 [Information] Stepper Motor Controller Stopwatch Stopped.
11/19/2024 07:30:23 [Information] Stepper Motor Controller Timer Stopped.
11/19/2024 07:30:23 [Information] Stepper Motor Controller Stopwatch Reset.
11/19/2024 07:30:23 [Information] Stepper Motor Controller Enable Y Axis controls after moving to location.
11/19/2024 07:30:23 [Information] Stepper Motor Controller Stopwatch Stopped.
11/19/2024 07:30:23 [Information] Stepper Motor Controller Timer Stopped.
11/19/2024 07:30:23 [Information] Stepper Motor Controller Stopwatch Reset.
11/19/2024 07:30:23 [Information] Stepper Motor Controller Enable Y Axis controls after moving to location.
11/19/2024 07:30:23 [Information] Stepper Motor Controller Stopwatch Stopped.
11/19/2024 07:30:23 [Information] Stepper Motor Controller Timer Stopped.
11/19/2024 07:30:23 [Information] Stepper Motor Controller Stopwatch Reset.
11/19/2024 07:30:23 [Information] Stepper Motor Controller Enable Y Axis controls after moving to location.
11/19/2024 07:30:23 [Information] Stepper Motor Controller Stopwatch Stopped.
11/19/2024 07:30:23 [Information] Stepper Motor Controller Timer Stopped.
11/19/2024 07:30:23 [Information] Stepper Motor Controller Stopwatch Reset.
11/19/2024 07:30:23 [Information] Stepper Motor Controller Enable Y Axis controls after moving to location.
11/19/2024 07:30:23 [Information] Stepper Motor Controller Stopwatch Stopped.
11/19/2024 07:30:23 [Information] Stepper Motor Controller Timer Stopped.
11/19/2024 07:30:23 [Information] Stepper Motor Controller Stopwatch Reset.
11/19/2024 07:30:23 [Information] Stepper Motor Controller Enable Y Axis controls after moving to location.
11/19/2024 07:30:23 [Information] Stepper Motor Controller Stopwatch Stopped.
11/19/2024 07:30:23 [Information] Stepper Motor Controller Timer Stopped.
11/19/2024 07:30:23 [Information] Stepper Motor Controller Stopwatch Reset.
11/19/2024 07:30:23 [Information] Stepper Motor Controller Enable Y Axis controls after moving to location.
11/19/2024 07:30:23 [Information] Stepper Motor Controller Stopwatch Stopped.
11/19/2024 07:30:23 [Information] Stepper Motor Controller Timer Stopped.
11/19/2024 07:30:23 [Information] Stepper Motor Controller Stopwatch Reset.
11/19/2024 07:30:23 [Information] Stepper Motor Controller Enable Y Axis controls after moving to location.
11/19/2024 07:30:23 [Information] Stepper Motor Controller Stopwatch Stopped.
11/19/2024 07:30:23 [Information] Stepper Motor Controller Timer Stopped.
11/19/2024 07:30:23 [Information] Stepper Motor Controller Stopwatch Reset.
11/19/2024 07:30:23 [Information] Stepper Motor Controller Enable Y Axis controls after moving to location.
11/19/2024 07:30:23 [Information] Stepper Motor Controller Stopwatch Stopped.
11/19/2024 07:30:23 [Information] Stepper Motor Controller Timer Stopped.
11/19/2024 07:30:23 [Information] Stepper Motor Controller Stopwatch Reset.
11/19/2024 07:30:23 [Information] Stepper Motor Controller Enable Y Axis controls after moving to location.
11/19/2024 07:30:23 [Information] Stepper Motor Controller Stopwatch Stopped.
11/19/2024 07:30:23 [Information] Stepper Motor Controller Timer Stopped.
11/19/2024 07:30:23 [Information] Stepper Motor Controller Stopwatch Reset.
11/19/2024 07:30:23 [Information] Stepper Motor Controller Enable Y Axis controls after moving to location.
11/19/2024 07:30:23 [Information] Stepper Motor Controller Stopwatch Stopped.
11/19/2024 07:30:23 [Information] Stepper Motor Controller Timer Stopped.
11/19/2024 07:30:23 [Information] Stepper Motor Controller Stopwatch Reset.
11/19/2024 07:30:23 [Information] Stepper Motor Controller Enable Y Axis controls after moving to location.
11/19/2024 07:30:23 [Information] Stepper Motor Controller Stopwatch Stopped.
11/19/2024 07:30:23 [Information] Stepper Motor Controller Timer Stopped.
11/19/2024 07:30:23 [Information] Stepper Motor Controller Stopwatch Reset.
11/19/2024 07:30:23 [Information] Stepper Motor Controller Enable Y Axis controls after moving to location.
11/19/2024 07:30:23 [Information] Stepper Motor Controller Stopwatch Stopped.
11/19/2024 07:30:23 [Information] Stepper Motor Controller Timer Stopped.
11/19/2024 07:30:23 [Information] Stepper Motor Controller Stopwatch Reset.
11/19/2024 07:30:23 [Information] Stepper Motor Controller Enable Y Axis controls after moving to location.
11/19/2024 07:30:23 [Information] Stepper Motor Controller Stopwatch Stopped.
11/19/2024 07:30:23 [Information] Stepper Motor Controller Timer Stopped.
11/19/2024 07:30:23 [Information] Stepper Motor Controller Stopwatch Reset.
11/19/2024 07:30:23 [Information] Stepper Motor Controller Enable Y Axis controls after moving to location.
11/19/2024 07:30:23 [Information] Stepper Motor Controller Stopwatch Stopped.
11/19/2024 07:30:23 [Information] Stepper Motor Controller Timer Stopped.
11/19/2024 07:30:23 [Information] Stepper Motor Controller Stopwatch Reset.
11/19/2024 07:30:23 [Information] Stepper Motor Controller Enable Y Axis controls after moving to location.
11/19/2024 07:30:23 [Information] Stepper Motor Controller Stopwatch Stopped.
11/19/2024 07:30:23 [Information] Stepper Motor Controller Timer Stopped.
11/19/2024 07:30:23 [Information] Stepper Motor Controller Stopwatch Reset.
11/19/2024 07:30:23 [Information] Stepper Motor Controller Enable Y Axis controls after moving to location.
11/19/2024 07:30:23 [Information] Stepper Motor Controller Stopwatch Stopped.
11/19/2024 07:30:23 [Information] Stepper Motor Controller Timer Stopped.
11/19/2024 07:30:23 [Information] Stepper Motor Controller Stopwatch Reset.
11/19/2024 07:30:23 [Information] Stepper Motor Controller Enable Y Axis controls after moving to location.
11/19/2024 07:30:23 [Information] Stepper Motor Controller Stopwatch Stopped.
11/19/2024 07:30:23 [Information] Stepper Motor Controller Timer Stopped.
11/19/2024 07:30:23 [Information] Stepper Motor Controller Stopwatch Reset.
11/19/2024 07:30:23 [Information] Stepper Motor Controller Enable Y Axis controls after moving to location.
11/19/2024 07:30:23 [Information] Stepper Motor Controller Stopwatch Stopped.
11/19/2024 07:30:23 [Information] Stepper Motor Controller Timer Stopped.
11/19/2024 07:30:23 [Information] Stepper Motor Controller Stopwatch Reset.
11/19/2024 07:30:23 [Information] Stepper Motor Controller Enable Y Axis controls after moving to location.
11/19/2024 07:30:23 [Information] Stepper Motor Controller Stopwatch Stopped.
11/19/2024 07:30:23 [Information] Stepper Motor Controller Timer Stopped.
11/19/2024 07:30:23 [Information] Stepper Motor Controller Stopwatch Reset.
11/19/2024 07:30:23 [Information] Stepper Motor Controller Enable Y Axis controls after moving to location.
11/19/2024 07:30:23 [Information] Stepper Motor Controller Stopwatch Stopped.
11/19/2024 07:30:23 [Information] Stepper Motor Controller Timer Stopped.
11/19/2024 07:30:23 [Information] Stepper Motor Controller Stopwatch Reset.
11/19/2024 07:30:23 [Information] Stepper Motor Controller Enable Y Axis controls after moving to location.
11/19/2024 07:30:23 [Information] Stepper Motor Controller Stopwatch Stopped.
11/19/2024 07:30:23 [Information] Stepper Motor Controller Timer Stopped.
11/19/2024 07:30:23 [Information] Stepper Motor Controller Stopwatch Reset.
11/19/2024 07:30:23 [Information] Stepper Motor Controller Enable Y Axis controls after moving to location.
11/19/2024 07:30:23 [Information] Stepper Motor Controller Stopwatch Stopped.
11/19/2024 07:30:23 [Information] Stepper Motor Controller Timer Stopped.
11/19/2024 07:30:23 [Information] Stepper Motor Controller Stopwatch Reset.
11/19/2024 07:30:24 [Information] Stepper Motor Controller Enable Y Axis controls after moving to location.
11/19/2024 07:30:24 [Information] Stepper Motor Controller Stopwatch Stopped.
11/19/2024 07:30:24 [Information] Stepper Motor Controller Timer Stopped.
11/19/2024 07:30:24 [Information] Stepper Motor Controller Stopwatch Reset.
11/19/2024 07:30:24 [Information] Stepper Motor Controller Enable Y Axis controls after moving to location.
11/19/2024 07:30:24 [Information] Stepper Motor Controller Stopwatch Stopped.
11/19/2024 07:30:24 [Information] Stepper Motor Controller Timer Stopped.
11/19/2024 07:30:24 [Information] Stepper Motor Controller Stopwatch Reset.
11/19/2024 07:30:24 [Information] Stepper Motor Controller Enable Y Axis controls after moving to location.
11/19/2024 07:30:24 [Information] Stepper Motor Controller Stopwatch Stopped.
11/19/2024 07:30:24 [Information] Stepper Motor Controller Timer Stopped.
11/19/2024 07:30:24 [Information] Stepper Motor Controller Stopwatch Reset.
11/19/2024 07:30:24 [Information] Stepper Motor Controller Enable Y Axis controls after moving to location.
11/19/2024 07:30:24 [Information] Stepper Motor Controller Stopwatch Stopped.
11/19/2024 07:30:24 [Information] Stepper Motor Controller Timer Stopped.
11/19/2024 07:30:24 [Information] Stepper Motor Controller Stopwatch Reset.
11/19/2024 07:30:24 [Information] Stepper Motor Controller Enable Y Axis controls after moving to location.
11/19/2024 07:30:24 [Information] Stepper Motor Controller Stopwatch Stopped.
11/19/2024 07:30:24 [Information] Stepper Motor Controller Timer Stopped.
11/19/2024 07:30:24 [Information] Stepper Motor Controller Stopwatch Reset.
11/19/2024 07:30:24 [Information] Stepper Motor Controller Enable Y Axis controls after moving to location.
11/19/2024 07:30:24 [Information] Stepper Motor Controller Stopwatch Stopped.
11/19/2024 07:30:24 [Information] Stepper Motor Controller Timer Stopped.
11/19/2024 07:30:24 [Information] Stepper Motor Controller Stopwatch Reset.
11/19/2024 07:30:24 [Information] Stepper Motor Controller Enable Y Axis controls after moving to location.
11/19/2024 07:30:24 [Information] Stepper Motor Controller Stopwatch Stopped.
11/19/2024 07:30:24 [Information] Stepper Motor Controller Timer Stopped.
11/19/2024 07:30:24 [Information] Stepper Motor Controller Stopwatch Reset.
11/19/2024 07:30:24 [Information] Stepper Motor Controller Enable Y Axis controls after moving to location.
11/19/2024 07:30:24 [Information] Stepper Motor Controller Stopwatch Stopped.
11/19/2024 07:30:24 [Information] Stepper Motor Controller Timer Stopped.
11/19/2024 07:30:24 [Information] Stepper Motor Controller Stopwatch Reset.
11/19/2024 07:30:24 [Information] Stepper Motor Controller Enable Y Axis controls after moving to location.
11/19/2024 07:30:24 [Information] Stepper Motor Controller Stopwatch Stopped.
11/19/2024 07:30:24 [Information] Stepper Motor Controller Timer Stopped.
11/19/2024 07:30:24 [Information] Stepper Motor Controller Stopwatch Reset.
11/19/2024 07:30:24 [Information] Stepper Motor Controller Enable Y Axis controls after moving to location.
11/19/2024 07:30:24 [Information] Stepper Motor Controller Stopwatch Stopped.
11/19/2024 07:30:24 [Information] Stepper Motor Controller Timer Stopped.
11/19/2024 07:30:24 [Information] Stepper Motor Controller Stopwatch Reset.
11/19/2024 07:30:24 [Information] Stepper Motor Controller Enable Y Axis controls after moving to location.
11/19/2024 07:30:24 [Information] Stepper Motor Controller Stopwatch Stopped.
11/19/2024 07:30:24 [Information] Stepper Motor Controller Timer Stopped.
11/19/2024 07:30:24 [Information] Stepper Motor Controller Stopwatch Reset.
11/19/2024 07:30:24 [Information] Stepper Motor Controller Enable Y Axis controls after moving to location.
11/19/2024 07:30:24 [Information] Stepper Motor Controller Stopwatch Stopped.
11/19/2024 07:30:24 [Information] Stepper Motor Controller Timer Stopped.
11/19/2024 07:30:24 [Information] Stepper Motor Controller Stopwatch Reset.
11/19/2024 07:30:24 [Information] Stepper Motor Controller Enable Y Axis controls after moving to location.
11/19/2024 07:30:24 [Information] Stepper Motor Controller Stopwatch Stopped.
11/19/2024 07:30:24 [Information] Stepper Motor Controller Timer Stopped.
11/19/2024 07:30:24 [Information] Stepper Motor Controller Stopwatch Reset.
11/19/2024 07:30:24 [Information] Stepper Motor Controller Enable Y Axis controls after moving to location.
11/19/2024 07:30:24 [Information] Stepper Motor Controller Stopwatch Stopped.
11/19/2024 07:30:24 [Information] Stepper Motor Controller Timer Stopped.
11/19/2024 07:30:24 [Information] Stepper Motor Controller Stopwatch Reset.
11/19/2024 07:30:24 [Information] Stepper Motor Controller Enable Y Axis controls after moving to location.
11/19/2024 07:30:24 [Information] Stepper Motor Controller Stopwatch Stopped.
11/19/2024 07:30:24 [Information] Stepper Motor Controller Timer Stopped.
11/19/2024 07:30:24 [Information] Stepper Motor Controller Stopwatch Reset.
11/19/2024 07:30:24 [Information] Stepper Motor Controller Enable Y Axis controls after moving to location.
11/19/2024 07:30:24 [Information] Stepper Motor Controller Stopwatch Stopped.
11/19/2024 07:30:24 [Information] Stepper Motor Controller Timer Stopped.
11/19/2024 07:30:24 [Information] Stepper Motor Controller Stopwatch Reset.
11/19/2024 07:30:24 [Information] Stepper Motor Controller Enable Y Axis controls after moving to location.
11/19/2024 07:30:24 [Information] Stepper Motor Controller Stopwatch Stopped.
11/19/2024 07:30:24 [Information] Stepper Motor Controller Timer Stopped.
11/19/2024 07:30:24 [Information] Stepper Motor Controller Stopwatch Reset.
11/19/2024 07:30:24 [Information] Z Axis Run button clicked:
11/19/2024 07:30:24 [Information] Stepper Motor Controller Enable Y Axis controls after moving to location.
11/19/2024 07:30:24 [Information] Stepper Motor Controller Stopwatch Stopped.
11/19/2024 07:30:24 [Information] Stepper Motor Controller Timer Stopped.
11/19/2024 07:30:24 [Information] Stepper Motor Controller Stopwatch Reset.
11/19/2024 07:30:24 [Information] Stepper Motor Controller Enable Y Axis controls after moving to location.
11/19/2024 07:30:24 [Information] Stepper Motor Controller Stopwatch Stopped.
11/19/2024 07:30:24 [Information] Stepper Motor Controller Timer Stopped.
11/19/2024 07:30:24 [Information] Stepper Motor Controller Stopwatch Reset.
11/19/2024 07:30:24 [Information] Stepper Motor Controller Enable Y Axis controls after moving to location.
11/19/2024 07:30:24 [Information] Stepper Motor Controller Stopwatch Stopped.
11/19/2024 07:30:24 [Information] Stepper Motor Controller Timer Stopped.
11/19/2024 07:30:24 [Information] Stepper Motor Controller Stopwatch Reset.
11/19/2024 07:30:24 [Information] Stepper Motor Controller Enable Y Axis controls after moving to location.
11/19/2024 07:30:24 [Information] Stepper Motor Controller Stopwatch Stopped.
11/19/2024 07:30:24 [Information] Stepper Motor Controller Timer Stopped.
11/19/2024 07:30:24 [Information] Stepper Motor Controller Stopwatch Reset.
11/19/2024 07:30:24 [Information] Stepper Motor Controller Enable Y Axis controls after moving to location.
11/19/2024 07:30:24 [Information] Stepper Motor Controller Stopwatch Stopped.
11/19/2024 07:30:24 [Information] Stepper Motor Controller Timer Stopped.
11/19/2024 07:30:24 [Information] Stepper Motor Controller Stopwatch Reset.
11/19/2024 07:30:24 [Information] Stepper Motor Controller Enable Y Axis controls after moving to location.
11/19/2024 07:30:24 [Information] Stepper Motor Controller Stopwatch Stopped.
11/19/2024 07:30:24 [Information] Stepper Motor Controller Timer Stopped.
11/19/2024 07:30:24 [Information] Stepper Motor Controller Stopwatch Reset.
11/19/2024 07:30:24 [Information] Stepper Motor Controller Enable Y Axis controls after moving to location.
11/19/2024 07:30:24 [Information] Stepper Motor Controller Stopwatch Stopped.
11/19/2024 07:30:24 [Information] Stepper Motor Controller Timer Stopped.
11/19/2024 07:30:24 [Information] Stepper Motor Controller Stopwatch Reset.
11/19/2024 07:30:25 [Information] Stepper Motor Controller Enable Y Axis controls after moving to location.
11/19/2024 07:30:25 [Information] Stepper Motor Controller Stopwatch Stopped.
11/19/2024 07:30:25 [Information] Stepper Motor Controller Timer Stopped.
11/19/2024 07:30:25 [Information] Stepper Motor Controller Stopwatch Reset.
11/19/2024 07:30:25 [Information] Stepper Motor Controller Enable Y Axis controls after moving to location.
11/19/2024 07:30:25 [Information] Stepper Motor Controller Stopwatch Stopped.
11/19/2024 07:30:25 [Information] Stepper Motor Controller Timer Stopped.
11/19/2024 07:30:25 [Information] Stepper Motor Controller Stopwatch Reset.
11/19/2024 07:30:25 [Information] Stepper Motor Controller Enable Y Axis controls after moving to location.
11/19/2024 07:30:25 [Information] Stepper Motor Controller Stopwatch Stopped.
11/19/2024 07:30:25 [Information] Stepper Motor Controller Timer Stopped.
11/19/2024 07:30:25 [Information] Stepper Motor Controller Stopwatch Reset.
11/19/2024 07:30:25 [Information] Stepper Motor Controller Enable Y Axis controls after moving to location.
11/19/2024 07:30:25 [Information] Stepper Motor Controller Stopwatch Stopped.
11/19/2024 07:30:25 [Information] Stepper Motor Controller Timer Stopped.
11/19/2024 07:30:25 [Information] Stepper Motor Controller Stopwatch Reset.
11/19/2024 07:30:25 [Information] Stepper Motor Controller Enable Y Axis controls after moving to location.
11/19/2024 07:30:25 [Information] Stepper Motor Controller Stopwatch Stopped.
11/19/2024 07:30:25 [Information] Stepper Motor Controller Timer Stopped.
11/19/2024 07:30:25 [Information] Stepper Motor Controller Stopwatch Reset.
11/19/2024 07:30:25 [Information] Stepper Motor Controller Enable Y Axis controls after moving to location.
11/19/2024 07:30:25 [Information] Stepper Motor Controller Stopwatch Stopped.
11/19/2024 07:30:25 [Information] Stepper Motor Controller Timer Stopped.
11/19/2024 07:30:25 [Information] Stepper Motor Controller Stopwatch Reset.
11/19/2024 07:30:25 [Information] Stepper Motor Controller Enable Y Axis controls after moving to location.
11/19/2024 07:30:25 [Information] Stepper Motor Controller Stopwatch Stopped.
11/19/2024 07:30:25 [Information] Stepper Motor Controller Timer Stopped.
11/19/2024 07:30:25 [Information] Stepper Motor Controller Stopwatch Reset.
11/19/2024 07:30:25 [Information] Stepper Motor Controller Enable Y Axis controls after moving to location.
11/19/2024 07:30:25 [Information] Stepper Motor Controller Stopwatch Stopped.
11/19/2024 07:30:25 [Information] Stepper Motor Controller Timer Stopped.
11/19/2024 07:30:25 [Information] Stepper Motor Controller Stopwatch Reset.
11/19/2024 07:30:25 [Information] Stepper Motor Controller Enable Y Axis controls after moving to location.
11/19/2024 07:30:25 [Information] Stepper Motor Controller Stopwatch Stopped.
11/19/2024 07:30:25 [Information] Stepper Motor Controller Timer Stopped.
11/19/2024 07:30:25 [Information] Stepper Motor Controller Stopwatch Reset.
11/19/2024 07:30:25 [Information] Stepper Motor Controller Enable Y Axis controls after moving to location.
11/19/2024 07:30:25 [Information] Stepper Motor Controller Stopwatch Stopped.
11/19/2024 07:30:25 [Information] Stepper Motor Controller Timer Stopped.
11/19/2024 07:30:25 [Information] Stepper Motor Controller Stopwatch Reset.
11/19/2024 07:30:25 [Information] Stepper Motor Controller Enable Y Axis controls after moving to location.
11/19/2024 07:30:25 [Information] Stepper Motor Controller Stopwatch Stopped.
11/19/2024 07:30:25 [Information] Stepper Motor Controller Timer Stopped.
11/19/2024 07:30:25 [Information] Stepper Motor Controller Stopwatch Reset.
11/19/2024 07:30:25 [Information] Stepper Motor Controller Enable Y Axis controls after moving to location.
11/19/2024 07:30:25 [Information] Stepper Motor Controller Stopwatch Stopped.
11/19/2024 07:30:25 [Information] Stepper Motor Controller Timer Stopped.
11/19/2024 07:30:25 [Information] Stepper Motor Controller Stopwatch Reset.
11/19/2024 07:30:25 [Information] Stepper Motor Controller Enable Y Axis controls after moving to location.
11/19/2024 07:30:25 [Information] Stepper Motor Controller Stopwatch Stopped.
11/19/2024 07:30:25 [Information] Stepper Motor Controller Timer Stopped.
11/19/2024 07:30:25 [Information] Stepper Motor Controller Stopwatch Reset.
11/19/2024 07:30:25 [Information] Stepper Motor Controller Enable Y Axis controls after moving to location.
11/19/2024 07:30:25 [Information] Stepper Motor Controller Stopwatch Stopped.
11/19/2024 07:30:25 [Information] Stepper Motor Controller Timer Stopped.
11/19/2024 07:30:25 [Information] Stepper Motor Controller Stopwatch Reset.
11/19/2024 07:30:25 [Information] Stepper Motor Controller Enable Y Axis controls after moving to location.
11/19/2024 07:30:25 [Information] Stepper Motor Controller Stopwatch Stopped.
11/19/2024 07:30:25 [Information] Stepper Motor Controller Timer Stopped.
11/19/2024 07:30:25 [Information] Stepper Motor Controller Stopwatch Reset.
11/19/2024 07:30:25 [Information] Stepper Motor Controller Enable Y Axis controls after moving to location.
11/19/2024 07:30:25 [Information] Stepper Motor Controller Stopwatch Stopped.
11/19/2024 07:30:25 [Information] Stepper Motor Controller Timer Stopped.
11/19/2024 07:30:25 [Information] Stepper Motor Controller Stopwatch Reset.
11/19/2024 07:30:25 [Information] Stepper Motor Controller Enable Y Axis controls after moving to location.
11/19/2024 07:30:25 [Information] Stepper Motor Controller Stopwatch Stopped.
11/19/2024 07:30:25 [Information] Stepper Motor Controller Timer Stopped.
11/19/2024 07:30:25 [Information] Stepper Motor Controller Stopwatch Reset.
11/19/2024 07:30:25 [Information] Stepper Motor Controller Enable Y Axis controls after moving to location.
11/19/2024 07:30:25 [Information] Stepper Motor Controller Stopwatch Stopped.
11/19/2024 07:30:25 [Information] Stepper Motor Controller Timer Stopped.
11/19/2024 07:30:25 [Information] Stepper Motor Controller Stopwatch Reset.
11/19/2024 07:30:25 [Information] Stepper Motor Controller Enable Y Axis controls after moving to location.
11/19/2024 07:30:25 [Information] Stepper Motor Controller Stopwatch Stopped.
11/19/2024 07:30:25 [Information] Stepper Motor Controller Timer Stopped.
11/19/2024 07:30:25 [Information] Stepper Motor Controller Stopwatch Reset.
11/19/2024 07:30:25 [Information] Stepper Motor Controller Enable Y Axis controls after moving to location.
11/19/2024 07:30:25 [Information] Stepper Motor Controller Stopwatch Stopped.
11/19/2024 07:30:25 [Information] Stepper Motor Controller Timer Stopped.
11/19/2024 07:30:25 [Information] Stepper Motor Controller Stopwatch Reset.
11/19/2024 07:30:25 [Information] Z Axis Run Event: Z,0.00,400.00,0,0.00,400.00,0,16.00,400.00,0
11/19/2024 07:30:25 [Information] Z Axis MotorMovementSeconds: 0.04
11/19/2024 07:30:25 [Information] Z Axis Timer Started. Target End Time: 07:30:25
11/19/2024 07:30:25 [Information] Z Axis Stopwatch Started.
11/19/2024 07:30:25 [Information] Z Axis Data Received: ser
11/19/2024 07:30:25 [Information] Z Axis Motor Current Position: -0.0064
11/19/2024 07:30:25 [Information] Z Axis Current Time: 07:30:25 + 0 = 07:30:25
11/19/2024 07:30:25 [Information] Stepper Motor Controller Enable Y Axis controls after moving to location.
11/19/2024 07:30:25 [Information] Stepper Motor Controller Stopwatch Stopped.
11/19/2024 07:30:25 [Information] Stepper Motor Controller Timer Stopped.
11/19/2024 07:30:25 [Information] Stepper Motor Controller Stopwatch Reset.
11/19/2024 07:30:25 [Information] Stepper Motor Controller Enable Y Axis controls after moving to location.
11/19/2024 07:30:25 [Information] Stepper Motor Controller Stopwatch Stopped.
11/19/2024 07:30:25 [Information] Stepper Motor Controller Timer Stopped.
11/19/2024 07:30:25 [Information] Stepper Motor Controller Stopwatch Reset.
11/19/2024 07:30:25 [Information] Stepper Motor Controller Enable Y Axis controls after moving to location.
11/19/2024 07:30:25 [Information] Stepper Motor Controller Stopwatch Stopped.
11/19/2024 07:30:25 [Information] Stepper Motor Controller Timer Stopped.
11/19/2024 07:30:25 [Information] Stepper Motor Controller Stopwatch Reset.
11/19/2024 07:30:25 [Information] Stepper Motor Controller Enable Y Axis controls after moving to location.
11/19/2024 07:30:25 [Information] Stepper Motor Controller Stopwatch Stopped.
11/19/2024 07:30:25 [Information] Stepper Motor Controller Timer Stopped.
11/19/2024 07:30:25 [Information] Stepper Motor Controller Stopwatch Reset.
11/19/2024 07:30:26 [Information] Stepper Motor Controller Enable Y Axis controls after moving to location.
11/19/2024 07:30:26 [Information] Stepper Motor Controller Stopwatch Stopped.
11/19/2024 07:30:26 [Information] Stepper Motor Controller Timer Stopped.
11/19/2024 07:30:26 [Information] Stepper Motor Controller Stopwatch Reset.
11/19/2024 07:30:26 [Information] Stepper Motor Controller Enable Y Axis controls after moving to location.
11/19/2024 07:30:26 [Information] Stepper Motor Controller Stopwatch Stopped.
11/19/2024 07:30:26 [Information] Stepper Motor Controller Timer Stopped.
11/19/2024 07:30:26 [Information] Stepper Motor Controller Stopwatch Reset.
11/19/2024 07:30:26 [Information] Stepper Motor Controller Enable Y Axis controls after moving to location.
11/19/2024 07:30:26 [Information] Stepper Motor Controller Stopwatch Stopped.
11/19/2024 07:30:26 [Information] Stepper Motor Controller Timer Stopped.
11/19/2024 07:30:26 [Information] Stepper Motor Controller Stopwatch Reset.
11/19/2024 07:30:26 [Information] Stepper Motor Controller Enable Y Axis controls after moving to location.
11/19/2024 07:30:26 [Information] Stepper Motor Controller Stopwatch Stopped.
11/19/2024 07:30:26 [Information] Stepper Motor Controller Timer Stopped.
11/19/2024 07:30:26 [Information] Stepper Motor Controller Stopwatch Reset.
11/19/2024 07:30:26 [Information] Stepper Motor Controller Enable Y Axis controls after moving to location.
11/19/2024 07:30:26 [Information] Stepper Motor Controller Stopwatch Stopped.
11/19/2024 07:30:26 [Information] Stepper Motor Controller Timer Stopped.
11/19/2024 07:30:26 [Information] Stepper Motor Controller Stopwatch Reset.
11/19/2024 07:30:26 [Information] Stepper Motor Controller Enable Y Axis controls after moving to location.
11/19/2024 07:30:26 [Information] Stepper Motor Controller Stopwatch Stopped.
11/19/2024 07:30:26 [Information] Stepper Motor Controller Timer Stopped.
11/19/2024 07:30:26 [Information] Stepper Motor Controller Stopwatch Reset.
11/19/2024 07:30:26 [Information] Stepper Motor Controller Enable Y Axis controls after moving to location.
11/19/2024 07:30:26 [Information] Stepper Motor Controller Stopwatch Stopped.
11/19/2024 07:30:26 [Information] Stepper Motor Controller Timer Stopped.
11/19/2024 07:30:26 [Information] Stepper Motor Controller Stopwatch Reset.
11/19/2024 07:30:26 [Information] Stepper Motor Controller Enable Y Axis controls after moving to location.
11/19/2024 07:30:26 [Information] Stepper Motor Controller Stopwatch Stopped.
11/19/2024 07:30:26 [Information] Stepper Motor Controller Timer Stopped.
11/19/2024 07:30:26 [Information] Stepper Motor Controller Stopwatch Reset.
11/19/2024 07:30:26 [Information] Stepper Motor Controller Enable Y Axis controls after moving to location.
11/19/2024 07:30:26 [Information] Stepper Motor Controller Stopwatch Stopped.
11/19/2024 07:30:26 [Information] Stepper Motor Controller Timer Stopped.
11/19/2024 07:30:26 [Information] Stepper Motor Controller Stopwatch Reset.
11/19/2024 07:30:26 [Information] Stepper Motor Controller Enable Y Axis controls after moving to location.
11/19/2024 07:30:26 [Information] Stepper Motor Controller Stopwatch Stopped.
11/19/2024 07:30:26 [Information] Stepper Motor Controller Timer Stopped.
11/19/2024 07:30:26 [Information] Stepper Motor Controller Stopwatch Reset.
11/19/2024 07:30:26 [Information] Stepper Motor Controller Enable Y Axis controls after moving to location.
11/19/2024 07:30:26 [Information] Stepper Motor Controller Stopwatch Stopped.
11/19/2024 07:30:26 [Information] Stepper Motor Controller Timer Stopped.
11/19/2024 07:30:26 [Information] Stepper Motor Controller Stopwatch Reset.
11/19/2024 07:30:26 [Information] Stepper Motor Controller Enable Y Axis controls after moving to location.
11/19/2024 07:30:26 [Information] Stepper Motor Controller Stopwatch Stopped.
11/19/2024 07:30:26 [Information] Stepper Motor Controller Timer Stopped.
11/19/2024 07:30:26 [Information] Stepper Motor Controller Stopwatch Reset.
11/19/2024 07:30:26 [Information] Stepper Motor Controller Enable Y Axis controls after moving to location.
11/19/2024 07:30:26 [Information] Stepper Motor Controller Stopwatch Stopped.
11/19/2024 07:30:26 [Information] Stepper Motor Controller Timer Stopped.
11/19/2024 07:30:26 [Information] Stepper Motor Controller Stopwatch Reset.
11/19/2024 07:30:26 [Information] Stepper Motor Controller Enable Y Axis controls after moving to location.
11/19/2024 07:30:26 [Information] Stepper Motor Controller Stopwatch Stopped.
11/19/2024 07:30:26 [Information] Stepper Motor Controller Timer Stopped.
11/19/2024 07:30:26 [Information] Stepper Motor Controller Stopwatch Reset.
11/19/2024 07:30:26 [Information] Stepper Motor Controller Enable Y Axis controls after moving to location.
11/19/2024 07:30:26 [Information] Stepper Motor Controller Stopwatch Stopped.
11/19/2024 07:30:26 [Information] Stepper Motor Controller Timer Stopped.
11/19/2024 07:30:26 [Information] Stepper Motor Controller Stopwatch Reset.
11/19/2024 07:30:26 [Information] Stepper Motor Controller Enable Y Axis controls after moving to location.
11/19/2024 07:30:26 [Information] Stepper Motor Controller Stopwatch Stopped.
11/19/2024 07:30:26 [Information] Stepper Motor Controller Timer Stopped.
11/19/2024 07:30:26 [Information] Stepper Motor Controller Stopwatch Reset.
11/19/2024 07:30:26 [Information] Stepper Motor Controller Enable Y Axis controls after moving to location.
11/19/2024 07:30:26 [Information] Stepper Motor Controller Stopwatch Stopped.
11/19/2024 07:30:26 [Information] Stepper Motor Controller Timer Stopped.
11/19/2024 07:30:26 [Information] Stepper Motor Controller Stopwatch Reset.
11/19/2024 07:30:26 [Information] Stepper Motor Controller Enable Y Axis controls after moving to location.
11/19/2024 07:30:26 [Information] Stepper Motor Controller Stopwatch Stopped.
11/19/2024 07:30:26 [Information] Stepper Motor Controller Timer Stopped.
11/19/2024 07:30:26 [Information] Stepper Motor Controller Stopwatch Reset.
11/19/2024 07:30:26 [Information] Stepper Motor Controller Enable Y Axis controls after moving to location.
11/19/2024 07:30:26 [Information] Stepper Motor Controller Stopwatch Stopped.
11/19/2024 07:30:26 [Information] Stepper Motor Controller Timer Stopped.
11/19/2024 07:30:26 [Information] Stepper Motor Controller Stopwatch Reset.
11/19/2024 07:30:26 [Information] Stepper Motor Controller Enable Y Axis controls after moving to location.
11/19/2024 07:30:26 [Information] Stepper Motor Controller Stopwatch Stopped.
11/19/2024 07:30:26 [Information] Stepper Motor Controller Timer Stopped.
11/19/2024 07:30:26 [Information] Stepper Motor Controller Stopwatch Reset.
11/19/2024 07:30:26 [Information] Stepper Motor Controller Enable Y Axis controls after moving to location.
11/19/2024 07:30:26 [Information] Stepper Motor Controller Stopwatch Stopped.
11/19/2024 07:30:26 [Information] Stepper Motor Controller Timer Stopped.
11/19/2024 07:30:26 [Information] Stepper Motor Controller Stopwatch Reset.
11/19/2024 07:30:26 [Information] Z Axis Data Received: ialData: Z,0.00,400.00,0,0.00,400.00,0,16.00,4
11/19/2024 07:30:26 [Information] Stepper Motor Controller Enable Y Axis controls after moving to location.
11/19/2024 07:30:26 [Information] Stepper Motor Controller Stopwatch Stopped.
11/19/2024 07:30:26 [Information] Stepper Motor Controller Timer Stopped.
11/19/2024 07:30:26 [Information] Stepper Motor Controller Stopwatch Reset.
11/19/2024 07:30:26 [Information] Stepper Motor Controller Enable Y Axis controls after moving to location.
11/19/2024 07:30:26 [Information] Stepper Motor Controller Stopwatch Stopped.
11/19/2024 07:30:26 [Information] Stepper Motor Controller Timer Stopped.
11/19/2024 07:30:26 [Information] Stepper Motor Controller Stopwatch Reset.
11/19/2024 07:30:26 [Information] Stepper Motor Controller Enable Y Axis controls after moving to location.
11/19/2024 07:30:26 [Information] Stepper Motor Controller Stopwatch Stopped.
11/19/2024 07:30:26 [Information] Stepper Motor Controller Timer Stopped.
11/19/2024 07:30:26 [Information] Stepper Motor Controller Stopwatch Reset.
11/19/2024 07:30:26 [Information] Stepper Motor Controller Enable Y Axis controls after moving to location.
11/19/2024 07:30:26 [Information] Stepper Motor Controller Stopwatch Stopped.
11/19/2024 07:30:26 [Information] Stepper Motor Controller Timer Stopped.
11/19/2024 07:30:26 [Information] Stepper Motor Controller Stopwatch Reset.
11/19/2024 07:30:26 [Information] Stepper Motor Controller Enable Y Axis controls after moving to location.
11/19/2024 07:30:26 [Information] Stepper Motor Controller Stopwatch Stopped.
11/19/2024 07:30:26 [Information] Stepper Motor Controller Timer Stopped.
11/19/2024 07:30:26 [Information] Stepper Motor Controller Stopwatch Reset.
11/19/2024 07:30:26 [Information] Stepper Motor Controller Enable Y Axis controls after moving to location.
11/19/2024 07:30:26 [Information] Stepper Motor Controller Stopwatch Stopped.
11/19/2024 07:30:26 [Information] Stepper Motor Controller Timer Stopped.
11/19/2024 07:30:26 [Information] Stepper Motor Controller Stopwatch Reset.
11/19/2024 07:30:27 [Information] Stepper Motor Controller Enable Y Axis controls after moving to location.
11/19/2024 07:30:27 [Information] Stepper Motor Controller Stopwatch Stopped.
11/19/2024 07:30:27 [Information] Stepper Motor Controller Timer Stopped.
11/19/2024 07:30:27 [Information] Stepper Motor Controller Stopwatch Reset.
11/19/2024 07:30:27 [Information] Stepper Motor Controller Enable Y Axis controls after moving to location.
11/19/2024 07:30:27 [Information] Stepper Motor Controller Stopwatch Stopped.
11/19/2024 07:30:27 [Information] Stepper Motor Controller Timer Stopped.
11/19/2024 07:30:27 [Information] Stepper Motor Controller Stopwatch Reset.
11/19/2024 07:30:27 [Information] Stepper Motor Controller Enable Y Axis controls after moving to location.
11/19/2024 07:30:27 [Information] Stepper Motor Controller Stopwatch Stopped.
11/19/2024 07:30:27 [Information] Stepper Motor Controller Timer Stopped.
11/19/2024 07:30:27 [Information] Stepper Motor Controller Stopwatch Reset.
11/19/2024 07:30:27 [Information] Stepper Motor Controller Enable Y Axis controls after moving to location.
11/19/2024 07:30:27 [Information] Stepper Motor Controller Stopwatch Stopped.
11/19/2024 07:30:27 [Information] Stepper Motor Controller Timer Stopped.
11/19/2024 07:30:27 [Information] Stepper Motor Controller Stopwatch Reset.
11/19/2024 07:30:27 [Information] Stepper Motor Controller Enable Y Axis controls after moving to location.
11/19/2024 07:30:27 [Information] Stepper Motor Controller Stopwatch Stopped.
11/19/2024 07:30:27 [Information] Stepper Motor Controller Timer Stopped.
11/19/2024 07:30:27 [Information] Stepper Motor Controller Stopwatch Reset.
11/19/2024 07:30:27 [Information] Stepper Motor Controller Enable Y Axis controls after moving to location.
11/19/2024 07:30:27 [Information] Stepper Motor Controller Stopwatch Stopped.
11/19/2024 07:30:27 [Information] Stepper Motor Controller Timer Stopped.
11/19/2024 07:30:27 [Information] Stepper Motor Controller Stopwatch Reset.
11/19/2024 07:30:27 [Information] Stepper Motor Controller Enable Y Axis controls after moving to location.
11/19/2024 07:30:27 [Information] Stepper Motor Controller Stopwatch Stopped.
11/19/2024 07:30:27 [Information] Stepper Motor Controller Timer Stopped.
11/19/2024 07:30:27 [Information] Stepper Motor Controller Stopwatch Reset.
11/19/2024 07:30:27 [Information] Stepper Motor Controller Enable Y Axis controls after moving to location.
11/19/2024 07:30:27 [Information] Stepper Motor Controller Stopwatch Stopped.
11/19/2024 07:30:27 [Information] Stepper Motor Controller Timer Stopped.
11/19/2024 07:30:27 [Information] Stepper Motor Controller Stopwatch Reset.
11/19/2024 07:30:27 [Information] Stepper Motor Controller Enable Y Axis controls after moving to location.
11/19/2024 07:30:27 [Information] Stepper Motor Controller Stopwatch Stopped.
11/19/2024 07:30:27 [Information] Stepper Motor Controller Timer Stopped.
11/19/2024 07:30:27 [Information] Stepper Motor Controller Stopwatch Reset.
11/19/2024 07:30:27 [Information] Stepper Motor Controller Enable Y Axis controls after moving to location.
11/19/2024 07:30:27 [Information] Stepper Motor Controller Stopwatch Stopped.
11/19/2024 07:30:27 [Information] Stepper Motor Controller Timer Stopped.
11/19/2024 07:30:27 [Information] Stepper Motor Controller Stopwatch Reset.
11/19/2024 07:30:27 [Information] Stepper Motor Controller Enable Y Axis controls after moving to location.
11/19/2024 07:30:27 [Information] Stepper Motor Controller Stopwatch Stopped.
11/19/2024 07:30:27 [Information] Stepper Motor Controller Timer Stopped.
11/19/2024 07:30:27 [Information] Stepper Motor Controller Stopwatch Reset.
11/19/2024 07:30:27 [Information] Stepper Motor Controller Enable Y Axis controls after moving to location.
11/19/2024 07:30:27 [Information] Stepper Motor Controller Stopwatch Stopped.
11/19/2024 07:30:27 [Information] Stepper Motor Controller Timer Stopped.
11/19/2024 07:30:27 [Information] Stepper Motor Controller Stopwatch Reset.
11/19/2024 07:30:27 [Information] Stepper Motor Controller Enable Y Axis controls after moving to location.
11/19/2024 07:30:27 [Information] Stepper Motor Controller Stopwatch Stopped.
11/19/2024 07:30:27 [Information] Stepper Motor Controller Timer Stopped.
11/19/2024 07:30:27 [Information] Stepper Motor Controller Stopwatch Reset.
11/19/2024 07:30:27 [Information] Stepper Motor Controller Enable Y Axis controls after moving to location.
11/19/2024 07:30:27 [Information] Stepper Motor Controller Stopwatch Stopped.
11/19/2024 07:30:27 [Information] Stepper Motor Controller Timer Stopped.
11/19/2024 07:30:27 [Information] Stepper Motor Controller Stopwatch Reset.
11/19/2024 07:30:27 [Information] Stepper Motor Controller Enable Y Axis controls after moving to location.
11/19/2024 07:30:27 [Information] Stepper Motor Controller Stopwatch Stopped.
11/19/2024 07:30:27 [Information] Stepper Motor Controller Timer Stopped.
11/19/2024 07:30:27 [Information] Stepper Motor Controller Stopwatch Reset.
11/19/2024 07:30:27 [Information] Stepper Motor Controller Enable Y Axis controls after moving to location.
11/19/2024 07:30:27 [Information] Stepper Motor Controller Stopwatch Stopped.
11/19/2024 07:30:27 [Information] Stepper Motor Controller Timer Stopped.
11/19/2024 07:30:27 [Information] Stepper Motor Controller Stopwatch Reset.
11/19/2024 07:30:27 [Information] Stepper Motor Controller Enable Y Axis controls after moving to location.
11/19/2024 07:30:27 [Information] Stepper Motor Controller Stopwatch Stopped.
11/19/2024 07:30:27 [Information] Stepper Motor Controller Timer Stopped.
11/19/2024 07:30:27 [Information] Stepper Motor Controller Stopwatch Reset.
11/19/2024 07:30:27 [Information] Stepper Motor Controller Enable Y Axis controls after moving to location.
11/19/2024 07:30:27 [Information] Stepper Motor Controller Stopwatch Stopped.
11/19/2024 07:30:27 [Information] Stepper Motor Controller Timer Stopped.
11/19/2024 07:30:27 [Information] Stepper Motor Controller Stopwatch Reset.
11/19/2024 07:30:27 [Information] Stepper Motor Controller Enable Y Axis controls after moving to location.
11/19/2024 07:30:27 [Information] Stepper Motor Controller Stopwatch Stopped.
11/19/2024 07:30:27 [Information] Stepper Motor Controller Timer Stopped.
11/19/2024 07:30:27 [Information] Stepper Motor Controller Stopwatch Reset.
11/19/2024 07:30:27 [Information] Stepper Motor Controller Enable Y Axis controls after moving to location.
11/19/2024 07:30:27 [Information] Stepper Motor Controller Stopwatch Stopped.
11/19/2024 07:30:27 [Information] Stepper Motor Controller Timer Stopped.
11/19/2024 07:30:27 [Information] Stepper Motor Controller Stopwatch Reset.
11/19/2024 07:30:27 [Information] Stepper Motor Controller Enable Y Axis controls after moving to location.
11/19/2024 07:30:27 [Information] Stepper Motor Controller Stopwatch Stopped.
11/19/2024 07:30:27 [Information] Stepper Motor Controller Timer Stopped.
11/19/2024 07:30:27 [Information] Stepper Motor Controller Stopwatch Reset.
11/19/2024 07:30:27 [Information] Stepper Motor Controller Enable Y Axis controls after moving to location.
11/19/2024 07:30:27 [Information] Stepper Motor Controller Stopwatch Stopped.
11/19/2024 07:30:27 [Information] Stepper Motor Controller Timer Stopped.
11/19/2024 07:30:27 [Information] Stepper Motor Controller Stopwatch Reset.
11/19/2024 07:30:27 [Information] Stepper Motor Controller Enable Y Axis controls after moving to location.
11/19/2024 07:30:27 [Information] Stepper Motor Controller Stopwatch Stopped.
11/19/2024 07:30:27 [Information] Stepper Motor Controller Timer Stopped.
11/19/2024 07:30:27 [Information] Stepper Motor Controller Stopwatch Reset.
11/19/2024 07:30:27 [Information] Z Axis Data Received: 00.00,0
Z Axis CW STOPPED
Z Axis CW Motor Current Position: 219
Z Axis CW STOPPED
Z Axis CW Motor Current Position: 219
Z Axis CW STOPPED
Z Axis CW Motor Current Position: 219
Z Axis CW STOPPED
Z Axis CW Motor Current Position: 220
Z Axis CW STOPPED
Z Axis CW Motor Current Position: 220

11/19/2024 07:30:27 [Information] Stepper Motor Controller Enable Y Axis controls after moving to location.
11/19/2024 07:30:27 [Information] Stepper Motor Controller Stopwatch Stopped.
11/19/2024 07:30:27 [Information] Stepper Motor Controller Timer Stopped.
11/19/2024 07:30:27 [Information] Stepper Motor Controller Stopwatch Reset.
