11/14/2024 09:55:24 [Information] Stepper Motor Controller Application Started.
11/14/2024 09:55:24 [Information] Version: 3.0.9084.17857 (11/14/2024 09:55:24)
11/14/2024 09:55:24 [Information] SerialPort COM7 not connected.
11/14/2024 09:55:24 [Information] SerialPort COM8 not connected.
11/14/2024 09:55:25 [Information] SerialPort Read = 0
11/14/2024 09:55:25 [Information] Stepper Motor Controller Application Started.
11/14/2024 09:55:25 [Information] Version: 3.0.9084.17857 (11/14/2024 09:55:25)
11/14/2024 09:55:25 [Information] Version: 3.1.0.17858 (11/14/2024 09:55:25)
11/14/2024 09:55:25 [Information] Version: 3.1.0.17858 (11/14/2024 09:55:25)
11/14/2024 09:55:25 [Information] Stepper Motor Controller Application Settings Window Opened.
11/14/2024 09:55:25 [Information] Stepper Motor Controller Application Settings form is rebuilt each and every time it is opened.
11/14/2024 09:55:25 [Information] int: 9600 BaudRate added to the Settings Form.
11/14/2024 09:55:25 [Information] bool: False ckbXaxisResetToZeroIsChecked added to the Settings Form.
11/14/2024 09:55:25 [Information] bool: False ckbYaxisResetToZeroIsChecked added to the Settings Form.
11/14/2024 09:55:25 [Information] bool: False ckbZaxisResetToZeroIsChecked added to the Settings Form.
11/14/2024 09:55:25 [Information] COM1: ComPort added to the Settings Form.
11/14/2024 09:55:25 [Information] COM2: ComPort added to the Settings Form.
11/14/2024 09:55:25 [Information] COM3: ComPort added to the Settings Form.
11/14/2024 09:55:25 [Information] COM4: ComPort added to the Settings Form.
11/14/2024 09:55:25 [Information] COM5: ComPort added to the Settings Form.
11/14/2024 09:55:25 [Information] COM6: ComPort added to the Settings Form.
11/14/2024 09:55:25 [Information] COM7: ComPort added to the Settings Form.
11/14/2024 09:55:25 [Information] COM8: ComPort added to the Settings Form.
11/14/2024 09:55:25 [Information] COM9: ComPort added to the Settings Form.
11/14/2024 09:55:25 [Information] COM10: ComPort added to the Settings Form.
11/14/2024 09:55:25 [Information] decimal: 4.00 Divider4_00 added to the Settings Form.
11/14/2024 09:55:25 [Information] decimal: 0.00 MathPart2Initlz added to the Settings Form.
11/14/2024 09:55:25 [Information] decimal: 1.00 MilisecondTimerInterval added to the Settings Form.
11/14/2024 09:55:25 [Information] decimal: 1000.00 MillisecondDelay added to the Settings Form.
11/14/2024 09:55:25 [Information] int: 1000 Milliseconds added to the Settings Form.
11/14/2024 09:55:25 [Information] int: 4 mmPerRevolution added to the Settings Form.
11/14/2024 09:55:25 [Information] int: 2000 ThreadSleep added to the Settings Form.
11/14/2024 09:55:25 [Information] decimal: 0.00 Value_0_00 added to the Settings Form.
11/14/2024 09:55:25 [Information] decimal: 50.00 XaxisAcceleration added to the Settings Form.
11/14/2024 09:55:25 [Information] bool: False XaxisChanged added to the Settings Form.
11/14/2024 09:55:25 [Information] decimal: 400.00 XaxisMotorSpeed added to the Settings Form.
11/14/2024 09:55:25 [Information] decimal: 0.00 XaxisStepperCurrent added to the Settings Form.
11/14/2024 09:55:25 [Information] decimal: 0.00 XaxisStepperMove added to the Settings Form.
11/14/2024 09:55:25 [Information] XCOM1: XComPort added to the Settings Form.
11/14/2024 09:55:25 [Information] XCOM2: XComPort added to the Settings Form.
11/14/2024 09:55:25 [Information] XCOM3: XComPort added to the Settings Form.
11/14/2024 09:55:25 [Information] XCOM4: XComPort added to the Settings Form.
11/14/2024 09:55:25 [Information] XCOM5: XComPort added to the Settings Form.
11/14/2024 09:55:25 [Information] XCOM6: XComPort added to the Settings Form.
11/14/2024 09:55:25 [Information] XCOM7: XComPort added to the Settings Form.
11/14/2024 09:55:25 [Information] XCOM8: XComPort added to the Settings Form.
11/14/2024 09:55:25 [Information] XCOM9: XComPort added to the Settings Form.
11/14/2024 09:55:25 [Information] XCOM10: XComPort added to the Settings Form.
11/14/2024 09:55:25 [Information] decimal: 50.00 YaxisAcceleration added to the Settings Form.
11/14/2024 09:55:25 [Information] bool: False YaxisChanged added to the Settings Form.
11/14/2024 09:55:25 [Information] decimal: 400.00 YaxisMotorSpeed added to the Settings Form.
11/14/2024 09:55:25 [Information] decimal: 0.00 YaxisStepperCurrent added to the Settings Form.
11/14/2024 09:55:25 [Information] decimal: 0.00 YaxisStepperMove added to the Settings Form.
11/14/2024 09:55:25 [Information] YCOM1: YComPort added to the Settings Form.
11/14/2024 09:55:25 [Information] YCOM2: YComPort added to the Settings Form.
11/14/2024 09:55:25 [Information] YCOM3: YComPort added to the Settings Form.
11/14/2024 09:55:25 [Information] YCOM4: YComPort added to the Settings Form.
11/14/2024 09:55:25 [Information] YCOM5: YComPort added to the Settings Form.
11/14/2024 09:55:25 [Information] YCOM6: YComPort added to the Settings Form.
11/14/2024 09:55:25 [Information] YCOM7: YComPort added to the Settings Form.
11/14/2024 09:55:25 [Information] YCOM8: YComPort added to the Settings Form.
11/14/2024 09:55:25 [Information] YCOM9: YComPort added to the Settings Form.
11/14/2024 09:55:25 [Information] YCOM10: YComPort added to the Settings Form.
11/14/2024 09:55:25 [Information] decimal: 50.00 ZaxisAcceleration added to the Settings Form.
11/14/2024 09:55:25 [Information] bool: False ZaxisChanged added to the Settings Form.
11/14/2024 09:55:25 [Information] decimal: 400.00 ZaxisMotorSpeed added to the Settings Form.
11/14/2024 09:55:25 [Information] decimal: 0.00 ZaxisStepperCurrent added to the Settings Form.
11/14/2024 09:55:25 [Information] decimal: 0.00 ZaxisStepperMove added to the Settings Form.
11/14/2024 09:55:25 [Information] ZCOM1: ZComPort added to the Settings Form.
11/14/2024 09:55:25 [Information] ZCOM2: ZComPort added to the Settings Form.
11/14/2024 09:55:25 [Information] ZCOM3: ZComPort added to the Settings Form.
11/14/2024 09:55:25 [Information] ZCOM4: ZComPort added to the Settings Form.
11/14/2024 09:55:25 [Information] ZCOM5: ZComPort added to the Settings Form.
11/14/2024 09:55:25 [Information] ZCOM6: ZComPort added to the Settings Form.
11/14/2024 09:55:25 [Information] ZCOM7: ZComPort added to the Settings Form.
11/14/2024 09:55:25 [Information] ZCOM8: ZComPort added to the Settings Form.
11/14/2024 09:55:25 [Information] ZCOM9: ZComPort added to the Settings Form.
11/14/2024 09:55:25 [Information] ZCOM10: ZComPort added to the Settings Form.
11/14/2024 09:55:25 [Information] int: 0 zeroXaxis added to the Settings Form.
11/14/2024 09:55:25 [Information] int: 0 zeroYaxis added to the Settings Form.
11/14/2024 09:55:25 [Information] int: 0 zeroZaxis added to the Settings Form.
11/14/2024 09:55:25 [Information] Stepper Motor Controller MainWindow loaded
11/14/2024 09:55:25 [Information] Set MainWindow Media Brushes to White.
11/14/2024 09:55:29 [Information] Z Axis Data Received: VMDPV_1|1_VMDPV
VMDPR_
11/14/2024 09:55:41 [Information] Z Axis mouse controlled Keypad returned: 16.00
11/14/2024 09:55:43 [Information] Z Axis Run button clicked:
11/14/2024 09:55:43 [Information] Z Axis MotorMovementSeconds decimal: (16.00 / 4) / 2 = 2.00
11/14/2024 09:55:44 [Information] Z Axis Run Event: Z,0.00,400.00,0,0.00,400.00,0,16.00,400.00,0
11/14/2024 09:55:44 [Information] Z Axis Current Time: 09:55:44 + 2000 = 09:55:46
11/14/2024 09:55:44 [Information] Stepper Motor Controller Disable Z Axis controls while moving to location.
11/14/2024 09:55:44 [Information] Time remaining: 00:00:00 targetEndTime = 09:55:46
11/14/2024 09:55:44 [Information] Stepper Motor Controller Disable Z Axis controls while moving to location.
11/14/2024 09:55:44 [Information] Time remaining: 00:00:00 targetEndTime = 09:55:46
11/14/2024 09:55:44 [Information] Stepper Motor Controller Disable Z Axis controls while moving to location.
11/14/2024 09:55:44 [Information] Time remaining: 00:00:00 targetEndTime = 09:55:46
11/14/2024 09:55:44 [Information] Stepper Motor Controller Disable Z Axis controls while moving to location.
11/14/2024 09:55:44 [Information] Time remaining: 00:00:00 targetEndTime = 09:55:46
11/14/2024 09:55:44 [Information] Stepper Motor Controller Disable Z Axis controls while moving to location.
11/14/2024 09:55:44 [Information] Time remaining: 00:00:00 targetEndTime = 09:55:46
11/14/2024 09:55:44 [Information] Stepper Motor Controller Disable Z Axis controls while moving to location.
11/14/2024 09:55:44 [Information] Time remaining: 00:00:00 targetEndTime = 09:55:46
11/14/2024 09:55:44 [Information] Stepper Motor Controller Disable Z Axis controls while moving to location.
11/14/2024 09:55:44 [Information] Time remaining: 00:00:00 targetEndTime = 09:55:46
11/14/2024 09:55:44 [Information] Stepper Motor Controller Disable Z Axis controls while moving to location.
11/14/2024 09:55:44 [Information] Time remaining: 00:00:00 targetEndTime = 09:55:46
11/14/2024 09:55:44 [Information] Stepper Motor Controller Disable Z Axis controls while moving to location.
11/14/2024 09:55:44 [Information] Time remaining: 00:00:00 targetEndTime = 09:55:46
11/14/2024 09:55:44 [Information] Stepper Motor Controller Disable Z Axis controls while moving to location.
11/14/2024 09:55:44 [Information] Time remaining: 00:00:00 targetEndTime = 09:55:46
11/14/2024 09:55:44 [Information] Stepper Motor Controller Disable Z Axis controls while moving to location.
11/14/2024 09:55:44 [Information] Time remaining: 00:00:00 targetEndTime = 09:55:46
11/14/2024 09:55:44 [Information] Stepper Motor Controller Disable Z Axis controls while moving to location.
11/14/2024 09:55:44 [Information] Time remaining: 00:00:00 targetEndTime = 09:55:46
11/14/2024 09:55:44 [Information] Stepper Motor Controller Disable Z Axis controls while moving to location.
11/14/2024 09:55:44 [Information] Time remaining: 00:00:00 targetEndTime = 09:55:46
11/14/2024 09:55:44 [Information] Stepper Motor Controller Disable Z Axis controls while moving to location.
11/14/2024 09:55:44 [Information] Time remaining: 00:00:00 targetEndTime = 09:55:46
11/14/2024 09:55:44 [Information] Stepper Motor Controller Disable Z Axis controls while moving to location.
11/14/2024 09:55:44 [Information] Time remaining: 00:00:00 targetEndTime = 09:55:46
11/14/2024 09:55:44 [Information] Stepper Motor Controller Disable Z Axis controls while moving to location.
11/14/2024 09:55:44 [Information] Time remaining: 00:00:00 targetEndTime = 09:55:46
11/14/2024 09:55:44 [Information] Stepper Motor Controller Disable Z Axis controls while moving to location.
11/14/2024 09:55:44 [Information] Time remaining: 00:00:00 targetEndTime = 09:55:46
11/14/2024 09:55:44 [Information] Stepper Motor Controller Disable Z Axis controls while moving to location.
11/14/2024 09:55:44 [Information] Time remaining: 00:00:00 targetEndTime = 09:55:46
11/14/2024 09:55:44 [Information] Stepper Motor Controller Disable Z Axis controls while moving to location.
11/14/2024 09:55:44 [Information] Time remaining: 00:00:00 targetEndTime = 09:55:46
11/14/2024 09:55:44 [Information] Stepper Motor Controller Disable Z Axis controls while moving to location.
11/14/2024 09:55:44 [Information] Time remaining: 00:00:00 targetEndTime = 09:55:46
11/14/2024 09:55:44 [Information] Stepper Motor Controller Disable Z Axis controls while moving to location.
11/14/2024 09:55:44 [Information] Time remaining: 00:00:00 targetEndTime = 09:55:46
11/14/2024 09:55:44 [Information] Stepper Motor Controller Disable Z Axis controls while moving to location.
11/14/2024 09:55:44 [Information] Time remaining: 00:00:00 targetEndTime = 09:55:46
11/14/2024 09:55:44 [Information] Stepper Motor Controller Disable Z Axis controls while moving to location.
11/14/2024 09:55:44 [Information] Time remaining: 00:00:00 targetEndTime = 09:55:46
11/14/2024 09:55:44 [Information] Stepper Motor Controller Disable Z Axis controls while moving to location.
11/14/2024 09:55:44 [Information] Time remaining: 00:00:00 targetEndTime = 09:55:46
11/14/2024 09:55:44 [Information] Stepper Motor Controller Disable Z Axis controls while moving to location.
11/14/2024 09:55:44 [Information] Time remaining: 00:00:00 targetEndTime = 09:55:46
11/14/2024 09:55:44 [Information] Stepper Motor Controller Disable Z Axis controls while moving to location.
11/14/2024 09:55:44 [Information] Time remaining: 00:00:00 targetEndTime = 09:55:46
11/14/2024 09:55:44 [Information] Stepper Motor Controller Disable Z Axis controls while moving to location.
11/14/2024 09:55:44 [Information] Time remaining: 00:00:00 targetEndTime = 09:55:46
11/14/2024 09:55:44 [Information] Stepper Motor Controller Disable Z Axis controls while moving to location.
11/14/2024 09:55:44 [Information] Time remaining: 00:00:00 targetEndTime = 09:55:46
11/14/2024 09:55:44 [Information] Stepper Motor Controller Disable Z Axis controls while moving to location.
11/14/2024 09:55:44 [Information] Time remaining: 00:00:00 targetEndTime = 09:55:46
11/14/2024 09:55:44 [Information] Stepper Motor Controller Disable Z Axis controls while moving to location.
11/14/2024 09:55:44 [Information] Time remaining: 00:00:00 targetEndTime = 09:55:46
11/14/2024 09:55:44 [Information] Stepper Motor Controller Disable Z Axis controls while moving to location.
11/14/2024 09:55:44 [Information] Time remaining: 00:00:00 targetEndTime = 09:55:46
11/14/2024 09:55:44 [Information] Stepper Motor Controller Disable Z Axis controls while moving to location.
11/14/2024 09:55:44 [Information] Time remaining: 00:00:00 targetEndTime = 09:55:46
11/14/2024 09:55:44 [Information] Stepper Motor Controller Disable Z Axis controls while moving to location.
11/14/2024 09:55:44 [Information] Time remaining: 00:00:00 targetEndTime = 09:55:46
11/14/2024 09:55:45 [Information] Stepper Motor Controller Disable Z Axis controls while moving to location.
11/14/2024 09:55:45 [Information] Time remaining: 00:00:00 targetEndTime = 09:55:46
11/14/2024 09:55:45 [Information] Stepper Motor Controller Disable Z Axis controls while moving to location.
11/14/2024 09:55:45 [Information] Time remaining: 00:00:00 targetEndTime = 09:55:46
11/14/2024 09:55:45 [Information] Stepper Motor Controller Disable Z Axis controls while moving to location.
11/14/2024 09:55:45 [Information] Time remaining: 00:00:00 targetEndTime = 09:55:46
11/14/2024 09:55:45 [Information] Stepper Motor Controller Disable Z Axis controls while moving to location.
11/14/2024 09:55:45 [Information] Time remaining: 00:00:00 targetEndTime = 09:55:46
11/14/2024 09:55:45 [Information] Stepper Motor Controller Disable Z Axis controls while moving to location.
11/14/2024 09:55:45 [Information] Time remaining: 00:00:00 targetEndTime = 09:55:46
11/14/2024 09:55:45 [Information] Stepper Motor Controller Disable Z Axis controls while moving to location.
11/14/2024 09:55:45 [Information] Time remaining: 00:00:00 targetEndTime = 09:55:46
11/14/2024 09:55:45 [Information] Stepper Motor Controller Disable Z Axis controls while moving to location.
11/14/2024 09:55:45 [Information] Time remaining: 00:00:00 targetEndTime = 09:55:46
11/14/2024 09:55:45 [Information] Stepper Motor Controller Disable Z Axis controls while moving to location.
11/14/2024 09:55:45 [Information] Time remaining: 00:00:00 targetEndTime = 09:55:46
11/14/2024 09:55:45 [Information] Stepper Motor Controller Disable Z Axis controls while moving to location.
11/14/2024 09:55:45 [Information] Time remaining: 00:00:00 targetEndTime = 09:55:46
11/14/2024 09:55:45 [Information] Stepper Motor Controller Disable Z Axis controls while moving to location.
11/14/2024 09:55:45 [Information] Time remaining: 00:00:00 targetEndTime = 09:55:46
11/14/2024 09:55:45 [Information] Stepper Motor Controller Disable Z Axis controls while moving to location.
11/14/2024 09:55:45 [Information] Time remaining: 00:00:00 targetEndTime = 09:55:46
11/14/2024 09:55:45 [Information] Stepper Motor Controller Disable Z Axis controls while moving to location.
11/14/2024 09:55:45 [Information] Time remaining: 00:00:00 targetEndTime = 09:55:46
11/14/2024 09:55:45 [Information] Stepper Motor Controller Disable Z Axis controls while moving to location.
11/14/2024 09:55:45 [Information] Time remaining: 00:00:00 targetEndTime = 09:55:46
11/14/2024 09:55:45 [Information] Stepper Motor Controller Disable Z Axis controls while moving to location.
11/14/2024 09:55:45 [Information] Time remaining: 00:00:00 targetEndTime = 09:55:46
11/14/2024 09:55:45 [Information] Stepper Motor Controller Disable Z Axis controls while moving to location.
11/14/2024 09:55:45 [Information] Time remaining: 00:00:00 targetEndTime = 09:55:46
11/14/2024 09:55:45 [Information] Stepper Motor Controller Disable Z Axis controls while moving to location.
11/14/2024 09:55:45 [Information] Time remaining: 00:00:00 targetEndTime = 09:55:46
11/14/2024 09:55:45 [Information] Stepper Motor Controller Disable Z Axis controls while moving to location.
11/14/2024 09:55:45 [Information] Time remaining: 00:00:00 targetEndTime = 09:55:46
11/14/2024 09:55:45 [Information] Stepper Motor Controller Disable Z Axis controls while moving to location.
11/14/2024 09:55:45 [Information] Time remaining: 00:00:00 targetEndTime = 09:55:46
11/14/2024 09:55:45 [Information] Stepper Motor Controller Disable Z Axis controls while moving to location.
11/14/2024 09:55:45 [Information] Time remaining: 00:00:00 targetEndTime = 09:55:46
11/14/2024 09:55:45 [Information] Stepper Motor Controller Disable Z Axis controls while moving to location.
11/14/2024 09:55:45 [Information] Time remaining: 00:00:00 targetEndTime = 09:55:46
11/14/2024 09:55:45 [Information] Stepper Motor Controller Disable Z Axis controls while moving to location.
11/14/2024 09:55:45 [Information] Time remaining: 00:00:00 targetEndTime = 09:55:46
11/14/2024 09:55:45 [Information] Stepper Motor Controller Disable Z Axis controls while moving to location.
11/14/2024 09:55:45 [Information] Time remaining: 00:00:01 targetEndTime = 09:55:46
11/14/2024 09:55:45 [Information] Stepper Motor Controller Disable Z Axis controls while moving to location.
11/14/2024 09:55:45 [Information] Time remaining: 00:00:01 targetEndTime = 09:55:46
11/14/2024 09:55:45 [Information] Stepper Motor Controller Disable Z Axis controls while moving to location.
11/14/2024 09:55:45 [Information] Time remaining: 00:00:01 targetEndTime = 09:55:46
11/14/2024 09:55:45 [Information] Stepper Motor Controller Disable Z Axis controls while moving to location.
11/14/2024 09:55:45 [Information] Time remaining: 00:00:01 targetEndTime = 09:55:46
11/14/2024 09:55:45 [Information] Stepper Motor Controller Disable Z Axis controls while moving to location.
11/14/2024 09:55:45 [Information] Time remaining: 00:00:01 targetEndTime = 09:55:46
11/14/2024 09:55:45 [Information] Stepper Motor Controller Disable Z Axis controls while moving to location.
11/14/2024 09:55:45 [Information] Time remaining: 00:00:01 targetEndTime = 09:55:46
11/14/2024 09:55:45 [Information] Stepper Motor Controller Disable Z Axis controls while moving to location.
11/14/2024 09:55:45 [Information] Time remaining: 00:00:01 targetEndTime = 09:55:46
11/14/2024 09:55:45 [Information] Stepper Motor Controller Disable Z Axis controls while moving to location.
11/14/2024 09:55:45 [Information] Time remaining: 00:00:01 targetEndTime = 09:55:46
11/14/2024 09:55:45 [Information] Stepper Motor Controller Disable Z Axis controls while moving to location.
11/14/2024 09:55:45 [Information] Time remaining: 00:00:01 targetEndTime = 09:55:46
11/14/2024 09:55:45 [Information] Stepper Motor Controller Disable Z Axis controls while moving to location.
11/14/2024 09:55:45 [Information] Time remaining: 00:00:01 targetEndTime = 09:55:46
11/14/2024 09:55:45 [Information] Stepper Motor Controller Disable Z Axis controls while moving to location.
11/14/2024 09:55:45 [Information] Time remaining: 00:00:01 targetEndTime = 09:55:46
11/14/2024 09:55:45 [Information] Stepper Motor Controller Disable Z Axis controls while moving to location.
11/14/2024 09:55:45 [Information] Time remaining: 00:00:01 targetEndTime = 09:55:46
11/14/2024 09:55:45 [Information] Stepper Motor Controller Disable Z Axis controls while moving to location.
11/14/2024 09:55:45 [Information] Time remaining: 00:00:01 targetEndTime = 09:55:46
11/14/2024 09:55:45 [Information] Stepper Motor Controller Disable Z Axis controls while moving to location.
11/14/2024 09:55:45 [Information] Time remaining: 00:00:01 targetEndTime = 09:55:46
11/14/2024 09:55:45 [Information] Stepper Motor Controller Disable Z Axis controls while moving to location.
11/14/2024 09:55:45 [Information] Time remaining: 00:00:01 targetEndTime = 09:55:46
11/14/2024 09:55:45 [Information] Stepper Motor Controller Disable Z Axis controls while moving to location.
11/14/2024 09:55:45 [Information] Time remaining: 00:00:01 targetEndTime = 09:55:46
11/14/2024 09:55:45 [Information] Stepper Motor Controller Disable Z Axis controls while moving to location.
11/14/2024 09:55:45 [Information] Time remaining: 00:00:01 targetEndTime = 09:55:46
11/14/2024 09:55:45 [Information] Stepper Motor Controller Disable Z Axis controls while moving to location.
11/14/2024 09:55:45 [Information] Time remaining: 00:00:01 targetEndTime = 09:55:46
11/14/2024 09:55:45 [Information] Stepper Motor Controller Disable Z Axis controls while moving to location.
11/14/2024 09:55:45 [Information] Time remaining: 00:00:01 targetEndTime = 09:55:46
11/14/2024 09:55:45 [Information] Stepper Motor Controller Disable Z Axis controls while moving to location.
11/14/2024 09:55:45 [Information] Time remaining: 00:00:01 targetEndTime = 09:55:46
11/14/2024 09:55:45 [Information] Stepper Motor Controller Disable Z Axis controls while moving to location.
11/14/2024 09:55:45 [Information] Time remaining: 00:00:01 targetEndTime = 09:55:46
11/14/2024 09:55:45 [Information] Stepper Motor Controller Disable Z Axis controls while moving to location.
11/14/2024 09:55:45 [Information] Time remaining: 00:00:01 targetEndTime = 09:55:46
11/14/2024 09:55:45 [Information] Stepper Motor Controller Disable Z Axis controls while moving to location.
11/14/2024 09:55:45 [Information] Time remaining: 00:00:01 targetEndTime = 09:55:46
11/14/2024 09:55:45 [Information] Stepper Motor Controller Disable Z Axis controls while moving to location.
11/14/2024 09:55:45 [Information] Time remaining: 00:00:01 targetEndTime = 09:55:46
11/14/2024 09:55:45 [Information] Stepper Motor Controller Disable Z Axis controls while moving to location.
11/14/2024 09:55:45 [Information] Time remaining: 00:00:01 targetEndTime = 09:55:46
11/14/2024 09:55:45 [Information] Stepper Motor Controller Disable Z Axis controls while moving to location.
11/14/2024 09:55:45 [Information] Time remaining: 00:00:01 targetEndTime = 09:55:46
11/14/2024 09:55:45 [Information] Stepper Motor Controller Disable Z Axis controls while moving to location.
11/14/2024 09:55:45 [Information] Time remaining: 00:00:01 targetEndTime = 09:55:46
11/14/2024 09:55:45 [Information] Stepper Motor Controller Disable Z Axis controls while moving to location.
11/14/2024 09:55:45 [Information] Time remaining: 00:00:01 targetEndTime = 09:55:46
11/14/2024 09:55:45 [Information] Stepper Motor Controller Disable Z Axis controls while moving to location.
11/14/2024 09:55:45 [Information] Time remaining: 00:00:01 targetEndTime = 09:55:46
11/14/2024 09:55:45 [Information] Stepper Motor Controller Disable Z Axis controls while moving to location.
11/14/2024 09:55:45 [Information] Time remaining: 00:00:01 targetEndTime = 09:55:46
11/14/2024 09:55:45 [Information] Stepper Motor Controller Disable Z Axis controls while moving to location.
11/14/2024 09:55:45 [Information] Time remaining: 00:00:01 targetEndTime = 09:55:46
11/14/2024 09:55:45 [Information] Stepper Motor Controller Disable Z Axis controls while moving to location.
11/14/2024 09:55:45 [Information] Time remaining: 00:00:01 targetEndTime = 09:55:46
11/14/2024 09:55:45 [Information] Stepper Motor Controller Disable Z Axis controls while moving to location.
11/14/2024 09:55:45 [Information] Time remaining: 00:00:01 targetEndTime = 09:55:46
11/14/2024 09:55:45 [Information] Stepper Motor Controller Disable Z Axis controls while moving to location.
11/14/2024 09:55:45 [Information] Time remaining: 00:00:01 targetEndTime = 09:55:46
11/14/2024 09:55:45 [Information] Stepper Motor Controller Disable Z Axis controls while moving to location.
11/14/2024 09:55:45 [Information] Time remaining: 00:00:01 targetEndTime = 09:55:46
11/14/2024 09:55:45 [Information] Stepper Motor Controller Disable Z Axis controls while moving to location.
11/14/2024 09:55:45 [Information] Time remaining: 00:00:01 targetEndTime = 09:55:46
11/14/2024 09:55:45 [Information] Stepper Motor Controller Disable Z Axis controls while moving to location.
11/14/2024 09:55:45 [Information] Time remaining: 00:00:01 targetEndTime = 09:55:46
11/14/2024 09:55:45 [Information] Stepper Motor Controller Disable Z Axis controls while moving to location.
11/14/2024 09:55:45 [Information] Time remaining: 00:00:01 targetEndTime = 09:55:46
11/14/2024 09:55:45 [Information] Stepper Motor Controller Disable Z Axis controls while moving to location.
11/14/2024 09:55:45 [Information] Time remaining: 00:00:01 targetEndTime = 09:55:46
11/14/2024 09:55:45 [Information] Stepper Motor Controller Disable Z Axis controls while moving to location.
11/14/2024 09:55:45 [Information] Time remaining: 00:00:01 targetEndTime = 09:55:46
11/14/2024 09:55:46 [Information] Stepper Motor Controller Disable Z Axis controls while moving to location.
11/14/2024 09:55:46 [Information] Time remaining: 00:00:01 targetEndTime = 09:55:46
11/14/2024 09:55:46 [Information] Stepper Motor Controller Disable Z Axis controls while moving to location.
11/14/2024 09:55:46 [Information] Time remaining: 00:00:01 targetEndTime = 09:55:46
11/14/2024 09:55:46 [Information] Stepper Motor Controller Disable Z Axis controls while moving to location.
11/14/2024 09:55:46 [Information] Time remaining: 00:00:01 targetEndTime = 09:55:46
11/14/2024 09:55:46 [Information] Stepper Motor Controller Disable Z Axis controls while moving to location.
11/14/2024 09:55:46 [Information] Time remaining: 00:00:01 targetEndTime = 09:55:46
11/14/2024 09:55:46 [Information] Stepper Motor Controller Disable Z Axis controls while moving to location.
11/14/2024 09:55:46 [Information] Time remaining: 00:00:01 targetEndTime = 09:55:46
11/14/2024 09:55:46 [Information] Stepper Motor Controller Disable Z Axis controls while moving to location.
11/14/2024 09:55:46 [Information] Time remaining: 00:00:01 targetEndTime = 09:55:46
11/14/2024 09:55:46 [Information] Stepper Motor Controller Disable Z Axis controls while moving to location.
11/14/2024 09:55:46 [Information] Time remaining: 00:00:01 targetEndTime = 09:55:46
11/14/2024 09:55:46 [Information] Stepper Motor Controller Disable Z Axis controls while moving to location.
11/14/2024 09:55:46 [Information] Time remaining: 00:00:01 targetEndTime = 09:55:46
11/14/2024 09:55:46 [Information] Stepper Motor Controller Disable Z Axis controls while moving to location.
11/14/2024 09:55:46 [Information] Time remaining: 00:00:01 targetEndTime = 09:55:46
11/14/2024 09:55:46 [Information] Stepper Motor Controller Disable Z Axis controls while moving to location.
11/14/2024 09:55:46 [Information] Time remaining: 00:00:01 targetEndTime = 09:55:46
11/14/2024 09:55:46 [Information] Stepper Motor Controller Disable Z Axis controls while moving to location.
11/14/2024 09:55:46 [Information] Time remaining: 00:00:01 targetEndTime = 09:55:46
11/14/2024 09:55:46 [Information] Stepper Motor Controller Disable Z Axis controls while moving to location.
11/14/2024 09:55:46 [Information] Time remaining: 00:00:01 targetEndTime = 09:55:46
11/14/2024 09:55:46 [Information] Stepper Motor Controller Disable Z Axis controls while moving to location.
11/14/2024 09:55:46 [Information] Time remaining: 00:00:01 targetEndTime = 09:55:46
11/14/2024 09:55:46 [Information] Stepper Motor Controller Disable Z Axis controls while moving to location.
11/14/2024 09:55:46 [Information] Time remaining: 00:00:01 targetEndTime = 09:55:46
11/14/2024 09:55:46 [Information] Stepper Motor Controller Disable Z Axis controls while moving to location.
11/14/2024 09:55:46 [Information] Time remaining: 00:00:01 targetEndTime = 09:55:46
11/14/2024 09:55:46 [Information] Stepper Motor Controller Disable Z Axis controls while moving to location.
11/14/2024 09:55:46 [Information] Time remaining: 00:00:01 targetEndTime = 09:55:46
11/14/2024 09:55:46 [Information] Stepper Motor Controller Disable Z Axis controls while moving to location.
11/14/2024 09:55:46 [Information] Time remaining: 00:00:01 targetEndTime = 09:55:46
11/14/2024 09:55:46 [Information] Stepper Motor Controller Disable Z Axis controls while moving to location.
11/14/2024 09:55:46 [Information] Time remaining: 00:00:01 targetEndTime = 09:55:46
11/14/2024 09:55:46 [Information] Stepper Motor Controller Disable Z Axis controls while moving to location.
11/14/2024 09:55:46 [Information] Time remaining: 00:00:01 targetEndTime = 09:55:46
11/14/2024 09:55:46 [Information] Stepper Motor Controller Disable Z Axis controls while moving to location.
11/14/2024 09:55:46 [Information] Time remaining: 00:00:01 targetEndTime = 09:55:46
11/14/2024 09:55:46 [Information] Z Axis Data Received: Z
11/14/2024 09:55:46 [Information] Z Axis Data Received:  
11/14/2024 09:55:46 [Information] Z Axis Data Received: A
11/14/2024 09:55:46 [Information] Z Axis Data Received: x
11/14/2024 09:55:46 [Information] Z Axis Data Received: i
11/14/2024 09:55:46 [Information] Z Axis Data Received: s
11/14/2024 09:55:46 [Information] Z Axis Data Received:  
11/14/2024 09:55:46 [Information] Z Axis Data Received: A
11/14/2024 09:55:46 [Information] Stepper Motor Controller Enable Z Axis controls after moving to location.
11/14/2024 09:55:46 [Information] Stepper Motor Controller Stopwatch Stopped.
11/14/2024 09:55:46 [Information] Stepper Motor Controller Timer Stopped.
11/14/2024 09:55:46 [Information] Z Axis Data Received: b
11/14/2024 09:55:46 [Information] Stepper Motor Controller Stopwatch Reset.
11/14/2024 09:55:46 [Information] Z Axis Data Received: s
11/14/2024 09:55:46 [Information] Z Axis Data Received: o
11/14/2024 09:55:46 [Information] Z Axis Data Received: l
11/14/2024 09:55:46 [Information] Z Axis Data Received: u
11/14/2024 09:55:46 [Information] Z Axis Data Received: t
11/14/2024 09:55:46 [Information] Z Axis Data Received: e
11/14/2024 09:55:46 [Information] Z Axis Data Received:  
11/14/2024 09:55:46 [Information] Z Axis Data Received: P
11/14/2024 09:55:46 [Information] Z Axis Data Received: o
11/14/2024 09:55:46 [Information] Z Axis Data Received: s
11/14/2024 09:55:46 [Information] Z Axis Data Received: i
11/14/2024 09:55:46 [Information] Z Axis Data Received: t
11/14/2024 09:55:46 [Information] Z Axis Data Received: i
11/14/2024 09:55:46 [Information] Z Axis Data Received: o
11/14/2024 09:55:46 [Information] Z Axis Data Received: n
11/14/2024 09:55:46 [Information] Z Axis Data Received:  
11/14/2024 09:55:46 [Information] Z Axis Data Received: 8
11/14/2024 09:55:46 [Information] Z Axis Data Received: 0
11/14/2024 09:55:46 [Information] Z Axis Data Received: 0
11/14/2024 09:55:46 [Information] Z Axis Data Received: .
11/14/2024 09:55:46 [Information] Z Axis Data Received: 0
11/14/2024 09:55:46 [Information] Z Axis Data Received: 0
11/14/2024 09:55:46 [Information] Z Axis Data Received: 
11/14/2024 09:55:46 [Information] Z Axis Data Received: 

11/14/2024 09:55:46 [Information] Z Axis Data Received: Z
11/14/2024 09:55:46 [Information] Z Axis Data Received:  
11/14/2024 09:55:46 [Information] Z Axis Data Received: A
11/14/2024 09:55:46 [Information] Z Axis Data Received: x
11/14/2024 09:55:46 [Information] Z Axis Data Received: i
11/14/2024 09:55:46 [Information] Z Axis Data Received: s
11/14/2024 09:55:46 [Information] Z Axis Data Received:  
11/14/2024 09:55:46 [Information] Z Axis Data Received: A
11/14/2024 09:55:46 [Information] Z Axis Data Received: b
11/14/2024 09:55:46 [Information] Z Axis Data Received: s
11/14/2024 09:55:46 [Information] Z Axis Data Received: o
11/14/2024 09:55:46 [Information] Z Axis Data Received: l
11/14/2024 09:55:46 [Information] Z Axis Data Received: u
11/14/2024 09:55:46 [Information] Z Axis Data Received: t
11/14/2024 09:55:46 [Information] Z Axis Data Received: e
11/14/2024 09:55:46 [Information] Z Axis Data Received:  
11/14/2024 09:55:46 [Information] Z Axis Data Received: P
11/14/2024 09:55:46 [Information] Z Axis Data Received: o
11/14/2024 09:55:46 [Information] Z Axis Data Received: s
11/14/2024 09:55:46 [Information] Z Axis Data Received: i
11/14/2024 09:55:46 [Information] Z Axis Data Received: t
11/14/2024 09:55:46 [Information] Z Axis Data Received: i
11/14/2024 09:55:46 [Information] Z Axis Data Received: o
11/14/2024 09:55:46 [Information] Z Axis Data Received: n
11/14/2024 09:55:46 [Information] Z Axis Data Received:  
11/14/2024 09:55:46 [Information] Z Axis Data Received: 8
11/14/2024 09:55:46 [Information] Z Axis Data Received: 0
11/14/2024 09:55:46 [Information] Z Axis Data Received: 0
11/14/2024 09:55:46 [Information] Z Axis Data Received: .
11/14/2024 09:55:46 [Information] Z Axis Data Received: 0
11/14/2024 09:55:46 [Information] Z Axis Data Received: 0
11/14/2024 09:55:46 [Information] Z Axis Data Received: 
11/14/2024 09:55:46 [Information] Z Axis Data Received: 

11/14/2024 09:55:46 [Information] Z Axis Data Received: Z
11/14/2024 09:55:46 [Information] Z Axis Data Received:  
11/14/2024 09:55:46 [Information] Z Axis Data Received: A
11/14/2024 09:55:46 [Information] Z Axis Data Received: x
11/14/2024 09:55:46 [Information] Z Axis Data Received: i
11/14/2024 09:55:46 [Information] Z Axis Data Received: s
11/14/2024 09:55:46 [Information] Z Axis Data Received:  
11/14/2024 09:55:46 [Information] Z Axis Data Received: A
11/14/2024 09:55:46 [Information] Z Axis Data Received: b
11/14/2024 09:55:46 [Information] Z Axis Data Received: s
11/14/2024 09:55:46 [Information] Z Axis Data Received: o
11/14/2024 09:55:46 [Information] Z Axis Data Received: l
11/14/2024 09:55:46 [Information] Z Axis Data Received: u
11/14/2024 09:55:46 [Information] Z Axis Data Received: t
11/14/2024 09:55:46 [Information] Z Axis Data Received: e
11/14/2024 09:55:46 [Information] Z Axis Data Received:  
11/14/2024 09:55:46 [Information] Z Axis Data Received: P
11/14/2024 09:55:46 [Information] Z Axis Data Received: o
11/14/2024 09:55:46 [Information] Z Axis Data Received: s
11/14/2024 09:55:46 [Information] Z Axis Data Received: i
11/14/2024 09:55:46 [Information] Z Axis Data Received: t
11/14/2024 09:55:46 [Information] Z Axis Data Received: i
11/14/2024 09:55:46 [Information] Z Axis Data Received: o
11/14/2024 09:55:46 [Information] Z Axis Data Received: n
11/14/2024 09:55:46 [Information] Z Axis Data Received:  
11/14/2024 09:55:46 [Information] Z Axis Data Received: 8
11/14/2024 09:55:46 [Information] Z Axis Data Received: 0
11/14/2024 09:55:46 [Information] Z Axis Data Received: 0
11/14/2024 09:55:46 [Information] Z Axis Data Received: .
11/14/2024 09:55:46 [Information] Z Axis Data Received: 0
11/14/2024 09:55:46 [Information] Z Axis Data Received: 0
11/14/2024 09:55:46 [Information] Z Axis Data Received: 
11/14/2024 09:55:46 [Information] Z Axis Data Received: 

11/14/2024 09:55:46 [Information] Z Axis Data Received: Z
11/14/2024 09:55:46 [Information] Z Axis Data Received:  
11/14/2024 09:55:46 [Information] Z Axis Data Received: A
11/14/2024 09:55:46 [Information] Z Axis Data Received: x
11/14/2024 09:55:46 [Information] Z Axis Data Received: i
11/14/2024 09:55:46 [Information] Z Axis Data Received: s
11/14/2024 09:55:46 [Information] Z Axis Data Received:  
11/14/2024 09:55:46 [Information] Z Axis Data Received: A
11/14/2024 09:55:46 [Information] Z Axis Data Received: b
11/14/2024 09:55:46 [Information] Z Axis Data Received: s
11/14/2024 09:55:46 [Information] Z Axis Data Received: o
11/14/2024 09:55:46 [Information] Z Axis Data Received: l
11/14/2024 09:55:46 [Information] Z Axis Data Received: u
11/14/2024 09:55:46 [Information] Z Axis Data Received: t
11/14/2024 09:55:46 [Information] Z Axis Data Received: e
11/14/2024 09:55:46 [Information] Z Axis Data Received:  
11/14/2024 09:55:46 [Information] Z Axis Data Received: P
11/14/2024 09:55:46 [Information] Z Axis Data Received: o
11/14/2024 09:55:46 [Information] Z Axis Data Received: s
11/14/2024 09:55:46 [Information] Z Axis Data Received: i
11/14/2024 09:55:46 [Information] Z Axis Data Received: t
11/14/2024 09:55:46 [Information] Z Axis Data Received: i
11/14/2024 09:55:46 [Information] Z Axis Data Received: o
11/14/2024 09:55:46 [Information] Z Axis Data Received: n
11/14/2024 09:55:46 [Information] Z Axis Data Received:  
11/14/2024 09:55:46 [Information] Z Axis Data Received: 8
11/14/2024 09:55:46 [Information] Z Axis Data Received: 0
11/14/2024 09:55:46 [Information] Z Axis Data Received: 0
11/14/2024 09:55:46 [Information] Z Axis Data Received: .
11/14/2024 09:55:46 [Information] Z Axis Data Received: 0
11/14/2024 09:55:46 [Information] Z Axis Data Received: 0
11/14/2024 09:55:46 [Information] Z Axis Data Received: 
11/14/2024 09:55:46 [Information] Z Axis Data Received: 

11/14/2024 09:55:46 [Information] Z Axis Data Received: Z
11/14/2024 09:55:46 [Information] Z Axis Data Received:  
11/14/2024 09:55:46 [Information] Z Axis Data Received: A
11/14/2024 09:55:46 [Information] Z Axis Data Received: x
11/14/2024 09:55:46 [Information] Z Axis Data Received: i
11/14/2024 09:55:46 [Information] Z Axis Data Received: s
11/14/2024 09:55:46 [Information] Z Axis Data Received:  
11/14/2024 09:55:46 [Information] Z Axis Data Received: A
11/14/2024 09:55:46 [Information] Z Axis Data Received: b
11/14/2024 09:55:46 [Information] Z Axis Data Received: s
11/14/2024 09:55:46 [Information] Z Axis Data Received: o
11/14/2024 09:55:46 [Information] Z Axis Data Received: l
11/14/2024 09:55:46 [Information] Z Axis Data Received: u
11/14/2024 09:55:46 [Information] Z Axis Data Received: t
11/14/2024 09:55:46 [Information] Z Axis Data Received: e
11/14/2024 09:55:46 [Information] Z Axis Data Received:  
11/14/2024 09:55:46 [Information] Z Axis Data Received: P
11/14/2024 09:55:46 [Information] Z Axis Data Received: o
11/14/2024 09:55:46 [Information] Z Axis Data Received: s
11/14/2024 09:55:46 [Information] Z Axis Data Received: i
11/14/2024 09:55:46 [Information] Z Axis Data Received: t
11/14/2024 09:55:46 [Information] Z Axis Data Received: i
11/14/2024 09:55:46 [Information] Z Axis Data Received: o
11/14/2024 09:55:46 [Information] Z Axis Data Received: n
11/14/2024 09:55:46 [Information] Z Axis Data Received:  
11/14/2024 09:55:46 [Information] Z Axis Data Received: 8
11/14/2024 09:55:46 [Information] Z Axis Data Received: 0
11/14/2024 09:55:46 [Information] Z Axis Data Received: 0
11/14/2024 09:55:46 [Information] Z Axis Data Received: .
11/14/2024 09:55:46 [Information] Z Axis Data Received: 0
11/14/2024 09:55:46 [Information] Z Axis Data Received: 0
11/14/2024 09:55:46 [Information] Z Axis Data Received: 
11/14/2024 09:55:46 [Information] Z Axis Data Received: 

11/14/2024 09:55:46 [Information] Z Axis Data Received: Z
11/14/2024 09:55:46 [Information] Z Axis Data Received:  
11/14/2024 09:55:46 [Information] Z Axis Data Received: A
11/14/2024 09:55:46 [Information] Z Axis Data Received: x
11/14/2024 09:55:46 [Information] Z Axis Data Received: i
11/14/2024 09:55:46 [Information] Z Axis Data Received: s
11/14/2024 09:55:46 [Information] Z Axis Data Received:  
11/14/2024 09:55:46 [Information] Z Axis Data Received: A
11/14/2024 09:55:46 [Information] Z Axis Data Received: b
11/14/2024 09:55:46 [Information] Z Axis Data Received: s
11/14/2024 09:55:46 [Information] Z Axis Data Received: o
11/14/2024 09:55:46 [Information] Z Axis Data Received: l
11/14/2024 09:55:46 [Information] Z Axis Data Received: u
11/14/2024 09:55:46 [Information] Z Axis Data Received: t
11/14/2024 09:55:46 [Information] Z Axis Data Received: e
11/14/2024 09:55:46 [Information] Z Axis Data Received:  
11/14/2024 09:55:46 [Information] Z Axis Data Received: P
11/14/2024 09:55:46 [Information] Z Axis Data Received: o
11/14/2024 09:55:46 [Information] Z Axis Data Received: s
11/14/2024 09:55:46 [Information] Z Axis Data Received: i
11/14/2024 09:55:46 [Information] Z Axis Data Received: t
11/14/2024 09:55:46 [Information] Z Axis Data Received: i
11/14/2024 09:55:46 [Information] Z Axis Data Received: o
11/14/2024 09:55:46 [Information] Z Axis Data Received: n
11/14/2024 09:55:46 [Information] Z Axis Data Received:  
11/14/2024 09:55:46 [Information] Z Axis Data Received: 8
11/14/2024 09:55:46 [Information] Z Axis Data Received: 0
11/14/2024 09:55:46 [Information] Z Axis Data Received: 0
11/14/2024 09:55:46 [Information] Z Axis Data Received: .
11/14/2024 09:55:46 [Information] Z Axis Data Received: 0
11/14/2024 09:55:46 [Information] Z Axis Data Received: 0
11/14/2024 09:55:46 [Information] Z Axis Data Received: 
11/14/2024 09:55:46 [Information] Z Axis Data Received: 

11/14/2024 09:55:46 [Information] Z Axis Data Received: Z
11/14/2024 09:55:46 [Information] Z Axis Data Received:  
11/14/2024 09:55:46 [Information] Z Axis Data Received: A
11/14/2024 09:55:46 [Information] Z Axis Data Received: x
11/14/2024 09:55:46 [Information] Z Axis Data Received: i
11/14/2024 09:55:46 [Information] Z Axis Data Received: s
11/14/2024 09:55:46 [Information] Z Axis Data Received:  
11/14/2024 09:55:46 [Information] Z Axis Data Received: A
11/14/2024 09:55:46 [Information] Z Axis Data Received: b
11/14/2024 09:55:46 [Information] Z Axis Data Received: s
11/14/2024 09:55:46 [Information] Z Axis Data Received: o
11/14/2024 09:55:46 [Information] Z Axis Data Received: l
11/14/2024 09:55:46 [Information] Z Axis Data Received: u
11/14/2024 09:55:46 [Information] Z Axis Data Received: t
11/14/2024 09:55:46 [Information] Z Axis Data Received: e
11/14/2024 09:55:46 [Information] Z Axis Data Received:  
11/14/2024 09:55:46 [Information] Z Axis Data Received: P
11/14/2024 09:55:46 [Information] Z Axis Data Received: o
11/14/2024 09:55:46 [Information] Z Axis Data Received: s
11/14/2024 09:55:46 [Information] Z Axis Data Received: i
11/14/2024 09:55:46 [Information] Z Axis Data Received: t
11/14/2024 09:55:46 [Information] Z Axis Data Received: i
11/14/2024 09:55:46 [Information] Z Axis Data Received: o
11/14/2024 09:55:46 [Information] Z Axis Data Received: n
11/14/2024 09:55:46 [Information] Z Axis Data Received:  
11/14/2024 09:55:46 [Information] Z Axis Data Received: 8
11/14/2024 09:55:46 [Information] Z Axis Data Received: 0
11/14/2024 09:55:46 [Information] Z Axis Data Received: 0
11/14/2024 09:55:46 [Information] Z Axis Data Received: .
11/14/2024 09:55:46 [Information] Z Axis Data Received: 0
11/14/2024 09:55:46 [Information] Z Axis Data Received: 0
11/14/2024 09:55:46 [Information] Z Axis Data Received: 
11/14/2024 09:55:46 [Information] Z Axis Data Received: 

11/14/2024 09:55:46 [Information] Z Axis Data Received: Z
11/14/2024 09:55:46 [Information] Z Axis Data Received:  
11/14/2024 09:55:46 [Information] Z Axis Data Received: A
11/14/2024 09:55:46 [Information] Z Axis Data Received: x
11/14/2024 09:55:46 [Information] Z Axis Data Received: i
11/14/2024 09:55:46 [Information] Z Axis Data Received: s
11/14/2024 09:55:46 [Information] Z Axis Data Received:  
11/14/2024 09:55:46 [Information] Z Axis Data Received: A
11/14/2024 09:55:46 [Information] Z Axis Data Received: b
11/14/2024 09:55:46 [Information] Z Axis Data Received: s
11/14/2024 09:55:46 [Information] Z Axis Data Received: o
11/14/2024 09:55:46 [Information] Z Axis Data Received: l
11/14/2024 09:55:46 [Information] Z Axis Data Received: u
11/14/2024 09:55:46 [Information] Z Axis Data Received: t
11/14/2024 09:55:46 [Information] Z Axis Data Received: e
11/14/2024 09:55:46 [Information] Z Axis Data Received:  
11/14/2024 09:55:46 [Information] Z Axis Data Received: P
11/14/2024 09:55:46 [Information] Z Axis Data Received: o
11/14/2024 09:55:46 [Information] Z Axis Data Received: s
11/14/2024 09:55:46 [Information] Z Axis Data Received: i
11/14/2024 09:55:46 [Information] Z Axis Data Received: t
11/14/2024 09:55:46 [Information] Z Axis Data Received: i
11/14/2024 09:55:46 [Information] Z Axis Data Received: o
11/14/2024 09:55:46 [Information] Z Axis Data Received: n
11/14/2024 09:55:46 [Information] Z Axis Data Received:  
11/14/2024 09:55:46 [Information] Z Axis Data Received: 8
11/14/2024 09:55:46 [Information] Z Axis Data Received: 0
11/14/2024 09:55:46 [Information] Z Axis Data Received: 0
11/14/2024 09:55:46 [Information] Z Axis Data Received: .
11/14/2024 09:55:46 [Information] Z Axis Data Received: 0
11/14/2024 09:55:46 [Information] Z Axis Data Received: 0
11/14/2024 09:55:46 [Information] Z Axis Data Received: 
11/14/2024 09:55:46 [Information] Z Axis Data Received: 

11/14/2024 09:55:46 [Information] Z Axis Data Received: Z
11/14/2024 09:55:46 [Information] Z Axis Data Received:  
11/14/2024 09:55:46 [Information] Z Axis Data Received: A
11/14/2024 09:55:46 [Information] Z Axis Data Received: x
11/14/2024 09:55:46 [Information] Z Axis Data Received: i
11/14/2024 09:55:46 [Information] Z Axis Data Received: s
11/14/2024 09:55:46 [Information] Z Axis Data Received:  
11/14/2024 09:55:46 [Information] Z Axis Data Received: A
11/14/2024 09:55:46 [Information] Z Axis Data Received: b
11/14/2024 09:55:46 [Information] Z Axis Data Received: s
11/14/2024 09:55:46 [Information] Z Axis Data Received: o
11/14/2024 09:55:46 [Information] Z Axis Data Received: l
11/14/2024 09:55:46 [Information] Z Axis Data Received: u
11/14/2024 09:55:46 [Information] Z Axis Data Received: t
11/14/2024 09:55:46 [Information] Z Axis Data Received: e
11/14/2024 09:55:46 [Information] Z Axis Data Received:  
11/14/2024 09:55:46 [Information] Z Axis Data Received: P
11/14/2024 09:55:46 [Information] Z Axis Data Received: o
11/14/2024 09:55:46 [Information] Z Axis Data Received: s
11/14/2024 09:55:46 [Information] Z Axis Data Received: i
11/14/2024 09:55:46 [Information] Z Axis Data Received: t
11/14/2024 09:55:46 [Information] Z Axis Data Received: i
11/14/2024 09:55:46 [Information] Z Axis Data Received: o
11/14/2024 09:55:46 [Information] Z Axis Data Received: n
11/14/2024 09:55:46 [Information] Z Axis Data Received:  
11/14/2024 09:55:46 [Information] Z Axis Data Received: 8
11/14/2024 09:55:46 [Information] Z Axis Data Received: 0
11/14/2024 09:55:46 [Information] Z Axis Data Received: 0
11/14/2024 09:55:46 [Information] Z Axis Data Received: .
11/14/2024 09:55:46 [Information] Z Axis Data Received: 0
11/14/2024 09:55:46 [Information] Z Axis Data Received: 0
11/14/2024 09:55:46 [Information] Z Axis Data Received: 
11/14/2024 09:55:46 [Information] Z Axis Data Received: 

11/14/2024 09:55:46 [Information] Z Axis Data Received: Z
11/14/2024 09:55:46 [Information] Z Axis Data Received:  
11/14/2024 09:55:46 [Information] Z Axis Data Received: A
11/14/2024 09:55:46 [Information] Z Axis Data Received: x
11/14/2024 09:55:46 [Information] Z Axis Data Received: i
11/14/2024 09:55:46 [Information] Z Axis Data Received: s
11/14/2024 09:55:46 [Information] Z Axis Data Received:  
11/14/2024 09:55:46 [Information] Z Axis Data Received: A
11/14/2024 09:55:46 [Information] Z Axis Data Received: b
11/14/2024 09:55:46 [Information] Z Axis Data Received: s
11/14/2024 09:55:46 [Information] Z Axis Data Received: o
11/14/2024 09:55:46 [Information] Z Axis Data Received: l
11/14/2024 09:55:46 [Information] Z Axis Data Received: u
11/14/2024 09:55:46 [Information] Z Axis Data Received: t
11/14/2024 09:55:46 [Information] Z Axis Data Received: e
11/14/2024 09:55:46 [Information] Z Axis Data Received:  
11/14/2024 09:55:46 [Information] Z Axis Data Received: P
11/14/2024 09:55:46 [Information] Z Axis Data Received: o
11/14/2024 09:55:46 [Information] Z Axis Data Received: s
11/14/2024 09:55:46 [Information] Z Axis Data Received: i
11/14/2024 09:55:46 [Information] Z Axis Data Received: t
11/14/2024 09:55:46 [Information] Z Axis Data Received: i
11/14/2024 09:55:46 [Information] Z Axis Data Received: o
11/14/2024 09:55:46 [Information] Z Axis Data Received: n
11/14/2024 09:55:46 [Information] Z Axis Data Received:  
11/14/2024 09:55:46 [Information] Z Axis Data Received: 8
11/14/2024 09:55:46 [Information] Z Axis Data Received: 0
11/14/2024 09:55:46 [Information] Z Axis Data Received: 0
11/14/2024 09:55:46 [Information] Z Axis Data Received: .
11/14/2024 09:55:46 [Information] Z Axis Data Received: 0
11/14/2024 09:55:46 [Information] Z Axis Data Received: 0
11/14/2024 09:55:46 [Information] Z Axis Data Received: 
11/14/2024 09:55:46 [Information] Z Axis Data Received: 

11/14/2024 09:55:46 [Information] Z Axis Data Received: Z
11/14/2024 09:55:46 [Information] Z Axis Data Received:  
11/14/2024 09:55:46 [Information] Z Axis Data Received: A
11/14/2024 09:55:46 [Information] Z Axis Data Received: x
11/14/2024 09:55:46 [Information] Z Axis Data Received: i
11/14/2024 09:55:46 [Information] Z Axis Data Received: s
11/14/2024 09:55:46 [Information] Z Axis Data Received:  
11/14/2024 09:55:46 [Information] Z Axis Data Received: A
11/14/2024 09:55:46 [Information] Z Axis Data Received: b
11/14/2024 09:55:46 [Information] Z Axis Data Received: s
11/14/2024 09:55:46 [Information] Z Axis Data Received: o
11/14/2024 09:55:46 [Information] Z Axis Data Received: l
11/14/2024 09:55:46 [Information] Z Axis Data Received: u
11/14/2024 09:55:46 [Information] Z Axis Data Received: t
11/14/2024 09:55:46 [Information] Z Axis Data Received: e
11/14/2024 09:55:46 [Information] Z Axis Data Received:  
11/14/2024 09:55:46 [Information] Z Axis Data Received: P
11/14/2024 09:55:46 [Information] Z Axis Data Received: o
11/14/2024 09:55:46 [Information] Z Axis Data Received: s
11/14/2024 09:55:46 [Information] Z Axis Data Received: i
11/14/2024 09:55:46 [Information] Z Axis Data Received: t
11/14/2024 09:55:46 [Information] Z Axis Data Received: i
11/14/2024 09:55:46 [Information] Z Axis Data Received: o
11/14/2024 09:55:46 [Information] Z Axis Data Received: n
11/14/2024 09:55:46 [Information] Z Axis Data Received:  
11/14/2024 09:55:46 [Information] Z Axis Data Received: 8
11/14/2024 09:55:46 [Information] Z Axis Data Received: 0
11/14/2024 09:55:46 [Information] Z Axis Data Received: 0
11/14/2024 09:55:46 [Information] Z Axis Data Received: .
11/14/2024 09:55:46 [Information] Z Axis Data Received: 0
11/14/2024 09:55:46 [Information] Z Axis Data Received: 0
11/14/2024 09:55:46 [Information] Z Axis Data Received: 
11/14/2024 09:55:46 [Information] Z Axis Data Received: 

11/14/2024 09:55:46 [Information] Z Axis Data Received: Z
11/14/2024 09:55:46 [Information] Z Axis Data Received:  
11/14/2024 09:55:46 [Information] Z Axis Data Received: A
11/14/2024 09:55:46 [Information] Z Axis Data Received: x
11/14/2024 09:55:46 [Information] Z Axis Data Received: i
11/14/2024 09:55:46 [Information] Z Axis Data Received: s
11/14/2024 09:55:46 [Information] Z Axis Data Received:  
11/14/2024 09:55:46 [Information] Z Axis Data Received: A
11/14/2024 09:55:46 [Information] Z Axis Data Received: b
11/14/2024 09:55:46 [Information] Z Axis Data Received: s
11/14/2024 09:55:46 [Information] Z Axis Data Received: o
11/14/2024 09:55:46 [Information] Z Axis Data Received: l
11/14/2024 09:55:46 [Information] Z Axis Data Received: u
11/14/2024 09:55:46 [Information] Z Axis Data Received: t
11/14/2024 09:55:46 [Information] Z Axis Data Received: e
11/14/2024 09:55:46 [Information] Z Axis Data Received:  
11/14/2024 09:55:46 [Information] Z Axis Data Received: P
11/14/2024 09:55:46 [Information] Z Axis Data Received: o
11/14/2024 09:55:46 [Information] Z Axis Data Received: s
11/14/2024 09:55:46 [Information] Z Axis Data Received: i
11/14/2024 09:55:46 [Information] Z Axis Data Received: t
11/14/2024 09:55:46 [Information] Z Axis Data Received: i
11/14/2024 09:55:46 [Information] Z Axis Data Received: o
11/14/2024 09:55:46 [Information] Z Axis Data Received: n
11/14/2024 09:55:46 [Information] Z Axis Data Received:  
11/14/2024 09:55:46 [Information] Z Axis Data Received: 8
11/14/2024 09:55:46 [Information] Z Axis Data Received: 0
11/14/2024 09:55:46 [Information] Z Axis Data Received: 0
11/14/2024 09:55:46 [Information] Z Axis Data Received: .
11/14/2024 09:55:46 [Information] Z Axis Data Received: 0
11/14/2024 09:55:46 [Information] Z Axis Data Received: 0
11/14/2024 09:55:46 [Information] Z Axis Data Received: 
11/14/2024 09:55:46 [Information] Z Axis Data Received: 

11/14/2024 09:55:46 [Information] Z Axis Data Received: Z
11/14/2024 09:55:46 [Information] Z Axis Data Received:  
11/14/2024 09:55:46 [Information] Z Axis Data Received: A
11/14/2024 09:55:46 [Information] Z Axis Data Received: x
11/14/2024 09:55:46 [Information] Z Axis Data Received: i
11/14/2024 09:55:46 [Information] Z Axis Data Received: s
11/14/2024 09:55:46 [Information] Z Axis Data Received:  
11/14/2024 09:55:46 [Information] Z Axis Data Received: A
11/14/2024 09:55:46 [Information] Z Axis Data Received: b
11/14/2024 09:55:46 [Information] Z Axis Data Received: s
11/14/2024 09:55:46 [Information] Z Axis Data Received: o
11/14/2024 09:55:46 [Information] Z Axis Data Received: l
11/14/2024 09:55:46 [Information] Z Axis Data Received: u
11/14/2024 09:55:46 [Information] Z Axis Data Received: t
11/14/2024 09:55:46 [Information] Z Axis Data Received: e
11/14/2024 09:55:46 [Information] Z Axis Data Received:  
11/14/2024 09:55:46 [Information] Z Axis Data Received: P
11/14/2024 09:55:46 [Information] Z Axis Data Received: o
11/14/2024 09:55:46 [Information] Z Axis Data Received: s
11/14/2024 09:55:46 [Information] Z Axis Data Received: i
11/14/2024 09:55:46 [Information] Z Axis Data Received: t
11/14/2024 09:55:46 [Information] Z Axis Data Received: i
11/14/2024 09:55:46 [Information] Z Axis Data Received: o
11/14/2024 09:55:46 [Information] Z Axis Data Received: n
11/14/2024 09:55:46 [Information] Z Axis Data Received:  
11/14/2024 09:55:46 [Information] Z Axis Data Received: 8
11/14/2024 09:55:46 [Information] Z Axis Data Received: 0
11/14/2024 09:55:46 [Information] Z Axis Data Received: 0
11/14/2024 09:55:46 [Information] Z Axis Data Received: .
11/14/2024 09:55:46 [Information] Z Axis Data Received: 0
11/14/2024 09:55:46 [Information] Z Axis Data Received: 0
11/14/2024 09:55:46 [Information] Z Axis Data Received: 
11/14/2024 09:55:46 [Information] Z Axis Data Received: 

11/14/2024 09:55:46 [Information] Z Axis Data Received: Z
11/14/2024 09:55:46 [Information] Z Axis Data Received:  
11/14/2024 09:55:46 [Information] Z Axis Data Received: A
11/14/2024 09:55:46 [Information] Z Axis Data Received: x
11/14/2024 09:55:46 [Information] Z Axis Data Received: i
11/14/2024 09:55:46 [Information] Z Axis Data Received: s
11/14/2024 09:55:46 [Information] Z Axis Data Received:  
11/14/2024 09:55:46 [Information] Z Axis Data Received: A
11/14/2024 09:55:46 [Information] Z Axis Data Received: b
11/14/2024 09:55:46 [Information] Z Axis Data Received: s
11/14/2024 09:55:46 [Information] Z Axis Data Received: o
11/14/2024 09:55:46 [Information] Z Axis Data Received: l
11/14/2024 09:55:46 [Information] Z Axis Data Received: u
11/14/2024 09:55:46 [Information] Z Axis Data Received: t
11/14/2024 09:55:46 [Information] Z Axis Data Received: e
11/14/2024 09:55:46 [Information] Z Axis Data Received:  
11/14/2024 09:55:46 [Information] Z Axis Data Received: P
11/14/2024 09:55:46 [Information] Z Axis Data Received: o
11/14/2024 09:55:46 [Information] Z Axis Data Received: s
11/14/2024 09:55:46 [Information] Z Axis Data Received: i
11/14/2024 09:55:46 [Information] Z Axis Data Received: t
11/14/2024 09:55:46 [Information] Z Axis Data Received: i
11/14/2024 09:55:46 [Information] Z Axis Data Received: o
11/14/2024 09:55:46 [Information] Z Axis Data Received: n
11/14/2024 09:55:46 [Information] Z Axis Data Received:  
11/14/2024 09:55:46 [Information] Z Axis Data Received: 8
11/14/2024 09:55:46 [Information] Z Axis Data Received: 0
11/14/2024 09:55:46 [Information] Z Axis Data Received: 0
11/14/2024 09:55:46 [Information] Z Axis Data Received: .
11/14/2024 09:55:46 [Information] Z Axis Data Received: 0
11/14/2024 09:55:46 [Information] Z Axis Data Received: 0
11/14/2024 09:55:46 [Information] Z Axis Data Received: 
11/14/2024 09:55:46 [Information] Z Axis Data Received: 

11/14/2024 09:55:46 [Information] Z Axis Data Received: Z
11/14/2024 09:55:46 [Information] Z Axis Data Received:  
11/14/2024 09:55:46 [Information] Z Axis Data Received: A
11/14/2024 09:55:46 [Information] Z Axis Data Received: x
11/14/2024 09:55:46 [Information] Z Axis Data Received: i
11/14/2024 09:55:46 [Information] Z Axis Data Received: s
11/14/2024 09:55:46 [Information] Z Axis Data Received:  
11/14/2024 09:55:46 [Information] Z Axis Data Received: A
11/14/2024 09:55:46 [Information] Z Axis Data Received: b
11/14/2024 09:55:46 [Information] Z Axis Data Received: s
11/14/2024 09:55:46 [Information] Z Axis Data Received: o
11/14/2024 09:55:46 [Information] Z Axis Data Received: l
11/14/2024 09:55:46 [Information] Z Axis Data Received: u
11/14/2024 09:55:46 [Information] Z Axis Data Received: t
11/14/2024 09:55:46 [Information] Z Axis Data Received: e
11/14/2024 09:55:46 [Information] Z Axis Data Received:  
11/14/2024 09:55:46 [Information] Z Axis Data Received: P
11/14/2024 09:55:46 [Information] Z Axis Data Received: o
11/14/2024 09:55:46 [Information] Z Axis Data Received: s
11/14/2024 09:55:46 [Information] Z Axis Data Received: i
11/14/2024 09:55:46 [Information] Z Axis Data Received: t
11/14/2024 09:55:46 [Information] Z Axis Data Received: i
11/14/2024 09:55:46 [Information] Z Axis Data Received: o
11/14/2024 09:55:46 [Information] Z Axis Data Received: n
11/14/2024 09:55:46 [Information] Z Axis Data Received:  
11/14/2024 09:55:46 [Information] Z Axis Data Received: 8
11/14/2024 09:55:46 [Information] Z Axis Data Received: 0
11/14/2024 09:55:46 [Information] Z Axis Data Received: 0
11/14/2024 09:55:46 [Information] Z Axis Data Received: .
11/14/2024 09:55:46 [Information] Z Axis Data Received: 0
11/14/2024 09:55:46 [Information] Z Axis Data Received: 0
11/14/2024 09:55:46 [Information] Z Axis Data Received: 
11/14/2024 09:55:46 [Information] Z Axis Data Received: 

11/14/2024 09:55:46 [Information] Z Axis Data Received: Z
11/14/2024 09:55:46 [Information] Z Axis Data Received:  
11/14/2024 09:55:46 [Information] Z Axis Data Received: A
11/14/2024 09:55:46 [Information] Z Axis Data Received: x
11/14/2024 09:55:46 [Information] Z Axis Data Received: i
11/14/2024 09:55:46 [Information] Z Axis Data Received: s
11/14/2024 09:55:46 [Information] Z Axis Data Received:  
11/14/2024 09:55:46 [Information] Z Axis Data Received: A
11/14/2024 09:55:46 [Information] Z Axis Data Received: b
11/14/2024 09:55:46 [Information] Z Axis Data Received: s
11/14/2024 09:55:46 [Information] Z Axis Data Received: o
11/14/2024 09:55:46 [Information] Z Axis Data Received: l
11/14/2024 09:55:46 [Information] Z Axis Data Received: u
11/14/2024 09:55:46 [Information] Z Axis Data Received: t
11/14/2024 09:55:46 [Information] Z Axis Data Received: e
11/14/2024 09:55:46 [Information] Z Axis Data Received:  
11/14/2024 09:55:46 [Information] Z Axis Data Received: P
11/14/2024 09:55:46 [Information] Z Axis Data Received: o
11/14/2024 09:55:46 [Information] Z Axis Data Received: s
11/14/2024 09:55:46 [Information] Z Axis Data Received: i
11/14/2024 09:55:46 [Information] Z Axis Data Received: t
11/14/2024 09:55:46 [Information] Z Axis Data Received: i
11/14/2024 09:55:46 [Information] Z Axis Data Received: o
11/14/2024 09:55:46 [Information] Z Axis Data Received: n
11/14/2024 09:55:46 [Information] Z Axis Data Received:  
11/14/2024 09:55:46 [Information] Z Axis Data Received: 8
11/14/2024 09:55:46 [Information] Z Axis Data Received: 0
11/14/2024 09:55:46 [Information] Z Axis Data Received: 0
11/14/2024 09:55:46 [Information] Z Axis Data Received: .
11/14/2024 09:55:46 [Information] Z Axis Data Received: 0
11/14/2024 09:55:46 [Information] Z Axis Data Received: 0
11/14/2024 09:55:46 [Information] Z Axis Data Received: 
11/14/2024 09:55:46 [Information] Z Axis Data Received: 

11/14/2024 09:55:46 [Information] Z Axis Data Received: Z
11/14/2024 09:55:46 [Information] Z Axis Data Received:  
11/14/2024 09:55:46 [Information] Z Axis Data Received: A
11/14/2024 09:55:46 [Information] Z Axis Data Received: x
11/14/2024 09:55:46 [Information] Z Axis Data Received: i
11/14/2024 09:55:46 [Information] Z Axis Data Received: s
11/14/2024 09:55:46 [Information] Z Axis Data Received:  
11/14/2024 09:55:46 [Information] Z Axis Data Received: A
11/14/2024 09:55:46 [Information] Z Axis Data Received: b
11/14/2024 09:55:46 [Information] Z Axis Data Received: s
11/14/2024 09:55:46 [Information] Z Axis Data Received: o
11/14/2024 09:55:46 [Information] Z Axis Data Received: l
11/14/2024 09:55:46 [Information] Z Axis Data Received: u
11/14/2024 09:55:46 [Information] Z Axis Data Received: t
11/14/2024 09:55:46 [Information] Z Axis Data Received: e
11/14/2024 09:55:46 [Information] Z Axis Data Received:  
11/14/2024 09:55:46 [Information] Z Axis Data Received: P
11/14/2024 09:55:46 [Information] Z Axis Data Received: o
11/14/2024 09:55:46 [Information] Z Axis Data Received: s
11/14/2024 09:55:46 [Information] Z Axis Data Received: i
11/14/2024 09:55:46 [Information] Z Axis Data Received: t
11/14/2024 09:55:46 [Information] Z Axis Data Received: i
11/14/2024 09:55:46 [Information] Z Axis Data Received: o
11/14/2024 09:55:46 [Information] Z Axis Data Received: n
11/14/2024 09:55:46 [Information] Z Axis Data Received:  
11/14/2024 09:55:46 [Information] Z Axis Data Received: 8
11/14/2024 09:55:46 [Information] Z Axis Data Received: 0
11/14/2024 09:55:46 [Information] Z Axis Data Received: 0
11/14/2024 09:55:46 [Information] Z Axis Data Received: .
11/14/2024 09:55:46 [Information] Z Axis Data Received: 0
11/14/2024 09:55:46 [Information] Z Axis Data Received: 0
11/14/2024 09:55:46 [Information] Z Axis Data Received: 
11/14/2024 09:55:46 [Information] Z Axis Data Received: 

11/14/2024 09:55:46 [Information] Z Axis Data Received: Z
11/14/2024 09:55:46 [Information] Z Axis Data Received:  
11/14/2024 09:55:46 [Information] Z Axis Data Received: A
11/14/2024 09:55:46 [Information] Z Axis Data Received: x
11/14/2024 09:55:46 [Information] Z Axis Data Received: i
11/14/2024 09:55:47 [Information] Z Axis Data Received: s
11/14/2024 09:55:47 [Information] Z Axis Data Received:  
11/14/2024 09:55:47 [Information] Z Axis Data Received: A
11/14/2024 09:55:47 [Information] Z Axis Data Received: b
11/14/2024 09:55:47 [Information] Z Axis Data Received: s
11/14/2024 09:55:47 [Information] Z Axis Data Received: o
11/14/2024 09:55:47 [Information] Z Axis Data Received: l
11/14/2024 09:55:47 [Information] Z Axis Data Received: u
11/14/2024 09:55:47 [Information] Z Axis Data Received: t
11/14/2024 09:55:47 [Information] Z Axis Data Received: e
11/14/2024 09:55:47 [Information] Z Axis Data Received:  
11/14/2024 09:55:47 [Information] Z Axis Data Received: P
11/14/2024 09:55:47 [Information] Z Axis Data Received: o
11/14/2024 09:55:47 [Information] Z Axis Data Received: s
11/14/2024 09:55:47 [Information] Z Axis Data Received: i
11/14/2024 09:55:47 [Information] Z Axis Data Received: t
11/14/2024 09:55:47 [Information] Z Axis Data Received: i
11/14/2024 09:55:47 [Information] Z Axis Data Received: o
11/14/2024 09:55:47 [Information] Z Axis Data Received: n
11/14/2024 09:55:47 [Information] Z Axis Data Received:  
11/14/2024 09:55:47 [Information] Z Axis Data Received: 8
11/14/2024 09:55:47 [Information] Z Axis Data Received: 0
11/14/2024 09:55:47 [Information] Z Axis Data Received: 0
11/14/2024 09:55:47 [Information] Z Axis Data Received: .
11/14/2024 09:55:47 [Information] Z Axis Data Received: 0
11/14/2024 09:55:47 [Information] Z Axis Data Received: 0
11/14/2024 09:55:47 [Information] Z Axis Data Received: 
11/14/2024 09:55:47 [Information] Z Axis Data Received: 

11/14/2024 09:55:47 [Information] Z Axis Data Received: Z
11/14/2024 09:55:47 [Information] Z Axis Data Received:  
11/14/2024 09:55:47 [Information] Z Axis Data Received: A
11/14/2024 09:55:47 [Information] Z Axis Data Received: x
11/14/2024 09:55:47 [Information] Z Axis Data Received: i
11/14/2024 09:55:47 [Information] Z Axis Data Received: s
11/14/2024 09:55:47 [Information] Z Axis Data Received:  
11/14/2024 09:55:47 [Information] Z Axis Data Received: A
11/14/2024 09:55:47 [Information] Z Axis Data Received: b
11/14/2024 09:55:47 [Information] Z Axis Data Received: s
11/14/2024 09:55:47 [Information] Z Axis Data Received: o
11/14/2024 09:55:47 [Information] Z Axis Data Received: l
11/14/2024 09:55:47 [Information] Z Axis Data Received: u
11/14/2024 09:55:47 [Information] Z Axis Data Received: t
11/14/2024 09:55:47 [Information] Z Axis Data Received: e
11/14/2024 09:55:47 [Information] Z Axis Data Received:  
11/14/2024 09:55:47 [Information] Z Axis Data Received: P
11/14/2024 09:55:47 [Information] Z Axis Data Received: o
11/14/2024 09:55:47 [Information] Z Axis Data Received: s
11/14/2024 09:55:47 [Information] Z Axis Data Received: i
11/14/2024 09:55:47 [Information] Z Axis Data Received: t
11/14/2024 09:55:47 [Information] Z Axis Data Received: i
11/14/2024 09:55:47 [Information] Z Axis Data Received: o
11/14/2024 09:55:47 [Information] Z Axis Data Received: n
11/14/2024 09:55:47 [Information] Z Axis Data Received:  
11/14/2024 09:55:47 [Information] Z Axis Data Received: 8
11/14/2024 09:55:47 [Information] Z Axis Data Received: 0
11/14/2024 09:55:47 [Information] Z Axis Data Received: 0
11/14/2024 09:55:47 [Information] Z Axis Data Received: .
11/14/2024 09:55:47 [Information] Z Axis Data Received: 0
11/14/2024 09:55:47 [Information] Z Axis Data Received: 0
11/14/2024 09:55:47 [Information] Z Axis Data Received: 
11/14/2024 09:55:47 [Information] Z Axis Data Received: 

11/14/2024 09:55:47 [Information] Z Axis Data Received: Z
11/14/2024 09:55:47 [Information] Z Axis Data Received:  
11/14/2024 09:55:47 [Information] Z Axis Data Received: A
11/14/2024 09:55:47 [Information] Z Axis Data Received: x
11/14/2024 09:55:47 [Information] Z Axis Data Received: i
11/14/2024 09:55:47 [Information] Z Axis Data Received: s
11/14/2024 09:55:47 [Information] Z Axis Data Received:  
11/14/2024 09:55:47 [Information] Z Axis Data Received: A
11/14/2024 09:55:47 [Information] Z Axis Data Received: b
11/14/2024 09:55:47 [Information] Z Axis Data Received: s
11/14/2024 09:55:47 [Information] Z Axis Data Received: o
11/14/2024 09:55:47 [Information] Z Axis Data Received: l
11/14/2024 09:55:47 [Information] Z Axis Data Received: u
11/14/2024 09:55:47 [Information] Z Axis Data Received: t
11/14/2024 09:55:47 [Information] Z Axis Data Received: e
11/14/2024 09:55:47 [Information] Z Axis Data Received:  
11/14/2024 09:55:47 [Information] Z Axis Data Received: P
11/14/2024 09:55:47 [Information] Z Axis Data Received: o
11/14/2024 09:55:47 [Information] Z Axis Data Received: s
11/14/2024 09:55:47 [Information] Z Axis Data Received: i
11/14/2024 09:55:47 [Information] Z Axis Data Received: t
11/14/2024 09:55:47 [Information] Z Axis Data Received: i
11/14/2024 09:55:47 [Information] Z Axis Data Received: o
11/14/2024 09:55:47 [Information] Z Axis Data Received: n
11/14/2024 09:55:47 [Information] Z Axis Data Received:  
11/14/2024 09:55:47 [Information] Z Axis Data Received: 8
11/14/2024 09:55:47 [Information] Z Axis Data Received: 0
11/14/2024 09:55:47 [Information] Z Axis Data Received: 0
11/14/2024 09:55:47 [Information] Z Axis Data Received: .
11/14/2024 09:55:47 [Information] Z Axis Data Received: 0
11/14/2024 09:55:47 [Information] Z Axis Data Received: 0
11/14/2024 09:55:47 [Information] Z Axis Data Received: 
11/14/2024 09:55:47 [Information] Z Axis Data Received: 

11/14/2024 09:55:47 [Information] Z Axis Data Received: Z
11/14/2024 09:55:47 [Information] Z Axis Data Received:  
11/14/2024 09:55:47 [Information] Z Axis Data Received: A
11/14/2024 09:55:47 [Information] Z Axis Data Received: x
11/14/2024 09:55:47 [Information] Z Axis Data Received: i
11/14/2024 09:55:47 [Information] Z Axis Data Received: s
11/14/2024 09:55:47 [Information] Z Axis Data Received:  
11/14/2024 09:55:47 [Information] Z Axis Data Received: A
11/14/2024 09:55:47 [Information] Z Axis Data Received: b
11/14/2024 09:55:47 [Information] Z Axis Data Received: s
11/14/2024 09:55:47 [Information] Z Axis Data Received: o
11/14/2024 09:55:47 [Information] Z Axis Data Received: l
11/14/2024 09:55:47 [Information] Z Axis Data Received: u
11/14/2024 09:55:47 [Information] Z Axis Data Received: t
11/14/2024 09:55:47 [Information] Z Axis Data Received: e
11/14/2024 09:55:47 [Information] Z Axis Data Received:  
11/14/2024 09:55:47 [Information] Z Axis Data Received: P
11/14/2024 09:55:47 [Information] Z Axis Data Received: o
11/14/2024 09:55:47 [Information] Z Axis Data Received: s
11/14/2024 09:55:47 [Information] Z Axis Data Received: i
11/14/2024 09:55:47 [Information] Z Axis Data Received: t
11/14/2024 09:55:47 [Information] Z Axis Data Received: i
11/14/2024 09:55:47 [Information] Z Axis Data Received: o
11/14/2024 09:55:47 [Information] Z Axis Data Received: n
11/14/2024 09:55:47 [Information] Z Axis Data Received:  
11/14/2024 09:55:47 [Information] Z Axis Data Received: 8
11/14/2024 09:55:47 [Information] Z Axis Data Received: 0
11/14/2024 09:55:47 [Information] Z Axis Data Received: 0
11/14/2024 09:55:47 [Information] Z Axis Data Received: .
11/14/2024 09:55:47 [Information] Z Axis Data Received: 0
11/14/2024 09:55:47 [Information] Z Axis Data Received: 0
11/14/2024 09:55:47 [Information] Z Axis Data Received: 
11/14/2024 09:55:47 [Information] Z Axis Data Received: 

11/14/2024 09:55:47 [Information] Z Axis Data Received: Z
11/14/2024 09:55:47 [Information] Z Axis Data Received:  
11/14/2024 09:55:47 [Information] Z Axis Data Received: A
11/14/2024 09:55:47 [Information] Z Axis Data Received: x
11/14/2024 09:55:47 [Information] Z Axis Data Received: i
11/14/2024 09:55:47 [Information] Z Axis Data Received: s
11/14/2024 09:55:47 [Information] Z Axis Data Received:  
11/14/2024 09:55:47 [Information] Z Axis Data Received: A
11/14/2024 09:55:47 [Information] Z Axis Data Received: b
11/14/2024 09:55:47 [Information] Z Axis Data Received: s
11/14/2024 09:55:47 [Information] Z Axis Data Received: o
11/14/2024 09:55:47 [Information] Z Axis Data Received: l
11/14/2024 09:55:47 [Information] Z Axis Data Received: u
11/14/2024 09:55:47 [Information] Z Axis Data Received: t
11/14/2024 09:55:47 [Information] Z Axis Data Received: e
11/14/2024 09:55:47 [Information] Z Axis Data Received:  
11/14/2024 09:55:47 [Information] Z Axis Data Received: P
11/14/2024 09:55:47 [Information] Z Axis Data Received: o
11/14/2024 09:55:47 [Information] Z Axis Data Received: s
11/14/2024 09:55:47 [Information] Z Axis Data Received: i
11/14/2024 09:55:47 [Information] Z Axis Data Received: t
11/14/2024 09:55:47 [Information] Z Axis Data Received: i
11/14/2024 09:55:47 [Information] Z Axis Data Received: o
11/14/2024 09:55:47 [Information] Z Axis Data Received: n
11/14/2024 09:55:47 [Information] Z Axis Data Received:  
11/14/2024 09:55:47 [Information] Z Axis Data Received: 8
11/14/2024 09:55:47 [Information] Z Axis Data Received: 0
11/14/2024 09:55:47 [Information] Z Axis Data Received: 0
11/14/2024 09:55:47 [Information] Z Axis Data Received: .
11/14/2024 09:55:47 [Information] Z Axis Data Received: 0
11/14/2024 09:55:47 [Information] Z Axis Data Received: 0
11/14/2024 09:55:47 [Information] Z Axis Data Received: 
11/14/2024 09:55:47 [Information] Z Axis Data Received: 

11/14/2024 09:55:47 [Information] Z Axis Data Received: Z
11/14/2024 09:55:47 [Information] Z Axis Data Received:  
11/14/2024 09:55:47 [Information] Z Axis Data Received: A
11/14/2024 09:55:47 [Information] Z Axis Data Received: x
11/14/2024 09:55:47 [Information] Z Axis Data Received: i
11/14/2024 09:55:47 [Information] Z Axis Data Received: s
11/14/2024 09:55:47 [Information] Z Axis Data Received:  
11/14/2024 09:55:47 [Information] Z Axis Data Received: A
11/14/2024 09:55:47 [Information] Z Axis Data Received: b
11/14/2024 09:55:47 [Information] Z Axis Data Received: s
11/14/2024 09:55:47 [Information] Z Axis Data Received: o
11/14/2024 09:55:47 [Information] Z Axis Data Received: l
11/14/2024 09:55:47 [Information] Z Axis Data Received: u
11/14/2024 09:55:47 [Information] Z Axis Data Received: t
11/14/2024 09:55:47 [Information] Z Axis Data Received: e
11/14/2024 09:55:47 [Information] Z Axis Data Received:  
11/14/2024 09:55:47 [Information] Z Axis Data Received: P
11/14/2024 09:55:47 [Information] Z Axis Data Received: o
11/14/2024 09:55:47 [Information] Z Axis Data Received: s
11/14/2024 09:55:47 [Information] Z Axis Data Received: i
11/14/2024 09:55:47 [Information] Z Axis Data Received: t
11/14/2024 09:55:47 [Information] Z Axis Data Received: i
11/14/2024 09:55:47 [Information] Z Axis Data Received: o
11/14/2024 09:55:47 [Information] Z Axis Data Received: n
11/14/2024 09:55:47 [Information] Z Axis Data Received:  
11/14/2024 09:55:47 [Information] Z Axis Data Received: 8
11/14/2024 09:55:47 [Information] Z Axis Data Received: 0
11/14/2024 09:55:47 [Information] Z Axis Data Received: 0
11/14/2024 09:55:47 [Information] Z Axis Data Received: .
11/14/2024 09:55:47 [Information] Z Axis Data Received: 0
11/14/2024 09:55:47 [Information] Z Axis Data Received: 0
11/14/2024 09:55:47 [Information] Z Axis Data Received: 
11/14/2024 09:55:47 [Information] Z Axis Data Received: 

11/14/2024 09:55:47 [Information] Z Axis Data Received: Z
11/14/2024 09:55:47 [Information] Z Axis Data Received:  
11/14/2024 09:55:47 [Information] Z Axis Data Received: A
11/14/2024 09:55:47 [Information] Z Axis Data Received: x
11/14/2024 09:55:47 [Information] Z Axis Data Received: i
11/14/2024 09:55:47 [Information] Z Axis Data Received: s
11/14/2024 09:55:47 [Information] Z Axis Data Received:  
11/14/2024 09:55:47 [Information] Z Axis Data Received: A
11/14/2024 09:55:47 [Information] Z Axis Data Received: b
11/14/2024 09:55:47 [Information] Z Axis Data Received: s
11/14/2024 09:55:47 [Information] Z Axis Data Received: o
11/14/2024 09:55:47 [Information] Z Axis Data Received: l
11/14/2024 09:55:47 [Information] Z Axis Data Received: u
11/14/2024 09:55:47 [Information] Z Axis Data Received: t
11/14/2024 09:55:47 [Information] Z Axis Data Received: e
11/14/2024 09:55:47 [Information] Z Axis Data Received:  
11/14/2024 09:55:47 [Information] Z Axis Data Received: P
11/14/2024 09:55:47 [Information] Z Axis Data Received: o
11/14/2024 09:55:47 [Information] Z Axis Data Received: s
11/14/2024 09:55:47 [Information] Z Axis Data Received: i
11/14/2024 09:55:47 [Information] Z Axis Data Received: t
11/14/2024 09:55:47 [Information] Z Axis Data Received: i
11/14/2024 09:55:47 [Information] Z Axis Data Received: o
11/14/2024 09:55:47 [Information] Z Axis Data Received: n
11/14/2024 09:55:47 [Information] Z Axis Data Received:  
11/14/2024 09:55:47 [Information] Z Axis Data Received: 8
11/14/2024 09:55:47 [Information] Z Axis Data Received: 0
11/14/2024 09:55:47 [Information] Z Axis Data Received: 0
11/14/2024 09:55:47 [Information] Z Axis Data Received: .
11/14/2024 09:55:47 [Information] Z Axis Data Received: 0
11/14/2024 09:55:47 [Information] Z Axis Data Received: 0
11/14/2024 09:55:47 [Information] Z Axis Data Received: 
11/14/2024 09:55:47 [Information] Z Axis Data Received: 

11/14/2024 09:55:47 [Information] Z Axis Data Received: Z
11/14/2024 09:55:47 [Information] Z Axis Data Received:  
11/14/2024 09:55:47 [Information] Z Axis Data Received: A
11/14/2024 09:55:47 [Information] Z Axis Data Received: x
11/14/2024 09:55:47 [Information] Z Axis Data Received: i
11/14/2024 09:55:47 [Information] Z Axis Data Received: s
11/14/2024 09:55:47 [Information] Z Axis Data Received:  
11/14/2024 09:55:47 [Information] Z Axis Data Received: A
11/14/2024 09:55:47 [Information] Z Axis Data Received: b
11/14/2024 09:55:47 [Information] Z Axis Data Received: s
11/14/2024 09:55:47 [Information] Z Axis Data Received: o
11/14/2024 09:55:47 [Information] Z Axis Data Received: l
11/14/2024 09:55:47 [Information] Z Axis Data Received: u
11/14/2024 09:55:47 [Information] Z Axis Data Received: t
11/14/2024 09:55:47 [Information] Z Axis Data Received: e
11/14/2024 09:55:47 [Information] Z Axis Data Received:  
11/14/2024 09:55:47 [Information] Z Axis Data Received: P
11/14/2024 09:55:47 [Information] Z Axis Data Received: o
11/14/2024 09:55:47 [Information] Z Axis Data Received: s
11/14/2024 09:55:47 [Information] Z Axis Data Received: i
11/14/2024 09:55:47 [Information] Z Axis Data Received: t
11/14/2024 09:55:47 [Information] Z Axis Data Received: i
11/14/2024 09:55:47 [Information] Z Axis Data Received: o
11/14/2024 09:55:47 [Information] Z Axis Data Received: n
11/14/2024 09:55:47 [Information] Z Axis Data Received:  
11/14/2024 09:55:47 [Information] Z Axis Data Received: 8
11/14/2024 09:55:47 [Information] Z Axis Data Received: 0
11/14/2024 09:55:47 [Information] Z Axis Data Received: 0
11/14/2024 09:55:47 [Information] Z Axis Data Received: .
11/14/2024 09:55:47 [Information] Z Axis Data Received: 0
11/14/2024 09:55:47 [Information] Z Axis Data Received: 0
11/14/2024 09:55:47 [Information] Z Axis Data Received: 
11/14/2024 09:55:47 [Information] Z Axis Data Received: 

11/14/2024 09:55:47 [Information] Z Axis Data Received: Z
11/14/2024 09:55:47 [Information] Z Axis Data Received:  
11/14/2024 09:55:47 [Information] Z Axis Data Received: A
11/14/2024 09:55:47 [Information] Z Axis Data Received: x
11/14/2024 09:55:47 [Information] Z Axis Data Received: i
11/14/2024 09:55:47 [Information] Z Axis Data Received: s
11/14/2024 09:55:47 [Information] Z Axis Data Received:  
11/14/2024 09:55:47 [Information] Z Axis Data Received: A
11/14/2024 09:55:47 [Information] Z Axis Data Received: b
11/14/2024 09:55:47 [Information] Z Axis Data Received: s
11/14/2024 09:55:47 [Information] Z Axis Data Received: o
11/14/2024 09:55:47 [Information] Z Axis Data Received: l
11/14/2024 09:55:47 [Information] Z Axis Data Received: u
11/14/2024 09:55:47 [Information] Z Axis Data Received: t
11/14/2024 09:55:47 [Information] Z Axis Data Received: e
11/14/2024 09:55:47 [Information] Z Axis Data Received:  
11/14/2024 09:55:47 [Information] Z Axis Data Received: P
11/14/2024 09:55:47 [Information] Z Axis Data Received: o
11/14/2024 09:55:47 [Information] Z Axis Data Received: s
11/14/2024 09:55:47 [Information] Z Axis Data Received: i
11/14/2024 09:55:47 [Information] Z Axis Data Received: t
11/14/2024 09:55:47 [Information] Z Axis Data Received: i
11/14/2024 09:55:47 [Information] Z Axis Data Received: o
11/14/2024 09:55:47 [Information] Z Axis Data Received: n
11/14/2024 09:55:47 [Information] Z Axis Data Received:  
11/14/2024 09:55:47 [Information] Z Axis Data Received: 8
11/14/2024 09:55:47 [Information] Z Axis Data Received: 0
11/14/2024 09:55:47 [Information] Z Axis Data Received: 0
11/14/2024 09:55:47 [Information] Z Axis Data Received: .
11/14/2024 09:55:47 [Information] Z Axis Data Received: 0
11/14/2024 09:55:47 [Information] Z Axis Data Received: 0
11/14/2024 09:55:47 [Information] Z Axis Data Received: 
11/14/2024 09:55:47 [Information] Z Axis Data Received: 

11/14/2024 09:55:47 [Information] Z Axis Data Received: Z
11/14/2024 09:55:47 [Information] Z Axis Data Received:  
11/14/2024 09:55:47 [Information] Z Axis Data Received: A
11/14/2024 09:55:47 [Information] Z Axis Data Received: x
11/14/2024 09:55:47 [Information] Z Axis Data Received: i
11/14/2024 09:55:47 [Information] Z Axis Data Received: s
11/14/2024 09:55:47 [Information] Z Axis Data Received:  
11/14/2024 09:55:47 [Information] Z Axis Data Received: A
11/14/2024 09:55:47 [Information] Z Axis Data Received: b
11/14/2024 09:55:47 [Information] Z Axis Data Received: s
11/14/2024 09:55:47 [Information] Z Axis Data Received: o
11/14/2024 09:55:47 [Information] Z Axis Data Received: l
11/14/2024 09:55:47 [Information] Z Axis Data Received: u
11/14/2024 09:55:47 [Information] Z Axis Data Received: t
11/14/2024 09:55:47 [Information] Z Axis Data Received: e
11/14/2024 09:55:47 [Information] Z Axis Data Received:  
11/14/2024 09:55:47 [Information] Z Axis Data Received: P
11/14/2024 09:55:47 [Information] Z Axis Data Received: o
11/14/2024 09:55:47 [Information] Z Axis Data Received: s
11/14/2024 09:55:47 [Information] Z Axis Data Received: i
11/14/2024 09:55:47 [Information] Z Axis Data Received: t
11/14/2024 09:55:47 [Information] Z Axis Data Received: i
11/14/2024 09:55:47 [Information] Z Axis Data Received: o
11/14/2024 09:55:47 [Information] Z Axis Data Received: n
11/14/2024 09:55:47 [Information] Z Axis Data Received:  
11/14/2024 09:55:47 [Information] Z Axis Data Received: 8
11/14/2024 09:55:47 [Information] Z Axis Data Received: 0
11/14/2024 09:55:47 [Information] Z Axis Data Received: 0
11/14/2024 09:55:47 [Information] Z Axis Data Received: .
11/14/2024 09:55:47 [Information] Z Axis Data Received: 0
11/14/2024 09:55:47 [Information] Z Axis Data Received: 0
11/14/2024 09:55:47 [Information] Z Axis Data Received: 
11/14/2024 09:55:47 [Information] Z Axis Data Received: 

11/14/2024 09:55:47 [Information] Z Axis Data Received: Z
11/14/2024 09:55:47 [Information] Z Axis Data Received:  
11/14/2024 09:55:47 [Information] Z Axis Data Received: A
11/14/2024 09:55:47 [Information] Z Axis Data Received: x
11/14/2024 09:55:47 [Information] Z Axis Data Received: i
11/14/2024 09:55:47 [Information] Z Axis Data Received: s
11/14/2024 09:55:47 [Information] Z Axis Data Received:  
11/14/2024 09:55:47 [Information] Z Axis Data Received: A
11/14/2024 09:55:47 [Information] Z Axis Data Received: b
11/14/2024 09:55:47 [Information] Z Axis Data Received: s
11/14/2024 09:55:47 [Information] Z Axis Data Received: o
11/14/2024 09:55:47 [Information] Z Axis Data Received: l
11/14/2024 09:55:47 [Information] Z Axis Data Received: u
11/14/2024 09:55:47 [Information] Z Axis Data Received: t
11/14/2024 09:55:47 [Information] Z Axis Data Received: e
11/14/2024 09:55:47 [Information] Z Axis Data Received:  
11/14/2024 09:55:47 [Information] Z Axis Data Received: P
11/14/2024 09:55:47 [Information] Z Axis Data Received: o
11/14/2024 09:55:47 [Information] Z Axis Data Received: s
11/14/2024 09:55:47 [Information] Z Axis Data Received: i
11/14/2024 09:55:47 [Information] Z Axis Data Received: t
11/14/2024 09:55:47 [Information] Z Axis Data Received: i
11/14/2024 09:55:47 [Information] Z Axis Data Received: o
11/14/2024 09:55:47 [Information] Z Axis Data Received: n
11/14/2024 09:55:47 [Information] Z Axis Data Received:  
11/14/2024 09:55:47 [Information] Z Axis Data Received: 8
11/14/2024 09:55:47 [Information] Z Axis Data Received: 0
11/14/2024 09:55:47 [Information] Z Axis Data Received: 0
11/14/2024 09:55:47 [Information] Z Axis Data Received: .
11/14/2024 09:55:47 [Information] Z Axis Data Received: 0
11/14/2024 09:55:47 [Information] Z Axis Data Received: 0
11/14/2024 09:55:47 [Information] Z Axis Data Received: 
11/14/2024 09:55:47 [Information] Z Axis Data Received: 

11/14/2024 09:55:47 [Information] Z Axis Data Received: Z
11/14/2024 09:55:47 [Information] Z Axis Data Received:  
11/14/2024 09:55:47 [Information] Z Axis Data Received: A
11/14/2024 09:55:47 [Information] Z Axis Data Received: x
11/14/2024 09:55:47 [Information] Z Axis Data Received: i
11/14/2024 09:55:47 [Information] Z Axis Data Received: s
11/14/2024 09:55:47 [Information] Z Axis Data Received:  
11/14/2024 09:55:47 [Information] Z Axis Data Received: A
11/14/2024 09:55:47 [Information] Z Axis Data Received: b
11/14/2024 09:55:47 [Information] Z Axis Data Received: s
11/14/2024 09:55:47 [Information] Z Axis Data Received: o
11/14/2024 09:55:47 [Information] Z Axis Data Received: l
11/14/2024 09:55:47 [Information] Z Axis Data Received: u
11/14/2024 09:55:47 [Information] Z Axis Data Received: t
11/14/2024 09:55:47 [Information] Z Axis Data Received: e
11/14/2024 09:55:47 [Information] Z Axis Data Received:  
11/14/2024 09:55:47 [Information] Z Axis Data Received: P
11/14/2024 09:55:47 [Information] Z Axis Data Received: o
11/14/2024 09:55:47 [Information] Z Axis Data Received: s
11/14/2024 09:55:47 [Information] Z Axis Data Received: i
11/14/2024 09:55:47 [Information] Z Axis Data Received: t
11/14/2024 09:55:47 [Information] Z Axis Data Received: i
11/14/2024 09:55:47 [Information] Z Axis Data Received: o
11/14/2024 09:55:47 [Information] Z Axis Data Received: n
11/14/2024 09:55:47 [Information] Z Axis Data Received:  
11/14/2024 09:55:47 [Information] Z Axis Data Received: 8
11/14/2024 09:55:47 [Information] Z Axis Data Received: 0
11/14/2024 09:55:47 [Information] Z Axis Data Received: 0
11/14/2024 09:55:47 [Information] Z Axis Data Received: .
11/14/2024 09:55:47 [Information] Z Axis Data Received: 0
11/14/2024 09:55:47 [Information] Z Axis Data Received: 0
11/14/2024 09:55:47 [Information] Z Axis Data Received: 
11/14/2024 09:55:47 [Information] Z Axis Data Received: 

11/14/2024 09:55:47 [Information] Z Axis Data Received: Z
11/14/2024 09:55:47 [Information] Z Axis Data Received:  
11/14/2024 09:55:47 [Information] Z Axis Data Received: A
11/14/2024 09:55:47 [Information] Z Axis Data Received: x
11/14/2024 09:55:47 [Information] Z Axis Data Received: i
11/14/2024 09:55:47 [Information] Z Axis Data Received: s
11/14/2024 09:55:47 [Information] Z Axis Data Received:  
11/14/2024 09:55:47 [Information] Z Axis Data Received: A
11/14/2024 09:55:47 [Information] Z Axis Data Received: b
11/14/2024 09:55:47 [Information] Z Axis Data Received: s
11/14/2024 09:55:47 [Information] Z Axis Data Received: o
11/14/2024 09:55:47 [Information] Z Axis Data Received: l
11/14/2024 09:55:47 [Information] Z Axis Data Received: u
11/14/2024 09:55:47 [Information] Z Axis Data Received: t
11/14/2024 09:55:47 [Information] Z Axis Data Received: e
11/14/2024 09:55:47 [Information] Z Axis Data Received:  
11/14/2024 09:55:47 [Information] Z Axis Data Received: P
11/14/2024 09:55:47 [Information] Z Axis Data Received: o
11/14/2024 09:55:47 [Information] Z Axis Data Received: s
11/14/2024 09:55:47 [Information] Z Axis Data Received: i
11/14/2024 09:55:47 [Information] Z Axis Data Received: t
11/14/2024 09:55:47 [Information] Z Axis Data Received: i
11/14/2024 09:55:47 [Information] Z Axis Data Received: o
11/14/2024 09:55:47 [Information] Z Axis Data Received: n
11/14/2024 09:55:47 [Information] Z Axis Data Received:  
11/14/2024 09:55:47 [Information] Z Axis Data Received: 8
11/14/2024 09:55:47 [Information] Z Axis Data Received: 0
11/14/2024 09:55:47 [Information] Z Axis Data Received: 0
11/14/2024 09:55:47 [Information] Z Axis Data Received: .00
11/14/2024 09:55:47 [Information] Z Axis Data Received: 
11/14/2024 09:55:47 [Information] Z Axis Data Received: 

11/14/2024 09:55:47 [Information] Z Axis Data Received: Z
11/14/2024 09:55:47 [Information] Z Axis Data Received:  
11/14/2024 09:55:47 [Information] Z Axis Data Received: A
11/14/2024 09:55:47 [Information] Z Axis Data Received: x
11/14/2024 09:55:47 [Information] Z Axis Data Received: i
11/14/2024 09:55:47 [Information] Z Axis Data Received: s
11/14/2024 09:55:47 [Information] Z Axis Data Received:  
11/14/2024 09:55:47 [Information] Z Axis Data Received: A
11/14/2024 09:55:47 [Information] Z Axis Data Received: b
11/14/2024 09:55:47 [Information] Z Axis Data Received: s
11/14/2024 09:55:47 [Information] Z Axis Data Received: o
11/14/2024 09:55:47 [Information] Z Axis Data Received: l
11/14/2024 09:55:47 [Information] Z Axis Data Received: u
11/14/2024 09:55:47 [Information] Z Axis Data Received: t
11/14/2024 09:55:47 [Information] Z Axis Data Received: e
11/14/2024 09:55:47 [Information] Z Axis Data Received:  
11/14/2024 09:55:47 [Information] Z Axis Data Received: P
11/14/2024 09:55:47 [Information] Z Axis Data Received: o
11/14/2024 09:55:47 [Information] Z Axis Data Received: s
11/14/2024 09:55:47 [Information] Z Axis Data Received: i
11/14/2024 09:55:47 [Information] Z Axis Data Received: t
11/14/2024 09:55:47 [Information] Z Axis Data Received: i
11/14/2024 09:55:47 [Information] Z Axis Data Received: o
11/14/2024 09:55:47 [Information] Z Axis Data Received: n
11/14/2024 09:55:47 [Information] Z Axis Data Received:  
11/14/2024 09:55:47 [Information] Z Axis Data Received: 8
11/14/2024 09:55:47 [Information] Z Axis Data Received: 0
11/14/2024 09:55:47 [Information] Z Axis Data Received: 0
11/14/2024 09:55:47 [Information] Z Axis Data Received: .
11/14/2024 09:55:47 [Information] Z Axis Data Received: 0
11/14/2024 09:55:47 [Information] Z Axis Data Received: 0
11/14/2024 09:55:47 [Information] Z Axis Data Received: 
11/14/2024 09:55:47 [Information] Z Axis Data Received: 

11/14/2024 09:55:47 [Information] Z Axis Data Received: Z
11/14/2024 09:55:47 [Information] Z Axis Data Received:  
11/14/2024 09:55:47 [Information] Z Axis Data Received: A
11/14/2024 09:55:47 [Information] Z Axis Data Received: x
11/14/2024 09:55:47 [Information] Z Axis Data Received: i
11/14/2024 09:55:47 [Information] Z Axis Data Received: s
11/14/2024 09:55:47 [Information] Z Axis Data Received:  
11/14/2024 09:55:47 [Information] Z Axis Data Received: A
11/14/2024 09:55:47 [Information] Z Axis Data Received: b
11/14/2024 09:55:47 [Information] Z Axis Data Received: s
11/14/2024 09:55:47 [Information] Z Axis Data Received: o
11/14/2024 09:55:47 [Information] Z Axis Data Received: l
11/14/2024 09:55:47 [Information] Z Axis Data Received: u
11/14/2024 09:55:47 [Information] Z Axis Data Received: t
11/14/2024 09:55:47 [Information] Z Axis Data Received: e
11/14/2024 09:55:47 [Information] Z Axis Data Received:  
11/14/2024 09:55:47 [Information] Z Axis Data Received: P
11/14/2024 09:55:47 [Information] Z Axis Data Received: o
11/14/2024 09:55:47 [Information] Z Axis Data Received: s
11/14/2024 09:55:47 [Information] Z Axis Data Received: i
11/14/2024 09:55:47 [Information] Z Axis Data Received: t
11/14/2024 09:55:47 [Information] Z Axis Data Received: i
11/14/2024 09:55:47 [Information] Z Axis Data Received: o
11/14/2024 09:55:47 [Information] Z Axis Data Received: n
11/14/2024 09:55:47 [Information] Z Axis Data Received:  
11/14/2024 09:55:47 [Information] Z Axis Data Received: 8
11/14/2024 09:55:47 [Information] Z Axis Data Received: 0
11/14/2024 09:55:47 [Information] Z Axis Data Received: 0
11/14/2024 09:55:47 [Information] Z Axis Data Received: .
11/14/2024 09:55:47 [Information] Z Axis Data Received: 0
11/14/2024 09:55:47 [Information] Z Axis Data Received: 0
11/14/2024 09:55:47 [Information] Z Axis Data Received: 
11/14/2024 09:55:47 [Information] Z Axis Data Received: 

11/14/2024 09:55:47 [Information] Z Axis Data Received: Z
11/14/2024 09:55:47 [Information] Z Axis Data Received:  
11/14/2024 09:55:47 [Information] Z Axis Data Received: A
11/14/2024 09:55:47 [Information] Z Axis Data Received: x
11/14/2024 09:55:47 [Information] Z Axis Data Received: i
11/14/2024 09:55:47 [Information] Z Axis Data Received: s
11/14/2024 09:55:47 [Information] Z Axis Data Received:  
11/14/2024 09:55:47 [Information] Z Axis Data Received: A
11/14/2024 09:55:47 [Information] Z Axis Data Received: b
11/14/2024 09:55:47 [Information] Z Axis Data Received: s
11/14/2024 09:55:47 [Information] Z Axis Data Received: o
11/14/2024 09:55:47 [Information] Z Axis Data Received: l
11/14/2024 09:55:47 [Information] Z Axis Data Received: u
11/14/2024 09:55:47 [Information] Z Axis Data Received: t
11/14/2024 09:55:47 [Information] Z Axis Data Received: e
11/14/2024 09:55:47 [Information] Z Axis Data Received:  
11/14/2024 09:55:47 [Information] Z Axis Data Received: P
11/14/2024 09:55:47 [Information] Z Axis Data Received: o
11/14/2024 09:55:47 [Information] Z Axis Data Received: s
11/14/2024 09:55:47 [Information] Z Axis Data Received: i
11/14/2024 09:55:47 [Information] Z Axis Data Received: t
11/14/2024 09:55:47 [Information] Z Axis Data Received: i
11/14/2024 09:55:47 [Information] Z Axis Data Received: o
11/14/2024 09:55:47 [Information] Z Axis Data Received: n
11/14/2024 09:55:47 [Information] Z Axis Data Received:  
11/14/2024 09:55:47 [Information] Z Axis Data Received: 8
11/14/2024 09:55:47 [Information] Z Axis Data Received: 0
11/14/2024 09:55:47 [Information] Z Axis Data Received: 0
11/14/2024 09:55:47 [Information] Z Axis Data Received: .
11/14/2024 09:55:47 [Information] Z Axis Data Received: 0
11/14/2024 09:55:47 [Information] Z Axis Data Received: 0
11/14/2024 09:55:47 [Information] Z Axis Data Received: 
11/14/2024 09:55:47 [Information] Z Axis Data Received: 

11/14/2024 09:55:47 [Information] Z Axis Data Received: Z
11/14/2024 09:55:47 [Information] Z Axis Data Received:  
11/14/2024 09:55:47 [Information] Z Axis Data Received: A
11/14/2024 09:55:47 [Information] Z Axis Data Received: x
11/14/2024 09:55:47 [Information] Z Axis Data Received: i
11/14/2024 09:55:47 [Information] Z Axis Data Received: s
11/14/2024 09:55:47 [Information] Z Axis Data Received:  
11/14/2024 09:55:47 [Information] Z Axis Data Received: A
11/14/2024 09:55:47 [Information] Z Axis Data Received: b
11/14/2024 09:55:47 [Information] Z Axis Data Received: s
11/14/2024 09:55:47 [Information] Z Axis Data Received: o
11/14/2024 09:55:47 [Information] Z Axis Data Received: l
11/14/2024 09:55:47 [Information] Z Axis Data Received: u
11/14/2024 09:55:47 [Information] Z Axis Data Received: t
11/14/2024 09:55:47 [Information] Z Axis Data Received: e
11/14/2024 09:55:47 [Information] Z Axis Data Received:  
11/14/2024 09:55:47 [Information] Z Axis Data Received: P
11/14/2024 09:55:47 [Information] Z Axis Data Received: o
11/14/2024 09:55:47 [Information] Z Axis Data Received: s
11/14/2024 09:55:47 [Information] Z Axis Data Received: i
11/14/2024 09:55:47 [Information] Z Axis Data Received: t
11/14/2024 09:55:47 [Information] Z Axis Data Received: i
11/14/2024 09:55:47 [Information] Z Axis Data Received: o
11/14/2024 09:55:47 [Information] Z Axis Data Received: n
11/14/2024 09:55:47 [Information] Z Axis Data Received:  
11/14/2024 09:55:47 [Information] Z Axis Data Received: 8
11/14/2024 09:55:47 [Information] Z Axis Data Received: 0
11/14/2024 09:55:47 [Information] Z Axis Data Received: 0
11/14/2024 09:55:47 [Information] Z Axis Data Received: .
11/14/2024 09:55:47 [Information] Z Axis Data Received: 0
11/14/2024 09:55:47 [Information] Z Axis Data Received: 0
11/14/2024 09:55:47 [Information] Z Axis Data Received: 
11/14/2024 09:55:47 [Information] Z Axis Data Received: 

11/14/2024 09:55:47 [Information] Z Axis Data Received: Z
11/14/2024 09:55:47 [Information] Z Axis Data Received:  
11/14/2024 09:55:47 [Information] Z Axis Data Received: A
11/14/2024 09:55:47 [Information] Z Axis Data Received: x
11/14/2024 09:55:47 [Information] Z Axis Data Received: i
11/14/2024 09:55:47 [Information] Z Axis Data Received: s
11/14/2024 09:55:47 [Information] Z Axis Data Received:  
11/14/2024 09:55:47 [Information] Z Axis Data Received: A
11/14/2024 09:55:47 [Information] Z Axis Data Received: b
11/14/2024 09:55:47 [Information] Z Axis Data Received: s
11/14/2024 09:55:47 [Information] Z Axis Data Received: o
11/14/2024 09:55:47 [Information] Z Axis Data Received: l
11/14/2024 09:55:47 [Information] Z Axis Data Received: u
11/14/2024 09:55:47 [Information] Z Axis Data Received: t
11/14/2024 09:55:47 [Information] Z Axis Data Received: e
11/14/2024 09:55:47 [Information] Z Axis Data Received:  
11/14/2024 09:55:47 [Information] Z Axis Data Received: P
11/14/2024 09:55:47 [Information] Z Axis Data Received: o
11/14/2024 09:55:47 [Information] Z Axis Data Received: s
11/14/2024 09:55:47 [Information] Z Axis Data Received: i
11/14/2024 09:55:47 [Information] Z Axis Data Received: t
11/14/2024 09:55:47 [Information] Z Axis Data Received: i
11/14/2024 09:55:47 [Information] Z Axis Data Received: o
11/14/2024 09:55:47 [Information] Z Axis Data Received: n
11/14/2024 09:55:47 [Information] Z Axis Data Received:  
11/14/2024 09:55:47 [Information] Z Axis Data Received: 8
11/14/2024 09:55:47 [Information] Z Axis Data Received: 0
11/14/2024 09:55:47 [Information] Z Axis Data Received: 0
11/14/2024 09:55:47 [Information] Z Axis Data Received: .
11/14/2024 09:55:47 [Information] Z Axis Data Received: 0
11/14/2024 09:55:47 [Information] Z Axis Data Received: 0
11/14/2024 09:55:47 [Information] Z Axis Data Received: 
11/14/2024 09:55:47 [Information] Z Axis Data Received: 

11/14/2024 09:55:47 [Information] Z Axis Data Received: Z
11/14/2024 09:55:47 [Information] Z Axis Data Received:  
11/14/2024 09:55:47 [Information] Z Axis Data Received: A
11/14/2024 09:55:47 [Information] Z Axis Data Received: x
11/14/2024 09:55:47 [Information] Z Axis Data Received: i
11/14/2024 09:55:47 [Information] Z Axis Data Received: s
11/14/2024 09:55:47 [Information] Z Axis Data Received:  
11/14/2024 09:55:47 [Information] Z Axis Data Received: A
11/14/2024 09:55:47 [Information] Z Axis Data Received: b
11/14/2024 09:55:47 [Information] Z Axis Data Received: s
11/14/2024 09:55:47 [Information] Z Axis Data Received: o
11/14/2024 09:55:47 [Information] Z Axis Data Received: l
11/14/2024 09:55:47 [Information] Z Axis Data Received: u
11/14/2024 09:55:47 [Information] Z Axis Data Received: t
11/14/2024 09:55:47 [Information] Z Axis Data Received: e
11/14/2024 09:55:47 [Information] Z Axis Data Received:  
11/14/2024 09:55:47 [Information] Z Axis Data Received: P
11/14/2024 09:55:47 [Information] Z Axis Data Received: o
11/14/2024 09:55:47 [Information] Z Axis Data Received: s
11/14/2024 09:55:47 [Information] Z Axis Data Received: i
11/14/2024 09:55:47 [Information] Z Axis Data Received: t
11/14/2024 09:55:47 [Information] Z Axis Data Received: i
11/14/2024 09:55:47 [Information] Z Axis Data Received: o
11/14/2024 09:55:47 [Information] Z Axis Data Received: n
11/14/2024 09:55:47 [Information] Z Axis Data Received:  
11/14/2024 09:55:47 [Information] Z Axis Data Received: 8
11/14/2024 09:55:47 [Information] Z Axis Data Received: 0
11/14/2024 09:55:47 [Information] Z Axis Data Received: 0
11/14/2024 09:55:47 [Information] Z Axis Data Received: .
11/14/2024 09:55:47 [Information] Z Axis Data Received: 0
11/14/2024 09:55:47 [Information] Z Axis Data Received: 0
11/14/2024 09:55:47 [Information] Z Axis Data Received: 
11/14/2024 09:55:47 [Information] Z Axis Data Received: 

11/14/2024 09:55:47 [Information] Z Axis Data Received: Z
11/14/2024 09:55:47 [Information] Z Axis Data Received:  
11/14/2024 09:55:47 [Information] Z Axis Data Received: A
11/14/2024 09:55:47 [Information] Z Axis Data Received: x
11/14/2024 09:55:47 [Information] Z Axis Data Received: i
11/14/2024 09:55:47 [Information] Z Axis Data Received: s
11/14/2024 09:55:47 [Information] Z Axis Data Received:  
11/14/2024 09:55:47 [Information] Z Axis Data Received: A
11/14/2024 09:55:47 [Information] Z Axis Data Received: b
11/14/2024 09:55:47 [Information] Z Axis Data Received: s
11/14/2024 09:55:47 [Information] Z Axis Data Received: o
11/14/2024 09:55:47 [Information] Z Axis Data Received: l
11/14/2024 09:55:47 [Information] Z Axis Data Received: u
11/14/2024 09:55:47 [Information] Z Axis Data Received: t
11/14/2024 09:55:47 [Information] Z Axis Data Received: e
11/14/2024 09:55:47 [Information] Z Axis Data Received:  
11/14/2024 09:55:47 [Information] Z Axis Data Received: P
11/14/2024 09:55:47 [Information] Z Axis Data Received: o
11/14/2024 09:55:47 [Information] Z Axis Data Received: s
11/14/2024 09:55:47 [Information] Z Axis Data Received: i
11/14/2024 09:55:47 [Information] Z Axis Data Received: t
11/14/2024 09:55:47 [Information] Z Axis Data Received: i
11/14/2024 09:55:47 [Information] Z Axis Data Received: o
11/14/2024 09:55:47 [Information] Z Axis Data Received: n
11/14/2024 09:55:47 [Information] Z Axis Data Received:  
11/14/2024 09:55:47 [Information] Z Axis Data Received: 8
11/14/2024 09:55:47 [Information] Z Axis Data Received: 0
11/14/2024 09:55:47 [Information] Z Axis Data Received: 0
11/14/2024 09:55:47 [Information] Z Axis Data Received: .
11/14/2024 09:55:47 [Information] Z Axis Data Received: 0
11/14/2024 09:55:47 [Information] Z Axis Data Received: 0
11/14/2024 09:55:47 [Information] Z Axis Data Received: 
11/14/2024 09:55:47 [Information] Z Axis Data Received: 

11/14/2024 09:55:47 [Information] Z Axis Data Received: Z
11/14/2024 09:55:47 [Information] Z Axis Data Received:  
11/14/2024 09:55:47 [Information] Z Axis Data Received: A
11/14/2024 09:55:47 [Information] Z Axis Data Received: x
11/14/2024 09:55:47 [Information] Z Axis Data Received: i
11/14/2024 09:55:47 [Information] Z Axis Data Received: s
11/14/2024 09:55:47 [Information] Z Axis Data Received:  
11/14/2024 09:55:47 [Information] Z Axis Data Received: A
11/14/2024 09:55:47 [Information] Z Axis Data Received: b
11/14/2024 09:55:47 [Information] Z Axis Data Received: s
11/14/2024 09:55:47 [Information] Z Axis Data Received: o
11/14/2024 09:55:47 [Information] Z Axis Data Received: l
11/14/2024 09:55:47 [Information] Z Axis Data Received: u
11/14/2024 09:55:47 [Information] Z Axis Data Received: t
11/14/2024 09:55:47 [Information] Z Axis Data Received: e
11/14/2024 09:55:47 [Information] Z Axis Data Received:  
11/14/2024 09:55:47 [Information] Z Axis Data Received: P
11/14/2024 09:55:47 [Information] Z Axis Data Received: o
11/14/2024 09:55:47 [Information] Z Axis Data Received: s
11/14/2024 09:55:47 [Information] Z Axis Data Received: i
11/14/2024 09:55:47 [Information] Z Axis Data Received: t
11/14/2024 09:55:47 [Information] Z Axis Data Received: i
11/14/2024 09:55:47 [Information] Z Axis Data Received: o
11/14/2024 09:55:47 [Information] Z Axis Data Received: n
11/14/2024 09:55:47 [Information] Z Axis Data Received:  
11/14/2024 09:55:47 [Information] Z Axis Data Received: 8
11/14/2024 09:55:47 [Information] Z Axis Data Received: 0
11/14/2024 09:55:47 [Information] Z Axis Data Received: 0
11/14/2024 09:55:47 [Information] Z Axis Data Received: .
11/14/2024 09:55:47 [Information] Z Axis Data Received: 0
11/14/2024 09:55:47 [Information] Z Axis Data Received: 0
11/14/2024 09:55:47 [Information] Z Axis Data Received: 
11/14/2024 09:55:47 [Information] Z Axis Data Received: 

11/14/2024 09:55:47 [Information] Z Axis Data Received: Z
11/14/2024 09:55:47 [Information] Z Axis Data Received:  
11/14/2024 09:55:47 [Information] Z Axis Data Received: A
11/14/2024 09:55:47 [Information] Z Axis Data Received: x
11/14/2024 09:55:47 [Information] Z Axis Data Received: i
11/14/2024 09:55:47 [Information] Z Axis Data Received: s
11/14/2024 09:55:47 [Information] Z Axis Data Received:  
11/14/2024 09:55:47 [Information] Z Axis Data Received: A
11/14/2024 09:55:47 [Information] Z Axis Data Received: b
11/14/2024 09:55:47 [Information] Z Axis Data Received: s
11/14/2024 09:55:47 [Information] Z Axis Data Received: o
11/14/2024 09:55:47 [Information] Z Axis Data Received: l
11/14/2024 09:55:47 [Information] Z Axis Data Received: u
11/14/2024 09:55:47 [Information] Z Axis Data Received: t
11/14/2024 09:55:47 [Information] Z Axis Data Received: e
11/14/2024 09:55:47 [Information] Z Axis Data Received:  
11/14/2024 09:55:47 [Information] Z Axis Data Received: P
11/14/2024 09:55:47 [Information] Z Axis Data Received: o
11/14/2024 09:55:47 [Information] Z Axis Data Received: s
11/14/2024 09:55:47 [Information] Z Axis Data Received: i
11/14/2024 09:55:47 [Information] Z Axis Data Received: t
11/14/2024 09:55:47 [Information] Z Axis Data Received: i
11/14/2024 09:55:47 [Information] Z Axis Data Received: o
11/14/2024 09:55:47 [Information] Z Axis Data Received: n
11/14/2024 09:55:47 [Information] Z Axis Data Received:  
11/14/2024 09:55:47 [Information] Z Axis Data Received: 8
11/14/2024 09:55:47 [Information] Z Axis Data Received: 0
11/14/2024 09:55:47 [Information] Z Axis Data Received: 0
11/14/2024 09:55:47 [Information] Z Axis Data Received: .
11/14/2024 09:55:47 [Information] Z Axis Data Received: 0
11/14/2024 09:55:47 [Information] Z Axis Data Received: 0
11/14/2024 09:55:47 [Information] Z Axis Data Received: 
11/14/2024 09:55:47 [Information] Z Axis Data Received: 

11/14/2024 09:55:47 [Information] Z Axis Data Received: Z
11/14/2024 09:55:47 [Information] Z Axis Data Received:  
11/14/2024 09:55:47 [Information] Z Axis Data Received: A
11/14/2024 09:55:47 [Information] Z Axis Data Received: x
11/14/2024 09:55:47 [Information] Z Axis Data Received: i
11/14/2024 09:55:47 [Information] Z Axis Data Received: s
11/14/2024 09:55:47 [Information] Z Axis Data Received:  
11/14/2024 09:55:47 [Information] Z Axis Data Received: A
11/14/2024 09:55:47 [Information] Z Axis Data Received: b
11/14/2024 09:55:47 [Information] Z Axis Data Received: s
11/14/2024 09:55:47 [Information] Z Axis Data Received: o
11/14/2024 09:55:47 [Information] Z Axis Data Received: l
11/14/2024 09:55:47 [Information] Z Axis Data Received: u
11/14/2024 09:55:47 [Information] Z Axis Data Received: t
11/14/2024 09:55:47 [Information] Z Axis Data Received: e
11/14/2024 09:55:47 [Information] Z Axis Data Received:  
11/14/2024 09:55:47 [Information] Z Axis Data Received: P
11/14/2024 09:55:47 [Information] Z Axis Data Received: o
11/14/2024 09:55:47 [Information] Z Axis Data Received: s
11/14/2024 09:55:47 [Information] Z Axis Data Received: i
11/14/2024 09:55:47 [Information] Z Axis Data Received: t
11/14/2024 09:55:47 [Information] Z Axis Data Received: i
11/14/2024 09:55:47 [Information] Z Axis Data Received: o
11/14/2024 09:55:47 [Information] Z Axis Data Received: n
11/14/2024 09:55:47 [Information] Z Axis Data Received:  
11/14/2024 09:55:47 [Information] Z Axis Data Received: 8
11/14/2024 09:55:47 [Information] Z Axis Data Received: 0
11/14/2024 09:55:47 [Information] Z Axis Data Received: 0
11/14/2024 09:55:47 [Information] Z Axis Data Received: .
11/14/2024 09:55:47 [Information] Z Axis Data Received: 0
11/14/2024 09:55:47 [Information] Z Axis Data Received: 0
11/14/2024 09:55:47 [Information] Z Axis Data Received: 
11/14/2024 09:55:47 [Information] Z Axis Data Received: 

11/14/2024 09:55:47 [Information] Z Axis Data Received: Z
11/14/2024 09:55:47 [Information] Z Axis Data Received:  
11/14/2024 09:55:47 [Information] Z Axis Data Received: A
11/14/2024 09:55:47 [Information] Z Axis Data Received: x
11/14/2024 09:55:47 [Information] Z Axis Data Received: i
11/14/2024 09:55:47 [Information] Z Axis Data Received: s
11/14/2024 09:55:47 [Information] Z Axis Data Received:  
11/14/2024 09:55:47 [Information] Z Axis Data Received: A
11/14/2024 09:55:47 [Information] Z Axis Data Received: b
11/14/2024 09:55:47 [Information] Z Axis Data Received: s
11/14/2024 09:55:47 [Information] Z Axis Data Received: o
11/14/2024 09:55:47 [Information] Z Axis Data Received: l
11/14/2024 09:55:47 [Information] Z Axis Data Received: u
11/14/2024 09:55:47 [Information] Z Axis Data Received: t
11/14/2024 09:55:47 [Information] Z Axis Data Received: e
11/14/2024 09:55:47 [Information] Z Axis Data Received:  
11/14/2024 09:55:47 [Information] Z Axis Data Received: P
11/14/2024 09:55:47 [Information] Z Axis Data Received: o
11/14/2024 09:55:47 [Information] Z Axis Data Received: s
11/14/2024 09:55:47 [Information] Z Axis Data Received: i
11/14/2024 09:55:47 [Information] Z Axis Data Received: t
11/14/2024 09:55:47 [Information] Z Axis Data Received: i
11/14/2024 09:55:47 [Information] Z Axis Data Received: o
11/14/2024 09:55:47 [Information] Z Axis Data Received: n
11/14/2024 09:55:47 [Information] Z Axis Data Received:  
11/14/2024 09:55:47 [Information] Z Axis Data Received: 8
11/14/2024 09:55:47 [Information] Z Axis Data Received: 0
11/14/2024 09:55:47 [Information] Z Axis Data Received: 0
11/14/2024 09:55:47 [Information] Z Axis Data Received: .
11/14/2024 09:55:47 [Information] Z Axis Data Received: 0
11/14/2024 09:55:47 [Information] Z Axis Data Received: 0
11/14/2024 09:55:47 [Information] Z Axis Data Received: 
11/14/2024 09:55:47 [Information] Z Axis Data Received: 

11/14/2024 09:55:47 [Information] Z Axis Data Received: Z
11/14/2024 09:55:47 [Information] Z Axis Data Received:  
11/14/2024 09:55:47 [Information] Z Axis Data Received: A
11/14/2024 09:55:47 [Information] Z Axis Data Received: x
11/14/2024 09:55:47 [Information] Z Axis Data Received: i
11/14/2024 09:55:47 [Information] Z Axis Data Received: s
11/14/2024 09:55:47 [Information] Z Axis Data Received:  
11/14/2024 09:55:47 [Information] Z Axis Data Received: A
11/14/2024 09:55:47 [Information] Z Axis Data Received: b
11/14/2024 09:55:47 [Information] Z Axis Data Received: s
11/14/2024 09:55:47 [Information] Z Axis Data Received: o
11/14/2024 09:55:47 [Information] Z Axis Data Received: l
11/14/2024 09:55:47 [Information] Z Axis Data Received: u
11/14/2024 09:55:47 [Information] Z Axis Data Received: t
11/14/2024 09:55:47 [Information] Z Axis Data Received: e
11/14/2024 09:55:47 [Information] Z Axis Data Received:  
11/14/2024 09:55:47 [Information] Z Axis Data Received: P
11/14/2024 09:55:47 [Information] Z Axis Data Received: o
11/14/2024 09:55:47 [Information] Z Axis Data Received: s
11/14/2024 09:55:47 [Information] Z Axis Data Received: i
11/14/2024 09:55:47 [Information] Z Axis Data Received: t
11/14/2024 09:55:47 [Information] Z Axis Data Received: i
11/14/2024 09:55:47 [Information] Z Axis Data Received: o
11/14/2024 09:55:47 [Information] Z Axis Data Received: n
11/14/2024 09:55:47 [Information] Z Axis Data Received:  
11/14/2024 09:55:47 [Information] Z Axis Data Received: 8
11/14/2024 09:55:47 [Information] Z Axis Data Received: 0
11/14/2024 09:55:47 [Information] Z Axis Data Received: 0
11/14/2024 09:55:47 [Information] Z Axis Data Received: .
11/14/2024 09:55:47 [Information] Z Axis Data Received: 0
11/14/2024 09:55:47 [Information] Z Axis Data Received: 0
11/14/2024 09:55:47 [Information] Z Axis Data Received: 
11/14/2024 09:55:47 [Information] Z Axis Data Received: 

11/14/2024 09:55:47 [Information] Z Axis Data Received: Z
11/14/2024 09:55:47 [Information] Z Axis Data Received:  
11/14/2024 09:55:47 [Information] Z Axis Data Received: A
11/14/2024 09:55:47 [Information] Z Axis Data Received: x
11/14/2024 09:55:47 [Information] Z Axis Data Received: i
11/14/2024 09:55:47 [Information] Z Axis Data Received: s
11/14/2024 09:55:47 [Information] Z Axis Data Received:  
11/14/2024 09:55:47 [Information] Z Axis Data Received: A
11/14/2024 09:55:47 [Information] Z Axis Data Received: b
11/14/2024 09:55:47 [Information] Z Axis Data Received: s
11/14/2024 09:55:47 [Information] Z Axis Data Received: o
11/14/2024 09:55:47 [Information] Z Axis Data Received: l
11/14/2024 09:55:47 [Information] Z Axis Data Received: u
11/14/2024 09:55:47 [Information] Z Axis Data Received: t
11/14/2024 09:55:47 [Information] Z Axis Data Received: e
11/14/2024 09:55:47 [Information] Z Axis Data Received:  
11/14/2024 09:55:47 [Information] Z Axis Data Received: P
11/14/2024 09:55:47 [Information] Z Axis Data Received: o
11/14/2024 09:55:47 [Information] Z Axis Data Received: s
11/14/2024 09:55:47 [Information] Z Axis Data Received: i
11/14/2024 09:55:47 [Information] Z Axis Data Received: t
11/14/2024 09:55:47 [Information] Z Axis Data Received: i
11/14/2024 09:55:47 [Information] Z Axis Data Received: o
11/14/2024 09:55:47 [Information] Z Axis Data Received: n
11/14/2024 09:55:47 [Information] Z Axis Data Received:  
11/14/2024 09:55:47 [Information] Z Axis Data Received: 8
11/14/2024 09:55:47 [Information] Z Axis Data Received: 0
11/14/2024 09:55:47 [Information] Z Axis Data Received: 0
11/14/2024 09:55:47 [Information] Z Axis Data Received: .
11/14/2024 09:55:47 [Information] Z Axis Data Received: 0
11/14/2024 09:55:47 [Information] Z Axis Data Received: 0
11/14/2024 09:55:47 [Information] Z Axis Data Received: 
11/14/2024 09:55:47 [Information] Z Axis Data Received: 

11/14/2024 09:55:47 [Information] Z Axis Data Received: Z
11/14/2024 09:55:47 [Information] Z Axis Data Received:  
11/14/2024 09:55:47 [Information] Z Axis Data Received: A
11/14/2024 09:55:47 [Information] Z Axis Data Received: x
11/14/2024 09:55:47 [Information] Z Axis Data Received: i
11/14/2024 09:55:47 [Information] Z Axis Data Received: s
11/14/2024 09:55:47 [Information] Z Axis Data Received:  
11/14/2024 09:55:47 [Information] Z Axis Data Received: A
11/14/2024 09:55:47 [Information] Z Axis Data Received: b
11/14/2024 09:55:47 [Information] Z Axis Data Received: s
11/14/2024 09:55:47 [Information] Z Axis Data Received: o
11/14/2024 09:55:47 [Information] Z Axis Data Received: l
11/14/2024 09:55:47 [Information] Z Axis Data Received: u
11/14/2024 09:55:47 [Information] Z Axis Data Received: t
11/14/2024 09:55:47 [Information] Z Axis Data Received: e
11/14/2024 09:55:47 [Information] Z Axis Data Received:  
11/14/2024 09:55:47 [Information] Z Axis Data Received: P
11/14/2024 09:55:47 [Information] Z Axis Data Received: o
11/14/2024 09:55:47 [Information] Z Axis Data Received: s
11/14/2024 09:55:47 [Information] Z Axis Data Received: i
11/14/2024 09:55:47 [Information] Z Axis Data Received: t
11/14/2024 09:55:47 [Information] Z Axis Data Received: i
11/14/2024 09:55:47 [Information] Z Axis Data Received: o
11/14/2024 09:55:47 [Information] Z Axis Data Received: n
11/14/2024 09:55:47 [Information] Z Axis Data Received:  
11/14/2024 09:55:47 [Information] Z Axis Data Received: 8
11/14/2024 09:55:47 [Information] Z Axis Data Received: 0
11/14/2024 09:55:47 [Information] Z Axis Data Received: 0
11/14/2024 09:55:47 [Information] Z Axis Data Received: .
11/14/2024 09:55:47 [Information] Z Axis Data Received: 0
11/14/2024 09:55:47 [Information] Z Axis Data Received: 0
11/14/2024 09:55:47 [Information] Z Axis Data Received: 
11/14/2024 09:55:47 [Information] Z Axis Data Received: 

11/14/2024 09:55:47 [Information] Z Axis Data Received: Z
11/14/2024 09:55:47 [Information] Z Axis Data Received:  
11/14/2024 09:55:47 [Information] Z Axis Data Received: A
11/14/2024 09:55:47 [Information] Z Axis Data Received: x
11/14/2024 09:55:47 [Information] Z Axis Data Received: i
11/14/2024 09:55:47 [Information] Z Axis Data Received: s
11/14/2024 09:55:47 [Information] Z Axis Data Received:  
11/14/2024 09:55:47 [Information] Z Axis Data Received: A
11/14/2024 09:55:47 [Information] Z Axis Data Received: b
11/14/2024 09:55:47 [Information] Z Axis Data Received: s
11/14/2024 09:55:47 [Information] Z Axis Data Received: o
11/14/2024 09:55:47 [Information] Z Axis Data Received: l
11/14/2024 09:55:47 [Information] Z Axis Data Received: u
11/14/2024 09:55:47 [Information] Z Axis Data Received: t
11/14/2024 09:55:47 [Information] Z Axis Data Received: e
11/14/2024 09:55:47 [Information] Z Axis Data Received:  
11/14/2024 09:55:47 [Information] Z Axis Data Received: P
11/14/2024 09:55:47 [Information] Z Axis Data Received: o
11/14/2024 09:55:47 [Information] Z Axis Data Received: s
11/14/2024 09:55:47 [Information] Z Axis Data Received: i
11/14/2024 09:55:47 [Information] Z Axis Data Received: t
11/14/2024 09:55:47 [Information] Z Axis Data Received: i
11/14/2024 09:55:47 [Information] Z Axis Data Received: o
11/14/2024 09:55:47 [Information] Z Axis Data Received: n
11/14/2024 09:55:47 [Information] Z Axis Data Received:  
11/14/2024 09:55:47 [Information] Z Axis Data Received: 8
11/14/2024 09:55:47 [Information] Z Axis Data Received: 0
11/14/2024 09:55:47 [Information] Z Axis Data Received: 0
11/14/2024 09:55:47 [Information] Z Axis Data Received: .
11/14/2024 09:55:47 [Information] Z Axis Data Received: 0
11/14/2024 09:55:47 [Information] Z Axis Data Received: 0
11/14/2024 09:55:47 [Information] Z Axis Data Received: 
11/14/2024 09:55:47 [Information] Z Axis Data Received: 

11/14/2024 09:55:47 [Information] Z Axis Data Received: Z
11/14/2024 09:55:47 [Information] Z Axis Data Received:  
11/14/2024 09:55:47 [Information] Z Axis Data Received: A
11/14/2024 09:55:47 [Information] Z Axis Data Received: x
11/14/2024 09:55:47 [Information] Z Axis Data Received: i
11/14/2024 09:55:47 [Information] Z Axis Data Received: s
11/14/2024 09:55:47 [Information] Z Axis Data Received:  
11/14/2024 09:55:47 [Information] Z Axis Data Received: A
11/14/2024 09:55:47 [Information] Z Axis Data Received: b
11/14/2024 09:55:47 [Information] Z Axis Data Received: s
11/14/2024 09:55:47 [Information] Z Axis Data Received: o
11/14/2024 09:55:47 [Information] Z Axis Data Received: l
11/14/2024 09:55:47 [Information] Z Axis Data Received: u
11/14/2024 09:55:47 [Information] Z Axis Data Received: t
11/14/2024 09:55:47 [Information] Z Axis Data Received: e
11/14/2024 09:55:47 [Information] Z Axis Data Received:  
11/14/2024 09:55:47 [Information] Z Axis Data Received: P
11/14/2024 09:55:47 [Information] Z Axis Data Received: o
11/14/2024 09:55:47 [Information] Z Axis Data Received: s
11/14/2024 09:55:47 [Information] Z Axis Data Received: i
11/14/2024 09:55:47 [Information] Z Axis Data Received: t
11/14/2024 09:55:47 [Information] Z Axis Data Received: i
11/14/2024 09:55:47 [Information] Z Axis Data Received: o
11/14/2024 09:55:47 [Information] Z Axis Data Received: n
11/14/2024 09:55:47 [Information] Z Axis Data Received:  
11/14/2024 09:55:47 [Information] Z Axis Data Received: 8
11/14/2024 09:55:47 [Information] Z Axis Data Received: 0
11/14/2024 09:55:47 [Information] Z Axis Data Received: 0
11/14/2024 09:55:47 [Information] Z Axis Data Received: .
11/14/2024 09:55:47 [Information] Z Axis Data Received: 0
11/14/2024 09:55:47 [Information] Z Axis Data Received: 0
11/14/2024 09:55:47 [Information] Z Axis Data Received: 
11/14/2024 09:55:47 [Information] Z Axis Data Received: 

11/14/2024 09:55:47 [Information] Z Axis Data Received: Z
11/14/2024 09:55:47 [Information] Z Axis Data Received:  
11/14/2024 09:55:47 [Information] Z Axis Data Received: A
11/14/2024 09:55:47 [Information] Z Axis Data Received: x
11/14/2024 09:55:47 [Information] Z Axis Data Received: i
11/14/2024 09:55:47 [Information] Z Axis Data Received: s
11/14/2024 09:55:47 [Information] Z Axis Data Received:  
11/14/2024 09:55:47 [Information] Z Axis Data Received: A
11/14/2024 09:55:47 [Information] Z Axis Data Received: b
11/14/2024 09:55:48 [Information] Z Axis Data Received: s
11/14/2024 09:55:48 [Information] Z Axis Data Received: o
11/14/2024 09:55:48 [Information] Z Axis Data Received: l
11/14/2024 09:55:48 [Information] Z Axis Data Received: u
11/14/2024 09:55:48 [Information] Z Axis Data Received: t
11/14/2024 09:55:48 [Information] Z Axis Data Received: e
11/14/2024 09:55:48 [Information] Z Axis Data Received:  
11/14/2024 09:55:48 [Information] Z Axis Data Received: P
11/14/2024 09:55:48 [Information] Z Axis Data Received: o
11/14/2024 09:55:48 [Information] Z Axis Data Received: s
11/14/2024 09:55:48 [Information] Z Axis Data Received: i
11/14/2024 09:55:48 [Information] Z Axis Data Received: t
11/14/2024 09:55:48 [Information] Z Axis Data Received: i
11/14/2024 09:55:48 [Information] Z Axis Data Received: o
11/14/2024 09:55:48 [Information] Z Axis Data Received: n
11/14/2024 09:55:48 [Information] Z Axis Data Received:  
11/14/2024 09:55:48 [Information] Z Axis Data Received: 8
11/14/2024 09:55:48 [Information] Z Axis Data Received: 0
11/14/2024 09:55:48 [Information] Z Axis Data Received: 0
11/14/2024 09:55:48 [Information] Z Axis Data Received: .
11/14/2024 09:55:48 [Information] Z Axis Data Received: 0
11/14/2024 09:55:48 [Information] Z Axis Data Received: 0
11/14/2024 09:55:48 [Information] Z Axis Data Received: 
11/14/2024 09:55:48 [Information] Z Axis Data Received: 

11/14/2024 09:55:48 [Information] Z Axis Data Received: Z
11/14/2024 09:55:48 [Information] Z Axis Data Received:  
11/14/2024 09:55:48 [Information] Z Axis Data Received: A
11/14/2024 09:55:48 [Information] Z Axis Data Received: x
11/14/2024 09:55:48 [Information] Z Axis Data Received: i
11/14/2024 09:55:48 [Information] Z Axis Data Received: s
11/14/2024 09:55:48 [Information] Z Axis Data Received:  
11/14/2024 09:55:48 [Information] Z Axis Data Received: A
11/14/2024 09:55:48 [Information] Z Axis Data Received: b
11/14/2024 09:55:48 [Information] Z Axis Data Received: s
11/14/2024 09:55:48 [Information] Z Axis Data Received: o
11/14/2024 09:55:48 [Information] Z Axis Data Received: l
11/14/2024 09:55:48 [Information] Z Axis Data Received: u
11/14/2024 09:55:48 [Information] Z Axis Data Received: t
11/14/2024 09:55:48 [Information] Z Axis Data Received: e
11/14/2024 09:55:48 [Information] Z Axis Data Received:  
11/14/2024 09:55:48 [Information] Z Axis Data Received: P
11/14/2024 09:55:48 [Information] Z Axis Data Received: o
11/14/2024 09:55:48 [Information] Z Axis Data Received: s
11/14/2024 09:55:48 [Information] Z Axis Data Received: i
11/14/2024 09:55:48 [Information] Z Axis Data Received: t
11/14/2024 09:55:48 [Information] Z Axis Data Received: i
11/14/2024 09:55:48 [Information] Z Axis Data Received: o
11/14/2024 09:55:48 [Information] Z Axis Data Received: n
11/14/2024 09:55:48 [Information] Z Axis Data Received:  
11/14/2024 09:55:48 [Information] Z Axis Data Received: 8
11/14/2024 09:55:48 [Information] Z Axis Data Received: 0
11/14/2024 09:55:48 [Information] Z Axis Data Received: 0
11/14/2024 09:55:48 [Information] Z Axis Data Received: .
11/14/2024 09:55:48 [Information] Z Axis Data Received: 0
11/14/2024 09:55:48 [Information] Z Axis Data Received: 0
11/14/2024 09:55:48 [Information] Z Axis Data Received: 
11/14/2024 09:55:48 [Information] Z Axis Data Received: 

11/14/2024 09:55:48 [Information] Z Axis Data Received: Z
11/14/2024 09:55:48 [Information] Z Axis Data Received:  
11/14/2024 09:55:48 [Information] Z Axis Data Received: A
11/14/2024 09:55:48 [Information] Z Axis Data Received: x
11/14/2024 09:55:48 [Information] Z Axis Data Received: i
11/14/2024 09:55:48 [Information] Z Axis Data Received: s
11/14/2024 09:55:48 [Information] Z Axis Data Received:  
11/14/2024 09:55:48 [Information] Z Axis Data Received: A
11/14/2024 09:55:48 [Information] Z Axis Data Received: b
11/14/2024 09:55:48 [Information] Z Axis Data Received: s
11/14/2024 09:55:48 [Information] Z Axis Data Received: o
11/14/2024 09:55:48 [Information] Z Axis Data Received: l
11/14/2024 09:55:48 [Information] Z Axis Data Received: u
11/14/2024 09:55:48 [Information] Z Axis Data Received: t
11/14/2024 09:55:48 [Information] Z Axis Data Received: e
11/14/2024 09:55:48 [Information] Z Axis Data Received:  
11/14/2024 09:55:48 [Information] Z Axis Data Received: P
11/14/2024 09:55:48 [Information] Z Axis Data Received: o
11/14/2024 09:55:48 [Information] Z Axis Data Received: s
11/14/2024 09:55:48 [Information] Z Axis Data Received: i
11/14/2024 09:55:48 [Information] Z Axis Data Received: t
11/14/2024 09:55:48 [Information] Z Axis Data Received: i
11/14/2024 09:55:48 [Information] Z Axis Data Received: o
11/14/2024 09:55:48 [Information] Z Axis Data Received: n
11/14/2024 09:55:48 [Information] Z Axis Data Received:  
11/14/2024 09:55:48 [Information] Z Axis Data Received: 8
11/14/2024 09:55:48 [Information] Z Axis Data Received: 0
11/14/2024 09:55:48 [Information] Z Axis Data Received: 0
11/14/2024 09:55:48 [Information] Z Axis Data Received: .
11/14/2024 09:55:48 [Information] Z Axis Data Received: 0
11/14/2024 09:55:48 [Information] Z Axis Data Received: 0
11/14/2024 09:55:48 [Information] Z Axis Data Received: 
11/14/2024 09:55:48 [Information] Z Axis Data Received: 

11/14/2024 09:55:48 [Information] Z Axis Data Received: Z
11/14/2024 09:55:48 [Information] Z Axis Data Received:  
11/14/2024 09:55:48 [Information] Z Axis Data Received: A
11/14/2024 09:55:48 [Information] Z Axis Data Received: x
11/14/2024 09:55:48 [Information] Z Axis Data Received: i
11/14/2024 09:55:48 [Information] Z Axis Data Received: s
11/14/2024 09:55:48 [Information] Z Axis Data Received:  
11/14/2024 09:55:48 [Information] Z Axis Data Received: A
11/14/2024 09:55:48 [Information] Z Axis Data Received: b
11/14/2024 09:55:48 [Information] Z Axis Data Received: s
11/14/2024 09:55:48 [Information] Z Axis Data Received: o
11/14/2024 09:55:48 [Information] Z Axis Data Received: l
11/14/2024 09:55:48 [Information] Z Axis Data Received: u
11/14/2024 09:55:48 [Information] Z Axis Data Received: t
11/14/2024 09:55:48 [Information] Z Axis Data Received: e
11/14/2024 09:55:48 [Information] Z Axis Data Received:  
11/14/2024 09:55:48 [Information] Z Axis Data Received: P
11/14/2024 09:55:48 [Information] Z Axis Data Received: o
11/14/2024 09:55:48 [Information] Z Axis Data Received: s
11/14/2024 09:55:48 [Information] Z Axis Data Received: i
11/14/2024 09:55:48 [Information] Z Axis Data Received: t
11/14/2024 09:55:48 [Information] Z Axis Data Received: i
11/14/2024 09:55:48 [Information] Z Axis Data Received: o
11/14/2024 09:55:48 [Information] Z Axis Data Received: n
11/14/2024 09:55:48 [Information] Z Axis Data Received:  
11/14/2024 09:55:48 [Information] Z Axis Data Received: 8
11/14/2024 09:55:48 [Information] Z Axis Data Received: 0
11/14/2024 09:55:48 [Information] Z Axis Data Received: 0
11/14/2024 09:55:48 [Information] Z Axis Data Received: .
11/14/2024 09:55:48 [Information] Z Axis Data Received: 0
11/14/2024 09:55:48 [Information] Z Axis Data Received: 0
11/14/2024 09:55:48 [Information] Z Axis Data Received: 
11/14/2024 09:55:48 [Information] Z Axis Data Received: 

11/14/2024 09:55:48 [Information] Z Axis Data Received: Z
11/14/2024 09:55:48 [Information] Z Axis Data Received:  
11/14/2024 09:55:48 [Information] Z Axis Data Received: A
11/14/2024 09:55:48 [Information] Z Axis Data Received: x
11/14/2024 09:55:48 [Information] Z Axis Data Received: i
11/14/2024 09:55:48 [Information] Z Axis Data Received: s
11/14/2024 09:55:48 [Information] Z Axis Data Received:  
11/14/2024 09:55:48 [Information] Z Axis Data Received: A
11/14/2024 09:55:48 [Information] Z Axis Data Received: b
11/14/2024 09:55:48 [Information] Z Axis Data Received: s
11/14/2024 09:55:48 [Information] Z Axis Data Received: o
11/14/2024 09:55:48 [Information] Z Axis Data Received: l
11/14/2024 09:55:48 [Information] Z Axis Data Received: u
11/14/2024 09:55:48 [Information] Z Axis Data Received: t
11/14/2024 09:55:48 [Information] Z Axis Data Received: e
11/14/2024 09:55:48 [Information] Z Axis Data Received:  
11/14/2024 09:55:48 [Information] Z Axis Data Received: P
11/14/2024 09:55:48 [Information] Z Axis Data Received: o
11/14/2024 09:55:48 [Information] Z Axis Data Received: s
11/14/2024 09:55:48 [Information] Z Axis Data Received: i
11/14/2024 09:55:48 [Information] Z Axis Data Received: t
11/14/2024 09:55:48 [Information] Z Axis Data Received: i
11/14/2024 09:55:48 [Information] Z Axis Data Received: o
11/14/2024 09:55:48 [Information] Z Axis Data Received: n
11/14/2024 09:55:48 [Information] Z Axis Data Received:  
11/14/2024 09:55:48 [Information] Z Axis Data Received: 8
11/14/2024 09:55:48 [Information] Z Axis Data Received: 0
11/14/2024 09:55:48 [Information] Z Axis Data Received: 0
11/14/2024 09:55:48 [Information] Z Axis Data Received: .
11/14/2024 09:55:48 [Information] Z Axis Data Received: 0
11/14/2024 09:55:48 [Information] Z Axis Data Received: 0
11/14/2024 09:55:48 [Information] Z Axis Data Received: 
11/14/2024 09:55:48 [Information] Z Axis Data Received: 

11/14/2024 09:55:48 [Information] Z Axis Data Received: Z
11/14/2024 09:55:48 [Information] Z Axis Data Received:  
11/14/2024 09:55:48 [Information] Z Axis Data Received: A
11/14/2024 09:55:48 [Information] Z Axis Data Received: x
11/14/2024 09:55:48 [Information] Z Axis Data Received: i
11/14/2024 09:55:48 [Information] Z Axis Data Received: s
11/14/2024 09:55:48 [Information] Z Axis Data Received:  
11/14/2024 09:55:48 [Information] Z Axis Data Received: A
11/14/2024 09:55:48 [Information] Z Axis Data Received: b
11/14/2024 09:55:48 [Information] Z Axis Data Received: s
11/14/2024 09:55:48 [Information] Z Axis Data Received: o
11/14/2024 09:55:48 [Information] Z Axis Data Received: l
11/14/2024 09:55:48 [Information] Z Axis Data Received: u
11/14/2024 09:55:48 [Information] Z Axis Data Received: t
11/14/2024 09:55:48 [Information] Z Axis Data Received: e
11/14/2024 09:55:48 [Information] Z Axis Data Received:  
11/14/2024 09:55:48 [Information] Z Axis Data Received: P
11/14/2024 09:55:48 [Information] Z Axis Data Received: o
11/14/2024 09:55:48 [Information] Z Axis Data Received: s
11/14/2024 09:55:48 [Information] Z Axis Data Received: i
11/14/2024 09:55:48 [Information] Z Axis Data Received: t
11/14/2024 09:55:48 [Information] Z Axis Data Received: i
11/14/2024 09:55:48 [Information] Z Axis Data Received: o
11/14/2024 09:55:48 [Information] Z Axis Data Received: n
11/14/2024 09:55:48 [Information] Z Axis Data Received:  
11/14/2024 09:55:48 [Information] Z Axis Data Received: 8
11/14/2024 09:55:48 [Information] Z Axis Data Received: 0
11/14/2024 09:55:48 [Information] Z Axis Data Received: 0
11/14/2024 09:55:48 [Information] Z Axis Data Received: .
11/14/2024 09:55:48 [Information] Z Axis Data Received: 0
11/14/2024 09:55:48 [Information] Z Axis Data Received: 0
11/14/2024 09:55:48 [Information] Z Axis Data Received: 
11/14/2024 09:55:48 [Information] Z Axis Data Received: 

11/14/2024 09:55:48 [Information] Z Axis Data Received: Z
11/14/2024 09:55:48 [Information] Z Axis Data Received:  
11/14/2024 09:55:48 [Information] Z Axis Data Received: A
11/14/2024 09:55:48 [Information] Z Axis Data Received: x
11/14/2024 09:55:48 [Information] Z Axis Data Received: i
11/14/2024 09:55:48 [Information] Z Axis Data Received: s
11/14/2024 09:55:48 [Information] Z Axis Data Received:  
11/14/2024 09:55:48 [Information] Z Axis Data Received: A
11/14/2024 09:55:48 [Information] Z Axis Data Received: b
11/14/2024 09:55:48 [Information] Z Axis Data Received: s
11/14/2024 09:55:48 [Information] Z Axis Data Received: o
11/14/2024 09:55:48 [Information] Z Axis Data Received: l
11/14/2024 09:55:48 [Information] Z Axis Data Received: u
11/14/2024 09:55:48 [Information] Z Axis Data Received: t
11/14/2024 09:55:48 [Information] Z Axis Data Received: e
11/14/2024 09:55:48 [Information] Z Axis Data Received:  
11/14/2024 09:55:48 [Information] Z Axis Data Received: P
11/14/2024 09:55:48 [Information] Z Axis Data Received: o
11/14/2024 09:55:48 [Information] Z Axis Data Received: s
11/14/2024 09:55:48 [Information] Z Axis Data Received: i
11/14/2024 09:55:48 [Information] Z Axis Data Received: t
11/14/2024 09:55:48 [Information] Z Axis Data Received: i
11/14/2024 09:55:48 [Information] Z Axis Data Received: o
11/14/2024 09:55:48 [Information] Z Axis Data Received: n
11/14/2024 09:55:48 [Information] Z Axis Data Received:  
11/14/2024 09:55:48 [Information] Z Axis Data Received: 8
11/14/2024 09:55:48 [Information] Z Axis Data Received: 0
11/14/2024 09:55:48 [Information] Z Axis Data Received: 0
11/14/2024 09:55:48 [Information] Z Axis Data Received: .
11/14/2024 09:55:48 [Information] Z Axis Data Received: 0
11/14/2024 09:55:48 [Information] Z Axis Data Received: 0
11/14/2024 09:55:48 [Information] Z Axis Data Received: 
11/14/2024 09:55:48 [Information] Z Axis Data Received: 

11/14/2024 09:55:48 [Information] Z Axis Data Received: Z
11/14/2024 09:55:48 [Information] Z Axis Data Received:  
11/14/2024 09:55:48 [Information] Z Axis Data Received: A
11/14/2024 09:55:48 [Information] Z Axis Data Received: x
11/14/2024 09:55:48 [Information] Z Axis Data Received: i
11/14/2024 09:55:48 [Information] Z Axis Data Received: s
11/14/2024 09:55:48 [Information] Z Axis Data Received:  
11/14/2024 09:55:48 [Information] Z Axis Data Received: A
11/14/2024 09:55:48 [Information] Z Axis Data Received: b
11/14/2024 09:55:48 [Information] Z Axis Data Received: s
11/14/2024 09:55:48 [Information] Z Axis Data Received: o
11/14/2024 09:55:48 [Information] Z Axis Data Received: l
11/14/2024 09:55:48 [Information] Z Axis Data Received: u
11/14/2024 09:55:48 [Information] Z Axis Data Received: t
11/14/2024 09:55:48 [Information] Z Axis Data Received: e
11/14/2024 09:55:48 [Information] Z Axis Data Received:  
11/14/2024 09:55:48 [Information] Z Axis Data Received: P
11/14/2024 09:55:48 [Information] Z Axis Data Received: o
11/14/2024 09:55:48 [Information] Z Axis Data Received: s
11/14/2024 09:55:48 [Information] Z Axis Data Received: i
11/14/2024 09:55:48 [Information] Z Axis Data Received: t
11/14/2024 09:55:48 [Information] Z Axis Data Received: i
11/14/2024 09:55:48 [Information] Z Axis Data Received: o
11/14/2024 09:55:48 [Information] Z Axis Data Received: n
11/14/2024 09:55:48 [Information] Z Axis Data Received:  
11/14/2024 09:55:48 [Information] Z Axis Data Received: 8
11/14/2024 09:55:48 [Information] Z Axis Data Received: 0
11/14/2024 09:55:48 [Information] Z Axis Data Received: 0
11/14/2024 09:55:48 [Information] Z Axis Data Received: .
11/14/2024 09:55:48 [Information] Z Axis Data Received: 0
11/14/2024 09:55:48 [Information] Z Axis Data Received: 0
11/14/2024 09:55:48 [Information] Z Axis Data Received: 
11/14/2024 09:55:48 [Information] Z Axis Data Received: 

11/14/2024 09:55:48 [Information] Z Axis Data Received: Z
11/14/2024 09:55:48 [Information] Z Axis Data Received:  
11/14/2024 09:55:48 [Information] Z Axis Data Received: A
11/14/2024 09:55:48 [Information] Z Axis Data Received: x
11/14/2024 09:55:48 [Information] Z Axis Data Received: i
11/14/2024 09:55:48 [Information] Z Axis Data Received: s
11/14/2024 09:55:48 [Information] Z Axis Data Received:  
11/14/2024 09:55:48 [Information] Z Axis Data Received: A
11/14/2024 09:55:48 [Information] Z Axis Data Received: b
11/14/2024 09:55:48 [Information] Z Axis Data Received: s
11/14/2024 09:55:48 [Information] Z Axis Data Received: o
11/14/2024 09:55:48 [Information] Z Axis Data Received: l
11/14/2024 09:55:48 [Information] Z Axis Data Received: u
11/14/2024 09:55:48 [Information] Z Axis Data Received: t
11/14/2024 09:55:48 [Information] Z Axis Data Received: e
11/14/2024 09:55:48 [Information] Z Axis Data Received:  
11/14/2024 09:55:48 [Information] Z Axis Data Received: P
11/14/2024 09:55:48 [Information] Z Axis Data Received: o
11/14/2024 09:55:48 [Information] Z Axis Data Received: s
11/14/2024 09:55:48 [Information] Z Axis Data Received: i
11/14/2024 09:55:48 [Information] Z Axis Data Received: t
11/14/2024 09:55:48 [Information] Z Axis Data Received: i
11/14/2024 09:55:48 [Information] Z Axis Data Received: o
11/14/2024 09:55:48 [Information] Z Axis Data Received: n
11/14/2024 09:55:48 [Information] Z Axis Data Received:  
11/14/2024 09:55:48 [Information] Z Axis Data Received: 8
11/14/2024 09:55:48 [Information] Z Axis Data Received: 0
11/14/2024 09:55:48 [Information] Z Axis Data Received: 0
11/14/2024 09:55:48 [Information] Z Axis Data Received: .
11/14/2024 09:55:48 [Information] Z Axis Data Received: 0
11/14/2024 09:55:48 [Information] Z Axis Data Received: 0
11/14/2024 09:55:48 [Information] Z Axis Data Received: 
11/14/2024 09:55:48 [Information] Z Axis Data Received: 

11/14/2024 09:55:48 [Information] Z Axis Data Received: Z
11/14/2024 09:55:48 [Information] Z Axis Data Received:  
11/14/2024 09:55:48 [Information] Z Axis Data Received: A
11/14/2024 09:55:48 [Information] Z Axis Data Received: x
11/14/2024 09:55:48 [Information] Z Axis Data Received: i
11/14/2024 09:55:48 [Information] Z Axis Data Received: s
11/14/2024 09:55:48 [Information] Z Axis Data Received:  
11/14/2024 09:55:48 [Information] Z Axis Data Received: A
11/14/2024 09:55:48 [Information] Z Axis Data Received: b
11/14/2024 09:55:48 [Information] Z Axis Data Received: s
11/14/2024 09:55:48 [Information] Z Axis Data Received: o
11/14/2024 09:55:48 [Information] Z Axis Data Received: l
11/14/2024 09:55:48 [Information] Z Axis Data Received: u
11/14/2024 09:55:48 [Information] Z Axis Data Received: t
11/14/2024 09:55:48 [Information] Z Axis Data Received: e
11/14/2024 09:55:48 [Information] Z Axis Data Received:  
11/14/2024 09:55:48 [Information] Z Axis Data Received: P
11/14/2024 09:55:48 [Information] Z Axis Data Received: o
11/14/2024 09:55:48 [Information] Z Axis Data Received: s
11/14/2024 09:55:48 [Information] Z Axis Data Received: i
11/14/2024 09:55:48 [Information] Z Axis Data Received: t
11/14/2024 09:55:48 [Information] Z Axis Data Received: i
11/14/2024 09:55:48 [Information] Z Axis Data Received: o
11/14/2024 09:55:48 [Information] Z Axis Data Received: n
11/14/2024 09:55:48 [Information] Z Axis Data Received:  
11/14/2024 09:55:48 [Information] Z Axis Data Received: 8
11/14/2024 09:55:48 [Information] Z Axis Data Received: 0
11/14/2024 09:55:48 [Information] Z Axis Data Received: 0
11/14/2024 09:55:48 [Information] Z Axis Data Received: .
11/14/2024 09:55:48 [Information] Z Axis Data Received: 0
11/14/2024 09:55:48 [Information] Z Axis Data Received: 0
11/14/2024 09:55:48 [Information] Z Axis Data Received: 
11/14/2024 09:55:48 [Information] Z Axis Data Received: 

11/14/2024 09:55:48 [Information] Z Axis Data Received: Z
11/14/2024 09:55:48 [Information] Z Axis Data Received:  
11/14/2024 09:55:48 [Information] Z Axis Data Received: A
11/14/2024 09:55:48 [Information] Z Axis Data Received: x
11/14/2024 09:55:48 [Information] Z Axis Data Received: i
11/14/2024 09:55:48 [Information] Z Axis Data Received: s
11/14/2024 09:55:48 [Information] Z Axis Data Received:  
11/14/2024 09:55:48 [Information] Z Axis Data Received: A
11/14/2024 09:55:48 [Information] Z Axis Data Received: b
11/14/2024 09:55:48 [Information] Z Axis Data Received: s
11/14/2024 09:55:48 [Information] Z Axis Data Received: o
11/14/2024 09:55:48 [Information] Z Axis Data Received: l
11/14/2024 09:55:48 [Information] Z Axis Data Received: u
11/14/2024 09:55:48 [Information] Z Axis Data Received: t
11/14/2024 09:55:48 [Information] Z Axis Data Received: e
11/14/2024 09:55:48 [Information] Z Axis Data Received:  
11/14/2024 09:55:48 [Information] Z Axis Data Received: P
11/14/2024 09:55:48 [Information] Z Axis Data Received: o
11/14/2024 09:55:48 [Information] Z Axis Data Received: s
11/14/2024 09:55:48 [Information] Z Axis Data Received: i
11/14/2024 09:55:48 [Information] Z Axis Data Received: t
11/14/2024 09:55:48 [Information] Z Axis Data Received: i
11/14/2024 09:55:48 [Information] Z Axis Data Received: o
11/14/2024 09:55:48 [Information] Z Axis Data Received: n
11/14/2024 09:55:48 [Information] Z Axis Data Received:  
11/14/2024 09:55:48 [Information] Z Axis Data Received: 8
11/14/2024 09:55:48 [Information] Z Axis Data Received: 0
11/14/2024 09:55:48 [Information] Z Axis Data Received: 0
11/14/2024 09:55:48 [Information] Z Axis Data Received: .
11/14/2024 09:55:48 [Information] Z Axis Data Received: 0
11/14/2024 09:55:48 [Information] Z Axis Data Received: 0
11/14/2024 09:55:48 [Information] Z Axis Data Received: 
11/14/2024 09:55:48 [Information] Z Axis Data Received: 

11/14/2024 09:55:48 [Information] Z Axis Data Received: Z
11/14/2024 09:55:48 [Information] Z Axis Data Received:  
11/14/2024 09:55:48 [Information] Z Axis Data Received: A
11/14/2024 09:55:48 [Information] Z Axis Data Received: x
11/14/2024 09:55:48 [Information] Z Axis Data Received: i
11/14/2024 09:55:48 [Information] Z Axis Data Received: s
11/14/2024 09:55:48 [Information] Z Axis Data Received:  
11/14/2024 09:55:48 [Information] Z Axis Data Received: A
11/14/2024 09:55:48 [Information] Z Axis Data Received: b
11/14/2024 09:55:48 [Information] Z Axis Data Received: s
11/14/2024 09:55:48 [Information] Z Axis Data Received: o
11/14/2024 09:55:48 [Information] Z Axis Data Received: l
11/14/2024 09:55:48 [Information] Z Axis Data Received: u
11/14/2024 09:55:48 [Information] Z Axis Data Received: t
11/14/2024 09:55:48 [Information] Z Axis Data Received: e
11/14/2024 09:55:48 [Information] Z Axis Data Received:  
11/14/2024 09:55:48 [Information] Z Axis Data Received: P
11/14/2024 09:55:48 [Information] Z Axis Data Received: o
11/14/2024 09:55:48 [Information] Z Axis Data Received: s
11/14/2024 09:55:48 [Information] Z Axis Data Received: i
11/14/2024 09:55:48 [Information] Z Axis Data Received: t
11/14/2024 09:55:48 [Information] Z Axis Data Received: i
11/14/2024 09:55:48 [Information] Z Axis Data Received: o
11/14/2024 09:55:48 [Information] Z Axis Data Received: n
11/14/2024 09:55:48 [Information] Z Axis Data Received:  
11/14/2024 09:55:48 [Information] Z Axis Data Received: 8
11/14/2024 09:55:48 [Information] Z Axis Data Received: 0
11/14/2024 09:55:48 [Information] Z Axis Data Received: 0
11/14/2024 09:55:48 [Information] Z Axis Data Received: .
11/14/2024 09:55:48 [Information] Z Axis Data Received: 0
11/14/2024 09:55:48 [Information] Z Axis Data Received: 0
11/14/2024 09:55:48 [Information] Z Axis Data Received: 
11/14/2024 09:55:48 [Information] Z Axis Data Received: 

11/14/2024 09:55:48 [Information] Z Axis Data Received: Z
11/14/2024 09:55:48 [Information] Z Axis Data Received:  
11/14/2024 09:55:48 [Information] Z Axis Data Received: A
11/14/2024 09:55:48 [Information] Z Axis Data Received: x
11/14/2024 09:55:48 [Information] Z Axis Data Received: i
11/14/2024 09:55:48 [Information] Z Axis Data Received: s
11/14/2024 09:55:48 [Information] Z Axis Data Received:  
11/14/2024 09:55:48 [Information] Z Axis Data Received: A
11/14/2024 09:55:48 [Information] Z Axis Data Received: b
11/14/2024 09:55:48 [Information] Z Axis Data Received: s
11/14/2024 09:55:48 [Information] Z Axis Data Received: o
11/14/2024 09:55:48 [Information] Z Axis Data Received: l
11/14/2024 09:55:48 [Information] Z Axis Data Received: u
11/14/2024 09:55:48 [Information] Z Axis Data Received: t
11/14/2024 09:55:48 [Information] Z Axis Data Received: e
11/14/2024 09:55:48 [Information] Z Axis Data Received:  
11/14/2024 09:55:48 [Information] Z Axis Data Received: P
11/14/2024 09:55:48 [Information] Z Axis Data Received: o
11/14/2024 09:55:48 [Information] Z Axis Data Received: s
11/14/2024 09:55:48 [Information] Z Axis Data Received: i
11/14/2024 09:55:48 [Information] Z Axis Data Received: t
11/14/2024 09:55:48 [Information] Z Axis Data Received: i
11/14/2024 09:55:48 [Information] Z Axis Data Received: o
11/14/2024 09:55:48 [Information] Z Axis Data Received: n
11/14/2024 09:55:48 [Information] Z Axis Data Received:  
11/14/2024 09:55:48 [Information] Z Axis Data Received: 8
11/14/2024 09:55:48 [Information] Z Axis Data Received: 0
11/14/2024 09:55:48 [Information] Z Axis Data Received: 0
11/14/2024 09:55:48 [Information] Z Axis Data Received: .
11/14/2024 09:55:48 [Information] Z Axis Data Received: 0
11/14/2024 09:55:48 [Information] Z Axis Data Received: 0
11/14/2024 09:55:48 [Information] Z Axis Data Received: 
11/14/2024 09:55:48 [Information] Z Axis Data Received: 

11/14/2024 09:55:48 [Information] Z Axis Data Received: Z
11/14/2024 09:55:48 [Information] Z Axis Data Received:  
11/14/2024 09:55:48 [Information] Z Axis Data Received: A
11/14/2024 09:55:48 [Information] Z Axis Data Received: x
11/14/2024 09:55:48 [Information] Z Axis Data Received: i
11/14/2024 09:55:48 [Information] Z Axis Data Received: s
11/14/2024 09:55:48 [Information] Z Axis Data Received:  
11/14/2024 09:55:48 [Information] Z Axis Data Received: A
11/14/2024 09:55:48 [Information] Z Axis Data Received: b
11/14/2024 09:55:48 [Information] Z Axis Data Received: s
11/14/2024 09:55:48 [Information] Z Axis Data Received: o
11/14/2024 09:55:48 [Information] Z Axis Data Received: l
11/14/2024 09:55:48 [Information] Z Axis Data Received: u
11/14/2024 09:55:48 [Information] Z Axis Data Received: t
11/14/2024 09:55:48 [Information] Z Axis Data Received: e
11/14/2024 09:55:48 [Information] Z Axis Data Received:  
11/14/2024 09:55:48 [Information] Z Axis Data Received: Po
11/14/2024 09:55:48 [Information] Z Axis Data Received: s
11/14/2024 09:55:48 [Information] Z Axis Data Received: i
11/14/2024 09:55:48 [Information] Z Axis Data Received: t
11/14/2024 09:55:48 [Information] Z Axis Data Received: i
11/14/2024 09:55:48 [Information] Z Axis Data Received: o
11/14/2024 09:55:48 [Information] Z Axis Data Received: n
11/14/2024 09:55:48 [Information] Z Axis Data Received:  
11/14/2024 09:55:48 [Information] Z Axis Data Received: 8
11/14/2024 09:55:48 [Information] Z Axis Data Received: 0
11/14/2024 09:55:48 [Information] Z Axis Data Received: 0
11/14/2024 09:55:48 [Information] Z Axis Data Received: .
11/14/2024 09:55:48 [Information] Z Axis Data Received: 0
11/14/2024 09:55:48 [Information] Z Axis Data Received: 0
11/14/2024 09:55:48 [Information] Z Axis Data Received: 
11/14/2024 09:55:48 [Information] Z Axis Data Received: 

11/14/2024 09:55:48 [Information] Z Axis Data Received: Z
11/14/2024 09:55:48 [Information] Z Axis Data Received:  
11/14/2024 09:55:48 [Information] Z Axis Data Received: A
11/14/2024 09:55:48 [Information] Z Axis Data Received: x
11/14/2024 09:55:48 [Information] Z Axis Data Received: i
11/14/2024 09:55:48 [Information] Z Axis Data Received: s
11/14/2024 09:55:48 [Information] Z Axis Data Received:  
11/14/2024 09:55:48 [Information] Z Axis Data Received: A
11/14/2024 09:55:48 [Information] Z Axis Data Received: b
11/14/2024 09:55:48 [Information] Z Axis Data Received: s
11/14/2024 09:55:48 [Information] Z Axis Data Received: o
11/14/2024 09:55:48 [Information] Z Axis Data Received: l
11/14/2024 09:55:48 [Information] Z Axis Data Received: u
11/14/2024 09:55:48 [Information] Z Axis Data Received: t
11/14/2024 09:55:48 [Information] Z Axis Data Received: e
11/14/2024 09:55:48 [Information] Z Axis Data Received:  
11/14/2024 09:55:48 [Information] Z Axis Data Received: P
11/14/2024 09:55:48 [Information] Z Axis Data Received: o
11/14/2024 09:55:48 [Information] Z Axis Data Received: s
11/14/2024 09:55:48 [Information] Z Axis Data Received: i
11/14/2024 09:55:48 [Information] Z Axis Data Received: t
11/14/2024 09:55:48 [Information] Z Axis Data Received: i
11/14/2024 09:55:48 [Information] Z Axis Data Received: o
11/14/2024 09:55:48 [Information] Z Axis Data Received: n
11/14/2024 09:55:48 [Information] Z Axis Data Received:  
11/14/2024 09:55:48 [Information] Z Axis Data Received: 8
11/14/2024 09:55:48 [Information] Z Axis Data Received: 0
11/14/2024 09:55:48 [Information] Z Axis Data Received: 0
11/14/2024 09:55:48 [Information] Z Axis Data Received: .
11/14/2024 09:55:48 [Information] Z Axis Data Received: 0
11/14/2024 09:55:48 [Information] Z Axis Data Received: 0
11/14/2024 09:55:48 [Information] Z Axis Data Received: 
11/14/2024 09:55:48 [Information] Z Axis Data Received: 

11/14/2024 09:55:48 [Information] Z Axis Data Received: Z
11/14/2024 09:55:48 [Information] Z Axis Data Received:  
11/14/2024 09:55:48 [Information] Z Axis Data Received: A
11/14/2024 09:55:48 [Information] Z Axis Data Received: x
11/14/2024 09:55:48 [Information] Z Axis Data Received: i
11/14/2024 09:55:48 [Information] Z Axis Data Received: s
11/14/2024 09:55:48 [Information] Z Axis Data Received:  
11/14/2024 09:55:48 [Information] Z Axis Data Received: A
11/14/2024 09:55:48 [Information] Z Axis Data Received: b
11/14/2024 09:55:48 [Information] Z Axis Data Received: s
11/14/2024 09:55:48 [Information] Z Axis Data Received: o
11/14/2024 09:55:48 [Information] Z Axis Data Received: l
11/14/2024 09:55:48 [Information] Z Axis Data Received: u
11/14/2024 09:55:48 [Information] Z Axis Data Received: t
11/14/2024 09:55:48 [Information] Z Axis Data Received: e
11/14/2024 09:55:48 [Information] Z Axis Data Received:  
11/14/2024 09:55:48 [Information] Z Axis Data Received: P
11/14/2024 09:55:48 [Information] Z Axis Data Received: o
11/14/2024 09:55:48 [Information] Z Axis Data Received: s
11/14/2024 09:55:48 [Information] Z Axis Data Received: i
11/14/2024 09:55:48 [Information] Z Axis Data Received: t
11/14/2024 09:55:48 [Information] Z Axis Data Received: i
11/14/2024 09:55:48 [Information] Z Axis Data Received: o
11/14/2024 09:55:48 [Information] Z Axis Data Received: n
11/14/2024 09:55:48 [Information] Z Axis Data Received:  
11/14/2024 09:55:48 [Information] Z Axis Data Received: 8
11/14/2024 09:55:48 [Information] Z Axis Data Received: 0
11/14/2024 09:55:48 [Information] Z Axis Data Received: 0
11/14/2024 09:55:48 [Information] Z Axis Data Received: .
11/14/2024 09:55:48 [Information] Z Axis Data Received: 0
11/14/2024 09:55:48 [Information] Z Axis Data Received: 0
11/14/2024 09:55:48 [Information] Z Axis Data Received: 
11/14/2024 09:55:48 [Information] Z Axis Data Received: 

11/14/2024 09:55:48 [Information] Z Axis Data Received: Z
11/14/2024 09:55:48 [Information] Z Axis Data Received:  
11/14/2024 09:55:48 [Information] Z Axis Data Received: A
11/14/2024 09:55:48 [Information] Z Axis Data Received: x
11/14/2024 09:55:48 [Information] Z Axis Data Received: i
11/14/2024 09:55:48 [Information] Z Axis Data Received: s
11/14/2024 09:55:48 [Information] Z Axis Data Received:  
11/14/2024 09:55:48 [Information] Z Axis Data Received: A
11/14/2024 09:55:48 [Information] Z Axis Data Received: b
11/14/2024 09:55:48 [Information] Z Axis Data Received: s
11/14/2024 09:55:48 [Information] Z Axis Data Received: o
11/14/2024 09:55:48 [Information] Z Axis Data Received: l
11/14/2024 09:55:48 [Information] Z Axis Data Received: u
11/14/2024 09:55:48 [Information] Z Axis Data Received: t
11/14/2024 09:55:48 [Information] Z Axis Data Received: e
11/14/2024 09:55:48 [Information] Z Axis Data Received:  
11/14/2024 09:55:48 [Information] Z Axis Data Received: P
11/14/2024 09:55:48 [Information] Z Axis Data Received: o
11/14/2024 09:55:48 [Information] Z Axis Data Received: s
11/14/2024 09:55:48 [Information] Z Axis Data Received: i
11/14/2024 09:55:48 [Information] Z Axis Data Received: t
11/14/2024 09:55:48 [Information] Z Axis Data Received: i
11/14/2024 09:55:48 [Information] Z Axis Data Received: o
11/14/2024 09:55:48 [Information] Z Axis Data Received: n
11/14/2024 09:55:48 [Information] Z Axis Data Received:  
11/14/2024 09:55:48 [Information] Z Axis Data Received: 8
11/14/2024 09:55:48 [Information] Z Axis Data Received: 0
11/14/2024 09:55:48 [Information] Z Axis Data Received: 0
11/14/2024 09:55:48 [Information] Z Axis Data Received: .
11/14/2024 09:55:48 [Information] Z Axis Data Received: 0
11/14/2024 09:55:48 [Information] Z Axis Data Received: 0
11/14/2024 09:55:48 [Information] Z Axis Data Received: 
11/14/2024 09:55:48 [Information] Z Axis Data Received: 

11/14/2024 09:55:48 [Information] Z Axis Data Received: Z
11/14/2024 09:55:48 [Information] Z Axis Data Received:  
11/14/2024 09:55:48 [Information] Z Axis Data Received: A
11/14/2024 09:55:48 [Information] Z Axis Data Received: x
11/14/2024 09:55:48 [Information] Z Axis Data Received: i
11/14/2024 09:55:48 [Information] Z Axis Data Received: s
11/14/2024 09:55:48 [Information] Z Axis Data Received:  
11/14/2024 09:55:48 [Information] Z Axis Data Received: A
11/14/2024 09:55:48 [Information] Z Axis Data Received: b
11/14/2024 09:55:48 [Information] Z Axis Data Received: s
11/14/2024 09:55:48 [Information] Z Axis Data Received: o
11/14/2024 09:55:48 [Information] Z Axis Data Received: l
11/14/2024 09:55:48 [Information] Z Axis Data Received: u
11/14/2024 09:55:48 [Information] Z Axis Data Received: t
11/14/2024 09:55:48 [Information] Z Axis Data Received: e
11/14/2024 09:55:48 [Information] Z Axis Data Received:  
11/14/2024 09:55:48 [Information] Z Axis Data Received: P
11/14/2024 09:55:48 [Information] Z Axis Data Received: o
11/14/2024 09:55:48 [Information] Z Axis Data Received: s
11/14/2024 09:55:48 [Information] Z Axis Data Received: i
11/14/2024 09:55:48 [Information] Z Axis Data Received: t
11/14/2024 09:55:48 [Information] Z Axis Data Received: i
11/14/2024 09:55:48 [Information] Z Axis Data Received: o
11/14/2024 09:55:48 [Information] Z Axis Data Received: n
11/14/2024 09:55:48 [Information] Z Axis Data Received:  
11/14/2024 09:55:48 [Information] Z Axis Data Received: 8
11/14/2024 09:55:48 [Information] Z Axis Data Received: 0
11/14/2024 09:55:48 [Information] Z Axis Data Received: 0
11/14/2024 09:55:48 [Information] Z Axis Data Received: .
11/14/2024 09:55:48 [Information] Z Axis Data Received: 0
11/14/2024 09:55:48 [Information] Z Axis Data Received: 0
11/14/2024 09:55:48 [Information] Z Axis Data Received: 
11/14/2024 09:55:48 [Information] Z Axis Data Received: 

11/14/2024 09:55:48 [Information] Z Axis Data Received: Z
11/14/2024 09:55:48 [Information] Z Axis Data Received:  
11/14/2024 09:55:48 [Information] Z Axis Data Received: A
11/14/2024 09:55:48 [Information] Z Axis Data Received: x
11/14/2024 09:55:48 [Information] Z Axis Data Received: i
11/14/2024 09:55:48 [Information] Z Axis Data Received: s
11/14/2024 09:55:48 [Information] Z Axis Data Received:  
11/14/2024 09:55:48 [Information] Z Axis Data Received: A
11/14/2024 09:55:48 [Information] Z Axis Data Received: b
11/14/2024 09:55:48 [Information] Z Axis Data Received: s
11/14/2024 09:55:48 [Information] Z Axis Data Received: o
11/14/2024 09:55:48 [Information] Z Axis Data Received: l
11/14/2024 09:55:48 [Information] Z Axis Data Received: u
11/14/2024 09:55:48 [Information] Z Axis Data Received: t
11/14/2024 09:55:48 [Information] Z Axis Data Received: e
11/14/2024 09:55:48 [Information] Z Axis Data Received:  
11/14/2024 09:55:48 [Information] Z Axis Data Received: P
11/14/2024 09:55:48 [Information] Z Axis Data Received: o
11/14/2024 09:55:48 [Information] Z Axis Data Received: s
11/14/2024 09:55:48 [Information] Z Axis Data Received: i
11/14/2024 09:55:48 [Information] Z Axis Data Received: t
11/14/2024 09:55:48 [Information] Z Axis Data Received: i
11/14/2024 09:55:48 [Information] Z Axis Data Received: o
11/14/2024 09:55:48 [Information] Z Axis Data Received: n
11/14/2024 09:55:48 [Information] Z Axis Data Received:  
11/14/2024 09:55:48 [Information] Z Axis Data Received: 8
11/14/2024 09:55:48 [Information] Z Axis Data Received: 0
11/14/2024 09:55:48 [Information] Z Axis Data Received: 0
11/14/2024 09:55:48 [Information] Z Axis Data Received: .
11/14/2024 09:55:48 [Information] Z Axis Data Received: 0
11/14/2024 09:55:48 [Information] Z Axis Data Received: 0
11/14/2024 09:55:48 [Information] Z Axis Data Received: 
11/14/2024 09:55:48 [Information] Z Axis Data Received: 

11/14/2024 09:55:48 [Information] Z Axis Data Received: Z
11/14/2024 09:55:48 [Information] Z Axis Data Received:  
11/14/2024 09:55:48 [Information] Z Axis Data Received: A
11/14/2024 09:55:48 [Information] Z Axis Data Received: x
11/14/2024 09:55:48 [Information] Z Axis Data Received: i
11/14/2024 09:55:48 [Information] Z Axis Data Received: s
11/14/2024 09:55:48 [Information] Z Axis Data Received:  
11/14/2024 09:55:48 [Information] Z Axis Data Received: A
11/14/2024 09:55:48 [Information] Z Axis Data Received: b
11/14/2024 09:55:48 [Information] Z Axis Data Received: s
11/14/2024 09:55:48 [Information] Z Axis Data Received: o
11/14/2024 09:55:48 [Information] Z Axis Data Received: l
11/14/2024 09:55:48 [Information] Z Axis Data Received: u
11/14/2024 09:55:48 [Information] Z Axis Data Received: t
11/14/2024 09:55:48 [Information] Z Axis Data Received: e
11/14/2024 09:55:48 [Information] Z Axis Data Received:  
11/14/2024 09:55:48 [Information] Z Axis Data Received: P
11/14/2024 09:55:48 [Information] Z Axis Data Received: o
11/14/2024 09:55:48 [Information] Z Axis Data Received: s
11/14/2024 09:55:48 [Information] Z Axis Data Received: i
11/14/2024 09:55:48 [Information] Z Axis Data Received: t
11/14/2024 09:55:48 [Information] Z Axis Data Received: i
11/14/2024 09:55:48 [Information] Z Axis Data Received: o
11/14/2024 09:55:48 [Information] Z Axis Data Received: n
11/14/2024 09:55:48 [Information] Z Axis Data Received:  
11/14/2024 09:55:48 [Information] Z Axis Data Received: 8
11/14/2024 09:55:48 [Information] Z Axis Data Received: 0
11/14/2024 09:55:48 [Information] Z Axis Data Received: 0
11/14/2024 09:55:48 [Information] Z Axis Data Received: .
11/14/2024 09:55:48 [Information] Z Axis Data Received: 0
11/14/2024 09:55:48 [Information] Z Axis Data Received: 0
11/14/2024 09:55:48 [Information] Z Axis Data Received: 
11/14/2024 09:55:48 [Information] Z Axis Data Received: 

11/14/2024 09:55:48 [Information] Z Axis Data Received: Z
11/14/2024 09:55:48 [Information] Z Axis Data Received:  
11/14/2024 09:55:48 [Information] Z Axis Data Received: A
11/14/2024 09:55:48 [Information] Z Axis Data Received: x
11/14/2024 09:55:48 [Information] Z Axis Data Received: i
11/14/2024 09:55:48 [Information] Z Axis Data Received: s
11/14/2024 09:55:48 [Information] Z Axis Data Received:  
11/14/2024 09:55:48 [Information] Z Axis Data Received: A
11/14/2024 09:55:48 [Information] Z Axis Data Received: b
11/14/2024 09:55:48 [Information] Z Axis Data Received: s
11/14/2024 09:55:48 [Information] Z Axis Data Received: o
11/14/2024 09:55:48 [Information] Z Axis Data Received: l
11/14/2024 09:55:48 [Information] Z Axis Data Received: u
11/14/2024 09:55:48 [Information] Z Axis Data Received: t
11/14/2024 09:55:48 [Information] Z Axis Data Received: e
11/14/2024 09:55:48 [Information] Z Axis Data Received:  
11/14/2024 09:55:48 [Information] Z Axis Data Received: P
11/14/2024 09:55:48 [Information] Z Axis Data Received: o
11/14/2024 09:55:48 [Information] Z Axis Data Received: s
11/14/2024 09:55:48 [Information] Z Axis Data Received: i
11/14/2024 09:55:48 [Information] Z Axis Data Received: t
11/14/2024 09:55:48 [Information] Z Axis Data Received: i
11/14/2024 09:55:48 [Information] Z Axis Data Received: o
11/14/2024 09:55:48 [Information] Z Axis Data Received: n
11/14/2024 09:55:48 [Information] Z Axis Data Received:  
11/14/2024 09:55:48 [Information] Z Axis Data Received: 8
11/14/2024 09:55:48 [Information] Z Axis Data Received: 0
11/14/2024 09:55:48 [Information] Z Axis Data Received: 0
11/14/2024 09:55:48 [Information] Z Axis Data Received: .
11/14/2024 09:55:48 [Information] Z Axis Data Received: 0
11/14/2024 09:55:48 [Information] Z Axis Data Received: 0
11/14/2024 09:55:48 [Information] Z Axis Data Received: 
11/14/2024 09:55:48 [Information] Z Axis Data Received: 

11/14/2024 09:55:48 [Information] Z Axis Data Received: Z
11/14/2024 09:55:48 [Information] Z Axis Data Received:  
11/14/2024 09:55:48 [Information] Z Axis Data Received: A
11/14/2024 09:55:48 [Information] Z Axis Data Received: x
11/14/2024 09:55:48 [Information] Z Axis Data Received: i
11/14/2024 09:55:48 [Information] Z Axis Data Received: s
11/14/2024 09:55:48 [Information] Z Axis Data Received:  
11/14/2024 09:55:48 [Information] Z Axis Data Received: A
11/14/2024 09:55:48 [Information] Z Axis Data Received: b
11/14/2024 09:55:48 [Information] Z Axis Data Received: s
11/14/2024 09:55:48 [Information] Z Axis Data Received: o
11/14/2024 09:55:48 [Information] Z Axis Data Received: l
11/14/2024 09:55:48 [Information] Z Axis Data Received: u
11/14/2024 09:55:48 [Information] Z Axis Data Received: t
11/14/2024 09:55:48 [Information] Z Axis Data Received: e
11/14/2024 09:55:48 [Information] Z Axis Data Received:  
11/14/2024 09:55:48 [Information] Z Axis Data Received: P
11/14/2024 09:55:48 [Information] Z Axis Data Received: o
11/14/2024 09:55:48 [Information] Z Axis Data Received: s
11/14/2024 09:55:48 [Information] Z Axis Data Received: i
11/14/2024 09:55:48 [Information] Z Axis Data Received: t
11/14/2024 09:55:48 [Information] Z Axis Data Received: i
11/14/2024 09:55:48 [Information] Z Axis Data Received: o
11/14/2024 09:55:48 [Information] Z Axis Data Received: n
11/14/2024 09:55:48 [Information] Z Axis Data Received:  
11/14/2024 09:55:48 [Information] Z Axis Data Received: 8
11/14/2024 09:55:48 [Information] Z Axis Data Received: 0
11/14/2024 09:55:48 [Information] Z Axis Data Received: 0
11/14/2024 09:55:48 [Information] Z Axis Data Received: .
11/14/2024 09:55:48 [Information] Z Axis Data Received: 0
11/14/2024 09:55:48 [Information] Z Axis Data Received: 0
11/14/2024 09:55:48 [Information] Z Axis Data Received: 
11/14/2024 09:55:48 [Information] Z Axis Data Received: 

11/14/2024 09:55:48 [Information] Z Axis Data Received: Z
11/14/2024 09:55:48 [Information] Z Axis Data Received:  
11/14/2024 09:55:48 [Information] Z Axis Data Received: A
11/14/2024 09:55:48 [Information] Z Axis Data Received: x
11/14/2024 09:55:48 [Information] Z Axis Data Received: i
11/14/2024 09:55:48 [Information] Z Axis Data Received: s
11/14/2024 09:55:48 [Information] Z Axis Data Received:  
11/14/2024 09:55:48 [Information] Z Axis Data Received: A
11/14/2024 09:55:48 [Information] Z Axis Data Received: b
11/14/2024 09:55:48 [Information] Z Axis Data Received: s
11/14/2024 09:55:48 [Information] Z Axis Data Received: o
11/14/2024 09:55:48 [Information] Z Axis Data Received: l
11/14/2024 09:55:48 [Information] Z Axis Data Received: u
11/14/2024 09:55:48 [Information] Z Axis Data Received: t
11/14/2024 09:55:48 [Information] Z Axis Data Received: e
11/14/2024 09:55:48 [Information] Z Axis Data Received:  
11/14/2024 09:55:48 [Information] Z Axis Data Received: P
11/14/2024 09:55:48 [Information] Z Axis Data Received: o
11/14/2024 09:55:48 [Information] Z Axis Data Received: s
11/14/2024 09:55:48 [Information] Z Axis Data Received: i
11/14/2024 09:55:48 [Information] Z Axis Data Received: t
11/14/2024 09:55:48 [Information] Z Axis Data Received: i
11/14/2024 09:55:48 [Information] Z Axis Data Received: o
11/14/2024 09:55:48 [Information] Z Axis Data Received: n
11/14/2024 09:55:48 [Information] Z Axis Data Received:  
11/14/2024 09:55:48 [Information] Z Axis Data Received: 8
11/14/2024 09:55:48 [Information] Z Axis Data Received: 0
11/14/2024 09:55:48 [Information] Z Axis Data Received: 0
11/14/2024 09:55:48 [Information] Z Axis Data Received: .
11/14/2024 09:55:48 [Information] Z Axis Data Received: 0
11/14/2024 09:55:48 [Information] Z Axis Data Received: 0
11/14/2024 09:55:48 [Information] Z Axis Data Received: 
11/14/2024 09:55:48 [Information] Z Axis Data Received: 

11/14/2024 09:55:48 [Information] Z Axis Data Received: Z
11/14/2024 09:55:48 [Information] Z Axis Data Received:  
11/14/2024 09:55:48 [Information] Z Axis Data Received: A
11/14/2024 09:55:48 [Information] Z Axis Data Received: x
11/14/2024 09:55:48 [Information] Z Axis Data Received: i
11/14/2024 09:55:48 [Information] Z Axis Data Received: s
11/14/2024 09:55:48 [Information] Z Axis Data Received:  
11/14/2024 09:55:48 [Information] Z Axis Data Received: A
11/14/2024 09:55:48 [Information] Z Axis Data Received: b
11/14/2024 09:55:48 [Information] Z Axis Data Received: s
11/14/2024 09:55:48 [Information] Z Axis Data Received: o
11/14/2024 09:55:48 [Information] Z Axis Data Received: l
11/14/2024 09:55:48 [Information] Z Axis Data Received: ute
11/14/2024 09:55:48 [Information] Z Axis Data Received:  
11/14/2024 09:55:48 [Information] Z Axis Data Received: P
11/14/2024 09:55:48 [Information] Z Axis Data Received: o
11/14/2024 09:55:48 [Information] Z Axis Data Received: s
11/14/2024 09:55:48 [Information] Z Axis Data Received: i
11/14/2024 09:55:48 [Information] Z Axis Data Received: t
11/14/2024 09:55:48 [Information] Z Axis Data Received: i
11/14/2024 09:55:48 [Information] Z Axis Data Received: o
11/14/2024 09:55:48 [Information] Z Axis Data Received: n
11/14/2024 09:55:48 [Information] Z Axis Data Received:  
11/14/2024 09:55:48 [Information] Z Axis Data Received: 8
11/14/2024 09:55:48 [Information] Z Axis Data Received: 0
11/14/2024 09:55:48 [Information] Z Axis Data Received: 0
11/14/2024 09:55:48 [Information] Z Axis Data Received: .
11/14/2024 09:55:48 [Information] Z Axis Data Received: 0
11/14/2024 09:55:48 [Information] Z Axis Data Received: 0
11/14/2024 09:55:48 [Information] Z Axis Data Received: 
11/14/2024 09:55:48 [Information] Z Axis Data Received: 

11/14/2024 09:55:48 [Information] Z Axis Data Received: Z
11/14/2024 09:55:48 [Information] Z Axis Data Received:  
11/14/2024 09:55:48 [Information] Z Axis Data Received: A
11/14/2024 09:55:48 [Information] Z Axis Data Received: x
11/14/2024 09:55:48 [Information] Z Axis Data Received: i
11/14/2024 09:55:48 [Information] Z Axis Data Received: s
11/14/2024 09:55:48 [Information] Z Axis Data Received:  
11/14/2024 09:55:48 [Information] Z Axis Data Received: A
11/14/2024 09:55:48 [Information] Z Axis Data Received: b
11/14/2024 09:55:48 [Information] Z Axis Data Received: s
11/14/2024 09:55:48 [Information] Z Axis Data Received: o
11/14/2024 09:55:48 [Information] Z Axis Data Received: l
11/14/2024 09:55:48 [Information] Z Axis Data Received: u
11/14/2024 09:55:48 [Information] Z Axis Data Received: t
11/14/2024 09:55:48 [Information] Z Axis Data Received: e
11/14/2024 09:55:48 [Information] Z Axis Data Received:  
11/14/2024 09:55:48 [Information] Z Axis Data Received: P
11/14/2024 09:55:48 [Information] Z Axis Data Received: o
11/14/2024 09:55:48 [Information] Z Axis Data Received: s
11/14/2024 09:55:48 [Information] Z Axis Data Received: i
11/14/2024 09:55:48 [Information] Z Axis Data Received: t
11/14/2024 09:55:48 [Information] Z Axis Data Received: i
11/14/2024 09:55:48 [Information] Z Axis Data Received: o
11/14/2024 09:55:48 [Information] Z Axis Data Received: n
11/14/2024 09:55:48 [Information] Z Axis Data Received:  
11/14/2024 09:55:48 [Information] Z Axis Data Received: 8
11/14/2024 09:55:48 [Information] Z Axis Data Received: 0
11/14/2024 09:55:48 [Information] Z Axis Data Received: 0
11/14/2024 09:55:48 [Information] Z Axis Data Received: .
11/14/2024 09:55:48 [Information] Z Axis Data Received: 0
11/14/2024 09:55:48 [Information] Z Axis Data Received: 0
11/14/2024 09:55:48 [Information] Z Axis Data Received: 
11/14/2024 09:55:48 [Information] Z Axis Data Received: 

11/14/2024 09:55:48 [Information] Z Axis Data Received: Z
11/14/2024 09:55:48 [Information] Z Axis Data Received:  
11/14/2024 09:55:48 [Information] Z Axis Data Received: A
11/14/2024 09:55:48 [Information] Z Axis Data Received: x
11/14/2024 09:55:48 [Information] Z Axis Data Received: i
11/14/2024 09:55:48 [Information] Z Axis Data Received: s
11/14/2024 09:55:48 [Information] Z Axis Data Received:  
11/14/2024 09:55:48 [Information] Z Axis Data Received: A
11/14/2024 09:55:48 [Information] Z Axis Data Received: b
11/14/2024 09:55:48 [Information] Z Axis Data Received: s
11/14/2024 09:55:48 [Information] Z Axis Data Received: o
11/14/2024 09:55:48 [Information] Z Axis Data Received: l
11/14/2024 09:55:48 [Information] Z Axis Data Received: u
11/14/2024 09:55:48 [Information] Z Axis Data Received: t
11/14/2024 09:55:48 [Information] Z Axis Data Received: e
11/14/2024 09:55:48 [Information] Z Axis Data Received:  
11/14/2024 09:55:48 [Information] Z Axis Data Received: P
11/14/2024 09:55:48 [Information] Z Axis Data Received: o
11/14/2024 09:55:48 [Information] Z Axis Data Received: s
11/14/2024 09:55:48 [Information] Z Axis Data Received: i
11/14/2024 09:55:48 [Information] Z Axis Data Received: t
11/14/2024 09:55:48 [Information] Z Axis Data Received: i
11/14/2024 09:55:48 [Information] Z Axis Data Received: o
11/14/2024 09:55:48 [Information] Z Axis Data Received: n
11/14/2024 09:55:48 [Information] Z Axis Data Received:  
11/14/2024 09:55:48 [Information] Z Axis Data Received: 8
11/14/2024 09:55:48 [Information] Z Axis Data Received: 0
11/14/2024 09:55:48 [Information] Z Axis Data Received: 0
11/14/2024 09:55:48 [Information] Z Axis Data Received: .
11/14/2024 09:55:48 [Information] Z Axis Data Received: 0
11/14/2024 09:55:48 [Information] Z Axis Data Received: 0
11/14/2024 09:55:48 [Information] Z Axis Data Received: 
11/14/2024 09:55:48 [Information] Z Axis Data Received: 

11/14/2024 09:55:48 [Information] Z Axis Data Received: Z
11/14/2024 09:55:48 [Information] Z Axis Data Received:  
11/14/2024 09:55:48 [Information] Z Axis Data Received: A
11/14/2024 09:55:48 [Information] Z Axis Data Received: x
11/14/2024 09:55:48 [Information] Z Axis Data Received: i
11/14/2024 09:55:48 [Information] Z Axis Data Received: s
11/14/2024 09:55:48 [Information] Z Axis Data Received:  
11/14/2024 09:55:48 [Information] Z Axis Data Received: A
11/14/2024 09:55:48 [Information] Z Axis Data Received: b
11/14/2024 09:55:48 [Information] Z Axis Data Received: s
11/14/2024 09:55:48 [Information] Z Axis Data Received: o
11/14/2024 09:55:48 [Information] Z Axis Data Received: l
11/14/2024 09:55:48 [Information] Z Axis Data Received: u
11/14/2024 09:55:48 [Information] Z Axis Data Received: t
11/14/2024 09:55:48 [Information] Z Axis Data Received: e
11/14/2024 09:55:48 [Information] Z Axis Data Received:  
11/14/2024 09:55:48 [Information] Z Axis Data Received: P
11/14/2024 09:55:48 [Information] Z Axis Data Received: o
11/14/2024 09:55:48 [Information] Z Axis Data Received: s
11/14/2024 09:55:48 [Information] Z Axis Data Received: i
11/14/2024 09:55:48 [Information] Z Axis Data Received: t
11/14/2024 09:55:48 [Information] Z Axis Data Received: i
11/14/2024 09:55:48 [Information] Z Axis Data Received: o
11/14/2024 09:55:48 [Information] Z Axis Data Received: n
11/14/2024 09:55:48 [Information] Z Axis Data Received:  
11/14/2024 09:55:48 [Information] Z Axis Data Received: 8
11/14/2024 09:55:48 [Information] Z Axis Data Received: 0
11/14/2024 09:55:48 [Information] Z Axis Data Received: 0
11/14/2024 09:55:48 [Information] Z Axis Data Received: .
11/14/2024 09:55:48 [Information] Z Axis Data Received: 0
11/14/2024 09:55:48 [Information] Z Axis Data Received: 0
11/14/2024 09:55:48 [Information] Z Axis Data Received: 
11/14/2024 09:55:48 [Information] Z Axis Data Received: 

11/14/2024 09:55:48 [Information] Z Axis Data Received: Z
11/14/2024 09:55:48 [Information] Z Axis Data Received:  
11/14/2024 09:55:48 [Information] Z Axis Data Received: A
11/14/2024 09:55:48 [Information] Z Axis Data Received: x
11/14/2024 09:55:48 [Information] Z Axis Data Received: i
11/14/2024 09:55:48 [Information] Z Axis Data Received: s
11/14/2024 09:55:48 [Information] Z Axis Data Received:  
11/14/2024 09:55:48 [Information] Z Axis Data Received: A
11/14/2024 09:55:48 [Information] Z Axis Data Received: b
11/14/2024 09:55:48 [Information] Z Axis Data Received: s
11/14/2024 09:55:48 [Information] Z Axis Data Received: o
11/14/2024 09:55:48 [Information] Z Axis Data Received: l
11/14/2024 09:55:48 [Information] Z Axis Data Received: u
11/14/2024 09:55:48 [Information] Z Axis Data Received: t
11/14/2024 09:55:48 [Information] Z Axis Data Received: e
11/14/2024 09:55:48 [Information] Z Axis Data Received:  
11/14/2024 09:55:48 [Information] Z Axis Data Received: P
11/14/2024 09:55:48 [Information] Z Axis Data Received: o
11/14/2024 09:55:48 [Information] Z Axis Data Received: s
11/14/2024 09:55:48 [Information] Z Axis Data Received: i
11/14/2024 09:55:48 [Information] Z Axis Data Received: t
11/14/2024 09:55:48 [Information] Z Axis Data Received: i
11/14/2024 09:55:48 [Information] Z Axis Data Received: o
11/14/2024 09:55:48 [Information] Z Axis Data Received: n
11/14/2024 09:55:48 [Information] Z Axis Data Received:  
11/14/2024 09:55:48 [Information] Z Axis Data Received: 8
11/14/2024 09:55:48 [Information] Z Axis Data Received: 0
11/14/2024 09:55:48 [Information] Z Axis Data Received: 0
11/14/2024 09:55:48 [Information] Z Axis Data Received: .
11/14/2024 09:55:48 [Information] Z Axis Data Received: 0
11/14/2024 09:55:48 [Information] Z Axis Data Received: 0
11/14/2024 09:55:48 [Information] Z Axis Data Received: 
11/14/2024 09:55:48 [Information] Z Axis Data Received: 

11/14/2024 09:55:48 [Information] Z Axis Data Received: Z
11/14/2024 09:55:48 [Information] Z Axis Data Received:  
11/14/2024 09:55:48 [Information] Z Axis Data Received: A
11/14/2024 09:55:48 [Information] Z Axis Data Received: x
11/14/2024 09:55:48 [Information] Z Axis Data Received: i
11/14/2024 09:55:48 [Information] Z Axis Data Received: s
11/14/2024 09:55:48 [Information] Z Axis Data Received:  
11/14/2024 09:55:48 [Information] Z Axis Data Received: A
11/14/2024 09:55:48 [Information] Z Axis Data Received: b
11/14/2024 09:55:48 [Information] Z Axis Data Received: s
11/14/2024 09:55:48 [Information] Z Axis Data Received: o
11/14/2024 09:55:48 [Information] Z Axis Data Received: l
11/14/2024 09:55:48 [Information] Z Axis Data Received: u
11/14/2024 09:55:48 [Information] Z Axis Data Received: t
11/14/2024 09:55:48 [Information] Z Axis Data Received: e
11/14/2024 09:55:48 [Information] Z Axis Data Received:  
11/14/2024 09:55:48 [Information] Z Axis Data Received: P
11/14/2024 09:55:48 [Information] Z Axis Data Received: o
11/14/2024 09:55:48 [Information] Z Axis Data Received: s
11/14/2024 09:55:48 [Information] Z Axis Data Received: i
11/14/2024 09:55:48 [Information] Z Axis Data Received: t
11/14/2024 09:55:48 [Information] Z Axis Data Received: i
11/14/2024 09:55:48 [Information] Z Axis Data Received: o
11/14/2024 09:55:48 [Information] Z Axis Data Received: n
11/14/2024 09:55:48 [Information] Z Axis Data Received:  
11/14/2024 09:55:48 [Information] Z Axis Data Received: 8
11/14/2024 09:55:48 [Information] Z Axis Data Received: 0
11/14/2024 09:55:48 [Information] Z Axis Data Received: 0
11/14/2024 09:55:48 [Information] Z Axis Data Received: .
11/14/2024 09:55:48 [Information] Z Axis Data Received: 0
11/14/2024 09:55:48 [Information] Z Axis Data Received: 0
11/14/2024 09:55:48 [Information] Z Axis Data Received: 
11/14/2024 09:55:48 [Information] Z Axis Data Received: 

11/14/2024 09:55:48 [Information] Z Axis Data Received: Z
11/14/2024 09:55:48 [Information] Z Axis Data Received:  
11/14/2024 09:55:48 [Information] Z Axis Data Received: A
11/14/2024 09:55:48 [Information] Z Axis Data Received: x
11/14/2024 09:55:48 [Information] Z Axis Data Received: i
11/14/2024 09:55:48 [Information] Z Axis Data Received: s
11/14/2024 09:55:48 [Information] Z Axis Data Received:  
11/14/2024 09:55:48 [Information] Z Axis Data Received: A
11/14/2024 09:55:48 [Information] Z Axis Data Received: b
11/14/2024 09:55:48 [Information] Z Axis Data Received: s
11/14/2024 09:55:48 [Information] Z Axis Data Received: o
11/14/2024 09:55:48 [Information] Z Axis Data Received: l
11/14/2024 09:55:49 [Information] Z Axis Data Received: u
11/14/2024 09:55:49 [Information] Z Axis Data Received: t
11/14/2024 09:55:49 [Information] Z Axis Data Received: e
11/14/2024 09:55:49 [Information] Z Axis Data Received:  
11/14/2024 09:55:49 [Information] Z Axis Data Received: P
11/14/2024 09:55:49 [Information] Z Axis Data Received: o
11/14/2024 09:55:49 [Information] Z Axis Data Received: s
11/14/2024 09:55:49 [Information] Z Axis Data Received: i
11/14/2024 09:55:49 [Information] Z Axis Data Received: t
11/14/2024 09:55:49 [Information] Z Axis Data Received: i
11/14/2024 09:55:49 [Information] Z Axis Data Received: o
11/14/2024 09:55:49 [Information] Z Axis Data Received: n
11/14/2024 09:55:49 [Information] Z Axis Data Received:  
11/14/2024 09:55:49 [Information] Z Axis Data Received: 8
11/14/2024 09:55:49 [Information] Z Axis Data Received: 0
11/14/2024 09:55:49 [Information] Z Axis Data Received: 0
11/14/2024 09:55:49 [Information] Z Axis Data Received: .
11/14/2024 09:55:49 [Information] Z Axis Data Received: 0
11/14/2024 09:55:49 [Information] Z Axis Data Received: 0
11/14/2024 09:55:49 [Information] Z Axis Data Received: 
11/14/2024 09:55:49 [Information] Z Axis Data Received: 

11/14/2024 09:55:49 [Information] Z Axis Data Received: Z
11/14/2024 09:55:49 [Information] Z Axis Data Received:  
11/14/2024 09:55:49 [Information] Z Axis Data Received: A
11/14/2024 09:55:49 [Information] Z Axis Data Received: x
11/14/2024 09:55:49 [Information] Z Axis Data Received: i
11/14/2024 09:55:49 [Information] Z Axis Data Received: s
11/14/2024 09:55:49 [Information] Z Axis Data Received:  
11/14/2024 09:55:49 [Information] Z Axis Data Received: A
11/14/2024 09:55:49 [Information] Z Axis Data Received: b
11/14/2024 09:55:49 [Information] Z Axis Data Received: s
11/14/2024 09:55:49 [Information] Z Axis Data Received: o
11/14/2024 09:55:49 [Information] Z Axis Data Received: l
11/14/2024 09:55:49 [Information] Z Axis Data Received: u
11/14/2024 09:55:49 [Information] Z Axis Data Received: t
11/14/2024 09:55:49 [Information] Z Axis Data Received: e
11/14/2024 09:55:49 [Information] Z Axis Data Received:  
11/14/2024 09:55:49 [Information] Z Axis Data Received: P
11/14/2024 09:55:49 [Information] Z Axis Data Received: o
11/14/2024 09:55:49 [Information] Z Axis Data Received: s
11/14/2024 09:55:49 [Information] Z Axis Data Received: i
11/14/2024 09:55:49 [Information] Z Axis Data Received: t
11/14/2024 09:55:49 [Information] Z Axis Data Received: i
11/14/2024 09:55:49 [Information] Z Axis Data Received: o
11/14/2024 09:55:49 [Information] Z Axis Data Received: n
11/14/2024 09:55:49 [Information] Z Axis Data Received:  
11/14/2024 09:55:49 [Information] Z Axis Data Received: 8
11/14/2024 09:55:49 [Information] Z Axis Data Received: 0
11/14/2024 09:55:49 [Information] Z Axis Data Received: 0
11/14/2024 09:55:49 [Information] Z Axis Data Received: .
11/14/2024 09:55:49 [Information] Z Axis Data Received: 0
11/14/2024 09:55:49 [Information] Z Axis Data Received: 0
11/14/2024 09:55:49 [Information] Z Axis Data Received: 
11/14/2024 09:55:49 [Information] Z Axis Data Received: 

11/14/2024 09:55:49 [Information] Z Axis Data Received: Z
11/14/2024 09:55:49 [Information] Z Axis Data Received:  
11/14/2024 09:55:49 [Information] Z Axis Data Received: A
11/14/2024 09:55:49 [Information] Z Axis Data Received: x
11/14/2024 09:55:49 [Information] Z Axis Data Received: i
11/14/2024 09:55:49 [Information] Z Axis Data Received: s
11/14/2024 09:55:49 [Information] Z Axis Data Received:  
11/14/2024 09:55:49 [Information] Z Axis Data Received: A
11/14/2024 09:55:49 [Information] Z Axis Data Received: b
11/14/2024 09:55:49 [Information] Z Axis Data Received: s
11/14/2024 09:55:49 [Information] Z Axis Data Received: o
11/14/2024 09:55:49 [Information] Z Axis Data Received: l
11/14/2024 09:55:49 [Information] Z Axis Data Received: u
11/14/2024 09:55:49 [Information] Z Axis Data Received: t
11/14/2024 09:55:49 [Information] Z Axis Data Received: e
11/14/2024 09:55:49 [Information] Z Axis Data Received:  
11/14/2024 09:55:49 [Information] Z Axis Data Received: P
11/14/2024 09:55:49 [Information] Z Axis Data Received: o
11/14/2024 09:55:49 [Information] Z Axis Data Received: s
11/14/2024 09:55:49 [Information] Z Axis Data Received: i
11/14/2024 09:55:49 [Information] Z Axis Data Received: t
11/14/2024 09:55:49 [Information] Z Axis Data Received: i
11/14/2024 09:55:49 [Information] Z Axis Data Received: o
11/14/2024 09:55:49 [Information] Z Axis Data Received: n
11/14/2024 09:55:49 [Information] Z Axis Data Received:  
11/14/2024 09:55:49 [Information] Z Axis Data Received: 8
11/14/2024 09:55:49 [Information] Z Axis Data Received: 0
11/14/2024 09:55:49 [Information] Z Axis Data Received: 0
11/14/2024 09:55:49 [Information] Z Axis Data Received: .
11/14/2024 09:55:49 [Information] Z Axis Data Received: 0
11/14/2024 09:55:49 [Information] Z Axis Data Received: 0
11/14/2024 09:55:49 [Information] Z Axis Data Received: 
11/14/2024 09:55:49 [Information] Z Axis Data Received: 

11/14/2024 09:55:49 [Information] Z Axis Data Received: Z
11/14/2024 09:55:49 [Information] Z Axis Data Received:  
11/14/2024 09:55:49 [Information] Z Axis Data Received: A
11/14/2024 09:55:49 [Information] Z Axis Data Received: x
11/14/2024 09:55:49 [Information] Z Axis Data Received: i
11/14/2024 09:55:49 [Information] Z Axis Data Received: s
11/14/2024 09:55:49 [Information] Z Axis Data Received:  
11/14/2024 09:55:49 [Information] Z Axis Data Received: A
11/14/2024 09:55:49 [Information] Z Axis Data Received: b
11/14/2024 09:55:49 [Information] Z Axis Data Received: s
11/14/2024 09:55:49 [Information] Z Axis Data Received: o
11/14/2024 09:55:49 [Information] Z Axis Data Received: l
11/14/2024 09:55:49 [Information] Z Axis Data Received: u
11/14/2024 09:55:49 [Information] Z Axis Data Received: t
11/14/2024 09:55:49 [Information] Z Axis Data Received: e
11/14/2024 09:55:49 [Information] Z Axis Data Received:  
11/14/2024 09:55:49 [Information] Z Axis Data Received: P
11/14/2024 09:55:49 [Information] Z Axis Data Received: o
11/14/2024 09:55:49 [Information] Z Axis Data Received: s
11/14/2024 09:55:49 [Information] Z Axis Data Received: i
11/14/2024 09:55:49 [Information] Z Axis Data Received: t
11/14/2024 09:55:49 [Information] Z Axis Data Received: i
11/14/2024 09:55:49 [Information] Z Axis Data Received: o
11/14/2024 09:55:49 [Information] Z Axis Data Received: n
11/14/2024 09:55:49 [Information] Z Axis Data Received:  
11/14/2024 09:55:49 [Information] Z Axis Data Received: 8
11/14/2024 09:55:49 [Information] Z Axis Data Received: 0
11/14/2024 09:55:49 [Information] Z Axis Data Received: 0
11/14/2024 09:55:49 [Information] Z Axis Data Received: .
11/14/2024 09:55:49 [Information] Z Axis Data Received: 0
11/14/2024 09:55:49 [Information] Z Axis Data Received: 0
11/14/2024 09:55:49 [Information] Z Axis Data Received: 
11/14/2024 09:55:49 [Information] Z Axis Data Received: 

11/14/2024 09:55:49 [Information] Z Axis Data Received: Z
11/14/2024 09:55:49 [Information] Z Axis Data Received:  
11/14/2024 09:55:49 [Information] Z Axis Data Received: A
11/14/2024 09:55:49 [Information] Z Axis Data Received: x
11/14/2024 09:55:49 [Information] Z Axis Data Received: i
11/14/2024 09:55:49 [Information] Z Axis Data Received: s
11/14/2024 09:55:49 [Information] Z Axis Data Received:  
11/14/2024 09:55:49 [Information] Z Axis Data Received: A
11/14/2024 09:55:49 [Information] Z Axis Data Received: b
11/14/2024 09:55:49 [Information] Z Axis Data Received: s
11/14/2024 09:55:49 [Information] Z Axis Data Received: o
11/14/2024 09:55:49 [Information] Z Axis Data Received: l
11/14/2024 09:55:49 [Information] Z Axis Data Received: u
11/14/2024 09:55:49 [Information] Z Axis Data Received: t
11/14/2024 09:55:49 [Information] Z Axis Data Received: e
11/14/2024 09:55:49 [Information] Z Axis Data Received:  
11/14/2024 09:55:49 [Information] Z Axis Data Received: P
11/14/2024 09:55:49 [Information] Z Axis Data Received: o
11/14/2024 09:55:49 [Information] Z Axis Data Received: s
11/14/2024 09:55:49 [Information] Z Axis Data Received: i
11/14/2024 09:55:49 [Information] Z Axis Data Received: t
11/14/2024 09:55:49 [Information] Z Axis Data Received: i
11/14/2024 09:55:49 [Information] Z Axis Data Received: o
11/14/2024 09:55:49 [Information] Z Axis Data Received: n
11/14/2024 09:55:49 [Information] Z Axis Data Received:  
11/14/2024 09:55:49 [Information] Z Axis Data Received: 8
11/14/2024 09:55:49 [Information] Z Axis Data Received: 0
11/14/2024 09:55:49 [Information] Z Axis Data Received: 0
11/14/2024 09:55:49 [Information] Z Axis Data Received: .
11/14/2024 09:55:49 [Information] Z Axis Data Received: 0
11/14/2024 09:55:49 [Information] Z Axis Data Received: 0
11/14/2024 09:55:49 [Information] Z Axis Data Received: 
11/14/2024 09:55:49 [Information] Z Axis Data Received: 

11/14/2024 09:55:49 [Information] Z Axis Data Received: Z
11/14/2024 09:55:49 [Information] Z Axis Data Received:  
11/14/2024 09:55:49 [Information] Z Axis Data Received: A
11/14/2024 09:55:49 [Information] Z Axis Data Received: x
11/14/2024 09:55:49 [Information] Z Axis Data Received: i
11/14/2024 09:55:49 [Information] Z Axis Data Received: s
11/14/2024 09:55:49 [Information] Z Axis Data Received:  
11/14/2024 09:55:49 [Information] Z Axis Data Received: A
11/14/2024 09:55:49 [Information] Z Axis Data Received: b
11/14/2024 09:55:49 [Information] Z Axis Data Received: s
11/14/2024 09:55:49 [Information] Z Axis Data Received: o
11/14/2024 09:55:49 [Information] Z Axis Data Received: l
11/14/2024 09:55:49 [Information] Z Axis Data Received: u
11/14/2024 09:55:49 [Information] Z Axis Data Received: t
11/14/2024 09:55:49 [Information] Z Axis Data Received: e
11/14/2024 09:55:49 [Information] Z Axis Data Received:  
11/14/2024 09:55:49 [Information] Z Axis Data Received: P
11/14/2024 09:55:49 [Information] Z Axis Data Received: o
11/14/2024 09:55:49 [Information] Z Axis Data Received: s
11/14/2024 09:55:49 [Information] Z Axis Data Received: i
11/14/2024 09:55:49 [Information] Z Axis Data Received: t
11/14/2024 09:55:49 [Information] Z Axis Data Received: i
11/14/2024 09:55:49 [Information] Z Axis Data Received: o
11/14/2024 09:55:49 [Information] Z Axis Data Received: n
11/14/2024 09:55:49 [Information] Z Axis Data Received:  
11/14/2024 09:55:49 [Information] Z Axis Data Received: 8
11/14/2024 09:55:49 [Information] Z Axis Data Received: 0
11/14/2024 09:55:49 [Information] Z Axis Data Received: 0
11/14/2024 09:55:49 [Information] Z Axis Data Received: .
11/14/2024 09:55:49 [Information] Z Axis Data Received: 0
11/14/2024 09:55:49 [Information] Z Axis Data Received: 0
11/14/2024 09:55:49 [Information] Z Axis Data Received: 
11/14/2024 09:55:49 [Information] Z Axis Data Received: 

11/14/2024 09:55:49 [Information] Z Axis Data Received: Z
11/14/2024 09:55:49 [Information] Z Axis Data Received:  
11/14/2024 09:55:49 [Information] Z Axis Data Received: A
11/14/2024 09:55:49 [Information] Z Axis Data Received: x
11/14/2024 09:55:49 [Information] Z Axis Data Received: i
11/14/2024 09:55:49 [Information] Z Axis Data Received: s
11/14/2024 09:55:49 [Information] Z Axis Data Received:  
11/14/2024 09:55:49 [Information] Z Axis Data Received: A
11/14/2024 09:55:49 [Information] Z Axis Data Received: b
11/14/2024 09:55:49 [Information] Z Axis Data Received: s
11/14/2024 09:55:49 [Information] Z Axis Data Received: o
11/14/2024 09:55:49 [Information] Z Axis Data Received: l
11/14/2024 09:55:49 [Information] Z Axis Data Received: u
11/14/2024 09:55:49 [Information] Z Axis Data Received: t
11/14/2024 09:55:49 [Information] Z Axis Data Received: e
11/14/2024 09:55:49 [Information] Z Axis Data Received:  
11/14/2024 09:55:49 [Information] Z Axis Data Received: P
11/14/2024 09:55:49 [Information] Z Axis Data Received: o
11/14/2024 09:55:49 [Information] Z Axis Data Received: s
11/14/2024 09:55:49 [Information] Z Axis Data Received: i
11/14/2024 09:55:49 [Information] Z Axis Data Received: t
11/14/2024 09:55:49 [Information] Z Axis Data Received: i
11/14/2024 09:55:49 [Information] Z Axis Data Received: o
11/14/2024 09:55:49 [Information] Z Axis Data Received: n
11/14/2024 09:55:49 [Information] Z Axis Data Received:  
11/14/2024 09:55:49 [Information] Z Axis Data Received: 8
11/14/2024 09:55:49 [Information] Z Axis Data Received: 0
11/14/2024 09:55:49 [Information] Z Axis Data Received: 0
11/14/2024 09:55:49 [Information] Z Axis Data Received: .
11/14/2024 09:55:49 [Information] Z Axis Data Received: 0
11/14/2024 09:55:49 [Information] Z Axis Data Received: 0
11/14/2024 09:55:49 [Information] Z Axis Data Received: 
11/14/2024 09:55:49 [Information] Z Axis Data Received: 

11/14/2024 09:55:49 [Information] Z Axis Data Received: Z
11/14/2024 09:55:49 [Information] Z Axis Data Received:  
11/14/2024 09:55:49 [Information] Z Axis Data Received: A
11/14/2024 09:55:49 [Information] Z Axis Data Received: x
11/14/2024 09:55:49 [Information] Z Axis Data Received: i
11/14/2024 09:55:49 [Information] Z Axis Data Received: s
11/14/2024 09:55:49 [Information] Z Axis Data Received:  
11/14/2024 09:55:49 [Information] Z Axis Data Received: A
11/14/2024 09:55:49 [Information] Z Axis Data Received: b
11/14/2024 09:55:49 [Information] Z Axis Data Received: s
11/14/2024 09:55:49 [Information] Z Axis Data Received: o
11/14/2024 09:55:49 [Information] Z Axis Data Received: l
11/14/2024 09:55:49 [Information] Z Axis Data Received: u
11/14/2024 09:55:49 [Information] Z Axis Data Received: t
11/14/2024 09:55:49 [Information] Z Axis Data Received: e
11/14/2024 09:55:49 [Information] Z Axis Data Received:  
11/14/2024 09:55:49 [Information] Z Axis Data Received: P
11/14/2024 09:55:49 [Information] Z Axis Data Received: o
11/14/2024 09:55:49 [Information] Z Axis Data Received: s
11/14/2024 09:55:49 [Information] Z Axis Data Received: i
11/14/2024 09:55:49 [Information] Z Axis Data Received: t
11/14/2024 09:55:49 [Information] Z Axis Data Received: i
11/14/2024 09:55:49 [Information] Z Axis Data Received: o
11/14/2024 09:55:49 [Information] Z Axis Data Received: n
11/14/2024 09:55:49 [Information] Z Axis Data Received:  
11/14/2024 09:55:49 [Information] Z Axis Data Received: 8
11/14/2024 09:55:49 [Information] Z Axis Data Received: 0
11/14/2024 09:55:49 [Information] Z Axis Data Received: 0
11/14/2024 09:55:49 [Information] Z Axis Data Received: .
11/14/2024 09:55:49 [Information] Z Axis Data Received: 0
11/14/2024 09:55:49 [Information] Z Axis Data Received: 0
11/14/2024 09:55:49 [Information] Z Axis Data Received: 
11/14/2024 09:55:49 [Information] Z Axis Data Received: 

11/14/2024 09:55:49 [Information] Z Axis Data Received: Z
11/14/2024 09:55:49 [Information] Z Axis Data Received:  
11/14/2024 09:55:49 [Information] Z Axis Data Received: A
11/14/2024 09:55:49 [Information] Z Axis Data Received: x
11/14/2024 09:55:49 [Information] Z Axis Data Received: i
11/14/2024 09:55:49 [Information] Z Axis Data Received: s
11/14/2024 09:55:49 [Information] Z Axis Data Received:  
11/14/2024 09:55:49 [Information] Z Axis Data Received: A
11/14/2024 09:55:49 [Information] Z Axis Data Received: b
11/14/2024 09:55:49 [Information] Z Axis Data Received: s
11/14/2024 09:55:49 [Information] Z Axis Data Received: o
11/14/2024 09:55:49 [Information] Z Axis Data Received: l
11/14/2024 09:55:49 [Information] Z Axis Data Received: u
11/14/2024 09:55:49 [Information] Z Axis Data Received: t
11/14/2024 09:55:49 [Information] Z Axis Data Received: e
11/14/2024 09:55:49 [Information] Z Axis Data Received:  
11/14/2024 09:55:49 [Information] Z Axis Data Received: P
11/14/2024 09:55:49 [Information] Z Axis Data Received: o
11/14/2024 09:55:49 [Information] Z Axis Data Received: s
11/14/2024 09:55:49 [Information] Z Axis Data Received: i
11/14/2024 09:55:49 [Information] Z Axis Data Received: t
11/14/2024 09:55:49 [Information] Z Axis Data Received: i
11/14/2024 09:55:49 [Information] Z Axis Data Received: o
11/14/2024 09:55:49 [Information] Z Axis Data Received: n
11/14/2024 09:55:49 [Information] Z Axis Data Received:  
11/14/2024 09:55:49 [Information] Z Axis Data Received: 8
11/14/2024 09:55:49 [Information] Z Axis Data Received: 0
11/14/2024 09:55:49 [Information] Z Axis Data Received: 0
11/14/2024 09:55:49 [Information] Z Axis Data Received: .
11/14/2024 09:55:49 [Information] Z Axis Data Received: 0
11/14/2024 09:55:49 [Information] Z Axis Data Received: 0
11/14/2024 09:55:49 [Information] Z Axis Data Received: 
11/14/2024 09:55:49 [Information] Z Axis Data Received: 

11/14/2024 09:55:49 [Information] Z Axis Data Received: Z
11/14/2024 09:55:49 [Information] Z Axis Data Received:  
11/14/2024 09:55:49 [Information] Z Axis Data Received: A
11/14/2024 09:55:49 [Information] Z Axis Data Received: x
11/14/2024 09:55:49 [Information] Z Axis Data Received: i
11/14/2024 09:55:49 [Information] Z Axis Data Received: s
11/14/2024 09:55:49 [Information] Z Axis Data Received:  
11/14/2024 09:55:49 [Information] Z Axis Data Received: A
11/14/2024 09:55:49 [Information] Z Axis Data Received: b
11/14/2024 09:55:49 [Information] Z Axis Data Received: s
11/14/2024 09:55:49 [Information] Z Axis Data Received: o
11/14/2024 09:55:49 [Information] Z Axis Data Received: l
11/14/2024 09:55:49 [Information] Z Axis Data Received: u
11/14/2024 09:55:49 [Information] Z Axis Data Received: t
11/14/2024 09:55:49 [Information] Z Axis Data Received: e
11/14/2024 09:55:49 [Information] Z Axis Data Received:  
11/14/2024 09:55:49 [Information] Z Axis Data Received: P
11/14/2024 09:55:49 [Information] Z Axis Data Received: o
11/14/2024 09:55:49 [Information] Z Axis Data Received: s
11/14/2024 09:55:49 [Information] Z Axis Data Received: i
11/14/2024 09:55:49 [Information] Z Axis Data Received: t
11/14/2024 09:55:49 [Information] Z Axis Data Received: i
11/14/2024 09:55:49 [Information] Z Axis Data Received: o
11/14/2024 09:55:49 [Information] Z Axis Data Received: n
11/14/2024 09:55:49 [Information] Z Axis Data Received:  
11/14/2024 09:55:49 [Information] Z Axis Data Received: 8
11/14/2024 09:55:49 [Information] Z Axis Data Received: 0
11/14/2024 09:55:49 [Information] Z Axis Data Received: 0
11/14/2024 09:55:49 [Information] Z Axis Data Received: .
11/14/2024 09:55:49 [Information] Z Axis Data Received: 0
11/14/2024 09:55:49 [Information] Z Axis Data Received: 0
11/14/2024 09:55:49 [Information] Z Axis Data Received: 
11/14/2024 09:55:49 [Information] Z Axis Data Received: 

11/14/2024 09:55:49 [Information] Z Axis Data Received: Z
11/14/2024 09:55:49 [Information] Z Axis Data Received:  
11/14/2024 09:55:49 [Information] Z Axis Data Received: A
11/14/2024 09:55:49 [Information] Z Axis Data Received: x
11/14/2024 09:55:49 [Information] Z Axis Data Received: i
11/14/2024 09:55:49 [Information] Z Axis Data Received: s
11/14/2024 09:55:49 [Information] Z Axis Data Received:  
11/14/2024 09:55:49 [Information] Z Axis Data Received: A
11/14/2024 09:55:49 [Information] Z Axis Data Received: b
11/14/2024 09:55:49 [Information] Z Axis Data Received: s
11/14/2024 09:55:49 [Information] Z Axis Data Received: o
11/14/2024 09:55:49 [Information] Z Axis Data Received: l
11/14/2024 09:55:49 [Information] Z Axis Data Received: u
11/14/2024 09:55:49 [Information] Z Axis Data Received: t
11/14/2024 09:55:49 [Information] Z Axis Data Received: e
11/14/2024 09:55:49 [Information] Z Axis Data Received:  
11/14/2024 09:55:49 [Information] Z Axis Data Received: P
11/14/2024 09:55:49 [Information] Z Axis Data Received: o
11/14/2024 09:55:49 [Information] Z Axis Data Received: s
11/14/2024 09:55:49 [Information] Z Axis Data Received: i
11/14/2024 09:55:49 [Information] Z Axis Data Received: t
11/14/2024 09:55:49 [Information] Z Axis Data Received: i
11/14/2024 09:55:49 [Information] Z Axis Data Received: o
11/14/2024 09:55:49 [Information] Z Axis Data Received: n
11/14/2024 09:55:49 [Information] Z Axis Data Received:  
11/14/2024 09:55:49 [Information] Z Axis Data Received: 8
11/14/2024 09:55:49 [Information] Z Axis Data Received: 0
11/14/2024 09:55:49 [Information] Z Axis Data Received: 0
11/14/2024 09:55:49 [Information] Z Axis Data Received: .
11/14/2024 09:55:49 [Information] Z Axis Data Received: 0
11/14/2024 09:55:49 [Information] Z Axis Data Received: 0
11/14/2024 09:55:49 [Information] Z Axis Data Received: 
11/14/2024 09:55:49 [Information] Z Axis Data Received: 

11/14/2024 09:55:49 [Information] Z Axis Data Received: Z
11/14/2024 09:55:49 [Information] Z Axis Data Received:  
11/14/2024 09:55:49 [Information] Z Axis Data Received: A
11/14/2024 09:55:49 [Information] Z Axis Data Received: x
11/14/2024 09:55:49 [Information] Z Axis Data Received: i
11/14/2024 09:55:49 [Information] Z Axis Data Received: s
11/14/2024 09:55:49 [Information] Z Axis Data Received:  
11/14/2024 09:55:49 [Information] Z Axis Data Received: A
11/14/2024 09:55:49 [Information] Z Axis Data Received: b
11/14/2024 09:55:49 [Information] Z Axis Data Received: s
11/14/2024 09:55:49 [Information] Z Axis Data Received: o
11/14/2024 09:55:49 [Information] Z Axis Data Received: l
11/14/2024 09:55:49 [Information] Z Axis Data Received: u
11/14/2024 09:55:49 [Information] Z Axis Data Received: t
11/14/2024 09:55:49 [Information] Z Axis Data Received: e
11/14/2024 09:55:49 [Information] Z Axis Data Received:  
11/14/2024 09:55:49 [Information] Z Axis Data Received: P
11/14/2024 09:55:49 [Information] Z Axis Data Received: o
11/14/2024 09:55:49 [Information] Z Axis Data Received: s
11/14/2024 09:55:49 [Information] Z Axis Data Received: i
11/14/2024 09:55:49 [Information] Z Axis Data Received: t
11/14/2024 09:55:49 [Information] Z Axis Data Received: i
11/14/2024 09:55:49 [Information] Z Axis Data Received: o
11/14/2024 09:55:49 [Information] Z Axis Data Received: n
11/14/2024 09:55:49 [Information] Z Axis Data Received:  
11/14/2024 09:55:49 [Information] Z Axis Data Received: 8
11/14/2024 09:55:49 [Information] Z Axis Data Received: 0
11/14/2024 09:55:49 [Information] Z Axis Data Received: 0
11/14/2024 09:55:49 [Information] Z Axis Data Received: .
11/14/2024 09:55:49 [Information] Z Axis Data Received: 0
11/14/2024 09:55:49 [Information] Z Axis Data Received: 0
11/14/2024 09:55:49 [Information] Z Axis Data Received: 
11/14/2024 09:55:49 [Information] Z Axis Data Received: 

11/14/2024 09:55:49 [Information] Z Axis Data Received: Z
11/14/2024 09:55:49 [Information] Z Axis Data Received:  
11/14/2024 09:55:49 [Information] Z Axis Data Received: A
11/14/2024 09:55:49 [Information] Z Axis Data Received: x
11/14/2024 09:55:49 [Information] Z Axis Data Received: i
11/14/2024 09:55:49 [Information] Z Axis Data Received: s
11/14/2024 09:55:49 [Information] Z Axis Data Received:  
11/14/2024 09:55:49 [Information] Z Axis Data Received: A
11/14/2024 09:55:49 [Information] Z Axis Data Received: b
11/14/2024 09:55:49 [Information] Z Axis Data Received: s
11/14/2024 09:55:49 [Information] Z Axis Data Received: o
11/14/2024 09:55:49 [Information] Z Axis Data Received: l
11/14/2024 09:55:49 [Information] Z Axis Data Received: u
11/14/2024 09:55:49 [Information] Z Axis Data Received: t
11/14/2024 09:55:49 [Information] Z Axis Data Received: e
11/14/2024 09:55:49 [Information] Z Axis Data Received:  
11/14/2024 09:55:49 [Information] Z Axis Data Received: P
11/14/2024 09:55:49 [Information] Z Axis Data Received: o
11/14/2024 09:55:49 [Information] Z Axis Data Received: s
11/14/2024 09:55:49 [Information] Z Axis Data Received: i
11/14/2024 09:55:49 [Information] Z Axis Data Received: t
11/14/2024 09:55:49 [Information] Z Axis Data Received: i
11/14/2024 09:55:49 [Information] Z Axis Data Received: o
11/14/2024 09:55:49 [Information] Z Axis Data Received: n
11/14/2024 09:55:49 [Information] Z Axis Data Received:  
11/14/2024 09:55:49 [Information] Z Axis Data Received: 8
11/14/2024 09:55:49 [Information] Z Axis Data Received: 0
11/14/2024 09:55:49 [Information] Z Axis Data Received: 0
11/14/2024 09:55:49 [Information] Z Axis Data Received: .
11/14/2024 09:55:49 [Information] Z Axis Data Received: 0
11/14/2024 09:55:49 [Information] Z Axis Data Received: 0
11/14/2024 09:55:49 [Information] Z Axis Data Received: 
11/14/2024 09:55:49 [Information] Z Axis Data Received: 

11/14/2024 09:55:49 [Information] Z Axis Data Received: Z
11/14/2024 09:55:49 [Information] Z Axis Data Received:  
11/14/2024 09:55:49 [Information] Z Axis Data Received: A
11/14/2024 09:55:49 [Information] Z Axis Data Received: x
11/14/2024 09:55:49 [Information] Z Axis Data Received: i
11/14/2024 09:55:49 [Information] Z Axis Data Received: s
11/14/2024 09:55:49 [Information] Z Axis Data Received:  
11/14/2024 09:55:49 [Information] Z Axis Data Received: A
11/14/2024 09:55:49 [Information] Z Axis Data Received: b
11/14/2024 09:55:49 [Information] Z Axis Data Received: s
11/14/2024 09:55:49 [Information] Z Axis Data Received: o
11/14/2024 09:55:49 [Information] Z Axis Data Received: l
11/14/2024 09:55:49 [Information] Z Axis Data Received: u
11/14/2024 09:55:49 [Information] Z Axis Data Received: t
11/14/2024 09:55:49 [Information] Z Axis Data Received: e
11/14/2024 09:55:49 [Information] Z Axis Data Received:  
11/14/2024 09:55:49 [Information] Z Axis Data Received: P
11/14/2024 09:55:49 [Information] Z Axis Data Received: o
11/14/2024 09:55:49 [Information] Z Axis Data Received: s
11/14/2024 09:55:49 [Information] Z Axis Data Received: i
11/14/2024 09:55:49 [Information] Z Axis Data Received: t
11/14/2024 09:55:49 [Information] Z Axis Data Received: i
11/14/2024 09:55:49 [Information] Z Axis Data Received: o
11/14/2024 09:55:49 [Information] Z Axis Data Received: n
11/14/2024 09:55:49 [Information] Z Axis Data Received:  
11/14/2024 09:55:49 [Information] Z Axis Data Received: 8
11/14/2024 09:55:49 [Information] Z Axis Data Received: 0
11/14/2024 09:55:49 [Information] Z Axis Data Received: 0
11/14/2024 09:55:49 [Information] Z Axis Data Received: .
11/14/2024 09:55:49 [Information] Z Axis Data Received: 0
11/14/2024 09:55:49 [Information] Z Axis Data Received: 0
11/14/2024 09:55:49 [Information] Z Axis Data Received: 
11/14/2024 09:55:49 [Information] Z Axis Data Received: 

11/14/2024 09:55:49 [Information] Z Axis Data Received: Z
11/14/2024 09:55:49 [Information] Z Axis Data Received:  
11/14/2024 09:55:49 [Information] Z Axis Data Received: A
11/14/2024 09:55:49 [Information] Z Axis Data Received: x
11/14/2024 09:55:49 [Information] Z Axis Data Received: i
11/14/2024 09:55:49 [Information] Z Axis Data Received: s
11/14/2024 09:55:49 [Information] Z Axis Data Received:  
11/14/2024 09:55:49 [Information] Z Axis Data Received: A
11/14/2024 09:55:49 [Information] Z Axis Data Received: b
11/14/2024 09:55:49 [Information] Z Axis Data Received: s
11/14/2024 09:55:49 [Information] Z Axis Data Received: o
11/14/2024 09:55:49 [Information] Z Axis Data Received: l
11/14/2024 09:55:49 [Information] Z Axis Data Received: u
11/14/2024 09:55:49 [Information] Z Axis Data Received: t
11/14/2024 09:55:49 [Information] Z Axis Data Received: e
11/14/2024 09:55:49 [Information] Z Axis Data Received:  Positi
11/14/2024 09:55:49 [Information] Z Axis Data Received: o
11/14/2024 09:55:49 [Information] Z Axis Data Received: n
11/14/2024 09:55:49 [Information] Z Axis Data Received:  
11/14/2024 09:55:49 [Information] Z Axis Data Received: 8
11/14/2024 09:55:49 [Information] Z Axis Data Received: 0
11/14/2024 09:55:49 [Information] Z Axis Data Received: 0
11/14/2024 09:55:49 [Information] Z Axis Data Received: .
11/14/2024 09:55:49 [Information] Z Axis Data Received: 0
11/14/2024 09:55:49 [Information] Z Axis Data Received: 0
11/14/2024 09:55:49 [Information] Z Axis Data Received: 
11/14/2024 09:55:49 [Information] Z Axis Data Received: 

11/14/2024 09:55:49 [Information] Z Axis Data Received: Z
11/14/2024 09:55:49 [Information] Z Axis Data Received:  
11/14/2024 09:55:49 [Information] Z Axis Data Received: A
11/14/2024 09:55:49 [Information] Z Axis Data Received: x
11/14/2024 09:55:49 [Information] Z Axis Data Received: i
11/14/2024 09:55:49 [Information] Z Axis Data Received: s
11/14/2024 09:55:49 [Information] Z Axis Data Received:  
11/14/2024 09:55:49 [Information] Z Axis Data Received: A
11/14/2024 09:55:49 [Information] Z Axis Data Received: b
11/14/2024 09:55:49 [Information] Z Axis Run button clicked:
11/14/2024 09:55:49 [Information] Z Axis MotorMovementSeconds decimal: (16.00 / 4) / 2 = 2.00
11/14/2024 09:55:49 [Information] Z Axis Data Received: s
11/14/2024 09:55:49 [Information] Z Axis Data Received: o
11/14/2024 09:55:49 [Information] Z Axis Data Received: l
11/14/2024 09:55:49 [Information] Z Axis Data Received: u
11/14/2024 09:55:49 [Information] Z Axis Data Received: t
11/14/2024 09:55:49 [Information] Z Axis Data Received: e
11/14/2024 09:55:49 [Information] Z Axis Data Received:  
11/14/2024 09:55:49 [Information] Z Axis Data Received: P
11/14/2024 09:55:49 [Information] Z Axis Data Received: o
11/14/2024 09:55:49 [Information] Z Axis Data Received: s
11/14/2024 09:55:49 [Information] Z Axis Data Received: i
11/14/2024 09:55:49 [Information] Z Axis Data Received: t
11/14/2024 09:55:49 [Information] Z Axis Data Received: i
11/14/2024 09:55:49 [Information] Z Axis Data Received: o
11/14/2024 09:55:49 [Information] Z Axis Data Received: n
11/14/2024 09:55:49 [Information] Z Axis Data Received:  
11/14/2024 09:55:49 [Information] Z Axis Data Received: 8
11/14/2024 09:55:49 [Information] Z Axis Data Received: 0
11/14/2024 09:55:49 [Information] Z Axis Data Received: 0
11/14/2024 09:55:49 [Information] Z Axis Data Received: .
11/14/2024 09:55:49 [Information] Z Axis Data Received: 0
11/14/2024 09:55:49 [Information] Z Axis Data Received: 0
11/14/2024 09:55:49 [Information] Z Axis Data Received: 
11/14/2024 09:55:49 [Information] Z Axis Data Received: 

11/14/2024 09:55:49 [Information] Z Axis Data Received: Z
11/14/2024 09:55:49 [Information] Z Axis Data Received:  
11/14/2024 09:55:49 [Information] Z Axis Data Received: A
11/14/2024 09:55:49 [Information] Z Axis Data Received: x
11/14/2024 09:55:49 [Information] Z Axis Data Received: i
11/14/2024 09:55:49 [Information] Z Axis Data Received: s
11/14/2024 09:55:49 [Information] Z Axis Data Received:  
11/14/2024 09:55:49 [Information] Z Axis Data Received: A
11/14/2024 09:55:49 [Information] Z Axis Data Received: b
11/14/2024 09:55:49 [Information] Z Axis Data Received: s
11/14/2024 09:55:49 [Information] Z Axis Data Received: o
11/14/2024 09:55:49 [Information] Z Axis Data Received: l
11/14/2024 09:55:49 [Information] Z Axis Data Received: u
11/14/2024 09:55:49 [Information] Z Axis Data Received: t
11/14/2024 09:55:49 [Information] Z Axis Data Received: e
11/14/2024 09:55:49 [Information] Z Axis Data Received:  
11/14/2024 09:55:49 [Information] Z Axis Data Received: P
11/14/2024 09:55:49 [Information] Z Axis Data Received: o
11/14/2024 09:55:49 [Information] Z Axis Data Received: s
11/14/2024 09:55:49 [Information] Z Axis Data Received: i
11/14/2024 09:55:49 [Information] Z Axis Data Received: t
11/14/2024 09:55:49 [Information] Z Axis Data Received: i
11/14/2024 09:55:49 [Information] Z Axis Data Received: o
11/14/2024 09:55:49 [Information] Z Axis Data Received: n
11/14/2024 09:55:49 [Information] Z Axis Data Received:  
11/14/2024 09:55:49 [Information] Z Axis Data Received: 8
11/14/2024 09:55:49 [Information] Z Axis Data Received: 0
11/14/2024 09:55:49 [Information] Z Axis Data Received: 0
11/14/2024 09:55:49 [Information] Z Axis Data Received: .
11/14/2024 09:55:49 [Information] Z Axis Data Received: 0
11/14/2024 09:55:49 [Information] Z Axis Data Received: 0
11/14/2024 09:55:49 [Information] Z Axis Data Received: 
11/14/2024 09:55:49 [Information] Z Axis Data Received: 

11/14/2024 09:55:49 [Information] Z Axis Data Received: Z
11/14/2024 09:55:49 [Information] Z Axis Data Received:  
11/14/2024 09:55:49 [Information] Z Axis Data Received: A
11/14/2024 09:55:49 [Information] Z Axis Data Received: x
11/14/2024 09:55:49 [Information] Z Axis Data Received: i
11/14/2024 09:55:49 [Information] Z Axis Data Received: s
11/14/2024 09:55:49 [Information] Z Axis Data Received:  
11/14/2024 09:55:49 [Information] Z Axis Data Received: A
11/14/2024 09:55:49 [Information] Z Axis Data Received: b
11/14/2024 09:55:49 [Information] Z Axis Data Received: s
11/14/2024 09:55:49 [Information] Z Axis Data Received: o
11/14/2024 09:55:49 [Information] Z Axis Data Received: l
11/14/2024 09:55:49 [Information] Z Axis Data Received: u
11/14/2024 09:55:49 [Information] Z Axis Data Received: t
11/14/2024 09:55:49 [Information] Z Axis Data Received: e
11/14/2024 09:55:49 [Information] Z Axis Data Received:  
11/14/2024 09:55:49 [Information] Z Axis Data Received: P
11/14/2024 09:55:49 [Information] Z Axis Data Received: o
11/14/2024 09:55:49 [Information] Z Axis Data Received: s
11/14/2024 09:55:49 [Information] Z Axis Data Received: i
11/14/2024 09:55:49 [Information] Z Axis Data Received: t
11/14/2024 09:55:49 [Information] Z Axis Data Received: i
11/14/2024 09:55:49 [Information] Z Axis Data Received: o
11/14/2024 09:55:49 [Information] Z Axis Data Received: n
11/14/2024 09:55:49 [Information] Z Axis Data Received:  
11/14/2024 09:55:49 [Information] Z Axis Data Received: 8
11/14/2024 09:55:49 [Information] Z Axis Data Received: 0
11/14/2024 09:55:49 [Information] Z Axis Data Received: 0
11/14/2024 09:55:49 [Information] Z Axis Data Received: .
11/14/2024 09:55:49 [Information] Z Axis Data Received: 0
11/14/2024 09:55:49 [Information] Z Axis Data Received: 0
11/14/2024 09:55:49 [Information] Z Axis Data Received: 
11/14/2024 09:55:49 [Information] Z Axis Data Received: 

11/14/2024 09:55:49 [Information] Z Axis Data Received: Z
11/14/2024 09:55:49 [Information] Z Axis Data Received:  
11/14/2024 09:55:49 [Information] Z Axis Data Received: A
11/14/2024 09:55:49 [Information] Z Axis Data Received: x
11/14/2024 09:55:49 [Information] Z Axis Data Received: i
11/14/2024 09:55:49 [Information] Z Axis Data Received: s
11/14/2024 09:55:49 [Information] Z Axis Data Received:  
11/14/2024 09:55:49 [Information] Z Axis Data Received: A
11/14/2024 09:55:49 [Information] Z Axis Data Received: b
11/14/2024 09:55:49 [Information] Z Axis Data Received: s
11/14/2024 09:55:49 [Information] Z Axis Data Received: o
11/14/2024 09:55:49 [Information] Z Axis Data Received: l
11/14/2024 09:55:49 [Information] Z Axis Data Received: u
11/14/2024 09:55:49 [Information] Z Axis Data Received: t
11/14/2024 09:55:49 [Information] Z Axis Data Received: e
11/14/2024 09:55:49 [Information] Z Axis Data Received:  
11/14/2024 09:55:49 [Information] Z Axis Data Received: P
11/14/2024 09:55:49 [Information] Z Axis Data Received: o
11/14/2024 09:55:49 [Information] Z Axis Data Received: s
11/14/2024 09:55:49 [Information] Z Axis Data Received: i
11/14/2024 09:55:49 [Information] Z Axis Data Received: t
11/14/2024 09:55:49 [Information] Z Axis Data Received: i
11/14/2024 09:55:49 [Information] Z Axis Data Received: o
11/14/2024 09:55:49 [Information] Z Axis Data Received: n
11/14/2024 09:55:49 [Information] Z Axis Data Received:  
11/14/2024 09:55:49 [Information] Z Axis Data Received: 8
11/14/2024 09:55:49 [Information] Z Axis Data Received: 0
11/14/2024 09:55:49 [Information] Z Axis Data Received: 0
11/14/2024 09:55:49 [Information] Z Axis Data Received: .
11/14/2024 09:55:49 [Information] Z Axis Data Received: 0
11/14/2024 09:55:49 [Information] Z Axis Data Received: 0
11/14/2024 09:55:49 [Information] Z Axis Data Received: 
11/14/2024 09:55:49 [Information] Z Axis Data Received: 

11/14/2024 09:55:49 [Information] Z Axis Data Received: Z
11/14/2024 09:55:49 [Information] Z Axis Data Received:  
11/14/2024 09:55:49 [Information] Z Axis Data Received: A
11/14/2024 09:55:49 [Information] Z Axis Data Received: x
11/14/2024 09:55:49 [Information] Z Axis Data Received: i
11/14/2024 09:55:49 [Information] Z Axis Data Received: s
11/14/2024 09:55:49 [Information] Z Axis Data Received:  
11/14/2024 09:55:49 [Information] Z Axis Data Received: A
11/14/2024 09:55:49 [Information] Z Axis Data Received: b
11/14/2024 09:55:49 [Information] Z Axis Data Received: s
11/14/2024 09:55:49 [Information] Z Axis Data Received: o
11/14/2024 09:55:49 [Information] Z Axis Data Received: l
11/14/2024 09:55:49 [Information] Z Axis Data Received: u
11/14/2024 09:55:49 [Information] Z Axis Data Received: t
11/14/2024 09:55:49 [Information] Z Axis Data Received: e
11/14/2024 09:55:49 [Information] Z Axis Data Received:  
11/14/2024 09:55:49 [Information] Z Axis Data Received: P
11/14/2024 09:55:49 [Information] Z Axis Data Received: o
11/14/2024 09:55:49 [Information] Z Axis Data Received: s
11/14/2024 09:55:49 [Information] Z Axis Data Received: i
11/14/2024 09:55:49 [Information] Z Axis Data Received: t
11/14/2024 09:55:49 [Information] Z Axis Data Received: i
11/14/2024 09:55:49 [Information] Z Axis Data Received: o
11/14/2024 09:55:49 [Information] Z Axis Data Received: n
11/14/2024 09:55:49 [Information] Z Axis Data Received:  
11/14/2024 09:55:49 [Information] Z Axis Data Received: 8
11/14/2024 09:55:49 [Information] Z Axis Data Received: 0
11/14/2024 09:55:49 [Information] Z Axis Data Received: 0
11/14/2024 09:55:49 [Information] Z Axis Data Received: .
11/14/2024 09:55:49 [Information] Z Axis Data Received: 0
11/14/2024 09:55:49 [Information] Z Axis Data Received: 0
11/14/2024 09:55:49 [Information] Z Axis Data Received: 
11/14/2024 09:55:49 [Information] Z Axis Data Received: 

11/14/2024 09:55:49 [Information] Z Axis Data Received: Z
11/14/2024 09:55:49 [Information] Z Axis Data Received:  
11/14/2024 09:55:49 [Information] Z Axis Data Received: A
11/14/2024 09:55:49 [Information] Z Axis Data Received: x
11/14/2024 09:55:49 [Information] Z Axis Data Received: i
11/14/2024 09:55:49 [Information] Z Axis Data Received: s
11/14/2024 09:55:49 [Information] Z Axis Data Received:  
11/14/2024 09:55:49 [Information] Z Axis Data Received: A
11/14/2024 09:55:49 [Information] Z Axis Data Received: b
11/14/2024 09:55:49 [Information] Z Axis Data Received: s
11/14/2024 09:55:49 [Information] Z Axis Data Received: o
11/14/2024 09:55:49 [Information] Z Axis Data Received: l
11/14/2024 09:55:49 [Information] Z Axis Data Received: u
11/14/2024 09:55:49 [Information] Z Axis Data Received: t
11/14/2024 09:55:49 [Information] Z Axis Data Received: e
11/14/2024 09:55:49 [Information] Z Axis Data Received:  
11/14/2024 09:55:49 [Information] Z Axis Data Received: P
11/14/2024 09:55:49 [Information] Z Axis Data Received: o
11/14/2024 09:55:49 [Information] Z Axis Data Received: s
11/14/2024 09:55:49 [Information] Z Axis Data Received: i
11/14/2024 09:55:49 [Information] Z Axis Data Received: t
11/14/2024 09:55:49 [Information] Z Axis Data Received: i
11/14/2024 09:55:49 [Information] Z Axis Data Received: o
11/14/2024 09:55:49 [Information] Z Axis Data Received: n
11/14/2024 09:55:49 [Information] Z Axis Data Received:  
11/14/2024 09:55:49 [Information] Z Axis Data Received: 8
11/14/2024 09:55:49 [Information] Z Axis Data Received: 0
11/14/2024 09:55:49 [Information] Z Axis Data Received: 0
11/14/2024 09:55:49 [Information] Z Axis Data Received: .
11/14/2024 09:55:49 [Information] Z Axis Data Received: 0
11/14/2024 09:55:49 [Information] Z Axis Data Received: 0
11/14/2024 09:55:49 [Information] Z Axis Data Received: 
11/14/2024 09:55:49 [Information] Z Axis Data Received: 

11/14/2024 09:55:49 [Information] Z Axis Data Received: Z
11/14/2024 09:55:49 [Information] Z Axis Data Received:  
11/14/2024 09:55:49 [Information] Z Axis Data Received: A
11/14/2024 09:55:49 [Information] Z Axis Data Received: x
11/14/2024 09:55:49 [Information] Z Axis Data Received: i
11/14/2024 09:55:49 [Information] Z Axis Data Received: s
11/14/2024 09:55:49 [Information] Z Axis Data Received:  
11/14/2024 09:55:49 [Information] Z Axis Data Received: A
11/14/2024 09:55:49 [Information] Z Axis Data Received: b
11/14/2024 09:55:49 [Information] Z Axis Data Received: s
11/14/2024 09:55:49 [Information] Z Axis Data Received: o
11/14/2024 09:55:49 [Information] Z Axis Data Received: l
11/14/2024 09:55:49 [Information] Z Axis Data Received: u
11/14/2024 09:55:49 [Information] Z Axis Data Received: t
11/14/2024 09:55:49 [Information] Z Axis Data Received: e
11/14/2024 09:55:49 [Information] Z Axis Data Received:  
11/14/2024 09:55:49 [Information] Z Axis Data Received: P
11/14/2024 09:55:49 [Information] Z Axis Data Received: o
11/14/2024 09:55:49 [Information] Z Axis Data Received: s
11/14/2024 09:55:49 [Information] Z Axis Data Received: i
11/14/2024 09:55:49 [Information] Z Axis Data Received: t
11/14/2024 09:55:49 [Information] Z Axis Data Received: i
11/14/2024 09:55:49 [Information] Z Axis Data Received: o
11/14/2024 09:55:49 [Information] Z Axis Data Received: n
11/14/2024 09:55:49 [Information] Z Axis Data Received:  
11/14/2024 09:55:49 [Information] Z Axis Data Received: 8
11/14/2024 09:55:49 [Information] Z Axis Data Received: 0
11/14/2024 09:55:49 [Information] Z Axis Data Received: 0
11/14/2024 09:55:49 [Information] Z Axis Data Received: .
11/14/2024 09:55:49 [Information] Z Axis Data Received: 0
11/14/2024 09:55:49 [Information] Z Axis Data Received: 0
11/14/2024 09:55:49 [Information] Z Axis Data Received: 
11/14/2024 09:55:49 [Information] Z Axis Data Received: 

11/14/2024 09:55:49 [Information] Z Axis Data Received: Z
11/14/2024 09:55:49 [Information] Z Axis Data Received:  
11/14/2024 09:55:49 [Information] Z Axis Data Received: A
11/14/2024 09:55:49 [Information] Z Axis Data Received: x
11/14/2024 09:55:49 [Information] Z Axis Data Received: i
11/14/2024 09:55:49 [Information] Z Axis Data Received: s
11/14/2024 09:55:49 [Information] Z Axis Data Received:  
11/14/2024 09:55:49 [Information] Z Axis Data Received: A
11/14/2024 09:55:49 [Information] Z Axis Data Received: b
11/14/2024 09:55:49 [Information] Z Axis Data Received: s
11/14/2024 09:55:49 [Information] Z Axis Data Received: o
11/14/2024 09:55:49 [Information] Z Axis Data Received: l
11/14/2024 09:55:49 [Information] Z Axis Data Received: u
11/14/2024 09:55:49 [Information] Z Axis Data Received: t
11/14/2024 09:55:49 [Information] Z Axis Data Received: e
11/14/2024 09:55:49 [Information] Z Axis Data Received:  
11/14/2024 09:55:49 [Information] Z Axis Data Received: P
11/14/2024 09:55:49 [Information] Z Axis Data Received: o
11/14/2024 09:55:49 [Information] Z Axis Data Received: s
11/14/2024 09:55:49 [Information] Z Axis Data Received: i
11/14/2024 09:55:49 [Information] Z Axis Data Received: t
11/14/2024 09:55:49 [Information] Z Axis Data Received: i
11/14/2024 09:55:49 [Information] Z Axis Data Received: o
11/14/2024 09:55:49 [Information] Z Axis Data Received: n
11/14/2024 09:55:49 [Information] Z Axis Data Received:  
11/14/2024 09:55:49 [Information] Z Axis Data Received: 8
11/14/2024 09:55:49 [Information] Z Axis Data Received: 0
11/14/2024 09:55:49 [Information] Z Axis Data Received: 0
11/14/2024 09:55:49 [Information] Z Axis Data Received: .
11/14/2024 09:55:49 [Information] Z Axis Data Received: 0
11/14/2024 09:55:49 [Information] Z Axis Data Received: 0
11/14/2024 09:55:49 [Information] Z Axis Data Received: 
11/14/2024 09:55:49 [Information] Z Axis Data Received: 

11/14/2024 09:55:49 [Information] Z Axis Data Received: Z
11/14/2024 09:55:49 [Information] Z Axis Data Received:  
11/14/2024 09:55:49 [Information] Z Axis Data Received: A
11/14/2024 09:55:49 [Information] Z Axis Data Received: x
11/14/2024 09:55:49 [Information] Z Axis Data Received: i
11/14/2024 09:55:49 [Information] Z Axis Data Received: s
11/14/2024 09:55:49 [Information] Z Axis Data Received:  
11/14/2024 09:55:49 [Information] Z Axis Data Received: A
11/14/2024 09:55:49 [Information] Z Axis Data Received: b
11/14/2024 09:55:49 [Information] Z Axis Data Received: s
11/14/2024 09:55:49 [Information] Z Axis Data Received: o
11/14/2024 09:55:49 [Information] Z Axis Data Received: l
11/14/2024 09:55:49 [Information] Z Axis Data Received: u
11/14/2024 09:55:49 [Information] Z Axis Data Received: t
11/14/2024 09:55:49 [Information] Z Axis Data Received: e
11/14/2024 09:55:49 [Information] Z Axis Data Received:  
11/14/2024 09:55:49 [Information] Z Axis Data Received: P
11/14/2024 09:55:49 [Information] Z Axis Data Received: o
11/14/2024 09:55:49 [Information] Z Axis Data Received: s
11/14/2024 09:55:49 [Information] Z Axis Data Received: i
11/14/2024 09:55:49 [Information] Z Axis Data Received: t
11/14/2024 09:55:49 [Information] Z Axis Data Received: i
11/14/2024 09:55:49 [Information] Z Axis Data Received: o
11/14/2024 09:55:49 [Information] Z Axis Data Received: n
11/14/2024 09:55:49 [Information] Z Axis Data Received:  
11/14/2024 09:55:49 [Information] Z Axis Data Received: 8
11/14/2024 09:55:49 [Information] Z Axis Data Received: 0
11/14/2024 09:55:49 [Information] Z Axis Data Received: 0
11/14/2024 09:55:49 [Information] Z Axis Data Received: .
11/14/2024 09:55:49 [Information] Z Axis Data Received: 0
11/14/2024 09:55:49 [Information] Z Axis Data Received: 0
11/14/2024 09:55:49 [Information] Z Axis Data Received: 
11/14/2024 09:55:49 [Information] Z Axis Data Received: 

11/14/2024 09:55:49 [Information] Z Axis Data Received: Z
11/14/2024 09:55:49 [Information] Z Axis Data Received:  
11/14/2024 09:55:49 [Information] Z Axis Data Received: A
11/14/2024 09:55:49 [Information] Z Axis Data Received: x
11/14/2024 09:55:49 [Information] Z Axis Data Received: i
11/14/2024 09:55:49 [Information] Z Axis Data Received: s
11/14/2024 09:55:49 [Information] Z Axis Data Received:  
11/14/2024 09:55:49 [Information] Z Axis Data Received: A
11/14/2024 09:55:49 [Information] Z Axis Data Received: b
11/14/2024 09:55:49 [Information] Z Axis Data Received: s
11/14/2024 09:55:49 [Information] Z Axis Data Received: o
11/14/2024 09:55:49 [Information] Z Axis Data Received: l
11/14/2024 09:55:49 [Information] Z Axis Data Received: u
11/14/2024 09:55:49 [Information] Z Axis Data Received: t
11/14/2024 09:55:49 [Information] Z Axis Data Received: e
11/14/2024 09:55:49 [Information] Z Axis Data Received:  
11/14/2024 09:55:49 [Information] Z Axis Data Received: P
11/14/2024 09:55:49 [Information] Z Axis Data Received: o
11/14/2024 09:55:49 [Information] Z Axis Data Received: s
11/14/2024 09:55:49 [Information] Z Axis Data Received: i
11/14/2024 09:55:49 [Information] Z Axis Data Received: t
11/14/2024 09:55:49 [Information] Z Axis Data Received: i
11/14/2024 09:55:49 [Information] Z Axis Data Received: o
11/14/2024 09:55:49 [Information] Z Axis Data Received: n
11/14/2024 09:55:49 [Information] Z Axis Data Received:  
11/14/2024 09:55:49 [Information] Z Axis Data Received: 8
11/14/2024 09:55:49 [Information] Z Axis Data Received: 0
11/14/2024 09:55:49 [Information] Z Axis Data Received: 0
11/14/2024 09:55:49 [Information] Z Axis Data Received: .
11/14/2024 09:55:49 [Information] Z Axis Data Received: 0
11/14/2024 09:55:49 [Information] Z Axis Data Received: 0
11/14/2024 09:55:49 [Information] Z Axis Data Received: 
11/14/2024 09:55:49 [Information] Z Axis Data Received: 

11/14/2024 09:55:49 [Information] Z Axis Data Received: Z
11/14/2024 09:55:49 [Information] Z Axis Data Received:  
11/14/2024 09:55:49 [Information] Z Axis Data Received: A
11/14/2024 09:55:49 [Information] Z Axis Data Received: x
11/14/2024 09:55:49 [Information] Z Axis Data Received: i
11/14/2024 09:55:49 [Information] Z Axis Data Received: s
11/14/2024 09:55:49 [Information] Z Axis Data Received:  
11/14/2024 09:55:49 [Information] Z Axis Data Received: A
11/14/2024 09:55:49 [Information] Z Axis Data Received: b
11/14/2024 09:55:49 [Information] Z Axis Data Received: s
11/14/2024 09:55:49 [Information] Z Axis Data Received: o
11/14/2024 09:55:49 [Information] Z Axis Data Received: l
11/14/2024 09:55:49 [Information] Z Axis Data Received: u
11/14/2024 09:55:49 [Information] Z Axis Data Received: t
11/14/2024 09:55:49 [Information] Z Axis Data Received: e
11/14/2024 09:55:49 [Information] Z Axis Data Received:  
11/14/2024 09:55:49 [Information] Z Axis Data Received: P
11/14/2024 09:55:49 [Information] Z Axis Data Received: o
11/14/2024 09:55:49 [Information] Z Axis Data Received: s
11/14/2024 09:55:49 [Information] Z Axis Data Received: i
11/14/2024 09:55:49 [Information] Z Axis Data Received: t
11/14/2024 09:55:49 [Information] Z Axis Data Received: i
11/14/2024 09:55:49 [Information] Z Axis Data Received: o
11/14/2024 09:55:49 [Information] Z Axis Data Received: n
11/14/2024 09:55:49 [Information] Z Axis Data Received:  
11/14/2024 09:55:49 [Information] Z Axis Data Received: 8
11/14/2024 09:55:49 [Information] Z Axis Data Received: 0
11/14/2024 09:55:49 [Information] Z Axis Data Received: 0
11/14/2024 09:55:49 [Information] Z Axis Data Received: .
11/14/2024 09:55:49 [Information] Z Axis Data Received: 0
11/14/2024 09:55:49 [Information] Z Axis Data Received: 0
11/14/2024 09:55:49 [Information] Z Axis Data Received: 
11/14/2024 09:55:49 [Information] Z Axis Data Received: 

11/14/2024 09:55:49 [Information] Z Axis Data Received: Z
11/14/2024 09:55:49 [Information] Z Axis Data Received:  
11/14/2024 09:55:49 [Information] Z Axis Data Received: A
11/14/2024 09:55:49 [Information] Z Axis Data Received: x
11/14/2024 09:55:49 [Information] Z Axis Data Received: i
11/14/2024 09:55:49 [Information] Z Axis Data Received: s
11/14/2024 09:55:49 [Information] Z Axis Data Received:  
11/14/2024 09:55:49 [Information] Z Axis Data Received: A
11/14/2024 09:55:49 [Information] Z Axis Data Received: b
11/14/2024 09:55:49 [Information] Z Axis Data Received: s
11/14/2024 09:55:49 [Information] Z Axis Data Received: o
11/14/2024 09:55:49 [Information] Z Axis Data Received: l
11/14/2024 09:55:49 [Information] Z Axis Data Received: u
11/14/2024 09:55:49 [Information] Z Axis Data Received: t
11/14/2024 09:55:49 [Information] Z Axis Data Received: e
11/14/2024 09:55:49 [Information] Z Axis Data Received:  
11/14/2024 09:55:49 [Information] Z Axis Data Received: P
11/14/2024 09:55:49 [Information] Z Axis Data Received: o
11/14/2024 09:55:49 [Information] Z Axis Data Received: s
11/14/2024 09:55:49 [Information] Z Axis Data Received: i
11/14/2024 09:55:49 [Information] Z Axis Data Received: t
11/14/2024 09:55:49 [Information] Z Axis Data Received: i
11/14/2024 09:55:49 [Information] Z Axis Data Received: o
11/14/2024 09:55:49 [Information] Z Axis Data Received: n
11/14/2024 09:55:49 [Information] Z Axis Data Received:  
11/14/2024 09:55:49 [Information] Z Axis Data Received: 8
11/14/2024 09:55:49 [Information] Z Axis Data Received: 0
11/14/2024 09:55:49 [Information] Z Axis Data Received: 0
11/14/2024 09:55:49 [Information] Z Axis Data Received: .
11/14/2024 09:55:49 [Information] Z Axis Data Received: 0
11/14/2024 09:55:49 [Information] Z Axis Data Received: 0
11/14/2024 09:55:49 [Information] Z Axis Data Received: 
11/14/2024 09:55:49 [Information] Z Axis Data Received: 

11/14/2024 09:55:49 [Information] Z Axis Data Received: Z
11/14/2024 09:55:49 [Information] Z Axis Data Received:  
11/14/2024 09:55:49 [Information] Z Axis Data Received: A
11/14/2024 09:55:49 [Information] Z Axis Data Received: x
11/14/2024 09:55:49 [Information] Z Axis Data Received: i
11/14/2024 09:55:49 [Information] Z Axis Data Received: s
11/14/2024 09:55:49 [Information] Z Axis Data Received:  
11/14/2024 09:55:49 [Information] Z Axis Data Received: A
11/14/2024 09:55:49 [Information] Z Axis Data Received: b
11/14/2024 09:55:49 [Information] Z Axis Data Received: s
11/14/2024 09:55:49 [Information] Z Axis Data Received: o
11/14/2024 09:55:49 [Information] Z Axis Data Received: l
11/14/2024 09:55:49 [Information] Z Axis Data Received: u
11/14/2024 09:55:49 [Information] Z Axis Data Received: t
11/14/2024 09:55:49 [Information] Z Axis Data Received: e
11/14/2024 09:55:49 [Information] Z Axis Data Received:  
11/14/2024 09:55:49 [Information] Z Axis Data Received: P
11/14/2024 09:55:49 [Information] Z Axis Data Received: o
11/14/2024 09:55:49 [Information] Z Axis Data Received: s
11/14/2024 09:55:49 [Information] Z Axis Data Received: i
11/14/2024 09:55:49 [Information] Z Axis Data Received: t
11/14/2024 09:55:49 [Information] Z Axis Data Received: i
11/14/2024 09:55:49 [Information] Z Axis Data Received: o
11/14/2024 09:55:49 [Information] Z Axis Data Received: n
11/14/2024 09:55:49 [Information] Z Axis Data Received:  
11/14/2024 09:55:49 [Information] Z Axis Data Received: 8
11/14/2024 09:55:49 [Information] Z Axis Data Received: 0
11/14/2024 09:55:49 [Information] Z Axis Data Received: 0
11/14/2024 09:55:49 [Information] Z Axis Data Received: .
11/14/2024 09:55:49 [Information] Z Axis Data Received: 0
11/14/2024 09:55:49 [Information] Z Axis Data Received: 0
11/14/2024 09:55:49 [Information] Z Axis Data Received: 
11/14/2024 09:55:49 [Information] Z Axis Data Received: 

11/14/2024 09:55:50 [Information] Z Axis Run Event: Z,0.00,400.00,0,0.00,400.00,0,16.00,400.00,0
11/14/2024 09:55:50 [Information] Z Axis Current Time: 09:55:50 + 2000 = 09:55:52
11/14/2024 09:55:50 [Information] Stepper Motor Controller Disable Z Axis controls while moving to location.
11/14/2024 09:55:50 [Information] Time remaining: 00:00:00 targetEndTime = 09:55:52
11/14/2024 09:55:50 [Information] Stepper Motor Controller Disable Z Axis controls while moving to location.
11/14/2024 09:55:50 [Information] Time remaining: 00:00:00 targetEndTime = 09:55:52
11/14/2024 09:55:50 [Information] Stepper Motor Controller Disable Z Axis controls while moving to location.
11/14/2024 09:55:50 [Information] Time remaining: 00:00:00 targetEndTime = 09:55:52
11/14/2024 09:55:50 [Information] Stepper Motor Controller Disable Z Axis controls while moving to location.
11/14/2024 09:55:50 [Information] Time remaining: 00:00:00 targetEndTime = 09:55:52
11/14/2024 09:55:50 [Information] Stepper Motor Controller Disable Z Axis controls while moving to location.
11/14/2024 09:55:50 [Information] Time remaining: 00:00:00 targetEndTime = 09:55:52
11/14/2024 09:55:50 [Information] Stepper Motor Controller Disable Z Axis controls while moving to location.
11/14/2024 09:55:50 [Information] Time remaining: 00:00:00 targetEndTime = 09:55:52
11/14/2024 09:55:50 [Information] Stepper Motor Controller Disable Z Axis controls while moving to location.
11/14/2024 09:55:50 [Information] Time remaining: 00:00:00 targetEndTime = 09:55:52
11/14/2024 09:55:50 [Information] Stepper Motor Controller Disable Z Axis controls while moving to location.
11/14/2024 09:55:50 [Information] Time remaining: 00:00:00 targetEndTime = 09:55:52
11/14/2024 09:55:50 [Information] Stepper Motor Controller Disable Z Axis controls while moving to location.
11/14/2024 09:55:50 [Information] Time remaining: 00:00:00 targetEndTime = 09:55:52
11/14/2024 09:55:50 [Information] Stepper Motor Controller Disable Z Axis controls while moving to location.
11/14/2024 09:55:50 [Information] Time remaining: 00:00:00 targetEndTime = 09:55:52
11/14/2024 09:55:50 [Information] Stepper Motor Controller Disable Z Axis controls while moving to location.
11/14/2024 09:55:50 [Information] Time remaining: 00:00:00 targetEndTime = 09:55:52
11/14/2024 09:55:50 [Information] Stepper Motor Controller Disable Z Axis controls while moving to location.
11/14/2024 09:55:50 [Information] Time remaining: 00:00:00 targetEndTime = 09:55:52
11/14/2024 09:55:50 [Information] Stepper Motor Controller Disable Z Axis controls while moving to location.
11/14/2024 09:55:50 [Information] Time remaining: 00:00:00 targetEndTime = 09:55:52
11/14/2024 09:55:50 [Information] Stepper Motor Controller Disable Z Axis controls while moving to location.
11/14/2024 09:55:50 [Information] Time remaining: 00:00:00 targetEndTime = 09:55:52
11/14/2024 09:55:50 [Information] Stepper Motor Controller Disable Z Axis controls while moving to location.
11/14/2024 09:55:50 [Information] Time remaining: 00:00:00 targetEndTime = 09:55:52
11/14/2024 09:55:50 [Information] Z Axis Data Received: Z
11/14/2024 09:55:50 [Information] Z Axis Data Received:  
11/14/2024 09:55:50 [Information] Z Axis Data Received: A
11/14/2024 09:55:50 [Information] Z Axis Data Received: x
11/14/2024 09:55:50 [Information] Z Axis Data Received: i
11/14/2024 09:55:50 [Information] Z Axis Data Received: s
11/14/2024 09:55:50 [Information] Z Axis Data Received:  
11/14/2024 09:55:50 [Information] Z Axis Data Received: A
11/14/2024 09:55:50 [Information] Z Axis Data Received: b
11/14/2024 09:55:50 [Information] Z Axis Data Received: s
11/14/2024 09:55:50 [Information] Z Axis Data Received: o
11/14/2024 09:55:50 [Information] Stepper Motor Controller Disable Z Axis controls while moving to location.
11/14/2024 09:55:50 [Information] Time remaining: 00:00:00 targetEndTime = 09:55:52
11/14/2024 09:55:50 [Information] Z Axis Data Received: ute Position 800.00
Z Axis Absolute Position 800.00
Z Axi
11/14/2024 09:55:51 [Information] Stepper Motor Controller Disable Z Axis controls while moving to location.
11/14/2024 09:55:51 [Information] Time remaining: 00:00:00 targetEndTime = 09:55:52
11/14/2024 09:55:51 [Information] Stepper Motor Controller Disable Z Axis controls while moving to location.
11/14/2024 09:55:51 [Information] Time remaining: 00:00:01 targetEndTime = 09:55:52
11/14/2024 09:55:51 [Error] Error in YdataReceivedHandler
11/14/2024 09:55:51 [Information] Stepper Motor Controller Disable Z Axis controls while moving to location.
11/14/2024 09:55:51 [Information] Time remaining: 00:00:01 targetEndTime = 09:55:52
11/14/2024 09:55:51 [Information] Stepper Motor Controller Disable Z Axis controls while moving to location.
11/14/2024 09:55:51 [Information] Time remaining: 00:00:01 targetEndTime = 09:55:52
11/14/2024 09:55:51 [Information] Stepper Motor Controller Disable Z Axis controls while moving to location.
11/14/2024 09:55:51 [Information] Time remaining: 00:00:01 targetEndTime = 09:55:52
11/14/2024 09:55:51 [Information] Stepper Motor Controller Disable Z Axis controls while moving to location.
11/14/2024 09:55:51 [Information] Time remaining: 00:00:01 targetEndTime = 09:55:52
11/14/2024 09:55:51 [Information] Stepper Motor Controller Disable Z Axis controls while moving to location.
11/14/2024 09:55:51 [Information] Time remaining: 00:00:01 targetEndTime = 09:55:52
11/14/2024 09:55:51 [Information] Stepper Motor Controller Disable Z Axis controls while moving to location.
11/14/2024 09:55:51 [Information] Time remaining: 00:00:01 targetEndTime = 09:55:52
11/14/2024 09:55:51 [Information] Stepper Motor Controller Disable Z Axis controls while moving to location.
11/14/2024 09:55:51 [Information] Time remaining: 00:00:01 targetEndTime = 09:55:52
11/14/2024 09:55:51 [Information] Stepper Motor Controller Disable Z Axis controls while moving to location.
11/14/2024 09:55:51 [Information] Time remaining: 00:00:01 targetEndTime = 09:55:52
11/14/2024 09:55:51 [Information] Stepper Motor Controller Disable Z Axis controls while moving to location.
11/14/2024 09:55:51 [Information] Time remaining: 00:00:01 targetEndTime = 09:55:52
11/14/2024 09:55:51 [Information] Stepper Motor Controller Disable Z Axis controls while moving to location.
11/14/2024 09:55:51 [Information] Time remaining: 00:00:01 targetEndTime = 09:55:52
11/14/2024 09:55:51 [Information] Stepper Motor Controller Disable Z Axis controls while moving to location.
11/14/2024 09:55:51 [Information] Time remaining: 00:00:01 targetEndTime = 09:55:52
11/14/2024 09:55:51 [Information] Stepper Motor Controller Disable Z Axis controls while moving to location.
11/14/2024 09:55:51 [Information] Time remaining: 00:00:01 targetEndTime = 09:55:52
11/14/2024 09:55:51 [Information] Stepper Motor Controller Disable Z Axis controls while moving to location.
11/14/2024 09:55:51 [Information] Time remaining: 00:00:01 targetEndTime = 09:55:52
11/14/2024 09:55:51 [Information] Stepper Motor Controller Disable Z Axis controls while moving to location.
11/14/2024 09:55:51 [Information] Time remaining: 00:00:01 targetEndTime = 09:55:52
11/14/2024 09:55:51 [Information] Stepper Motor Controller Disable Z Axis controls while moving to location.
11/14/2024 09:55:51 [Information] Time remaining: 00:00:01 targetEndTime = 09:55:52
11/14/2024 09:55:51 [Information] Stepper Motor Controller Disable Z Axis controls while moving to location.
11/14/2024 09:55:51 [Information] Time remaining: 00:00:01 targetEndTime = 09:55:52
11/14/2024 09:55:52 [Information] Stepper Motor Controller Disable Z Axis controls while moving to location.
11/14/2024 09:55:52 [Information] Time remaining: 00:00:01 targetEndTime = 09:55:52
11/14/2024 09:55:52 [Information] Stepper Motor Controller Disable Z Axis controls while moving to location.
11/14/2024 09:55:52 [Information] Time remaining: 00:00:01 targetEndTime = 09:55:52
11/14/2024 09:55:52 [Information] Stepper Motor Controller Disable Z Axis controls while moving to location.
11/14/2024 09:55:52 [Information] Time remaining: 00:00:01 targetEndTime = 09:55:52
11/14/2024 09:55:52 [Information] Stepper Motor Controller Disable Z Axis controls while moving to location.
11/14/2024 09:55:52 [Information] Time remaining: 00:00:01 targetEndTime = 09:55:52
11/14/2024 09:55:52 [Information] Stepper Motor Controller Disable Z Axis controls while moving to location.
11/14/2024 09:55:52 [Information] Time remaining: 00:00:01 targetEndTime = 09:55:52
11/14/2024 09:55:52 [Information] Stepper Motor Controller Disable Z Axis controls while moving to location.
11/14/2024 09:55:52 [Information] Time remaining: 00:00:01 targetEndTime = 09:55:52
11/14/2024 09:55:52 [Information] Stepper Motor Controller Disable Z Axis controls while moving to location.
11/14/2024 09:55:52 [Information] Time remaining: 00:00:01 targetEndTime = 09:55:52
11/14/2024 09:55:52 [Information] Stepper Motor Controller Disable Z Axis controls while moving to location.
11/14/2024 09:55:52 [Information] Time remaining: 00:00:01 targetEndTime = 09:55:52
11/14/2024 09:55:52 [Information] Stepper Motor Controller Disable Z Axis controls while moving to location.
11/14/2024 09:55:52 [Information] Time remaining: 00:00:01 targetEndTime = 09:55:52
11/14/2024 09:55:52 [Information] Stepper Motor Controller Disable Z Axis controls while moving to location.
11/14/2024 09:55:52 [Information] Time remaining: 00:00:01 targetEndTime = 09:55:52
11/14/2024 09:55:52 [Information] Stepper Motor Controller Disable Z Axis controls while moving to location.
11/14/2024 09:55:52 [Information] Time remaining: 00:00:01 targetEndTime = 09:55:52
11/14/2024 09:55:52 [Information] Stepper Motor Controller Disable Z Axis controls while moving to location.
11/14/2024 09:55:52 [Information] Time remaining: 00:00:01 targetEndTime = 09:55:52
11/14/2024 09:55:52 [Information] Stepper Motor Controller Disable Z Axis controls while moving to location.
11/14/2024 09:55:52 [Information] Time remaining: 00:00:01 targetEndTime = 09:55:52
11/14/2024 09:55:52 [Information] Stepper Motor Controller Disable Z Axis controls while moving to location.
11/14/2024 09:55:52 [Information] Time remaining: 00:00:01 targetEndTime = 09:55:52
11/14/2024 09:55:52 [Information] Stepper Motor Controller Disable Z Axis controls while moving to location.
11/14/2024 09:55:52 [Information] Time remaining: 00:00:01 targetEndTime = 09:55:52
11/14/2024 09:55:52 [Information] Stepper Motor Controller Disable Z Axis controls while moving to location.
11/14/2024 09:55:52 [Information] Time remaining: 00:00:01 targetEndTime = 09:55:52
11/14/2024 09:55:52 [Information] Stepper Motor Controller Disable Z Axis controls while moving to location.
11/14/2024 09:55:52 [Information] Time remaining: 00:00:01 targetEndTime = 09:55:52
11/14/2024 09:55:52 [Information] Stepper Motor Controller Disable Z Axis controls while moving to location.
11/14/2024 09:55:52 [Information] Time remaining: 00:00:01 targetEndTime = 09:55:52
11/14/2024 09:55:52 [Information] Stepper Motor Controller Disable Z Axis controls while moving to location.
11/14/2024 09:55:52 [Information] Time remaining: 00:00:01 targetEndTime = 09:55:52
11/14/2024 09:55:52 [Information] Stepper Motor Controller Disable Z Axis controls while moving to location.
11/14/2024 09:55:52 [Information] Time remaining: 00:00:01 targetEndTime = 09:55:52
11/14/2024 09:55:52 [Information] Stepper Motor Controller Disable Z Axis controls while moving to location.
11/14/2024 09:55:52 [Information] Time remaining: 00:00:01 targetEndTime = 09:55:52
11/14/2024 09:55:52 [Information] Stepper Motor Controller Disable Z Axis controls while moving to location.
11/14/2024 09:55:52 [Information] Time remaining: 00:00:01 targetEndTime = 09:55:52
11/14/2024 09:55:52 [Information] Stepper Motor Controller Disable Z Axis controls while moving to location.
11/14/2024 09:55:52 [Information] Time remaining: 00:00:01 targetEndTime = 09:55:52
11/14/2024 09:55:52 [Information] Stepper Motor Controller Disable Z Axis controls while moving to location.
11/14/2024 09:55:52 [Information] Time remaining: 00:00:01 targetEndTime = 09:55:52
11/14/2024 09:55:52 [Information] Stepper Motor Controller Disable Z Axis controls while moving to location.
11/14/2024 09:55:52 [Information] Time remaining: 00:00:01 targetEndTime = 09:55:52
11/14/2024 09:55:52 [Information] Stepper Motor Controller Disable Z Axis controls while moving to location.
11/14/2024 09:55:52 [Information] Time remaining: 00:00:01 targetEndTime = 09:55:52
11/14/2024 09:55:52 [Information] Stepper Motor Controller Disable Z Axis controls while moving to location.
11/14/2024 09:55:52 [Information] Time remaining: 00:00:01 targetEndTime = 09:55:52
11/14/2024 09:55:52 [Information] Stepper Motor Controller Disable Z Axis controls while moving to location.
11/14/2024 09:55:52 [Information] Time remaining: 00:00:01 targetEndTime = 09:55:52
11/14/2024 09:55:52 [Information] Stepper Motor Controller Enable Z Axis controls after moving to location.
11/14/2024 09:55:52 [Information] Stepper Motor Controller Stopwatch Stopped.
11/14/2024 09:55:52 [Information] Stepper Motor Controller Timer Stopped.
11/14/2024 09:55:52 [Information] Stepper Motor Controller Stopwatch Reset.
11/14/2024 09:56:20 [Information] Z Axis Data Received: s Absolute Position 800.00
Z Axis Absolute Position 800.00
Z Axis Absolute Position 800.00
Z Axis Absolute Position 800.00
Z Axis Absolute Position 800.00
Z Axis Absolute Position 800.00
Z Axis Absolute Position 800.00
Z Axis Absolute Position 800.00
Z Axis Absolute Position 800.00
Z Axis Absolute Position 800.00
Z Axis Absolute Position 800.00
Z Axis Absolute Position 800.00
Z Axis Absolute Position 800.00
Z Axis Absolute Position 800.00
Z Axis Absolute Position 800.00
Z Axis Absolute Position 800.00
Z Axis Absolute Position 800.00
Z Axis Absolute Position 800.00
Z Axis Absolute Position 800.00
Z Axis Absolute Position 800.00
Z Axis Absolute Position 800.00
Z Axis Absolute Position 800.00
Z Axis Absolute Position 800.00
Z Axis Absolute Position 800.00
Z Axis Absolute Position 800.00
Z Axis Absolute Position 800.00
Z Axis Absolute Position 800.00
Z Axis Absolute Position 800.00
Z Axis Absolute Position 800.00
Z Axis Absolute Position 800.00
Z Axis Absolute Position 800.00
Z Axis Absolute Position 800.00
Z Axis Absolute Position 800.00
Z Axis Absolute Position 800.00
Z Axis Absolute Position 800.00
Z Axis Absolute Position 800.00
Z Axis Absolute Position 800.00
Z Axis Absolute Position 800.00
Z Axis Absolute Position 800.00
Z Axis Absolute Position 800.00
Z Axis Absolute Position 800.00
Z Axis Absolute Position 800.00
Z Axis Absolute Position 800.00
Z Axis Absolute Position 800.00
Z Axis Absolute Position 800.00
Z Axis Absolute Position 800.00
Z Axis Absolute Position 800.00
Z Axis Absolute Position 800.00
Z Axis Absolute Position 800.00
Z Axis Absolute Position 800.00
Z Axis Absolute Position 800.00
Z Axis Absolute Position 800.00
Z Axis Absolute Position 800.00
Z Axis Absolute Position 800.00
Z Axis Absolute Position 800.00
Z Axis Absolute Position 800.00
Z Axis Absolute Position 800.00
Z Axis Absolute Position 800.00
Z Axis Absolute Position 800.00
Z Axis Absolute Position 800.00
Z Axis Absolute Position 800.00
Z Axis Absolute Position 800.00
Z Axis Absolute Position 800.00
Z Axis Absolute Position 800.00
Z Axis Absolute Position 800.00
Z Axis Absolute Position 800.00
Z Axis Absolute Position 800.00
Z Axis Absolute Position 800.00
Z Axis Absolute Position 800.00
Z Axis Absolute Position 800.00
Z Axis Absolute Position 800.00
Z Axis Absolute Position 800.00
Z Axis Absolute Position 800.00
Z Axis Absolute Position 800.00
Z Axis Absolute Position 800.00
Z Axis Absolute Position 800.00
Z Axis Absolute Position 800.00
Z Axis Absolute Position 800.00
Z Axis Absolute Position 800.00
Z Axis Absolute Position 800.00
Z Axis Absolute Position 800.00
Z Axis Absolute Position 800.00
Z Axis Absolute Position 800.00
Z Axis Absolute Position 800.00
Z Axis Absolute Position 800.00
Z Axis Absolute Position 800.00
Z Axis Absolute Position 800.00
Z Axis Absolute Position 800.00
Z Axis Absolute Position 800.00
Z Axis Absolute Position 800.00
Z Axis Absolute Position 800.00
Z Axis Absolute Position 800.00
Z Axis Absolute Position 800.00
Z Axis Absolute Position 800.00
Z Axis Absolute Position 800.00
Z Axis Absolute Position 800.00
Z Axis Absolute Position 800.00
Z Axis Absolute Position 800.00
Z Axis Absolute Position 800.00
Z Axis Absolute Position 800.00
Z Axis Absolute Position 800.00
Z Axis Absolute Position 800.00
Z Axis Absolute Position 800.00
Z Axis Absolute Position 800.00
Z Axis Absolute Position 800.00
Z Axis Absolute Position 800.00
Z Axis Absolute Position 800.00
Z Axis Absolute Position 800.00
Z Axis Absolute Position 800.00
Z Axis Absolute Position 800.00
Z Axis Absolute Position 800.00
Z Axis Absolute Position 800.00
Z Axis Absolute Position 800.00
Z Axis Absolute Position 800.00
Z Axis Absolute Position 800.00
Z Axis Absolute Position 800.00
Z Axis Absolute Position 800.00
Z Axis Absolute Position 800.00
Z Axis Absolute Position 800.00
Z Axis Absolute Position 800.00
Z Axis Absolute Position 800.00
Z Axis Absolute Position 800.00
Z Axis Absolute Position 800.00
Z Axis Absolute Position 800.00
Z Axis Absolute Position 800.00
Z Axis Absolute Position 800.00
Z Axis Absolute Position 800.00
Z Axis Absolute Position 800.00
Z Axis Absolute Position 800.00
Z Axis Absolute Position 800.00
Z Axis Absolute Position 800.00
Z Axis Absolute Position 800.00
Z Axis Absolute Position 800.00
Z Axis Absolute Position 800.00
Z Axis Absolute Position 800.00
Z Axis Absolute Position 800.00
Z Axis Absolute Position 800.00
Z Axis Absolute Position 800.00
Z Axis Absolute Position 800.00
Z Axis Absolute Position 800.00
Z Axis Absolute Position 800.00
Z Axis Absolute Position 800.00
Z Axis Absolute Position 800.00
Z Axis Absolute Position 800.00
Z Axis Absolute Position 800.00
Z Axis Absolute Position 800.00
Z Axis Absolute Position 800.00
Z Axis Absolute Position 800.00
Z Axis Absolute Position 800.00
Z Axis Absolute Position 800.00
Z Axis Absolute Position 800.00
Z Axis Absolute Position 800.00
Z Axis Absolute Position 800.00
Z Axis Absolute Position 800.00
Z Axis Absolute Position 800.00
Z Axis Absolute Position 800.00
Z Axis Absolute Position 800.00
Z Axis Absolute Position 800.00
Z Axis Absolute Position 800.00
Z Axis Absolute Position 800.00
Z Axis Absolute Position 800.00
Z Axis Absolute Position 800.00
Z Axis Absolute Position 800.00
Z Axis Absolute Position 800.00
Z Axis Absolute Position 800.00
Z Axis Absolute Position 800.00
Z Axis Absolute Position 800.00
Z Axis Absolute Position 800.00
Z Axis Absolute Position 800.00
Z Axis Absolute Position 800.00
Z Axis Absolute Position 800.00
Z Axis Absolute Position 800.00
Z Axis Absolute Position 800.00
Z Axis Absolute Position 800.00
Z Axis Absolute Position 800.00
Z Axis Absolute Position 800.00
Z Axis Absolute Position 800.00
Z Axis Absolute Position 800.00
Z Axis Absolute Position 800.00
Z Axis Absolute Position 800.00
Z Axis Absolute Position 800.00
Z Axis Absolute Position 800.00
Z Axis Absolute Position 800.00
Z Axis Absolute Position 800.00
Z Axis Absolute Position 800.00
Z Axis Absolute Position 800.00
Z Axis Absolute Position 800.00
Z Axis Absolute Position 800.00
Z Axis Absolute Position 800.00
Z Axis Absolute Position 800.00
Z Axis Absolute Position 800.00
Z Axis Absolute Position 800.00
Z Axis Absolute Position 800.00
Z Axis Absolute Position 800.00
Z Axis Absolute Position 800.00
Z Axis Absolute Position 800.00
Z Axis Absolute Position 800.00
Z Axis Absolute Position 800.00
Z Axis Absolute Position 800.00
Z Axis Absolute Position 800.00
Z Axis Absolute Position 800.00
Z Axis Absolute Position 800.00
Z Axis Absolute Position 800.00
Z Axis Absolute Position 800.00
Z Axis Absolute Position 800.00
Z Axis Absolute Position 800.00
Z Axis Absolute Position 800.00
Z Axis Absolute Position 800.00
Z Axis Absolute Position 800.00
Z Axis Absolute Position 800.00
Z Axis Absolute Position 800.00
Z Axis Absolute Position 800.00
Z Axis Absolute Position 800.00
Z Axis Absolute Position 800.00
Z Axis Absolute Position 800.00
Z Axis Absolute Position 800.00
Z Axis Absolute Position 800.00
Z Axis Absolute Position 800.00
Z Axis Absolute Position 800.00
Z Axis Absolute Position 800.00
Z Axis Absolute Position 800.00
Z Axis Absolute Position 800.00
Z Axis Absolute Position 800.00
Z Axis Absolute Position 800.00
Z Axis Absolute Position 800.00
Z Axis Absolute Position 800.00
Z Axis Absolute Position 800.00
Z Axis Absolute Position 800.00
Z Axis Absolute Position 800.00
Z Axis Absolute Position 800.00
Z Axis Absolute Position 800.00
Z Axis Absolute Position 800.00
Z Axis Absolute Position 800.00
Z Axis Absolute Position 800.00
Z Axis Absolute Position 800.00
Z Axis Absolute Position 800.00
Z Axis Absolute Position 800.00
Z Axis Absolute Position 800.00
Z Axis Absolute Position 800.00
Z Axis Absolute Position 800.00
Z Axis Absolute Position 800.00
Z Axis Absolute Position 800.00
Z Axis Absolute Position 800.00
Z Axis Absolute Position 800.00
Z Axis Absolute Position 800.00
Z Axis Absolute Position 800.00
Z Axis Absolute Position 800.00
Z Axis Absolute Position 800.00
Z Axis Absolute Position 800.00
Z Axis Absolute Position 800.00
Z Axis Absolute Position 800.00
Z Axis Absolute Position 800.00
Z Axis Absolute Position 800.00
Z Axis Absolute Position 800.00
Z Axis Absolute Position 800.00
Z Axis Absolute Position 800.00
Z Axis Absolute Position 800.00
Z Axis Absolute Position 800.00
Z Axis Absolute Position 800.00
Z Axis Absolute Position 800.00
Z Axis Absolute Position 800.00
Z Axis Absolute Position 800.00
Z Axis Absolute Position 800.00
Z Axis Absolute Position 800.00
Z Axis Absolute Position 800.00
Z Axis Absolute Position 800.00
Z Axis Absolute Position 800.00
Z Axis Absolute Position 800.00
Z Axis Absolute Position 800.00
Z Axis Absolute Position 800.00
Z Axis Absolute Position 800.00
Z Axis Absolute Position 800.00
Z Axis Absolute Position 800.00
Z Axis Absolute Position 800.00
Z Axis Absolute Position 800.00
Z Axis Absolute Position 800.00
Z Axis Absolute Position 800.00
Z Axis Absolute Position 800.00
Z Axis Absolute Position 800.00
Z Axis Absolute Position 800.00
Z Axis Absolute Position 800.00
Z Axis Absolute Position 800.00
Z Axis Absolute Position 800.00
Z Axis Absolute Position 800.00
Z Axis Absolute Position 800.00
Z Axis Absolute Position 800.00
Z Axis Absolute Position 800.00
Z Axis Absolute Position 800.00
Z Axis Absolute Position 800.00
Z Axis Absolute Position 800.00
Z Axis Absolute Position 800.00
Z Axis Absolute Position 800.00
Z Axis Absolute Position 800.00
Z Axis Absolute Position 800.00
Z Axis Absolute Position 800.00
Z Axis Absolute Position 800.00
Z Axis Absolute Position 800.00
Z Axis Absolute Position 800.00
Z Axis Absolute Position 800.00
Z Axis Absolute Position 800.00
Z Axis Absolute Position 800.00
Z Axis Absolute Position 800.00
Z Axis Absolute Position 800.00
Z Axis Absolute Position 800.00
Z Axis Absolute Position 800.00
Z Axis Absolute Position 800.00
Z Axis Absolute Position 800.00
Z Axis Absolute Position 800.00
Z Axis Absolute Position 800.00
Z Axis Absolute Position 800.00
Z Axis Absolute Position 800.00
Z Axis Absolute Position 800.00
Z Axis Absolute Position 800.00
Z Axis Absolute Position 800.00
Z Axis Absolute Position 800.00
Z Axis Absolute Position 800.00
Z Axis Absolute Position 800.00
Z Axis Absolute Position 800.00
Z Axis Absolute Position 800.00
Z Axis Absolute Position 800.00
Z Axis Absolute Position 800.00
Z Axis Absolute Position 800.00
Z Axis Absolute Position 800.00
Z Axis Absolute Position 800.00
Z Axis Absolute Position 800.00
Z Axis Absolute Position 800.00
Z Axis Absolute Position 800.00
Z Axis Absolute Position 800.00
Z Axis Absolute Position 800.00
Z Axis Absolute Position 800.00
Z Axis Absolute Position 800.00
Z Axis Absolute Position 800.00
Z Axis Absolute Position 800.00
Z Axis Absolute Position 800.00
Z Axis Absolute Position 800.00
Z Axis Absolute Position 800.00
Z Axis Absolute Position 800.00
Z Axis Absolute Position 800.00
Z Axis Absolute Position 800.00
Z Axis Absolute Position 800.00
Z Axis Absolute Position 800.00
Z Axis Absolute Position 800.00
Z Axis Absolute Position 800.00
Z Axis Absolute Position 800.00
Z Axis Absolute Position 800.00
Z Axis Absolute Position 800.00
Z Axis Absolute Position 800.00
Z Axis Absolute Position 800.00
Z Axis Absolute Position 800.00
Z Axis Absolute Position 800.00
Z Axis Absolute Position 800.00
Z Axis Absolute Position 800.00
Z Axis Absolute Position 800.00
Z Axis Absolute Position 800.00
Z Axis Absolute Position 800.00
Z Axis Absolute Position 800.00
Z Axis Absolute Position 800.00
Z Axis Absolute Position 800.00
Z Axis Absolute Position 800.00
Z Axis Absolute Position 800.00
Z Axis Absolute Position 800.00
Z Axis Absolute Position 800.00
Z Axis Absolute Position 800.00
Z Axis Absolute Position 800.00
Z Axis Absolute Position 800.00
Z Axis Absolute Position 800.00
Z Axis Absolute Position 800.00
Z Axis Absolute Position 800.00
Z Axis Absolute Position 800.00
Z Axis Absolute Position 800.00
Z Axis Absolute Position 800.00
Z Axis Absolute Position 800.00
Z Axis Absolute Position 800.00
Z Axis Absolute Position 800.00
Z Axis Absolute Position 800.00
Z Axis Absolute Position 800.00
Z Axis Absolute Position 800.00
Z Axis Absolute Position 800.00
Z Axis Absolute Position 800.00
Z Axis Absolute Position 800.00
Z Axis Absolute Position 800.00
Z Axis Absolute Position 800.00
Z Axis Absolute Position 800.00
Z Axis Absolute Position 800.00
Z Axis Absolute Position 800.00
Z Axis Absolute Position 800.00
Z Axis Absolute Position 800.00
Z Axis Absolute Position 800.00
Z Axis Absolute Position 800.00
Z Axis Absolute Position 800.00
Z Axis Absolute Position 800.00
Z Axis Absolute Position 800.00
Z Axis Absolute Position 800.00
Z Axis Absolute Position 800.00
Z Axis Absolute Position 800.00
Z Axis Absolute Position 800.00
Z Axis Absolute Position 800.00
Z Axis Absolute Position 800.00
Z Axis Absolute Position 800.00
Z Axis Absolute Position 800.00
Z Axis Absolute Position 800.00
Z Axis Absolute Position 800.00
Z Axis Absolute Position 800.00
Z Axis Absolute Position 800.00
Z Axis Absolute Position 800.00
Z Axis Absolute Position 800.00
Z Axis Absolute Position 800.00
Z Axis Absolute Position 800.00
Z Axis Absolute Position 800.00
Z Axis Absolute Position 800.00
Z Axis Absolute Position 800.00
Z Axis Absolute Position 800.00
Z Axis Absolute Position 800.00
Z Axis Absolute Position 800.00
Z Axis Absolute Position 800.00
Z Axis Absolute Position 800.00
Z Axis Absolute Position 800.00
Z Axis Absolute Position 800.00
Z Axis Absolute Position 800.00
Z Axis Absolute Position 800.00
Z Axis Absolute Position 800.00
Z Axis Absolute Position 800.00
Z Axis Absolute Position 800.00
Z Axis Absolute Position 800.00
Z Axis Absolute Position 800.00
Z Axis Absolute Position 800.00
Z Axis Absolute Position 800.00
Z Axis Absolute Position 800.00
Z Axis Absolute Position 800.00
Z Axis Absolute Position 800.00
Z Axis Absolute Position 800.00
Z Axis Absolute Position 800.00
Z Axis Absolute Position 800.00
Z Axis Absolute Position 800.00
Z Axis Absolute Position 800.00
Z Axis Absolute Position 800.00
Z Axis Absolute Position 800.00
Z Axis Absolute Position 800.00
Z Axis Absolute Position 800.00
Z Axis Absolute Position 800.00
Z Axis Absolute Position 800.00
Z Axis Absolute Position 800.00
Z Axis Absolute Position 800.00
Z Axis Absolute Position 800.00
Z Axis Absolute Position 800.00
Z Axis Absolute Position 800.00
Z Axis Absolute Position 800.00
Z Axis Absolute Position 800.00
Z Axis Absolute Position 800.00
Z Axis Absolute Position 800.00
Z Axis Absolute Position 800.00
Z Axis Absolute Position 800.00
Z Axis Absolute Position 800.00
Z Axis Absolute Position 800.00
Z Axis Absolute Position 800.00
Z Axis Absolute Position 800.00
Z Axis Absolute Position 800.00
Z Axis Absolute Position 800.00
Z Axis Absolute Position 800.00
Z Axis Absolute Position 800.00
Z Axis Absolute Position 800.00
Z Axis Absolute Position 800.00
Z Axis Absolute Position 800.00
Z Axis Absolute Position 800.00
Z Axis Absolute Position 800.00
Z Axis Absolute Position 800.00
Z Axis Absolute Position 800.00
Z Axis Absolute Position 800.00
Z Axis Absolute Position 800.00
Z Axis Absolute Position 800.00
Z Axis Absolute Position 800.00
Z Axis Absolute Position 800.00
Z Axis Absolute Position 800.00
Z Axis Absolute Position 800.00
Z Axis Absolute Position 800.00
Z Axis Absolute Position 800.00
Z Axis Absolute Position 800.00
Z Axis Absolute Position 800.00
Z Axis Absolute Position 800.00
Z Axis Absolute Position 800.00
Z Axis Absolute Position 800.00
Z Axis Absolute Position 800.00
Z Axis Absolute Position 800.00
Z Axis Absolute Position 800.00
Z Axis Absolute Position 800.00
Z Axis Absolute Position 800.00
Z Axis Absolute Position 800.00
Z Axis Absolute Position 800.00
Z Axis Absolute Position 800.00
Z Axis Absolute Position 800.00
Z Axis Absolute Position 800.00
Z Axis Absolute Position 800.00
Z Axis Absolute Position 800.00
Z Axis Absolute Position 800.00
Z Axis Absolute Position 800.00
Z Axis Absolute Position 800.00
Z Axis Absolute Position 800.00
Z Axis Absolute Position 800.00
Z Axis Absolute Position 800.00
Z Axis Absolute Position 800.00
Z Axis Absolute Position 800.00
Z Axis Absolute Position 800.00
Z Axis Absolute Position 800.00
Z Axis Absolute Position 800.00
Z Axis Absolute Position 800.00
Z Axis Absolute Position 800.00
Z Axis Absolute Position 800.00
Z Axis Absolute Position 800.00
Z Axis Absolute Position 800.00
Z Axis Absolute Position 800.00
Z Axis Absolute Position 800.00
Z Axis Absolute Position 800.00
Z Axis Absolute Position 800.00
Z Axis Absolute Position 800.00
Z Axis Absolute Position 800.00
Z Axis Absolute Position 800.00
Z Axis Absolute Position 800.00
Z Axis Absolute Position 800.00
Z Axis Absolute Position 800.00
Z Axis Absolute Position 800.00
Z Axis Absolute Position 800.00
Z Axis Absolute Position 800.00
Z Axis Absolute Position 800.00
Z Axis Absolute Position 800.00
Z Axis Absolute Position 800.00
Z Axis Absolute Position 800.00
Z Axis Absolute Position 800.00
Z Axis Absolute Position 800.00
Z Axis Absolute Position 800.00
Z Axis Absolute Position 800.00
Z Axis Absolute Position 800.00
Z Axis Absolute Position 800.00
Z Axis Absolute Position 800.00
Z Axis Absolute Position 800.00
Z Axis Absolute Position 800.00
Z Axis Absolute Position 800.00
Z Axis Absolute Position 800.00
Z Axis Absolute Position 800.00
Z Axis Absolute Position 800.00
Z Axis Absolute Position 800.00
Z Axis Absolute Position 800.00
Z Axis Absolute Position 800.00
Z Axis Absolute Position 800.00
Z Axis Absolute Position 800.00
Z Axis Absolute Position 800.00
Z Axis Absolute Position 800.00
Z Axis Absolute Position 800.00
Z Axis Absolute Position 800.00
Z Axis Absolute Position 800.00
Z Axis Absolute Position 800.00
Z Axis Absolute Position 800.00
Z Axis Absolute Position 800.00
Z Axis Absolute Position 800.00
Z Axis Absolute Position 800.00
Z Axis Absolute Position 800.00
Z Axis Absolute Position 800.00
Z Axis Absolute Position 800.00
Z Axis Absolute Position 800.00
Z Axis Absolute Position 800.00
Z Axis Absolute Position 800.00
Z Axis Absolute Position 800.00
Z Axis Absolute Position 800.00
Z Axis Absolute Position 800.00
Z Axis Absolute Position 800.00
Z Axis Absolute Position 800.00
Z Axis Absolute Position 800.00
Z Axis Absolute Position 800.00
Z Axis Absolute Position 800.00
Z Axis Absolute Position 800.00
Z Axis Absolute Position 800.00
Z Axis Absolute Position 800.00
Z Axis Absolute Position 800.00
Z Axis Absolute Position 800.00
Z Axis Absolute Position 800.00
Z Axis Absolute Position 800.00
Z Axis Absolute Position 800.00
Z Axis Absolute Position 800.00
Z Axis Absolute Position 800.00
Z Axis Absolute Position 800.00
Z Axis Absolute Position 800.00
Z Axis Absolute Position 800.00
Z Axis Absolute Position 800.00
Z Axis Absolute Position 800.00
Z Axis Absolute Position 800.00
Z Axis Absolute Position 800.00
Z Axis Absolute Position 800.00
Z Axis Absolute Position 800.00
Z Axis Absolute Position 800.00
Z Axis Absolute Position 800.00
Z Axis Absolute Position 800.00
Z Axis Absolute Position 800.00
Z Axis Absolute Position 800.00
Z Axis Absolute Position 800.00
Z Axis Absolute Position 800.00
Z Axis Absolute Position 800.00
Z Axis Absolute Position 800.00
Z Axis Absolute Position 800.00
Z Axis Absolute Position 800.00
Z Axis Absolute Position 800.00
Z Axis Absolute Position 800.00
Z Axis Absolute Position 800.00
Z Axis Absolute Position 800.00
Z Axis Absolute Position 800.00
Z Axis Absolute Position 800.00
Z Axis Absolute Position 800.00
Z Axis Absolute Position 800.00
Z Axis Absolute Position 800.00
Z Axis Absolute Position 800.00
Z Axis Absolute Position 800.00
Z Axis Absolute Position 800.00
Z Axis Absolute Position 800.00
Z Axis Absolute Position 800.00
Z Axis Absolute Position 800.00
Z Axis Absolute Position 800.00
Z Axis Absolute Position 800.00
Z Axis Absolute Position 800.00
Z Axis Absolute Position 800.00
Z Axis Absolute Position 800.00
Z Axis Absolute Position 800.00
Z Axis Absolute Position 800.00
Z Axis Absolute Position 800.00
Z Axis Absolute Position 800.00
Z Axis Absolute Position 800.00
Z Axis Absolute Position 800.00
Z Axis Absolute Position 800.00
Z Axis Absolute Position 800.00
Z Axis Absolute Position 800.00
Z Axis Absolute Position 800.00
Z Axis Absolute Position 800.00
Z Axis Absolute Position 800.00
Z Axis Absolute Position 800.00
Z Axis Absolute Position 800.00
Z Axis Absolute Position 800.00
Z Axis Absolute Position 800.00
Z Axis Absolute Position 800.00
Z Axis Absolute Position 800.00
Z Axis Absolute Position 800.00
Z Axis Absolute Position 800.00
Z Axis Absolute Position 800.00
Z Axis Absolute Position 800.00
Z Axis Absolute Position 800.00
Z Axis Absolute Position 800.00
Z Axis Absolute Position 800.00
Z Axis Absolute Position 800.00
Z Axis Absolute Position 800.00
Z Axis Absolute Position 800.00
Z Axis Absolute Position 800.00
Z Axis Absolute Position 800.00
Z Axis Absolute Position 800.00
Z Axis Absolute Position 800.00
Z Axis Absolute Position 800.00
Z Axis Absolute Position 800.00
Z Axis Absolute Position 800.00
Z Axis Absolute Position 800.00
Z Axis Absolute Position 800.00
Z Axis Absolute Position 800.00
Z Axis Absolute Position 800.00
Z Axis Absolute Position 800.00
Z Axis Absolute Position 800.00
Z Axis Absolute Position 800.00
Z Axis Absolute Position 800.00
Z Axis Absolute Position 800.00
Z Axis Absolute Position 800.00
Z Axis Absolute Position 800.00
Z Axis Absolute Position 800.00
Z Axis Absolute Position 800.00
Z Axis Absolute Position 800.00
Z Axis Absolute Position 800.00
Z Axis Absolute Position 800.00
Z Axis Absolute Position 800.00
Z Axis Absolute Position 800.00
Z Axis Absolute Position 800.00
Z Axis Absolute Position 800.00
Z Axis Absolute Position 800.00
Z Axis Absolute Position 800.00
Z Axis Absolute Position 800.00
Z Axis Absolute Position 800.00
Z Axis Absolute Position 800.00
Z Axis Absolute Position 800.00
Z Axis Absolute Position 800.00
Z Axis Absolute Position 800.00
Z Axis Absolute Position 800.00
Z Axis Absolute Position 800.00
Z Axis Absolute Position 800.00
Z Axis Absolute Position 800.00
Z Axis Absolute Position 800.00
Z Axis Absolute Position 800.00
Z Axis Absolute Position 800.00
Z Axis Absolute Position 800.00
Z Axis Absolute Position 800.00
Z Axis Absolute Position 800.00
Z Axis Absolute Position 800.00
Z Axis Absolute Position 800.00
Z Axis Absolute Position 800.00
Z Axis Absolute Position 800.00
Z Axis Absolute Position 800.00
Z Axis Absolute Position 800.00
Z Axis Absolute Position 800.00
Z Axis Absolute Position 800.00
Z Axis Absolute Position 800.00
Z Axis Absolute Position 800.00
Z Axis Absolute Position 800.00
Z Axis Absolute Position 800.00
Z Axis Absolute Position 800.00
Z Axis Absolute Position 800.00
Z Axis Absolute Position 800.00
Z Axis Absolute Position 800.00
Z Axis Absolute Position 800.00
Z Axis Absolute Position 800.00
Z Axis Absolute Position 800.00
Z Axis Absolute Position 800.00
Z Axis Absolute Position 800.00
Z Axis Absolute Position 800.00
Z Axis Absolute Position 800.00
Z Axis Absolute Position 800.00
Z Axis Absolute Position 800.00
Z Axis Absolute Position 800.00
Z Axis Absolute Position 800.00
Z Axis Absolute Position 800.00
Z Axis Absolute Position 800.00
Z Axis Absolute Position 800.00
Z Axis Absolute Position 800.00
Z Axis Absolute Position 800.00
Z Axis Absolute Position 800.00
Z Axis Absolute Position 800.00
Z Axis Absolute Position 800.00
Z Axis Absolute Position 800.00
Z Axis Absolute Position 800.00
Z Axis Absolute Position 800.00
Z Axis Absolute Position 800.00
Z Axis Absolute Position 800.00
Z Axis Absolute Position 800.00
Z Axis Absolute Position 800.00
Z Axis Absolute Position 800.00
Z Axis Absolute Position 800.00
Z Axis Absolute Position 800.00
Z Axis Absolute Position 800.00
Z Axis Absolute Position 800.00
Z Axis Absolute Position 800.00
Z Axis Absolute Position 800.00
Z Axis Absolute Position 800.00
Z Axis Absolute Position 800.00
Z Axis Absolute Position 800.00
Z Axis Absolute Position 800.00
Z Axis Absolute Position 800.00
Z Axis Absolute Position 800.00
Z Axis Absolute Position 800.00
Z Axis Absolute Position 800.00
Z Axis Absolute Position 800.00
Z Axis Absolute Position 800.00
Z Axis Absolute Position 800.00
Z Axis Absolute Position 800.00
Z Axis Absolute Position 800.00
Z Axis Absolute Position 800.00
Z Axis Absolute Position 800.00
Z Axis Absolute Position 800.00
Z Axis Absolute Position 800.00
Z Axis Absolute Position 800.00
Z Axis Absolute Position 800.00
Z Axis Absolute Position 800.00
Z Axis Absolute Position 800.00
Z Axis Absolute Position 800.00
Z Axis Absolute Position 800.00
Z Axis Absolute Position 800.00
Z Axis Absolute Position 800.00
Z Axis Absolute Position 800.00
Z Axis Absolute Position 800.00
Z Axis Absolute Position 800.00
Z Axis Absolute Position 800.00
Z Axis Absolute Position 800.00
Z Axis Absolute Position 800.00
Z Axis Absolute Position 800.00
Z Axis Absolute Position 800.00
Z Axis Absolute Position 800.00
Z Axis Absolute Position 800.00
Z Axis Absolute Position 800.00
Z Axis Absolute Position 800.00
Z Axis Absolute Position 800.00
Z Axis Absolute Position 800.00
Z Axis Absolute Position 800.00
Z Axis Absolute Position 800.00
Z Axis Absolute Position 800.00
Z Axis Absolute Position 800.00
Z Axis Absolute Position 800.00
Z Axis Absolute Position 800.00
Z Axis Absolute Position 800.00
Z Axis Absolute Position 800.00
Z Axis Absolute Position 800.00
Z Axis Absolute Position 800.00
Z Axis Absolute Position 800.00
Z Axis Absolute Position 800.00
Z Axis Absolute Position 800.00
Z Axis Absolute Position 800.00
Z Axis Absolute Position 800.00
Z Axis Absolute Position 800.00
Z Axis Absolute Position 800.00
Z Axis Absolute Position 800.00
Z Axis Absolute Position 800.00
Z Axis Absolute Position 800.00
Z Axis Absolute Position 800.00
Z Axis Absolute Position 800.00
Z Axis Absolute Position 800.00
Z Axis Absolute Position 800.00
Z Axis Absolute Position 800.00
Z Axis Absolute Position 800.00
Z Axis Absolute Position 800.00
Z Axis Absolute Position 800.00
Z Axis Absolute Position 800.00
Z Axis Absolute Position 800.00
Z Axis Absolute Position 800.00
Z Axis Absolute Position 800.00
Z Axis Absolute Position 800.00
Z Axis Absolute Position 800.00
Z Axis Absolute Position 800.00
Z Axis Absolute Position 800.00
Z Axis Absolute Position 800.00
Z Axis Absolute Position 800.00
Z Axis Absolute Position 800.00
Z Axis Absolute Position 800.00
Z Axis Absolute Position 800.00
Z Axis Absolute Position 800.00
Z Axis Absolute Position 800.00
Z Axis Absolute Position 800.00
Z Axis Absolute Position 800.00
Z Axis Absolute Position 800.00
Z Axis Absolute Position 800.00
Z Axis Absolute Position 800.00
Z Axis Absolute Position 800.00
Z Axis Absolute Position 800.00
Z Axis Absolute Position 800.00
Z Axis Absolute Position 800.00
Z Axis Absolute Position 800.00
Z Axis Absolute Position 800.00
Z Axis Absolute Position 800.00
Z Axis Absolute Position 800.00
Z Axis Absolute Position 800.00
Z Axis Absolute Position 800.00
Z Axis Absolute Position 800.00
Z Axis Absolute Position 800.00
Z Axis Absolute Position 800.00
Z Axis Absolute Position 800.00
Z Axis Absolute Position 800.00
Z Axis Absolute Position 800.00
Z Axis Absolute Position 800.00
Z Axis Absolute Position 800.00
Z Axis Absolute Position 800.00
Z Axis Absolute Position 800.00
Z Axis Absolute Position 800.00
Z Axis Absolute Position 800.00
Z Axis Absolute Position 800.00
Z Axis Absolute Position 800.00
11/14/2024 09:56:20 [Error] Error in YdataReceivedHandler
