11/4/2024 21:15:55 [Information] Stepper Motor Controller Application Started.
11/4/2024 21:15:55 [Information] Version: 3.0.9074.38273 (11/4/2024 21:15:55)
11/4/2024 21:15:55 [Information] X Axis SerialPort COM7 not connected.
11/4/2024 21:15:55 [Information] Y Axis SerialPort COM8 not connected.
11/4/2024 21:15:55 [Information] Version: 3.1.0.38274 (11/4/2024 21:15:55)
11/4/2024 21:15:55 [Information] Version: 3.1.0.38274 (11/4/2024 21:15:55)
11/4/2024 21:15:55 [Information] Stepper Motor Controller Application Settings Window Opened.
11/4/2024 21:15:55 [Information] Stepper Motor Controller Application Settings form is rebuilt each and every time it is opened.
11/4/2024 21:15:55 [Information] int: 9600 BaudRate added to the Settings Form.
11/4/2024 21:15:55 [Information] bool: False ckbXaxisResetToZeroIsChecked added to the Settings Form.
11/4/2024 21:15:55 [Information] bool: False ckbYaxisResetToZeroIsChecked added to the Settings Form.
11/4/2024 21:15:55 [Information] bool: False ckbZaxisResetToZeroIsChecked added to the Settings Form.
11/4/2024 21:15:55 [Information] COM1: ComPort added to the Settings Form.
11/4/2024 21:15:55 [Information] COM2: ComPort added to the Settings Form.
11/4/2024 21:15:55 [Information] COM3: ComPort added to the Settings Form.
11/4/2024 21:15:55 [Information] COM4: ComPort added to the Settings Form.
11/4/2024 21:15:55 [Information] COM5: ComPort added to the Settings Form.
11/4/2024 21:15:55 [Information] COM6: ComPort added to the Settings Form.
11/4/2024 21:15:55 [Information] COM7: ComPort added to the Settings Form.
11/4/2024 21:15:55 [Information] COM8: ComPort added to the Settings Form.
11/4/2024 21:15:55 [Information] COM9: ComPort added to the Settings Form.
11/4/2024 21:15:55 [Information] COM10: ComPort added to the Settings Form.
11/4/2024 21:15:55 [Information] decimal: 4.00 Divider4_00 added to the Settings Form.
11/4/2024 21:15:55 [Information] decimal: 0.00 MathPart2Initlz added to the Settings Form.
11/4/2024 21:15:55 [Information] decimal: 1.00 MilisecondTimerInterval added to the Settings Form.
11/4/2024 21:15:55 [Information] decimal: 1000.00 MillisecondDelay added to the Settings Form.
11/4/2024 21:15:55 [Information] int: 1000 Milliseconds added to the Settings Form.
11/4/2024 21:15:55 [Information] int: 4 mmPerRevolution added to the Settings Form.
11/4/2024 21:15:55 [Information] int: 2000 ThreadSleep added to the Settings Form.
11/4/2024 21:15:55 [Information] decimal: 0.00 Value_0_00 added to the Settings Form.
11/4/2024 21:15:55 [Information] decimal: 50.00 XaxisAcceleration added to the Settings Form.
11/4/2024 21:15:55 [Information] bool: False XaxisChanged added to the Settings Form.
11/4/2024 21:15:55 [Information] decimal: 400.00 XaxisMotorSpeed added to the Settings Form.
11/4/2024 21:15:55 [Information] decimal: 0.00 XaxisStepperCurrent added to the Settings Form.
11/4/2024 21:15:55 [Information] decimal: 0.00 XaxisStepperMove added to the Settings Form.
11/4/2024 21:15:55 [Information] XCOM1: XComPort added to the Settings Form.
11/4/2024 21:15:55 [Information] XCOM2: XComPort added to the Settings Form.
11/4/2024 21:15:55 [Information] XCOM3: XComPort added to the Settings Form.
11/4/2024 21:15:55 [Information] XCOM4: XComPort added to the Settings Form.
11/4/2024 21:15:55 [Information] XCOM5: XComPort added to the Settings Form.
11/4/2024 21:15:55 [Information] XCOM6: XComPort added to the Settings Form.
11/4/2024 21:15:55 [Information] XCOM7: XComPort added to the Settings Form.
11/4/2024 21:15:55 [Information] XCOM8: XComPort added to the Settings Form.
11/4/2024 21:15:55 [Information] XCOM9: XComPort added to the Settings Form.
11/4/2024 21:15:55 [Information] XCOM10: XComPort added to the Settings Form.
11/4/2024 21:15:55 [Information] decimal: 50.00 YaxisAcceleration added to the Settings Form.
11/4/2024 21:15:55 [Information] bool: False YaxisChanged added to the Settings Form.
11/4/2024 21:15:55 [Information] decimal: 400.00 YaxisMotorSpeed added to the Settings Form.
11/4/2024 21:15:55 [Information] decimal: 0.00 YaxisStepperCurrent added to the Settings Form.
11/4/2024 21:15:55 [Information] decimal: 0.00 YaxisStepperMove added to the Settings Form.
11/4/2024 21:15:55 [Information] YCOM1: YComPort added to the Settings Form.
11/4/2024 21:15:55 [Information] YCOM2: YComPort added to the Settings Form.
11/4/2024 21:15:55 [Information] YCOM3: YComPort added to the Settings Form.
11/4/2024 21:15:55 [Information] YCOM4: YComPort added to the Settings Form.
11/4/2024 21:15:55 [Information] YCOM5: YComPort added to the Settings Form.
11/4/2024 21:15:55 [Information] YCOM6: YComPort added to the Settings Form.
11/4/2024 21:15:55 [Information] YCOM7: YComPort added to the Settings Form.
11/4/2024 21:15:55 [Information] YCOM8: YComPort added to the Settings Form.
11/4/2024 21:15:55 [Information] YCOM9: YComPort added to the Settings Form.
11/4/2024 21:15:55 [Information] YCOM10: YComPort added to the Settings Form.
11/4/2024 21:15:55 [Information] decimal: 50.00 ZaxisAcceleration added to the Settings Form.
11/4/2024 21:15:55 [Information] bool: False ZaxisChanged added to the Settings Form.
11/4/2024 21:15:55 [Information] decimal: 400.00 ZaxisMotorSpeed added to the Settings Form.
11/4/2024 21:15:55 [Information] decimal: 0.00 ZaxisStepperCurrent added to the Settings Form.
11/4/2024 21:15:55 [Information] decimal: 0.00 ZaxisStepperMove added to the Settings Form.
11/4/2024 21:15:55 [Information] ZCOM1: ZComPort added to the Settings Form.
11/4/2024 21:15:55 [Information] ZCOM2: ZComPort added to the Settings Form.
11/4/2024 21:15:55 [Information] ZCOM3: ZComPort added to the Settings Form.
11/4/2024 21:15:55 [Information] ZCOM4: ZComPort added to the Settings Form.
11/4/2024 21:15:55 [Information] ZCOM5: ZComPort added to the Settings Form.
11/4/2024 21:15:55 [Information] ZCOM6: ZComPort added to the Settings Form.
11/4/2024 21:15:55 [Information] ZCOM7: ZComPort added to the Settings Form.
11/4/2024 21:15:55 [Information] ZCOM8: ZComPort added to the Settings Form.
11/4/2024 21:15:55 [Information] ZCOM9: ZComPort added to the Settings Form.
11/4/2024 21:15:55 [Information] ZCOM10: ZComPort added to the Settings Form.
11/4/2024 21:15:55 [Information] int: 0 zeroXaxis added to the Settings Form.
11/4/2024 21:15:55 [Information] int: 0 zeroYaxis added to the Settings Form.
11/4/2024 21:15:55 [Information] int: 0 zeroZaxis added to the Settings Form.
11/4/2024 21:15:56 [Information] Stepper Motor Controller MainWindow loaded
11/4/2024 21:15:56 [Information] Set MainWindow Media Brushes to White.
11/4/2024 21:16:03 [Information] Z Axis mouse controlled Keypad returned: 64.00
11/4/2024 21:16:05 [Information] ZAxisRun_Click button clicked:
11/4/2024 21:16:05 [Information] Z Axis MotorMovementSeconds decimal: (64.00 / 4) / 2 = 8.00
11/4/2024 21:16:05 [Information] Z Axis myMovementTimer int: 1000 * 8.00 = 8000
11/4/2024 21:16:06 [Information] Z Axis Run Event: Z,0.00,400.00,0,0.00,400.00,0,64.00,400.00,0
11/4/2024 21:16:06 [Information] Z Axis Current Time: 09:16:06 + 8000 = zTargetEndTime: 09:16:14
11/4/2024 21:16:06 [Information] Stepper Motor Controller Disable Z Axis controls while moving to location.
11/4/2024 21:16:06 [Information] Time remaining: 00:00:00 zTargetEndTime = 09:16:14
11/4/2024 21:16:06 [Information] Stepper Motor Controller Disable Z Axis controls while moving to location.
11/4/2024 21:16:06 [Information] Time remaining: 00:00:00 zTargetEndTime = 09:16:14
11/4/2024 21:16:06 [Information] Stepper Motor Controller Disable Z Axis controls while moving to location.
11/4/2024 21:16:06 [Information] Time remaining: 00:00:00 zTargetEndTime = 09:16:14
11/4/2024 21:16:06 [Information] Stepper Motor Controller Disable Z Axis controls while moving to location.
11/4/2024 21:16:06 [Information] Time remaining: 00:00:00 zTargetEndTime = 09:16:14
11/4/2024 21:16:06 [Information] Stepper Motor Controller Disable Z Axis controls while moving to location.
11/4/2024 21:16:06 [Information] Time remaining: 00:00:00 zTargetEndTime = 09:16:14
11/4/2024 21:16:06 [Information] Stepper Motor Controller Disable Z Axis controls while moving to location.
11/4/2024 21:16:06 [Information] Time remaining: 00:00:00 zTargetEndTime = 09:16:14
11/4/2024 21:16:06 [Information] Stepper Motor Controller Disable Z Axis controls while moving to location.
11/4/2024 21:16:06 [Information] Time remaining: 00:00:00 zTargetEndTime = 09:16:14
11/4/2024 21:16:06 [Information] Stepper Motor Controller Disable Z Axis controls while moving to location.
11/4/2024 21:16:06 [Information] Time remaining: 00:00:00 zTargetEndTime = 09:16:14
11/4/2024 21:16:06 [Information] Stepper Motor Controller Disable Z Axis controls while moving to location.
11/4/2024 21:16:06 [Information] Time remaining: 00:00:00 zTargetEndTime = 09:16:14
11/4/2024 21:16:06 [Information] Stepper Motor Controller Disable Z Axis controls while moving to location.
11/4/2024 21:16:06 [Information] Time remaining: 00:00:00 zTargetEndTime = 09:16:14
11/4/2024 21:16:06 [Information] Stepper Motor Controller Disable Z Axis controls while moving to location.
11/4/2024 21:16:06 [Information] Time remaining: 00:00:00 zTargetEndTime = 09:16:14
11/4/2024 21:16:06 [Information] Stepper Motor Controller Disable Z Axis controls while moving to location.
11/4/2024 21:16:06 [Information] Time remaining: 00:00:00 zTargetEndTime = 09:16:14
11/4/2024 21:16:06 [Information] Stepper Motor Controller Disable Z Axis controls while moving to location.
11/4/2024 21:16:06 [Information] Time remaining: 00:00:00 zTargetEndTime = 09:16:14
11/4/2024 21:16:06 [Information] Stepper Motor Controller Disable Z Axis controls while moving to location.
11/4/2024 21:16:06 [Information] Time remaining: 00:00:00 zTargetEndTime = 09:16:14
11/4/2024 21:16:06 [Information] Stepper Motor Controller Disable Z Axis controls while moving to location.
11/4/2024 21:16:06 [Information] Time remaining: 00:00:00 zTargetEndTime = 09:16:14
11/4/2024 21:16:06 [Information] Stepper Motor Controller Disable Z Axis controls while moving to location.
11/4/2024 21:16:06 [Information] Time remaining: 00:00:00 zTargetEndTime = 09:16:14
11/4/2024 21:16:06 [Information] Stepper Motor Controller Disable Z Axis controls while moving to location.
11/4/2024 21:16:06 [Information] Time remaining: 00:00:00 zTargetEndTime = 09:16:14
11/4/2024 21:16:06 [Information] Stepper Motor Controller Disable Z Axis controls while moving to location.
11/4/2024 21:16:06 [Information] Time remaining: 00:00:00 zTargetEndTime = 09:16:14
11/4/2024 21:16:06 [Information] Stepper Motor Controller Disable Z Axis controls while moving to location.
11/4/2024 21:16:06 [Information] Time remaining: 00:00:00 zTargetEndTime = 09:16:14
11/4/2024 21:16:06 [Information] Stepper Motor Controller Disable Z Axis controls while moving to location.
11/4/2024 21:16:06 [Information] Time remaining: 00:00:00 zTargetEndTime = 09:16:14
11/4/2024 21:16:06 [Information] Stepper Motor Controller Disable Z Axis controls while moving to location.
11/4/2024 21:16:06 [Information] Time remaining: 00:00:00 zTargetEndTime = 09:16:14
11/4/2024 21:16:06 [Information] Stepper Motor Controller Disable Z Axis controls while moving to location.
11/4/2024 21:16:06 [Information] Time remaining: 00:00:00 zTargetEndTime = 09:16:14
11/4/2024 21:16:06 [Information] Stepper Motor Controller Disable Z Axis controls while moving to location.
11/4/2024 21:16:06 [Information] Time remaining: 00:00:00 zTargetEndTime = 09:16:14
11/4/2024 21:16:06 [Information] Stepper Motor Controller Disable Z Axis controls while moving to location.
11/4/2024 21:16:06 [Information] Time remaining: 00:00:00 zTargetEndTime = 09:16:14
11/4/2024 21:16:06 [Information] Stepper Motor Controller Disable Z Axis controls while moving to location.
11/4/2024 21:16:06 [Information] Time remaining: 00:00:00 zTargetEndTime = 09:16:14
11/4/2024 21:16:06 [Information] Stepper Motor Controller Disable Z Axis controls while moving to location.
11/4/2024 21:16:06 [Information] Time remaining: 00:00:00 zTargetEndTime = 09:16:14
11/4/2024 21:16:06 [Information] Stepper Motor Controller Disable Z Axis controls while moving to location.
11/4/2024 21:16:06 [Information] Time remaining: 00:00:00 zTargetEndTime = 09:16:14
11/4/2024 21:16:06 [Information] Stepper Motor Controller Disable Z Axis controls while moving to location.
11/4/2024 21:16:06 [Information] Time remaining: 00:00:00 zTargetEndTime = 09:16:14
11/4/2024 21:16:06 [Information] Stepper Motor Controller Disable Z Axis controls while moving to location.
11/4/2024 21:16:06 [Information] Time remaining: 00:00:00 zTargetEndTime = 09:16:14
11/4/2024 21:16:06 [Information] Stepper Motor Controller Disable Z Axis controls while moving to location.
11/4/2024 21:16:06 [Information] Time remaining: 00:00:00 zTargetEndTime = 09:16:14
11/4/2024 21:16:06 [Information] Stepper Motor Controller Disable Z Axis controls while moving to location.
11/4/2024 21:16:06 [Information] Time remaining: 00:00:00 zTargetEndTime = 09:16:14
11/4/2024 21:16:06 [Information] Stepper Motor Controller Disable Z Axis controls while moving to location.
11/4/2024 21:16:06 [Information] Time remaining: 00:00:00 zTargetEndTime = 09:16:14
11/4/2024 21:16:06 [Information] Stepper Motor Controller Disable Z Axis controls while moving to location.
11/4/2024 21:16:06 [Information] Time remaining: 00:00:00 zTargetEndTime = 09:16:14
11/4/2024 21:16:06 [Information] Stepper Motor Controller Disable Z Axis controls while moving to location.
11/4/2024 21:16:06 [Information] Time remaining: 00:00:00 zTargetEndTime = 09:16:14
11/4/2024 21:16:06 [Information] Stepper Motor Controller Disable Z Axis controls while moving to location.
11/4/2024 21:16:06 [Information] Time remaining: 00:00:00 zTargetEndTime = 09:16:14
11/4/2024 21:16:06 [Information] Stepper Motor Controller Disable Z Axis controls while moving to location.
11/4/2024 21:16:06 [Information] Time remaining: 00:00:00 zTargetEndTime = 09:16:14
11/4/2024 21:16:06 [Information] Stepper Motor Controller Disable Z Axis controls while moving to location.
11/4/2024 21:16:06 [Information] Time remaining: 00:00:00 zTargetEndTime = 09:16:14
11/4/2024 21:16:06 [Information] Stepper Motor Controller Disable Z Axis controls while moving to location.
11/4/2024 21:16:06 [Information] Time remaining: 00:00:00 zTargetEndTime = 09:16:14
11/4/2024 21:16:06 [Information] Stepper Motor Controller Disable Z Axis controls while moving to location.
11/4/2024 21:16:06 [Information] Time remaining: 00:00:00 zTargetEndTime = 09:16:14
11/4/2024 21:16:06 [Information] Stepper Motor Controller Disable Z Axis controls while moving to location.
11/4/2024 21:16:06 [Information] Time remaining: 00:00:00 zTargetEndTime = 09:16:14
11/4/2024 21:16:06 [Information] Stepper Motor Controller Disable Z Axis controls while moving to location.
11/4/2024 21:16:06 [Information] Time remaining: 00:00:00 zTargetEndTime = 09:16:14
11/4/2024 21:16:06 [Information] Stepper Motor Controller Disable Z Axis controls while moving to location.
11/4/2024 21:16:06 [Information] Time remaining: 00:00:00 zTargetEndTime = 09:16:14
11/4/2024 21:16:06 [Information] Stepper Motor Controller Disable Z Axis controls while moving to location.
11/4/2024 21:16:06 [Information] Time remaining: 00:00:00 zTargetEndTime = 09:16:14
11/4/2024 21:16:06 [Information] Stepper Motor Controller Disable Z Axis controls while moving to location.
11/4/2024 21:16:06 [Information] Time remaining: 00:00:00 zTargetEndTime = 09:16:14
11/4/2024 21:16:06 [Information] Stepper Motor Controller Disable Z Axis controls while moving to location.
11/4/2024 21:16:06 [Information] Time remaining: 00:00:00 zTargetEndTime = 09:16:14
11/4/2024 21:16:06 [Information] Stepper Motor Controller Disable Z Axis controls while moving to location.
11/4/2024 21:16:06 [Information] Time remaining: 00:00:00 zTargetEndTime = 09:16:14
11/4/2024 21:16:06 [Information] Stepper Motor Controller Disable Z Axis controls while moving to location.
11/4/2024 21:16:06 [Information] Time remaining: 00:00:00 zTargetEndTime = 09:16:14
11/4/2024 21:16:06 [Information] Stepper Motor Controller Disable Z Axis controls while moving to location.
11/4/2024 21:16:06 [Information] Time remaining: 00:00:00 zTargetEndTime = 09:16:14
11/4/2024 21:16:06 [Information] Stepper Motor Controller Disable Z Axis controls while moving to location.
11/4/2024 21:16:06 [Information] Time remaining: 00:00:00 zTargetEndTime = 09:16:14
11/4/2024 21:16:07 [Information] Stepper Motor Controller Disable Z Axis controls while moving to location.
11/4/2024 21:16:07 [Information] Time remaining: 00:00:00 zTargetEndTime = 09:16:14
11/4/2024 21:16:07 [Information] Stepper Motor Controller Disable Z Axis controls while moving to location.
11/4/2024 21:16:07 [Information] Time remaining: 00:00:00 zTargetEndTime = 09:16:14
11/4/2024 21:16:07 [Information] Stepper Motor Controller Disable Z Axis controls while moving to location.
11/4/2024 21:16:07 [Information] Time remaining: 00:00:00 zTargetEndTime = 09:16:14
11/4/2024 21:16:07 [Information] Stepper Motor Controller Disable Z Axis controls while moving to location.
11/4/2024 21:16:07 [Information] Time remaining: 00:00:00 zTargetEndTime = 09:16:14
11/4/2024 21:16:07 [Information] Stepper Motor Controller Disable Z Axis controls while moving to location.
11/4/2024 21:16:07 [Information] Time remaining: 00:00:00 zTargetEndTime = 09:16:14
11/4/2024 21:16:07 [Information] Stepper Motor Controller Disable Z Axis controls while moving to location.
11/4/2024 21:16:07 [Information] Time remaining: 00:00:00 zTargetEndTime = 09:16:14
11/4/2024 21:16:07 [Information] Stepper Motor Controller Disable Z Axis controls while moving to location.
11/4/2024 21:16:07 [Information] Time remaining: 00:00:00 zTargetEndTime = 09:16:14
11/4/2024 21:16:07 [Information] Stepper Motor Controller Disable Z Axis controls while moving to location.
11/4/2024 21:16:07 [Information] Time remaining: 00:00:00 zTargetEndTime = 09:16:14
11/4/2024 21:16:07 [Information] Stepper Motor Controller Disable Z Axis controls while moving to location.
11/4/2024 21:16:07 [Information] Time remaining: 00:00:00 zTargetEndTime = 09:16:14
11/4/2024 21:16:07 [Information] Stepper Motor Controller Disable Z Axis controls while moving to location.
11/4/2024 21:16:07 [Information] Time remaining: 00:00:00 zTargetEndTime = 09:16:14
11/4/2024 21:16:07 [Information] Stepper Motor Controller Disable Z Axis controls while moving to location.
11/4/2024 21:16:07 [Information] Time remaining: 00:00:01 zTargetEndTime = 09:16:14
11/4/2024 21:16:07 [Information] Stepper Motor Controller Disable Z Axis controls while moving to location.
11/4/2024 21:16:07 [Information] Time remaining: 00:00:01 zTargetEndTime = 09:16:14
11/4/2024 21:16:07 [Information] Stepper Motor Controller Disable Z Axis controls while moving to location.
11/4/2024 21:16:07 [Information] Time remaining: 00:00:01 zTargetEndTime = 09:16:14
11/4/2024 21:16:07 [Information] Stepper Motor Controller Disable Z Axis controls while moving to location.
11/4/2024 21:16:07 [Information] Time remaining: 00:00:01 zTargetEndTime = 09:16:14
11/4/2024 21:16:07 [Information] Stepper Motor Controller Disable Z Axis controls while moving to location.
11/4/2024 21:16:07 [Information] Time remaining: 00:00:01 zTargetEndTime = 09:16:14
11/4/2024 21:16:07 [Information] Stepper Motor Controller Disable Z Axis controls while moving to location.
11/4/2024 21:16:07 [Information] Time remaining: 00:00:01 zTargetEndTime = 09:16:14
11/4/2024 21:16:07 [Information] Stepper Motor Controller Disable Z Axis controls while moving to location.
11/4/2024 21:16:07 [Information] Time remaining: 00:00:01 zTargetEndTime = 09:16:14
11/4/2024 21:16:07 [Information] Stepper Motor Controller Disable Z Axis controls while moving to location.
11/4/2024 21:16:07 [Information] Time remaining: 00:00:01 zTargetEndTime = 09:16:14
11/4/2024 21:16:07 [Information] Stepper Motor Controller Disable Z Axis controls while moving to location.
11/4/2024 21:16:07 [Information] Time remaining: 00:00:01 zTargetEndTime = 09:16:14
11/4/2024 21:16:07 [Information] Stepper Motor Controller Disable Z Axis controls while moving to location.
11/4/2024 21:16:07 [Information] Time remaining: 00:00:01 zTargetEndTime = 09:16:14
11/4/2024 21:16:07 [Information] Stepper Motor Controller Disable Z Axis controls while moving to location.
11/4/2024 21:16:07 [Information] Time remaining: 00:00:01 zTargetEndTime = 09:16:14
11/4/2024 21:16:07 [Information] Stepper Motor Controller Disable Z Axis controls while moving to location.
11/4/2024 21:16:07 [Information] Time remaining: 00:00:01 zTargetEndTime = 09:16:14
11/4/2024 21:16:07 [Information] Stepper Motor Controller Disable Z Axis controls while moving to location.
11/4/2024 21:16:07 [Information] Time remaining: 00:00:01 zTargetEndTime = 09:16:14
11/4/2024 21:16:07 [Information] Stepper Motor Controller Disable Z Axis controls while moving to location.
11/4/2024 21:16:07 [Information] Time remaining: 00:00:01 zTargetEndTime = 09:16:14
11/4/2024 21:16:07 [Information] Stepper Motor Controller Disable Z Axis controls while moving to location.
11/4/2024 21:16:07 [Information] Time remaining: 00:00:01 zTargetEndTime = 09:16:14
11/4/2024 21:16:07 [Information] Stepper Motor Controller Disable Z Axis controls while moving to location.
11/4/2024 21:16:07 [Information] Time remaining: 00:00:01 zTargetEndTime = 09:16:14
11/4/2024 21:16:07 [Information] Stepper Motor Controller Disable Z Axis controls while moving to location.
11/4/2024 21:16:07 [Information] Time remaining: 00:00:01 zTargetEndTime = 09:16:14
11/4/2024 21:16:07 [Information] Stepper Motor Controller Disable Z Axis controls while moving to location.
11/4/2024 21:16:07 [Information] Time remaining: 00:00:01 zTargetEndTime = 09:16:14
11/4/2024 21:16:07 [Information] Stepper Motor Controller Disable Z Axis controls while moving to location.
11/4/2024 21:16:07 [Information] Time remaining: 00:00:01 zTargetEndTime = 09:16:14
11/4/2024 21:16:07 [Information] Stepper Motor Controller Disable Z Axis controls while moving to location.
11/4/2024 21:16:07 [Information] Time remaining: 00:00:01 zTargetEndTime = 09:16:14
11/4/2024 21:16:07 [Information] Stepper Motor Controller Disable Z Axis controls while moving to location.
11/4/2024 21:16:07 [Information] Time remaining: 00:00:01 zTargetEndTime = 09:16:14
11/4/2024 21:16:07 [Information] Stepper Motor Controller Disable Z Axis controls while moving to location.
11/4/2024 21:16:07 [Information] Time remaining: 00:00:01 zTargetEndTime = 09:16:14
11/4/2024 21:16:07 [Information] Stepper Motor Controller Disable Z Axis controls while moving to location.
11/4/2024 21:16:07 [Information] Time remaining: 00:00:01 zTargetEndTime = 09:16:14
11/4/2024 21:16:07 [Information] Stepper Motor Controller Disable Z Axis controls while moving to location.
11/4/2024 21:16:07 [Information] Time remaining: 00:00:01 zTargetEndTime = 09:16:14
11/4/2024 21:16:07 [Information] Stepper Motor Controller Disable Z Axis controls while moving to location.
11/4/2024 21:16:07 [Information] Time remaining: 00:00:01 zTargetEndTime = 09:16:14
11/4/2024 21:16:07 [Information] Stepper Motor Controller Disable Z Axis controls while moving to location.
11/4/2024 21:16:07 [Information] Time remaining: 00:00:01 zTargetEndTime = 09:16:14
11/4/2024 21:16:07 [Information] Stepper Motor Controller Disable Z Axis controls while moving to location.
11/4/2024 21:16:07 [Information] Time remaining: 00:00:01 zTargetEndTime = 09:16:14
11/4/2024 21:16:07 [Information] Stepper Motor Controller Disable Z Axis controls while moving to location.
11/4/2024 21:16:07 [Information] Time remaining: 00:00:01 zTargetEndTime = 09:16:14
11/4/2024 21:16:07 [Information] Stepper Motor Controller Disable Z Axis controls while moving to location.
11/4/2024 21:16:07 [Information] Time remaining: 00:00:01 zTargetEndTime = 09:16:14
11/4/2024 21:16:07 [Information] Stepper Motor Controller Disable Z Axis controls while moving to location.
11/4/2024 21:16:07 [Information] Time remaining: 00:00:01 zTargetEndTime = 09:16:14
11/4/2024 21:16:07 [Information] Stepper Motor Controller Disable Z Axis controls while moving to location.
11/4/2024 21:16:07 [Information] Time remaining: 00:00:01 zTargetEndTime = 09:16:14
11/4/2024 21:16:07 [Information] Stepper Motor Controller Disable Z Axis controls while moving to location.
11/4/2024 21:16:07 [Information] Time remaining: 00:00:01 zTargetEndTime = 09:16:14
11/4/2024 21:16:07 [Information] Stepper Motor Controller Disable Z Axis controls while moving to location.
11/4/2024 21:16:07 [Information] Time remaining: 00:00:01 zTargetEndTime = 09:16:14
11/4/2024 21:16:07 [Information] Stepper Motor Controller Disable Z Axis controls while moving to location.
11/4/2024 21:16:07 [Information] Time remaining: 00:00:01 zTargetEndTime = 09:16:14
11/4/2024 21:16:07 [Information] Stepper Motor Controller Disable Z Axis controls while moving to location.
11/4/2024 21:16:07 [Information] Time remaining: 00:00:01 zTargetEndTime = 09:16:14
11/4/2024 21:16:07 [Information] Stepper Motor Controller Disable Z Axis controls while moving to location.
11/4/2024 21:16:07 [Information] Time remaining: 00:00:01 zTargetEndTime = 09:16:14
11/4/2024 21:16:07 [Information] Z Axis Data Received: Z Axis Motor Stopped
Z Axis Motor Current Position: 565
Z Axis Motor Stopped
Z Axis Motor Current Position: 565
Z Ax
11/4/2024 21:16:07 [Information] Updated X,Y Zero.IsChecked status to 0 and Z Zero.IsChecked status to 1.
11/4/2024 21:16:07 [Information] ZAxisRun_Click button clicked:
11/4/2024 21:16:07 [Information] Z Axis Run Event to reset Axis to zero: Z,0.00,400.00,0,0.00,400.00,0,0.00,400.00,1
11/4/2024 21:16:07 [Information] Setting Z Axis Current Location Set to Zero on DRO
11/4/2024 21:16:07 [Information] Z Axis Data Received: is Motor Stopped
Z Axis Motor Current Position: 565
Z Axis Motor Stopped
Z Axis Motor Current Position: 565

11/4/2024 21:16:07 [Information] ZAxisRun_Click button clicked:
11/4/2024 21:16:07 [Information] Z Axis Run Event to reset Axis to zero: Z,0.00,400.00,0,0.00,400.00,0,0.00,400.00,1
11/4/2024 21:16:07 [Information] Setting Z Axis Current Location Set to Zero on DRO
11/4/2024 21:16:08 [Information] Updated X,Y,Z Zero.IsChecked status to 0.
11/4/2024 21:16:08 [Information] Z Axis Current Location Set to Zero
11/4/2024 21:16:08 [Information] Z Axis Current Location Set to Zero
11/4/2024 21:16:09 [Information] Z Axis Motor Current Position: 11.30
11/4/2024 21:16:09 [Information] Z Axis Motor Current Position: 11.30
11/4/2024 21:16:33 [Information] Z Axis mouse controlled Keypad returned: 64.00
11/4/2024 21:16:36 [Information] ZAxisRun_Click button clicked:
11/4/2024 21:16:36 [Information] Z Axis MotorMovementSeconds decimal: (64.00 / 4) / 2 = 8.00
11/4/2024 21:16:36 [Information] Z Axis myMovementTimer int: 1000 * 8.00 = 8000
11/4/2024 21:16:37 [Information] Z Axis Run Event: Z,0.00,400.00,0,0.00,400.00,0,75.30,400.00,0
11/4/2024 21:16:37 [Information] Z Axis Current Time: 09:16:37 + 8000 = zTargetEndTime: 09:16:45
11/4/2024 21:16:37 [Information] Stepper Motor Controller Disable Z Axis controls while moving to location.
11/4/2024 21:16:37 [Information] Time remaining: 00:00:01 zTargetEndTime = 09:16:45
11/4/2024 21:16:37 [Information] Stepper Motor Controller Disable Z Axis controls while moving to location.
11/4/2024 21:16:37 [Information] Time remaining: 00:00:01 zTargetEndTime = 09:16:45
11/4/2024 21:16:37 [Information] Stepper Motor Controller Disable Z Axis controls while moving to location.
11/4/2024 21:16:37 [Information] Time remaining: 00:00:01 zTargetEndTime = 09:16:45
11/4/2024 21:16:37 [Information] Stepper Motor Controller Disable Z Axis controls while moving to location.
11/4/2024 21:16:37 [Information] Time remaining: 00:00:01 zTargetEndTime = 09:16:45
11/4/2024 21:16:37 [Information] Stepper Motor Controller Disable Z Axis controls while moving to location.
11/4/2024 21:16:37 [Information] Time remaining: 00:00:01 zTargetEndTime = 09:16:45
11/4/2024 21:16:37 [Information] Stepper Motor Controller Disable Z Axis controls while moving to location.
11/4/2024 21:16:37 [Information] Time remaining: 00:00:01 zTargetEndTime = 09:16:45
11/4/2024 21:16:37 [Information] Stepper Motor Controller Disable Z Axis controls while moving to location.
11/4/2024 21:16:37 [Information] Time remaining: 00:00:01 zTargetEndTime = 09:16:45
11/4/2024 21:16:37 [Information] Stepper Motor Controller Disable Z Axis controls while moving to location.
11/4/2024 21:16:37 [Information] Time remaining: 00:00:01 zTargetEndTime = 09:16:45
11/4/2024 21:16:37 [Information] Stepper Motor Controller Disable Z Axis controls while moving to location.
11/4/2024 21:16:37 [Information] Time remaining: 00:00:01 zTargetEndTime = 09:16:45
11/4/2024 21:16:37 [Information] Stepper Motor Controller Disable Z Axis controls while moving to location.
11/4/2024 21:16:37 [Information] Time remaining: 00:00:01 zTargetEndTime = 09:16:45
11/4/2024 21:16:37 [Information] Stepper Motor Controller Disable Z Axis controls while moving to location.
11/4/2024 21:16:37 [Information] Time remaining: 00:00:01 zTargetEndTime = 09:16:45
11/4/2024 21:16:37 [Information] Stepper Motor Controller Disable Z Axis controls while moving to location.
11/4/2024 21:16:37 [Information] Time remaining: 00:00:01 zTargetEndTime = 09:16:45
11/4/2024 21:16:37 [Information] Stepper Motor Controller Disable Z Axis controls while moving to location.
11/4/2024 21:16:37 [Information] Time remaining: 00:00:01 zTargetEndTime = 09:16:45
11/4/2024 21:16:37 [Information] Stepper Motor Controller Disable Z Axis controls while moving to location.
11/4/2024 21:16:37 [Information] Time remaining: 00:00:01 zTargetEndTime = 09:16:45
11/4/2024 21:16:37 [Information] Stepper Motor Controller Disable Z Axis controls while moving to location.
11/4/2024 21:16:37 [Information] Time remaining: 00:00:01 zTargetEndTime = 09:16:45
11/4/2024 21:16:37 [Information] Stepper Motor Controller Disable Z Axis controls while moving to location.
11/4/2024 21:16:37 [Information] Time remaining: 00:00:01 zTargetEndTime = 09:16:45
11/4/2024 21:16:37 [Information] Stepper Motor Controller Disable Z Axis controls while moving to location.
11/4/2024 21:16:37 [Information] Time remaining: 00:00:01 zTargetEndTime = 09:16:45
11/4/2024 21:16:37 [Information] Stepper Motor Controller Disable Z Axis controls while moving to location.
11/4/2024 21:16:37 [Information] Time remaining: 00:00:01 zTargetEndTime = 09:16:45
11/4/2024 21:16:37 [Information] Stepper Motor Controller Disable Z Axis controls while moving to location.
11/4/2024 21:16:37 [Information] Time remaining: 00:00:01 zTargetEndTime = 09:16:45
11/4/2024 21:16:37 [Information] Stepper Motor Controller Disable Z Axis controls while moving to location.
11/4/2024 21:16:37 [Information] Time remaining: 00:00:01 zTargetEndTime = 09:16:45
11/4/2024 21:16:37 [Information] Stepper Motor Controller Disable Z Axis controls while moving to location.
11/4/2024 21:16:37 [Information] Time remaining: 00:00:01 zTargetEndTime = 09:16:45
11/4/2024 21:16:37 [Information] Stepper Motor Controller Disable Z Axis controls while moving to location.
11/4/2024 21:16:37 [Information] Time remaining: 00:00:01 zTargetEndTime = 09:16:45
11/4/2024 21:16:37 [Information] Stepper Motor Controller Disable Z Axis controls while moving to location.
11/4/2024 21:16:37 [Information] Time remaining: 00:00:02 zTargetEndTime = 09:16:45
11/4/2024 21:16:37 [Information] Stepper Motor Controller Disable Z Axis controls while moving to location.
11/4/2024 21:16:37 [Information] Time remaining: 00:00:02 zTargetEndTime = 09:16:45
11/4/2024 21:16:37 [Information] Stepper Motor Controller Disable Z Axis controls while moving to location.
11/4/2024 21:16:37 [Information] Time remaining: 00:00:02 zTargetEndTime = 09:16:45
11/4/2024 21:16:37 [Information] Stepper Motor Controller Disable Z Axis controls while moving to location.
11/4/2024 21:16:37 [Information] Time remaining: 00:00:02 zTargetEndTime = 09:16:45
11/4/2024 21:16:37 [Information] Stepper Motor Controller Disable Z Axis controls while moving to location.
11/4/2024 21:16:37 [Information] Time remaining: 00:00:02 zTargetEndTime = 09:16:45
11/4/2024 21:16:37 [Information] Stepper Motor Controller Disable Z Axis controls while moving to location.
11/4/2024 21:16:37 [Information] Time remaining: 00:00:02 zTargetEndTime = 09:16:45
11/4/2024 21:16:37 [Information] Stepper Motor Controller Disable Z Axis controls while moving to location.
11/4/2024 21:16:37 [Information] Time remaining: 00:00:02 zTargetEndTime = 09:16:45
11/4/2024 21:16:37 [Information] Stepper Motor Controller Disable Z Axis controls while moving to location.
11/4/2024 21:16:37 [Information] Time remaining: 00:00:02 zTargetEndTime = 09:16:45
11/4/2024 21:16:37 [Information] Stepper Motor Controller Disable Z Axis controls while moving to location.
11/4/2024 21:16:37 [Information] Time remaining: 00:00:02 zTargetEndTime = 09:16:45
11/4/2024 21:16:37 [Information] Stepper Motor Controller Disable Z Axis controls while moving to location.
11/4/2024 21:16:37 [Information] Time remaining: 00:00:02 zTargetEndTime = 09:16:45
11/4/2024 21:16:37 [Information] Stepper Motor Controller Disable Z Axis controls while moving to location.
11/4/2024 21:16:37 [Information] Time remaining: 00:00:02 zTargetEndTime = 09:16:45
11/4/2024 21:16:37 [Information] Stepper Motor Controller Disable Z Axis controls while moving to location.
11/4/2024 21:16:37 [Information] Time remaining: 00:00:02 zTargetEndTime = 09:16:45
11/4/2024 21:16:37 [Information] Stepper Motor Controller Disable Z Axis controls while moving to location.
11/4/2024 21:16:37 [Information] Time remaining: 00:00:02 zTargetEndTime = 09:16:45
11/4/2024 21:16:37 [Information] Stepper Motor Controller Disable Z Axis controls while moving to location.
11/4/2024 21:16:37 [Information] Time remaining: 00:00:02 zTargetEndTime = 09:16:45
11/4/2024 21:16:37 [Information] Stepper Motor Controller Disable Z Axis controls while moving to location.
11/4/2024 21:16:37 [Information] Time remaining: 00:00:02 zTargetEndTime = 09:16:45
11/4/2024 21:16:37 [Information] Stepper Motor Controller Disable Z Axis controls while moving to location.
11/4/2024 21:16:37 [Information] Time remaining: 00:00:02 zTargetEndTime = 09:16:45
11/4/2024 21:16:37 [Information] Stepper Motor Controller Disable Z Axis controls while moving to location.
11/4/2024 21:16:37 [Information] Time remaining: 00:00:02 zTargetEndTime = 09:16:45
11/4/2024 21:16:37 [Information] Stepper Motor Controller Disable Z Axis controls while moving to location.
11/4/2024 21:16:37 [Information] Time remaining: 00:00:02 zTargetEndTime = 09:16:45
11/4/2024 21:16:37 [Information] Stepper Motor Controller Disable Z Axis controls while moving to location.
11/4/2024 21:16:37 [Information] Time remaining: 00:00:02 zTargetEndTime = 09:16:45
11/4/2024 21:16:37 [Information] Stepper Motor Controller Disable Z Axis controls while moving to location.
11/4/2024 21:16:37 [Information] Time remaining: 00:00:02 zTargetEndTime = 09:16:45
11/4/2024 21:16:37 [Information] Stepper Motor Controller Disable Z Axis controls while moving to location.
11/4/2024 21:16:37 [Information] Time remaining: 00:00:02 zTargetEndTime = 09:16:45
11/4/2024 21:16:37 [Information] Stepper Motor Controller Disable Z Axis controls while moving to location.
11/4/2024 21:16:37 [Information] Time remaining: 00:00:02 zTargetEndTime = 09:16:45
11/4/2024 21:16:37 [Information] Stepper Motor Controller Disable Z Axis controls while moving to location.
11/4/2024 21:16:37 [Information] Time remaining: 00:00:02 zTargetEndTime = 09:16:45
11/4/2024 21:16:37 [Information] Stepper Motor Controller Disable Z Axis controls while moving to location.
11/4/2024 21:16:37 [Information] Time remaining: 00:00:02 zTargetEndTime = 09:16:45
11/4/2024 21:16:37 [Information] Stepper Motor Controller Disable Z Axis controls while moving to location.
11/4/2024 21:16:37 [Information] Time remaining: 00:00:02 zTargetEndTime = 09:16:45
11/4/2024 21:16:37 [Information] Stepper Motor Controller Disable Z Axis controls while moving to location.
11/4/2024 21:16:37 [Information] Time remaining: 00:00:02 zTargetEndTime = 09:16:45
11/4/2024 21:16:37 [Information] Stepper Motor Controller Disable Z Axis controls while moving to location.
11/4/2024 21:16:37 [Information] Time remaining: 00:00:02 zTargetEndTime = 09:16:45
11/4/2024 21:16:37 [Information] Stepper Motor Controller Disable Z Axis controls while moving to location.
11/4/2024 21:16:37 [Information] Time remaining: 00:00:02 zTargetEndTime = 09:16:45
11/4/2024 21:16:37 [Information] Stepper Motor Controller Disable Z Axis controls while moving to location.
11/4/2024 21:16:37 [Information] Time remaining: 00:00:02 zTargetEndTime = 09:16:45
11/4/2024 21:16:37 [Information] Stepper Motor Controller Disable Z Axis controls while moving to location.
11/4/2024 21:16:37 [Information] Time remaining: 00:00:02 zTargetEndTime = 09:16:45
11/4/2024 21:16:37 [Information] Stepper Motor Controller Disable Z Axis controls while moving to location.
11/4/2024 21:16:37 [Information] Time remaining: 00:00:02 zTargetEndTime = 09:16:45
11/4/2024 21:16:38 [Information] Stepper Motor Controller Disable Z Axis controls while moving to location.
11/4/2024 21:16:38 [Information] Time remaining: 00:00:02 zTargetEndTime = 09:16:45
11/4/2024 21:16:38 [Information] Stepper Motor Controller Disable Z Axis controls while moving to location.
11/4/2024 21:16:38 [Information] Time remaining: 00:00:02 zTargetEndTime = 09:16:45
11/4/2024 21:16:38 [Information] Stepper Motor Controller Disable Z Axis controls while moving to location.
11/4/2024 21:16:38 [Information] Time remaining: 00:00:02 zTargetEndTime = 09:16:45
11/4/2024 21:16:38 [Information] Stepper Motor Controller Disable Z Axis controls while moving to location.
11/4/2024 21:16:38 [Information] Time remaining: 00:00:02 zTargetEndTime = 09:16:45
11/4/2024 21:16:38 [Information] Stepper Motor Controller Disable Z Axis controls while moving to location.
11/4/2024 21:16:38 [Information] Time remaining: 00:00:02 zTargetEndTime = 09:16:45
11/4/2024 21:16:38 [Information] Stepper Motor Controller Disable Z Axis controls while moving to location.
11/4/2024 21:16:38 [Information] Time remaining: 00:00:02 zTargetEndTime = 09:16:45
11/4/2024 21:16:38 [Information] Stepper Motor Controller Disable Z Axis controls while moving to location.
11/4/2024 21:16:38 [Information] Time remaining: 00:00:02 zTargetEndTime = 09:16:45
11/4/2024 21:16:38 [Information] Stepper Motor Controller Disable Z Axis controls while moving to location.
11/4/2024 21:16:38 [Information] Time remaining: 00:00:02 zTargetEndTime = 09:16:45
11/4/2024 21:16:38 [Information] Stepper Motor Controller Disable Z Axis controls while moving to location.
11/4/2024 21:16:38 [Information] Time remaining: 00:00:02 zTargetEndTime = 09:16:45
11/4/2024 21:16:38 [Information] Stepper Motor Controller Disable Z Axis controls while moving to location.
11/4/2024 21:16:38 [Information] Time remaining: 00:00:02 zTargetEndTime = 09:16:45
11/4/2024 21:16:38 [Information] Stepper Motor Controller Disable Z Axis controls while moving to location.
11/4/2024 21:16:38 [Information] Time remaining: 00:00:02 zTargetEndTime = 09:16:45
11/4/2024 21:16:38 [Information] Stepper Motor Controller Disable Z Axis controls while moving to location.
11/4/2024 21:16:38 [Information] Time remaining: 00:00:02 zTargetEndTime = 09:16:45
11/4/2024 21:16:38 [Information] Stepper Motor Controller Disable Z Axis controls while moving to location.
11/4/2024 21:16:38 [Information] Time remaining: 00:00:02 zTargetEndTime = 09:16:45
11/4/2024 21:16:38 [Information] Stepper Motor Controller Disable Z Axis controls while moving to location.
11/4/2024 21:16:38 [Information] Time remaining: 00:00:02 zTargetEndTime = 09:16:45
11/4/2024 21:16:38 [Information] Stepper Motor Controller Disable Z Axis controls while moving to location.
11/4/2024 21:16:38 [Information] Time remaining: 00:00:02 zTargetEndTime = 09:16:45
11/4/2024 21:16:38 [Information] Stepper Motor Controller Disable Z Axis controls while moving to location.
11/4/2024 21:16:38 [Information] Time remaining: 00:00:02 zTargetEndTime = 09:16:45
11/4/2024 21:16:38 [Information] Stepper Motor Controller Disable Z Axis controls while moving to location.
11/4/2024 21:16:38 [Information] Time remaining: 00:00:02 zTargetEndTime = 09:16:45
11/4/2024 21:16:38 [Information] Stepper Motor Controller Disable Z Axis controls while moving to location.
11/4/2024 21:16:38 [Information] Time remaining: 00:00:02 zTargetEndTime = 09:16:45
11/4/2024 21:16:38 [Information] Stepper Motor Controller Disable Z Axis controls while moving to location.
11/4/2024 21:16:38 [Information] Time remaining: 00:00:02 zTargetEndTime = 09:16:45
11/4/2024 21:16:38 [Information] Stepper Motor Controller Disable Z Axis controls while moving to location.
11/4/2024 21:16:38 [Information] Time remaining: 00:00:02 zTargetEndTime = 09:16:45
11/4/2024 21:16:38 [Information] Stepper Motor Controller Disable Z Axis controls while moving to location.
11/4/2024 21:16:38 [Information] Time remaining: 00:00:03 zTargetEndTime = 09:16:45
11/4/2024 21:16:38 [Information] Stepper Motor Controller Disable Z Axis controls while moving to location.
11/4/2024 21:16:38 [Information] Time remaining: 00:00:03 zTargetEndTime = 09:16:45
11/4/2024 21:16:38 [Information] Stepper Motor Controller Disable Z Axis controls while moving to location.
11/4/2024 21:16:38 [Information] Time remaining: 00:00:03 zTargetEndTime = 09:16:45
11/4/2024 21:16:38 [Information] Stepper Motor Controller Disable Z Axis controls while moving to location.
11/4/2024 21:16:38 [Information] Time remaining: 00:00:03 zTargetEndTime = 09:16:45
11/4/2024 21:16:38 [Information] Stepper Motor Controller Disable Z Axis controls while moving to location.
11/4/2024 21:16:38 [Information] Time remaining: 00:00:03 zTargetEndTime = 09:16:45
11/4/2024 21:16:38 [Information] Stepper Motor Controller Disable Z Axis controls while moving to location.
11/4/2024 21:16:38 [Information] Time remaining: 00:00:03 zTargetEndTime = 09:16:45
11/4/2024 21:16:38 [Information] Stepper Motor Controller Disable Z Axis controls while moving to location.
11/4/2024 21:16:38 [Information] Time remaining: 00:00:03 zTargetEndTime = 09:16:45
11/4/2024 21:16:38 [Information] Stepper Motor Controller Disable Z Axis controls while moving to location.
11/4/2024 21:16:38 [Information] Time remaining: 00:00:03 zTargetEndTime = 09:16:45
11/4/2024 21:16:38 [Information] Stepper Motor Controller Disable Z Axis controls while moving to location.
11/4/2024 21:16:38 [Information] Time remaining: 00:00:03 zTargetEndTime = 09:16:45
11/4/2024 21:16:38 [Information] Stepper Motor Controller Disable Z Axis controls while moving to location.
11/4/2024 21:16:38 [Information] Time remaining: 00:00:03 zTargetEndTime = 09:16:45
11/4/2024 21:16:38 [Information] Stepper Motor Controller Disable Z Axis controls while moving to location.
11/4/2024 21:16:38 [Information] Time remaining: 00:00:03 zTargetEndTime = 09:16:45
11/4/2024 21:16:38 [Information] Stepper Motor Controller Disable Z Axis controls while moving to location.
11/4/2024 21:16:38 [Information] Time remaining: 00:00:03 zTargetEndTime = 09:16:45
11/4/2024 21:16:38 [Information] Stepper Motor Controller Disable Z Axis controls while moving to location.
11/4/2024 21:16:38 [Information] Time remaining: 00:00:03 zTargetEndTime = 09:16:45
11/4/2024 21:16:38 [Information] Stepper Motor Controller Disable Z Axis controls while moving to location.
11/4/2024 21:16:38 [Information] Time remaining: 00:00:03 zTargetEndTime = 09:16:45
11/4/2024 21:16:38 [Information] Stepper Motor Controller Disable Z Axis controls while moving to location.
11/4/2024 21:16:38 [Information] Time remaining: 00:00:03 zTargetEndTime = 09:16:45
11/4/2024 21:16:38 [Information] Stepper Motor Controller Disable Z Axis controls while moving to location.
11/4/2024 21:16:38 [Information] Time remaining: 00:00:03 zTargetEndTime = 09:16:45
11/4/2024 21:16:38 [Information] Stepper Motor Controller Disable Z Axis controls while moving to location.
11/4/2024 21:16:38 [Information] Time remaining: 00:00:03 zTargetEndTime = 09:16:45
11/4/2024 21:16:38 [Information] Stepper Motor Controller Disable Z Axis controls while moving to location.
11/4/2024 21:16:38 [Information] Time remaining: 00:00:03 zTargetEndTime = 09:16:45
11/4/2024 21:16:38 [Information] Stepper Motor Controller Disable Z Axis controls while moving to location.
11/4/2024 21:16:38 [Information] Time remaining: 00:00:03 zTargetEndTime = 09:16:45
11/4/2024 21:16:38 [Information] Stepper Motor Controller Disable Z Axis controls while moving to location.
11/4/2024 21:16:38 [Information] Time remaining: 00:00:03 zTargetEndTime = 09:16:45
11/4/2024 21:16:38 [Information] Stepper Motor Controller Disable Z Axis controls while moving to location.
11/4/2024 21:16:38 [Information] Time remaining: 00:00:03 zTargetEndTime = 09:16:45
11/4/2024 21:16:38 [Information] Stepper Motor Controller Disable Z Axis controls while moving to location.
11/4/2024 21:16:38 [Information] Time remaining: 00:00:03 zTargetEndTime = 09:16:45
11/4/2024 21:16:38 [Information] Stepper Motor Controller Disable Z Axis controls while moving to location.
11/4/2024 21:16:38 [Information] Time remaining: 00:00:03 zTargetEndTime = 09:16:45
11/4/2024 21:16:38 [Information] Stepper Motor Controller Disable Z Axis controls while moving to location.
11/4/2024 21:16:38 [Information] Time remaining: 00:00:03 zTargetEndTime = 09:16:45
11/4/2024 21:16:38 [Information] Stepper Motor Controller Disable Z Axis controls while moving to location.
11/4/2024 21:16:38 [Information] Time remaining: 00:00:03 zTargetEndTime = 09:16:45
11/4/2024 21:16:38 [Information] Stepper Motor Controller Disable Z Axis controls while moving to location.
11/4/2024 21:16:38 [Information] Time remaining: 00:00:03 zTargetEndTime = 09:16:45
11/4/2024 21:16:38 [Information] Stepper Motor Controller Disable Z Axis controls while moving to location.
11/4/2024 21:16:38 [Information] Time remaining: 00:00:03 zTargetEndTime = 09:16:45
11/4/2024 21:16:38 [Information] Stepper Motor Controller Disable Z Axis controls while moving to location.
11/4/2024 21:16:38 [Information] Time remaining: 00:00:03 zTargetEndTime = 09:16:45
11/4/2024 21:16:38 [Information] Stepper Motor Controller Disable Z Axis controls while moving to location.
11/4/2024 21:16:38 [Information] Time remaining: 00:00:03 zTargetEndTime = 09:16:45
11/4/2024 21:16:38 [Information] Stepper Motor Controller Disable Z Axis controls while moving to location.
11/4/2024 21:16:38 [Information] Time remaining: 00:00:03 zTargetEndTime = 09:16:45
11/4/2024 21:16:38 [Information] Stepper Motor Controller Disable Z Axis controls while moving to location.
11/4/2024 21:16:38 [Information] Time remaining: 00:00:03 zTargetEndTime = 09:16:45
11/4/2024 21:16:39 [Information] Stepper Motor Controller Disable Z Axis controls while moving to location.
11/4/2024 21:16:39 [Information] Time remaining: 00:00:03 zTargetEndTime = 09:16:45
11/4/2024 21:16:39 [Information] Stepper Motor Controller Disable Z Axis controls while moving to location.
11/4/2024 21:16:39 [Information] Time remaining: 00:00:03 zTargetEndTime = 09:16:45
11/4/2024 21:16:39 [Information] Stepper Motor Controller Disable Z Axis controls while moving to location.
11/4/2024 21:16:39 [Information] Time remaining: 00:00:03 zTargetEndTime = 09:16:45
11/4/2024 21:16:39 [Information] Stepper Motor Controller Disable Z Axis controls while moving to location.
11/4/2024 21:16:39 [Information] Time remaining: 00:00:03 zTargetEndTime = 09:16:45
11/4/2024 21:16:39 [Information] Stepper Motor Controller Disable Z Axis controls while moving to location.
11/4/2024 21:16:39 [Information] Time remaining: 00:00:03 zTargetEndTime = 09:16:45
11/4/2024 21:16:39 [Information] Stepper Motor Controller Disable Z Axis controls while moving to location.
11/4/2024 21:16:39 [Information] Time remaining: 00:00:03 zTargetEndTime = 09:16:45
11/4/2024 21:16:39 [Information] Stepper Motor Controller Disable Z Axis controls while moving to location.
11/4/2024 21:16:39 [Information] Time remaining: 00:00:03 zTargetEndTime = 09:16:45
11/4/2024 21:16:39 [Information] Stepper Motor Controller Disable Z Axis controls while moving to location.
11/4/2024 21:16:39 [Information] Time remaining: 00:00:03 zTargetEndTime = 09:16:45
11/4/2024 21:16:39 [Information] Stepper Motor Controller Disable Z Axis controls while moving to location.
11/4/2024 21:16:39 [Information] Time remaining: 00:00:03 zTargetEndTime = 09:16:45
11/4/2024 21:16:39 [Information] Stepper Motor Controller Disable Z Axis controls while moving to location.
11/4/2024 21:16:39 [Information] Time remaining: 00:00:03 zTargetEndTime = 09:16:45
11/4/2024 21:16:39 [Information] Stepper Motor Controller Disable Z Axis controls while moving to location.
11/4/2024 21:16:39 [Information] Time remaining: 00:00:03 zTargetEndTime = 09:16:45
11/4/2024 21:16:39 [Information] Stepper Motor Controller Disable Z Axis controls while moving to location.
11/4/2024 21:16:39 [Information] Time remaining: 00:00:03 zTargetEndTime = 09:16:45
11/4/2024 21:16:39 [Information] Stepper Motor Controller Disable Z Axis controls while moving to location.
11/4/2024 21:16:39 [Information] Time remaining: 00:00:03 zTargetEndTime = 09:16:45
11/4/2024 21:16:39 [Information] Stepper Motor Controller Disable Z Axis controls while moving to location.
11/4/2024 21:16:39 [Information] Time remaining: 00:00:03 zTargetEndTime = 09:16:45
11/4/2024 21:16:39 [Information] Stepper Motor Controller Disable Z Axis controls while moving to location.
11/4/2024 21:16:39 [Information] Time remaining: 00:00:03 zTargetEndTime = 09:16:45
11/4/2024 21:16:39 [Information] Stepper Motor Controller Disable Z Axis controls while moving to location.
11/4/2024 21:16:39 [Information] Time remaining: 00:00:03 zTargetEndTime = 09:16:45
11/4/2024 21:16:39 [Information] Stepper Motor Controller Disable Z Axis controls while moving to location.
11/4/2024 21:16:39 [Information] Time remaining: 00:00:03 zTargetEndTime = 09:16:45
11/4/2024 21:16:39 [Information] Stepper Motor Controller Disable Z Axis controls while moving to location.
11/4/2024 21:16:39 [Information] Time remaining: 00:00:03 zTargetEndTime = 09:16:45
11/4/2024 21:16:39 [Information] Stepper Motor Controller Disable Z Axis controls while moving to location.
11/4/2024 21:16:39 [Information] Time remaining: 00:00:03 zTargetEndTime = 09:16:45
11/4/2024 21:16:39 [Information] Stepper Motor Controller Disable Z Axis controls while moving to location.
11/4/2024 21:16:39 [Information] Time remaining: 00:00:03 zTargetEndTime = 09:16:45
11/4/2024 21:16:39 [Information] Stepper Motor Controller Disable Z Axis controls while moving to location.
11/4/2024 21:16:39 [Information] Time remaining: 00:00:03 zTargetEndTime = 09:16:45
11/4/2024 21:16:39 [Information] Stepper Motor Controller Disable Z Axis controls while moving to location.
11/4/2024 21:16:39 [Information] Time remaining: 00:00:03 zTargetEndTime = 09:16:45
11/4/2024 21:16:39 [Information] Stepper Motor Controller Disable Z Axis controls while moving to location.
11/4/2024 21:16:39 [Information] Time remaining: 00:00:03 zTargetEndTime = 09:16:45
11/4/2024 21:16:39 [Information] Stepper Motor Controller Disable Z Axis controls while moving to location.
11/4/2024 21:16:39 [Information] Time remaining: 00:00:03 zTargetEndTime = 09:16:45
11/4/2024 21:16:39 [Information] Stepper Motor Controller Disable Z Axis controls while moving to location.
11/4/2024 21:16:39 [Information] Time remaining: 00:00:03 zTargetEndTime = 09:16:45
11/4/2024 21:16:39 [Information] Stepper Motor Controller Disable Z Axis controls while moving to location.
11/4/2024 21:16:39 [Information] Time remaining: 00:00:03 zTargetEndTime = 09:16:45
11/4/2024 21:16:39 [Information] Stepper Motor Controller Disable Z Axis controls while moving to location.
11/4/2024 21:16:39 [Information] Time remaining: 00:00:03 zTargetEndTime = 09:16:45
11/4/2024 21:16:39 [Information] Stepper Motor Controller Disable Z Axis controls while moving to location.
11/4/2024 21:16:39 [Information] Time remaining: 00:00:03 zTargetEndTime = 09:16:45
11/4/2024 21:16:39 [Information] Stepper Motor Controller Disable Z Axis controls while moving to location.
11/4/2024 21:16:39 [Information] Time remaining: 00:00:03 zTargetEndTime = 09:16:45
11/4/2024 21:16:39 [Information] Stepper Motor Controller Disable Z Axis controls while moving to location.
11/4/2024 21:16:39 [Information] Time remaining: 00:00:04 zTargetEndTime = 09:16:45
11/4/2024 21:16:39 [Information] Stepper Motor Controller Disable Z Axis controls while moving to location.
11/4/2024 21:16:39 [Information] Time remaining: 00:00:04 zTargetEndTime = 09:16:45
11/4/2024 21:16:39 [Information] Stepper Motor Controller Disable Z Axis controls while moving to location.
11/4/2024 21:16:39 [Information] Time remaining: 00:00:04 zTargetEndTime = 09:16:45
11/4/2024 21:16:39 [Information] Stepper Motor Controller Disable Z Axis controls while moving to location.
11/4/2024 21:16:39 [Information] Time remaining: 00:00:04 zTargetEndTime = 09:16:45
11/4/2024 21:16:39 [Information] Stepper Motor Controller Disable Z Axis controls while moving to location.
11/4/2024 21:16:39 [Information] Time remaining: 00:00:04 zTargetEndTime = 09:16:45
11/4/2024 21:16:39 [Information] Stepper Motor Controller Disable Z Axis controls while moving to location.
11/4/2024 21:16:39 [Information] Time remaining: 00:00:04 zTargetEndTime = 09:16:45
11/4/2024 21:16:39 [Information] Stepper Motor Controller Disable Z Axis controls while moving to location.
11/4/2024 21:16:39 [Information] Time remaining: 00:00:04 zTargetEndTime = 09:16:45
11/4/2024 21:16:39 [Information] Stepper Motor Controller Disable Z Axis controls while moving to location.
11/4/2024 21:16:39 [Information] Time remaining: 00:00:04 zTargetEndTime = 09:16:45
11/4/2024 21:16:39 [Information] Stepper Motor Controller Disable Z Axis controls while moving to location.
11/4/2024 21:16:39 [Information] Time remaining: 00:00:04 zTargetEndTime = 09:16:45
11/4/2024 21:16:39 [Information] Stepper Motor Controller Disable Z Axis controls while moving to location.
11/4/2024 21:16:39 [Information] Time remaining: 00:00:04 zTargetEndTime = 09:16:45
11/4/2024 21:16:39 [Information] Stepper Motor Controller Disable Z Axis controls while moving to location.
11/4/2024 21:16:39 [Information] Time remaining: 00:00:04 zTargetEndTime = 09:16:45
11/4/2024 21:16:39 [Information] Stepper Motor Controller Disable Z Axis controls while moving to location.
11/4/2024 21:16:39 [Information] Time remaining: 00:00:04 zTargetEndTime = 09:16:45
11/4/2024 21:16:39 [Information] Stepper Motor Controller Disable Z Axis controls while moving to location.
11/4/2024 21:16:39 [Information] Time remaining: 00:00:04 zTargetEndTime = 09:16:45
11/4/2024 21:16:39 [Information] Stepper Motor Controller Disable Z Axis controls while moving to location.
11/4/2024 21:16:39 [Information] Time remaining: 00:00:04 zTargetEndTime = 09:16:45
11/4/2024 21:16:39 [Information] Stepper Motor Controller Disable Z Axis controls while moving to location.
11/4/2024 21:16:39 [Information] Time remaining: 00:00:04 zTargetEndTime = 09:16:45
11/4/2024 21:16:39 [Information] Stepper Motor Controller Disable Z Axis controls while moving to location.
11/4/2024 21:16:39 [Information] Time remaining: 00:00:04 zTargetEndTime = 09:16:45
11/4/2024 21:16:39 [Information] Stepper Motor Controller Disable Z Axis controls while moving to location.
11/4/2024 21:16:39 [Information] Time remaining: 00:00:04 zTargetEndTime = 09:16:45
11/4/2024 21:16:39 [Information] Stepper Motor Controller Disable Z Axis controls while moving to location.
11/4/2024 21:16:39 [Information] Time remaining: 00:00:04 zTargetEndTime = 09:16:45
11/4/2024 21:16:39 [Information] Stepper Motor Controller Disable Z Axis controls while moving to location.
11/4/2024 21:16:39 [Information] Time remaining: 00:00:04 zTargetEndTime = 09:16:45
11/4/2024 21:16:39 [Information] Stepper Motor Controller Disable Z Axis controls while moving to location.
11/4/2024 21:16:39 [Information] Time remaining: 00:00:04 zTargetEndTime = 09:16:45
11/4/2024 21:16:39 [Information] Stepper Motor Controller Disable Z Axis controls while moving to location.
11/4/2024 21:16:39 [Information] Time remaining: 00:00:04 zTargetEndTime = 09:16:45
11/4/2024 21:16:39 [Information] Stepper Motor Controller Disable Z Axis controls while moving to location.
11/4/2024 21:16:39 [Information] Time remaining: 00:00:04 zTargetEndTime = 09:16:45
11/4/2024 21:16:39 [Information] Stepper Motor Controller Disable Z Axis controls while moving to location.
11/4/2024 21:16:39 [Information] Time remaining: 00:00:04 zTargetEndTime = 09:16:45
11/4/2024 21:16:39 [Information] Stepper Motor Controller Disable Z Axis controls while moving to location.
11/4/2024 21:16:39 [Information] Time remaining: 00:00:04 zTargetEndTime = 09:16:45
11/4/2024 21:16:39 [Information] Stepper Motor Controller Disable Z Axis controls while moving to location.
11/4/2024 21:16:39 [Information] Time remaining: 00:00:04 zTargetEndTime = 09:16:45
11/4/2024 21:16:39 [Information] Stepper Motor Controller Disable Z Axis controls while moving to location.
11/4/2024 21:16:39 [Information] Time remaining: 00:00:04 zTargetEndTime = 09:16:45
11/4/2024 21:16:39 [Information] Stepper Motor Controller Disable Z Axis controls while moving to location.
11/4/2024 21:16:39 [Information] Time remaining: 00:00:04 zTargetEndTime = 09:16:45
11/4/2024 21:16:39 [Information] Stepper Motor Controller Disable Z Axis controls while moving to location.
11/4/2024 21:16:39 [Information] Time remaining: 00:00:04 zTargetEndTime = 09:16:45
11/4/2024 21:16:39 [Information] Stepper Motor Controller Disable Z Axis controls while moving to location.
11/4/2024 21:16:39 [Information] Time remaining: 00:00:04 zTargetEndTime = 09:16:45
11/4/2024 21:16:40 [Information] Stepper Motor Controller Disable Z Axis controls while moving to location.
11/4/2024 21:16:40 [Information] Time remaining: 00:00:04 zTargetEndTime = 09:16:45
11/4/2024 21:16:40 [Information] Stepper Motor Controller Disable Z Axis controls while moving to location.
11/4/2024 21:16:40 [Information] Time remaining: 00:00:04 zTargetEndTime = 09:16:45
11/4/2024 21:16:40 [Information] Stepper Motor Controller Disable Z Axis controls while moving to location.
11/4/2024 21:16:40 [Information] Time remaining: 00:00:04 zTargetEndTime = 09:16:45
11/4/2024 21:16:40 [Information] Stepper Motor Controller Disable Z Axis controls while moving to location.
11/4/2024 21:16:40 [Information] Time remaining: 00:00:04 zTargetEndTime = 09:16:45
11/4/2024 21:16:40 [Information] Stepper Motor Controller Disable Z Axis controls while moving to location.
11/4/2024 21:16:40 [Information] Time remaining: 00:00:04 zTargetEndTime = 09:16:45
11/4/2024 21:16:40 [Information] Stepper Motor Controller Disable Z Axis controls while moving to location.
11/4/2024 21:16:40 [Information] Time remaining: 00:00:04 zTargetEndTime = 09:16:45
11/4/2024 21:16:40 [Information] Stepper Motor Controller Disable Z Axis controls while moving to location.
11/4/2024 21:16:40 [Information] Time remaining: 00:00:04 zTargetEndTime = 09:16:45
11/4/2024 21:16:40 [Information] Stepper Motor Controller Disable Z Axis controls while moving to location.
11/4/2024 21:16:40 [Information] Time remaining: 00:00:04 zTargetEndTime = 09:16:45
11/4/2024 21:16:40 [Information] Stepper Motor Controller Disable Z Axis controls while moving to location.
11/4/2024 21:16:40 [Information] Time remaining: 00:00:04 zTargetEndTime = 09:16:45
11/4/2024 21:16:40 [Information] Stepper Motor Controller Disable Z Axis controls while moving to location.
11/4/2024 21:16:40 [Information] Time remaining: 00:00:04 zTargetEndTime = 09:16:45
11/4/2024 21:16:40 [Information] Stepper Motor Controller Disable Z Axis controls while moving to location.
11/4/2024 21:16:40 [Information] Time remaining: 00:00:04 zTargetEndTime = 09:16:45
11/4/2024 21:16:40 [Information] Stepper Motor Controller Disable Z Axis controls while moving to location.
11/4/2024 21:16:40 [Information] Time remaining: 00:00:04 zTargetEndTime = 09:16:45
11/4/2024 21:16:40 [Information] Stepper Motor Controller Disable Z Axis controls while moving to location.
11/4/2024 21:16:40 [Information] Time remaining: 00:00:04 zTargetEndTime = 09:16:45
11/4/2024 21:16:40 [Information] Stepper Motor Controller Disable Z Axis controls while moving to location.
11/4/2024 21:16:40 [Information] Time remaining: 00:00:04 zTargetEndTime = 09:16:45
11/4/2024 21:16:40 [Information] Stepper Motor Controller Disable Z Axis controls while moving to location.
11/4/2024 21:16:40 [Information] Time remaining: 00:00:04 zTargetEndTime = 09:16:45
11/4/2024 21:16:40 [Information] Stepper Motor Controller Disable Z Axis controls while moving to location.
11/4/2024 21:16:40 [Information] Time remaining: 00:00:04 zTargetEndTime = 09:16:45
11/4/2024 21:16:40 [Information] Stepper Motor Controller Disable Z Axis controls while moving to location.
11/4/2024 21:16:40 [Information] Time remaining: 00:00:04 zTargetEndTime = 09:16:45
11/4/2024 21:16:40 [Information] Stepper Motor Controller Disable Z Axis controls while moving to location.
11/4/2024 21:16:40 [Information] Time remaining: 00:00:04 zTargetEndTime = 09:16:45
11/4/2024 21:16:40 [Information] Stepper Motor Controller Disable Z Axis controls while moving to location.
11/4/2024 21:16:40 [Information] Time remaining: 00:00:04 zTargetEndTime = 09:16:45
11/4/2024 21:16:40 [Information] Stepper Motor Controller Disable Z Axis controls while moving to location.
11/4/2024 21:16:40 [Information] Time remaining: 00:00:04 zTargetEndTime = 09:16:45
11/4/2024 21:16:40 [Information] Stepper Motor Controller Disable Z Axis controls while moving to location.
11/4/2024 21:16:40 [Information] Time remaining: 00:00:04 zTargetEndTime = 09:16:45
11/4/2024 21:16:40 [Information] Stepper Motor Controller Disable Z Axis controls while moving to location.
11/4/2024 21:16:40 [Information] Time remaining: 00:00:04 zTargetEndTime = 09:16:45
11/4/2024 21:16:40 [Information] Stepper Motor Controller Disable Z Axis controls while moving to location.
11/4/2024 21:16:40 [Information] Time remaining: 00:00:04 zTargetEndTime = 09:16:45
11/4/2024 21:16:40 [Information] Stepper Motor Controller Disable Z Axis controls while moving to location.
11/4/2024 21:16:40 [Information] Time remaining: 00:00:04 zTargetEndTime = 09:16:45
11/4/2024 21:16:40 [Information] Stepper Motor Controller Disable Z Axis controls while moving to location.
11/4/2024 21:16:40 [Information] Time remaining: 00:00:04 zTargetEndTime = 09:16:45
11/4/2024 21:16:40 [Information] Stepper Motor Controller Disable Z Axis controls while moving to location.
11/4/2024 21:16:40 [Information] Time remaining: 00:00:04 zTargetEndTime = 09:16:45
11/4/2024 21:16:40 [Information] Stepper Motor Controller Disable Z Axis controls while moving to location.
11/4/2024 21:16:40 [Information] Time remaining: 00:00:04 zTargetEndTime = 09:16:45
11/4/2024 21:16:40 [Information] Stepper Motor Controller Disable Z Axis controls while moving to location.
11/4/2024 21:16:40 [Information] Time remaining: 00:00:05 zTargetEndTime = 09:16:45
11/4/2024 21:16:40 [Information] Stepper Motor Controller Disable Z Axis controls while moving to location.
11/4/2024 21:16:40 [Information] Time remaining: 00:00:05 zTargetEndTime = 09:16:45
11/4/2024 21:16:40 [Information] Stepper Motor Controller Disable Z Axis controls while moving to location.
11/4/2024 21:16:40 [Information] Time remaining: 00:00:05 zTargetEndTime = 09:16:45
11/4/2024 21:16:40 [Information] Stepper Motor Controller Disable Z Axis controls while moving to location.
11/4/2024 21:16:40 [Information] Time remaining: 00:00:05 zTargetEndTime = 09:16:45
11/4/2024 21:16:40 [Information] Stepper Motor Controller Disable Z Axis controls while moving to location.
11/4/2024 21:16:40 [Information] Time remaining: 00:00:05 zTargetEndTime = 09:16:45
11/4/2024 21:16:40 [Information] Stepper Motor Controller Disable Z Axis controls while moving to location.
11/4/2024 21:16:40 [Information] Time remaining: 00:00:05 zTargetEndTime = 09:16:45
11/4/2024 21:16:40 [Information] Stepper Motor Controller Disable Z Axis controls while moving to location.
11/4/2024 21:16:40 [Information] Time remaining: 00:00:05 zTargetEndTime = 09:16:45
11/4/2024 21:16:40 [Information] Stepper Motor Controller Disable Z Axis controls while moving to location.
11/4/2024 21:16:40 [Information] Time remaining: 00:00:05 zTargetEndTime = 09:16:45
11/4/2024 21:16:40 [Information] Stepper Motor Controller Disable Z Axis controls while moving to location.
11/4/2024 21:16:40 [Information] Time remaining: 00:00:05 zTargetEndTime = 09:16:45
11/4/2024 21:16:40 [Information] Stepper Motor Controller Disable Z Axis controls while moving to location.
11/4/2024 21:16:40 [Information] Time remaining: 00:00:05 zTargetEndTime = 09:16:45
11/4/2024 21:16:40 [Information] Stepper Motor Controller Disable Z Axis controls while moving to location.
11/4/2024 21:16:40 [Information] Time remaining: 00:00:05 zTargetEndTime = 09:16:45
11/4/2024 21:16:40 [Information] Stepper Motor Controller Disable Z Axis controls while moving to location.
11/4/2024 21:16:40 [Information] Time remaining: 00:00:05 zTargetEndTime = 09:16:45
11/4/2024 21:16:40 [Information] Stepper Motor Controller Disable Z Axis controls while moving to location.
11/4/2024 21:16:40 [Information] Time remaining: 00:00:05 zTargetEndTime = 09:16:45
11/4/2024 21:16:40 [Information] Stepper Motor Controller Disable Z Axis controls while moving to location.
11/4/2024 21:16:40 [Information] Time remaining: 00:00:05 zTargetEndTime = 09:16:45
11/4/2024 21:16:40 [Information] Stepper Motor Controller Disable Z Axis controls while moving to location.
11/4/2024 21:16:40 [Information] Time remaining: 00:00:05 zTargetEndTime = 09:16:45
11/4/2024 21:16:40 [Information] Stepper Motor Controller Disable Z Axis controls while moving to location.
11/4/2024 21:16:40 [Information] Time remaining: 00:00:05 zTargetEndTime = 09:16:45
11/4/2024 21:16:40 [Information] Stepper Motor Controller Disable Z Axis controls while moving to location.
11/4/2024 21:16:40 [Information] Time remaining: 00:00:05 zTargetEndTime = 09:16:45
11/4/2024 21:16:40 [Information] Stepper Motor Controller Disable Z Axis controls while moving to location.
11/4/2024 21:16:40 [Information] Time remaining: 00:00:05 zTargetEndTime = 09:16:45
11/4/2024 21:16:40 [Information] Stepper Motor Controller Disable Z Axis controls while moving to location.
11/4/2024 21:16:40 [Information] Time remaining: 00:00:05 zTargetEndTime = 09:16:45
11/4/2024 21:16:40 [Information] Stepper Motor Controller Disable Z Axis controls while moving to location.
11/4/2024 21:16:40 [Information] Time remaining: 00:00:05 zTargetEndTime = 09:16:45
11/4/2024 21:16:40 [Information] Stepper Motor Controller Disable Z Axis controls while moving to location.
11/4/2024 21:16:40 [Information] Time remaining: 00:00:05 zTargetEndTime = 09:16:45
11/4/2024 21:16:40 [Information] Stepper Motor Controller Disable Z Axis controls while moving to location.
11/4/2024 21:16:40 [Information] Time remaining: 00:00:05 zTargetEndTime = 09:16:45
11/4/2024 21:16:40 [Information] Stepper Motor Controller Disable Z Axis controls while moving to location.
11/4/2024 21:16:40 [Information] Time remaining: 00:00:05 zTargetEndTime = 09:16:45
11/4/2024 21:16:40 [Information] Stepper Motor Controller Disable Z Axis controls while moving to location.
11/4/2024 21:16:40 [Information] Time remaining: 00:00:05 zTargetEndTime = 09:16:45
11/4/2024 21:16:40 [Information] Stepper Motor Controller Disable Z Axis controls while moving to location.
11/4/2024 21:16:40 [Information] Time remaining: 00:00:05 zTargetEndTime = 09:16:45
11/4/2024 21:16:40 [Information] Stepper Motor Controller Disable Z Axis controls while moving to location.
11/4/2024 21:16:40 [Information] Time remaining: 00:00:05 zTargetEndTime = 09:16:45
11/4/2024 21:16:40 [Information] Stepper Motor Controller Disable Z Axis controls while moving to location.
11/4/2024 21:16:40 [Information] Time remaining: 00:00:05 zTargetEndTime = 09:16:45
11/4/2024 21:16:40 [Information] Stepper Motor Controller Disable Z Axis controls while moving to location.
11/4/2024 21:16:40 [Information] Time remaining: 00:00:05 zTargetEndTime = 09:16:45
11/4/2024 21:16:40 [Information] Stepper Motor Controller Disable Z Axis controls while moving to location.
11/4/2024 21:16:40 [Information] Time remaining: 00:00:05 zTargetEndTime = 09:16:45
11/4/2024 21:16:40 [Information] Stepper Motor Controller Disable Z Axis controls while moving to location.
11/4/2024 21:16:40 [Information] Time remaining: 00:00:05 zTargetEndTime = 09:16:45
11/4/2024 21:16:40 [Information] Stepper Motor Controller Disable Z Axis controls while moving to location.
11/4/2024 21:16:40 [Information] Time remaining: 00:00:05 zTargetEndTime = 09:16:45
11/4/2024 21:16:40 [Information] Stepper Motor Controller Disable Z Axis controls while moving to location.
11/4/2024 21:16:40 [Information] Time remaining: 00:00:05 zTargetEndTime = 09:16:45
11/4/2024 21:16:41 [Information] Stepper Motor Controller Disable Z Axis controls while moving to location.
11/4/2024 21:16:41 [Information] Time remaining: 00:00:05 zTargetEndTime = 09:16:45
11/4/2024 21:16:41 [Information] Stepper Motor Controller Disable Z Axis controls while moving to location.
11/4/2024 21:16:41 [Information] Time remaining: 00:00:05 zTargetEndTime = 09:16:45
11/4/2024 21:16:41 [Information] Stepper Motor Controller Disable Z Axis controls while moving to location.
11/4/2024 21:16:41 [Information] Time remaining: 00:00:05 zTargetEndTime = 09:16:45
11/4/2024 21:16:41 [Information] Stepper Motor Controller Disable Z Axis controls while moving to location.
11/4/2024 21:16:41 [Information] Time remaining: 00:00:05 zTargetEndTime = 09:16:45
11/4/2024 21:16:41 [Information] Stepper Motor Controller Disable Z Axis controls while moving to location.
11/4/2024 21:16:41 [Information] Time remaining: 00:00:05 zTargetEndTime = 09:16:45
11/4/2024 21:16:41 [Information] Stepper Motor Controller Disable Z Axis controls while moving to location.
11/4/2024 21:16:41 [Information] Time remaining: 00:00:05 zTargetEndTime = 09:16:45
11/4/2024 21:16:41 [Information] Stepper Motor Controller Disable Z Axis controls while moving to location.
11/4/2024 21:16:41 [Information] Time remaining: 00:00:05 zTargetEndTime = 09:16:45
11/4/2024 21:16:41 [Information] Stepper Motor Controller Disable Z Axis controls while moving to location.
11/4/2024 21:16:41 [Information] Time remaining: 00:00:05 zTargetEndTime = 09:16:45
11/4/2024 21:16:41 [Information] Stepper Motor Controller Disable Z Axis controls while moving to location.
11/4/2024 21:16:41 [Information] Time remaining: 00:00:05 zTargetEndTime = 09:16:45
11/4/2024 21:16:41 [Information] Stepper Motor Controller Disable Z Axis controls while moving to location.
11/4/2024 21:16:41 [Information] Time remaining: 00:00:05 zTargetEndTime = 09:16:45
11/4/2024 21:16:41 [Information] Stepper Motor Controller Disable Z Axis controls while moving to location.
11/4/2024 21:16:41 [Information] Time remaining: 00:00:05 zTargetEndTime = 09:16:45
11/4/2024 21:16:41 [Information] Stepper Motor Controller Disable Z Axis controls while moving to location.
11/4/2024 21:16:41 [Information] Time remaining: 00:00:05 zTargetEndTime = 09:16:45
11/4/2024 21:16:41 [Information] Stepper Motor Controller Disable Z Axis controls while moving to location.
11/4/2024 21:16:41 [Information] Time remaining: 00:00:05 zTargetEndTime = 09:16:45
11/4/2024 21:16:41 [Information] Stepper Motor Controller Disable Z Axis controls while moving to location.
11/4/2024 21:16:41 [Information] Time remaining: 00:00:05 zTargetEndTime = 09:16:45
11/4/2024 21:16:41 [Information] Stepper Motor Controller Disable Z Axis controls while moving to location.
11/4/2024 21:16:41 [Information] Time remaining: 00:00:05 zTargetEndTime = 09:16:45
11/4/2024 21:16:41 [Information] Stepper Motor Controller Disable Z Axis controls while moving to location.
11/4/2024 21:16:41 [Information] Time remaining: 00:00:05 zTargetEndTime = 09:16:45
11/4/2024 21:16:41 [Information] Stepper Motor Controller Disable Z Axis controls while moving to location.
11/4/2024 21:16:41 [Information] Time remaining: 00:00:05 zTargetEndTime = 09:16:45
11/4/2024 21:16:41 [Information] Stepper Motor Controller Disable Z Axis controls while moving to location.
11/4/2024 21:16:41 [Information] Time remaining: 00:00:05 zTargetEndTime = 09:16:45
11/4/2024 21:16:41 [Information] Stepper Motor Controller Disable Z Axis controls while moving to location.
11/4/2024 21:16:41 [Information] Time remaining: 00:00:05 zTargetEndTime = 09:16:45
11/4/2024 21:16:41 [Information] Stepper Motor Controller Disable Z Axis controls while moving to location.
11/4/2024 21:16:41 [Information] Time remaining: 00:00:05 zTargetEndTime = 09:16:45
11/4/2024 21:16:41 [Information] Stepper Motor Controller Disable Z Axis controls while moving to location.
11/4/2024 21:16:41 [Information] Time remaining: 00:00:05 zTargetEndTime = 09:16:45
11/4/2024 21:16:41 [Information] Stepper Motor Controller Disable Z Axis controls while moving to location.
11/4/2024 21:16:41 [Information] Time remaining: 00:00:05 zTargetEndTime = 09:16:45
11/4/2024 21:16:41 [Information] Stepper Motor Controller Disable Z Axis controls while moving to location.
11/4/2024 21:16:41 [Information] Time remaining: 00:00:05 zTargetEndTime = 09:16:45
11/4/2024 21:16:41 [Information] Stepper Motor Controller Disable Z Axis controls while moving to location.
11/4/2024 21:16:41 [Information] Time remaining: 00:00:05 zTargetEndTime = 09:16:45
11/4/2024 21:16:41 [Information] Stepper Motor Controller Disable Z Axis controls while moving to location.
11/4/2024 21:16:41 [Information] Time remaining: 00:00:05 zTargetEndTime = 09:16:45
11/4/2024 21:16:41 [Information] Stepper Motor Controller Disable Z Axis controls while moving to location.
11/4/2024 21:16:41 [Information] Time remaining: 00:00:05 zTargetEndTime = 09:16:45
11/4/2024 21:16:41 [Information] Stepper Motor Controller Disable Z Axis controls while moving to location.
11/4/2024 21:16:41 [Information] Time remaining: 00:00:05 zTargetEndTime = 09:16:45
11/4/2024 21:16:41 [Information] Stepper Motor Controller Disable Z Axis controls while moving to location.
11/4/2024 21:16:41 [Information] Time remaining: 00:00:05 zTargetEndTime = 09:16:45
11/4/2024 21:16:41 [Information] Stepper Motor Controller Disable Z Axis controls while moving to location.
11/4/2024 21:16:41 [Information] Time remaining: 00:00:06 zTargetEndTime = 09:16:45
11/4/2024 21:16:41 [Information] Stepper Motor Controller Disable Z Axis controls while moving to location.
11/4/2024 21:16:41 [Information] Time remaining: 00:00:06 zTargetEndTime = 09:16:45
11/4/2024 21:16:41 [Information] Stepper Motor Controller Disable Z Axis controls while moving to location.
11/4/2024 21:16:41 [Information] Time remaining: 00:00:06 zTargetEndTime = 09:16:45
11/4/2024 21:16:41 [Information] Stepper Motor Controller Disable Z Axis controls while moving to location.
11/4/2024 21:16:41 [Information] Time remaining: 00:00:06 zTargetEndTime = 09:16:45
11/4/2024 21:16:41 [Information] Stepper Motor Controller Disable Z Axis controls while moving to location.
11/4/2024 21:16:41 [Information] Time remaining: 00:00:06 zTargetEndTime = 09:16:45
11/4/2024 21:16:41 [Information] Stepper Motor Controller Disable Z Axis controls while moving to location.
11/4/2024 21:16:41 [Information] Time remaining: 00:00:06 zTargetEndTime = 09:16:45
11/4/2024 21:16:41 [Information] Stepper Motor Controller Disable Z Axis controls while moving to location.
11/4/2024 21:16:41 [Information] Time remaining: 00:00:06 zTargetEndTime = 09:16:45
11/4/2024 21:16:41 [Information] Stepper Motor Controller Disable Z Axis controls while moving to location.
11/4/2024 21:16:41 [Information] Time remaining: 00:00:06 zTargetEndTime = 09:16:45
11/4/2024 21:16:41 [Information] Stepper Motor Controller Disable Z Axis controls while moving to location.
11/4/2024 21:16:41 [Information] Time remaining: 00:00:06 zTargetEndTime = 09:16:45
11/4/2024 21:16:41 [Information] Stepper Motor Controller Disable Z Axis controls while moving to location.
11/4/2024 21:16:41 [Information] Time remaining: 00:00:06 zTargetEndTime = 09:16:45
11/4/2024 21:16:41 [Information] Stepper Motor Controller Disable Z Axis controls while moving to location.
11/4/2024 21:16:41 [Information] Time remaining: 00:00:06 zTargetEndTime = 09:16:45
11/4/2024 21:16:41 [Information] Stepper Motor Controller Disable Z Axis controls while moving to location.
11/4/2024 21:16:41 [Information] Time remaining: 00:00:06 zTargetEndTime = 09:16:45
11/4/2024 21:16:41 [Information] Stepper Motor Controller Disable Z Axis controls while moving to location.
11/4/2024 21:16:41 [Information] Time remaining: 00:00:06 zTargetEndTime = 09:16:45
11/4/2024 21:16:41 [Information] Stepper Motor Controller Disable Z Axis controls while moving to location.
11/4/2024 21:16:41 [Information] Time remaining: 00:00:06 zTargetEndTime = 09:16:45
11/4/2024 21:16:41 [Information] Stepper Motor Controller Disable Z Axis controls while moving to location.
11/4/2024 21:16:41 [Information] Time remaining: 00:00:06 zTargetEndTime = 09:16:45
11/4/2024 21:16:41 [Information] Stepper Motor Controller Disable Z Axis controls while moving to location.
11/4/2024 21:16:41 [Information] Time remaining: 00:00:06 zTargetEndTime = 09:16:45
11/4/2024 21:16:41 [Information] Stepper Motor Controller Disable Z Axis controls while moving to location.
11/4/2024 21:16:41 [Information] Time remaining: 00:00:06 zTargetEndTime = 09:16:45
11/4/2024 21:16:41 [Information] Stepper Motor Controller Disable Z Axis controls while moving to location.
11/4/2024 21:16:41 [Information] Time remaining: 00:00:06 zTargetEndTime = 09:16:45
11/4/2024 21:16:41 [Information] Stepper Motor Controller Disable Z Axis controls while moving to location.
11/4/2024 21:16:41 [Information] Time remaining: 00:00:06 zTargetEndTime = 09:16:45
11/4/2024 21:16:41 [Information] Stepper Motor Controller Disable Z Axis controls while moving to location.
11/4/2024 21:16:41 [Information] Time remaining: 00:00:06 zTargetEndTime = 09:16:45
11/4/2024 21:16:41 [Information] Stepper Motor Controller Disable Z Axis controls while moving to location.
11/4/2024 21:16:41 [Information] Time remaining: 00:00:06 zTargetEndTime = 09:16:45
11/4/2024 21:16:41 [Information] Stepper Motor Controller Disable Z Axis controls while moving to location.
11/4/2024 21:16:41 [Information] Time remaining: 00:00:06 zTargetEndTime = 09:16:45
11/4/2024 21:16:41 [Information] Stepper Motor Controller Disable Z Axis controls while moving to location.
11/4/2024 21:16:41 [Information] Time remaining: 00:00:06 zTargetEndTime = 09:16:45
11/4/2024 21:16:41 [Information] Stepper Motor Controller Disable Z Axis controls while moving to location.
11/4/2024 21:16:41 [Information] Time remaining: 00:00:06 zTargetEndTime = 09:16:45
11/4/2024 21:16:41 [Information] Stepper Motor Controller Disable Z Axis controls while moving to location.
11/4/2024 21:16:41 [Information] Time remaining: 00:00:06 zTargetEndTime = 09:16:45
11/4/2024 21:16:41 [Information] Stepper Motor Controller Disable Z Axis controls while moving to location.
11/4/2024 21:16:41 [Information] Time remaining: 00:00:06 zTargetEndTime = 09:16:45
11/4/2024 21:16:41 [Information] Stepper Motor Controller Disable Z Axis controls while moving to location.
11/4/2024 21:16:41 [Information] Time remaining: 00:00:06 zTargetEndTime = 09:16:45
11/4/2024 21:16:41 [Information] Stepper Motor Controller Disable Z Axis controls while moving to location.
11/4/2024 21:16:41 [Information] Time remaining: 00:00:06 zTargetEndTime = 09:16:45
11/4/2024 21:16:41 [Information] Stepper Motor Controller Disable Z Axis controls while moving to location.
11/4/2024 21:16:41 [Information] Time remaining: 00:00:06 zTargetEndTime = 09:16:45
11/4/2024 21:16:41 [Information] Stepper Motor Controller Disable Z Axis controls while moving to location.
11/4/2024 21:16:41 [Information] Time remaining: 00:00:06 zTargetEndTime = 09:16:45
11/4/2024 21:16:41 [Information] Stepper Motor Controller Disable Z Axis controls while moving to location.
11/4/2024 21:16:41 [Information] Time remaining: 00:00:06 zTargetEndTime = 09:16:45
11/4/2024 21:16:42 [Information] Stepper Motor Controller Disable Z Axis controls while moving to location.
11/4/2024 21:16:42 [Information] Time remaining: 00:00:06 zTargetEndTime = 09:16:45
11/4/2024 21:16:42 [Information] Stepper Motor Controller Disable Z Axis controls while moving to location.
11/4/2024 21:16:42 [Information] Time remaining: 00:00:06 zTargetEndTime = 09:16:45
11/4/2024 21:16:42 [Information] Stepper Motor Controller Disable Z Axis controls while moving to location.
11/4/2024 21:16:42 [Information] Time remaining: 00:00:06 zTargetEndTime = 09:16:45
11/4/2024 21:16:42 [Information] Stepper Motor Controller Disable Z Axis controls while moving to location.
11/4/2024 21:16:42 [Information] Time remaining: 00:00:06 zTargetEndTime = 09:16:45
11/4/2024 21:16:42 [Information] Stepper Motor Controller Disable Z Axis controls while moving to location.
11/4/2024 21:16:42 [Information] Time remaining: 00:00:06 zTargetEndTime = 09:16:45
11/4/2024 21:16:42 [Information] Stepper Motor Controller Disable Z Axis controls while moving to location.
11/4/2024 21:16:42 [Information] Time remaining: 00:00:06 zTargetEndTime = 09:16:45
11/4/2024 21:16:42 [Information] Stepper Motor Controller Disable Z Axis controls while moving to location.
11/4/2024 21:16:42 [Information] Time remaining: 00:00:06 zTargetEndTime = 09:16:45
11/4/2024 21:16:42 [Information] Stepper Motor Controller Disable Z Axis controls while moving to location.
11/4/2024 21:16:42 [Information] Time remaining: 00:00:06 zTargetEndTime = 09:16:45
11/4/2024 21:16:42 [Information] Stepper Motor Controller Disable Z Axis controls while moving to location.
11/4/2024 21:16:42 [Information] Time remaining: 00:00:06 zTargetEndTime = 09:16:45
11/4/2024 21:16:42 [Information] Stepper Motor Controller Disable Z Axis controls while moving to location.
11/4/2024 21:16:42 [Information] Time remaining: 00:00:06 zTargetEndTime = 09:16:45
11/4/2024 21:16:42 [Information] Stepper Motor Controller Disable Z Axis controls while moving to location.
11/4/2024 21:16:42 [Information] Time remaining: 00:00:06 zTargetEndTime = 09:16:45
11/4/2024 21:16:42 [Information] Stepper Motor Controller Disable Z Axis controls while moving to location.
11/4/2024 21:16:42 [Information] Time remaining: 00:00:06 zTargetEndTime = 09:16:45
11/4/2024 21:16:42 [Information] Stepper Motor Controller Disable Z Axis controls while moving to location.
11/4/2024 21:16:42 [Information] Time remaining: 00:00:06 zTargetEndTime = 09:16:45
11/4/2024 21:16:42 [Information] Stepper Motor Controller Disable Z Axis controls while moving to location.
11/4/2024 21:16:42 [Information] Time remaining: 00:00:06 zTargetEndTime = 09:16:45
11/4/2024 21:16:42 [Information] Stepper Motor Controller Disable Z Axis controls while moving to location.
11/4/2024 21:16:42 [Information] Time remaining: 00:00:06 zTargetEndTime = 09:16:45
11/4/2024 21:16:42 [Information] Stepper Motor Controller Disable Z Axis controls while moving to location.
11/4/2024 21:16:42 [Information] Time remaining: 00:00:06 zTargetEndTime = 09:16:45
11/4/2024 21:16:42 [Information] Stepper Motor Controller Disable Z Axis controls while moving to location.
11/4/2024 21:16:42 [Information] Time remaining: 00:00:06 zTargetEndTime = 09:16:45
11/4/2024 21:16:42 [Information] Stepper Motor Controller Disable Z Axis controls while moving to location.
11/4/2024 21:16:42 [Information] Time remaining: 00:00:06 zTargetEndTime = 09:16:45
11/4/2024 21:16:42 [Information] Stepper Motor Controller Disable Z Axis controls while moving to location.
11/4/2024 21:16:42 [Information] Time remaining: 00:00:06 zTargetEndTime = 09:16:45
11/4/2024 21:16:42 [Information] Stepper Motor Controller Disable Z Axis controls while moving to location.
11/4/2024 21:16:42 [Information] Time remaining: 00:00:06 zTargetEndTime = 09:16:45
11/4/2024 21:16:42 [Information] Stepper Motor Controller Disable Z Axis controls while moving to location.
11/4/2024 21:16:42 [Information] Time remaining: 00:00:06 zTargetEndTime = 09:16:45
11/4/2024 21:16:42 [Information] Stepper Motor Controller Disable Z Axis controls while moving to location.
11/4/2024 21:16:42 [Information] Time remaining: 00:00:06 zTargetEndTime = 09:16:45
11/4/2024 21:16:42 [Information] Stepper Motor Controller Disable Z Axis controls while moving to location.
11/4/2024 21:16:42 [Information] Time remaining: 00:00:06 zTargetEndTime = 09:16:45
11/4/2024 21:16:42 [Information] Stepper Motor Controller Disable Z Axis controls while moving to location.
11/4/2024 21:16:42 [Information] Time remaining: 00:00:06 zTargetEndTime = 09:16:45
11/4/2024 21:16:42 [Information] Stepper Motor Controller Disable Z Axis controls while moving to location.
11/4/2024 21:16:42 [Information] Time remaining: 00:00:07 zTargetEndTime = 09:16:45
11/4/2024 21:16:42 [Information] Stepper Motor Controller Disable Z Axis controls while moving to location.
11/4/2024 21:16:42 [Information] Time remaining: 00:00:07 zTargetEndTime = 09:16:45
11/4/2024 21:16:42 [Information] Stepper Motor Controller Disable Z Axis controls while moving to location.
11/4/2024 21:16:42 [Information] Time remaining: 00:00:07 zTargetEndTime = 09:16:45
11/4/2024 21:16:42 [Information] Stepper Motor Controller Disable Z Axis controls while moving to location.
11/4/2024 21:16:42 [Information] Time remaining: 00:00:07 zTargetEndTime = 09:16:45
11/4/2024 21:16:42 [Information] Stepper Motor Controller Disable Z Axis controls while moving to location.
11/4/2024 21:16:42 [Information] Time remaining: 00:00:07 zTargetEndTime = 09:16:45
11/4/2024 21:16:42 [Information] Stepper Motor Controller Disable Z Axis controls while moving to location.
11/4/2024 21:16:42 [Information] Time remaining: 00:00:07 zTargetEndTime = 09:16:45
11/4/2024 21:16:42 [Information] Stepper Motor Controller Disable Z Axis controls while moving to location.
11/4/2024 21:16:42 [Information] Time remaining: 00:00:07 zTargetEndTime = 09:16:45
11/4/2024 21:16:42 [Information] Stepper Motor Controller Disable Z Axis controls while moving to location.
11/4/2024 21:16:42 [Information] Time remaining: 00:00:07 zTargetEndTime = 09:16:45
11/4/2024 21:16:42 [Information] Stepper Motor Controller Disable Z Axis controls while moving to location.
11/4/2024 21:16:42 [Information] Time remaining: 00:00:07 zTargetEndTime = 09:16:45
11/4/2024 21:16:42 [Information] Stepper Motor Controller Disable Z Axis controls while moving to location.
11/4/2024 21:16:42 [Information] Time remaining: 00:00:07 zTargetEndTime = 09:16:45
11/4/2024 21:16:42 [Information] Updated X,Y Zero.IsChecked status to 0 and Z Zero.IsChecked status to 1.
11/4/2024 21:16:42 [Information] ZAxisRun_Click button clicked:
11/4/2024 21:16:42 [Information] Z Axis Run Event to reset Axis to zero: Z,0.00,400.00,0,0.00,400.00,0,0.00,400.00,1
11/4/2024 21:16:42 [Information] Setting Z Axis Current Location Set to Zero on DRO
11/4/2024 21:16:42 [Information] Z Axis Data Received: Axis Motor Stopped
Z Axis Motor Current Position: 2126
Z Axis Motor Stopped
Z Axis Motor Current Position: 2126

11/4/2024 21:16:42 [Information] ZAxisRun_Click button clicked:
11/4/2024 21:16:42 [Information] Z Axis Run Event to reset Axis to zero: Z,0.00,400.00,0,0.00,400.00,0,0.00,400.00,1
11/4/2024 21:16:42 [Information] Setting Z Axis Current Location Set to Zero on DRO
11/4/2024 21:16:43 [Information] Updated X,Y,Z Zero.IsChecked status to 0.
11/4/2024 21:16:43 [Information] Z Axis Current Location Set to Zero
11/4/2024 21:16:43 [Information] Z Axis Current Location Set to Zero
11/4/2024 21:16:44 [Information] Z Axis Motor Current Position: 42.52
11/4/2024 21:16:44 [Information] Z Axis Motor Current Position: 42.52
11/4/2024 21:17:12 [Information] Z Axis mouse controlled Keypad returned: 64.00
11/4/2024 21:17:14 [Information] ZAxisRun_Click button clicked:
11/4/2024 21:17:14 [Information] Z Axis MotorMovementSeconds decimal: (64.00 / 4) / 2 = 8.00
11/4/2024 21:17:14 [Information] Z Axis myMovementTimer int: 1000 * 8.00 = 8000
11/4/2024 21:17:15 [Information] Z Axis Run Event: Z,0.00,400.00,0,0.00,400.00,0,106.52,400.00,0
11/4/2024 21:17:15 [Information] Z Axis Current Time: 09:17:15 + 8000 = zTargetEndTime: 09:17:23
11/4/2024 21:17:16 [Information] Stepper Motor Controller Disable Z Axis controls while moving to location.
11/4/2024 21:17:16 [Information] Time remaining: 00:00:07 zTargetEndTime = 09:17:23
11/4/2024 21:17:16 [Information] Stepper Motor Controller Disable Z Axis controls while moving to location.
11/4/2024 21:17:16 [Information] Time remaining: 00:00:07 zTargetEndTime = 09:17:23
11/4/2024 21:17:16 [Information] Stepper Motor Controller Disable Z Axis controls while moving to location.
11/4/2024 21:17:16 [Information] Time remaining: 00:00:07 zTargetEndTime = 09:17:23
11/4/2024 21:17:16 [Information] Stepper Motor Controller Disable Z Axis controls while moving to location.
11/4/2024 21:17:16 [Information] Time remaining: 00:00:07 zTargetEndTime = 09:17:23
11/4/2024 21:17:16 [Information] Stepper Motor Controller Disable Z Axis controls while moving to location.
11/4/2024 21:17:16 [Information] Time remaining: 00:00:07 zTargetEndTime = 09:17:23
11/4/2024 21:17:16 [Information] Stepper Motor Controller Disable Z Axis controls while moving to location.
11/4/2024 21:17:16 [Information] Time remaining: 00:00:07 zTargetEndTime = 09:17:23
11/4/2024 21:17:16 [Information] Stepper Motor Controller Disable Z Axis controls while moving to location.
11/4/2024 21:17:16 [Information] Time remaining: 00:00:07 zTargetEndTime = 09:17:23
11/4/2024 21:17:16 [Information] Stepper Motor Controller Disable Z Axis controls while moving to location.
11/4/2024 21:17:16 [Information] Time remaining: 00:00:07 zTargetEndTime = 09:17:23
11/4/2024 21:17:16 [Information] Stepper Motor Controller Disable Z Axis controls while moving to location.
11/4/2024 21:17:16 [Information] Time remaining: 00:00:07 zTargetEndTime = 09:17:23
11/4/2024 21:17:16 [Information] Stepper Motor Controller Disable Z Axis controls while moving to location.
11/4/2024 21:17:16 [Information] Time remaining: 00:00:07 zTargetEndTime = 09:17:23
11/4/2024 21:17:16 [Information] Stepper Motor Controller Disable Z Axis controls while moving to location.
11/4/2024 21:17:16 [Information] Time remaining: 00:00:07 zTargetEndTime = 09:17:23
11/4/2024 21:17:16 [Information] Stepper Motor Controller Disable Z Axis controls while moving to location.
11/4/2024 21:17:16 [Information] Time remaining: 00:00:07 zTargetEndTime = 09:17:23
11/4/2024 21:17:16 [Information] Stepper Motor Controller Disable Z Axis controls while moving to location.
11/4/2024 21:17:16 [Information] Time remaining: 00:00:07 zTargetEndTime = 09:17:23
11/4/2024 21:17:16 [Information] Stepper Motor Controller Disable Z Axis controls while moving to location.
11/4/2024 21:17:16 [Information] Time remaining: 00:00:07 zTargetEndTime = 09:17:23
11/4/2024 21:17:16 [Information] Stepper Motor Controller Disable Z Axis controls while moving to location.
11/4/2024 21:17:16 [Information] Time remaining: 00:00:07 zTargetEndTime = 09:17:23
11/4/2024 21:17:16 [Information] Stepper Motor Controller Disable Z Axis controls while moving to location.
11/4/2024 21:17:16 [Information] Time remaining: 00:00:07 zTargetEndTime = 09:17:23
11/4/2024 21:17:16 [Information] Stepper Motor Controller Disable Z Axis controls while moving to location.
11/4/2024 21:17:16 [Information] Time remaining: 00:00:07 zTargetEndTime = 09:17:23
11/4/2024 21:17:16 [Information] Stepper Motor Controller Disable Z Axis controls while moving to location.
11/4/2024 21:17:16 [Information] Time remaining: 00:00:07 zTargetEndTime = 09:17:23
11/4/2024 21:17:16 [Information] Stepper Motor Controller Disable Z Axis controls while moving to location.
11/4/2024 21:17:16 [Information] Time remaining: 00:00:07 zTargetEndTime = 09:17:23
11/4/2024 21:17:16 [Information] Stepper Motor Controller Disable Z Axis controls while moving to location.
11/4/2024 21:17:16 [Information] Time remaining: 00:00:07 zTargetEndTime = 09:17:23
11/4/2024 21:17:16 [Information] Stepper Motor Controller Disable Z Axis controls while moving to location.
11/4/2024 21:17:16 [Information] Time remaining: 00:00:07 zTargetEndTime = 09:17:23
11/4/2024 21:17:16 [Information] Stepper Motor Controller Disable Z Axis controls while moving to location.
11/4/2024 21:17:16 [Information] Time remaining: 00:00:07 zTargetEndTime = 09:17:23
11/4/2024 21:17:16 [Information] Stepper Motor Controller Disable Z Axis controls while moving to location.
11/4/2024 21:17:16 [Information] Time remaining: 00:00:07 zTargetEndTime = 09:17:23
11/4/2024 21:17:16 [Information] Stepper Motor Controller Disable Z Axis controls while moving to location.
11/4/2024 21:17:16 [Information] Time remaining: 00:00:07 zTargetEndTime = 09:17:23
11/4/2024 21:17:16 [Information] Stepper Motor Controller Disable Z Axis controls while moving to location.
11/4/2024 21:17:16 [Information] Time remaining: 00:00:07 zTargetEndTime = 09:17:23
11/4/2024 21:17:16 [Information] Z Axis Data Received: Z Axis Motor Stopped
Z Axis Motor Current Position: 104
Z Axis Motor Stopped
Z Axis Motor Current Position: 104
Z Ax
11/4/2024 21:17:16 [Information] Time remaining: 00:00:07 zTargetEndTime = 09:17:23
11/4/2024 21:17:16 [Information] Updated X,Y Zero.IsChecked status to 0 and Z Zero.IsChecked status to 1.
11/4/2024 21:17:16 [Information] ZAxisRun_Click button clicked:
11/4/2024 21:17:16 [Information] Z Axis Run Event to reset Axis to zero: Z,0.00,400.00,0,0.00,400.00,0,0.00,400.00,1
11/4/2024 21:17:16 [Information] Setting Z Axis Current Location Set to Zero on DRO
11/4/2024 21:17:16 [Information] Z Axis Data Received: is Motor Stopped
Z Axis Motor Current Position: 104

11/4/2024 21:17:17 [Information] Updated X,Y,Z Zero.IsChecked status to 0.
11/4/2024 21:17:17 [Information] Z Axis Current Location Set to Zero
11/4/2024 21:17:18 [Information] Z Axis Motor Current Position: 2.08
11/4/2024 21:17:18 [Information] Z Axis Motor Current Position: 2.08
11/4/2024 21:18:10 [Information] Z Axis mouse controlled Keypad returned: 64.00
11/4/2024 21:18:12 [Information] ZAxisRun_Click button clicked:
11/4/2024 21:18:12 [Information] Z Axis MotorMovementSeconds decimal: (64.00 / 4) / 2 = 8.00
11/4/2024 21:18:12 [Information] Z Axis myMovementTimer int: 1000 * 8.00 = 8000
11/4/2024 21:18:13 [Information] Z Axis Run Event: Z,0.00,400.00,0,0.00,400.00,0,66.08,400.00,0
11/4/2024 21:18:13 [Information] Z Axis Current Time: 09:18:13 + 8000 = zTargetEndTime: 09:18:21
11/4/2024 21:18:13 [Information] Stepper Motor Controller Disable Z Axis controls while moving to location.
11/4/2024 21:18:13 [Information] Time remaining: 00:00:07 zTargetEndTime = 09:18:21
11/4/2024 21:18:13 [Information] Stepper Motor Controller Disable Z Axis controls while moving to location.
11/4/2024 21:18:13 [Information] Time remaining: 00:00:07 zTargetEndTime = 09:18:21
11/4/2024 21:18:13 [Information] Stepper Motor Controller Disable Z Axis controls while moving to location.
11/4/2024 21:18:13 [Information] Time remaining: 00:00:07 zTargetEndTime = 09:18:21
11/4/2024 21:18:14 [Information] Stepper Motor Controller Disable Z Axis controls while moving to location.
11/4/2024 21:18:14 [Information] Time remaining: 00:00:07 zTargetEndTime = 09:18:21
11/4/2024 21:18:14 [Information] Stepper Motor Controller Disable Z Axis controls while moving to location.
11/4/2024 21:18:14 [Information] Time remaining: 00:00:07 zTargetEndTime = 09:18:21
11/4/2024 21:18:14 [Information] Stepper Motor Controller Disable Z Axis controls while moving to location.
11/4/2024 21:18:14 [Information] Time remaining: 00:00:07 zTargetEndTime = 09:18:21
11/4/2024 21:18:14 [Information] Stepper Motor Controller Disable Z Axis controls while moving to location.
11/4/2024 21:18:14 [Information] Time remaining: 00:00:07 zTargetEndTime = 09:18:21
11/4/2024 21:18:14 [Information] Stepper Motor Controller Disable Z Axis controls while moving to location.
11/4/2024 21:18:14 [Information] Time remaining: 00:00:07 zTargetEndTime = 09:18:21
11/4/2024 21:18:14 [Information] Stepper Motor Controller Disable Z Axis controls while moving to location.
11/4/2024 21:18:14 [Information] Time remaining: 00:00:07 zTargetEndTime = 09:18:21
11/4/2024 21:18:14 [Information] Stepper Motor Controller Disable Z Axis controls while moving to location.
11/4/2024 21:18:14 [Information] Time remaining: 00:00:07 zTargetEndTime = 09:18:21
11/4/2024 21:18:14 [Information] Stepper Motor Controller Disable Z Axis controls while moving to location.
11/4/2024 21:18:14 [Information] Time remaining: 00:00:07 zTargetEndTime = 09:18:21
11/4/2024 21:18:14 [Information] Stepper Motor Controller Disable Z Axis controls while moving to location.
11/4/2024 21:18:14 [Information] Time remaining: 00:00:07 zTargetEndTime = 09:18:21
11/4/2024 21:18:14 [Information] Stepper Motor Controller Disable Z Axis controls while moving to location.
11/4/2024 21:18:14 [Information] Time remaining: 00:00:07 zTargetEndTime = 09:18:21
11/4/2024 21:18:14 [Information] Stepper Motor Controller Disable Z Axis controls while moving to location.
11/4/2024 21:18:14 [Information] Time remaining: 00:00:07 zTargetEndTime = 09:18:21
11/4/2024 21:18:14 [Information] Stepper Motor Controller Disable Z Axis controls while moving to location.
11/4/2024 21:18:14 [Information] Time remaining: 00:00:07 zTargetEndTime = 09:18:21
11/4/2024 21:18:14 [Information] Stepper Motor Controller Disable Z Axis controls while moving to location.
11/4/2024 21:18:14 [Information] Time remaining: 00:00:08 zTargetEndTime = 09:18:21
11/4/2024 21:18:14 [Information] Stepper Motor Controller Disable Z Axis controls while moving to location.
11/4/2024 21:18:14 [Information] Time remaining: 00:00:08 zTargetEndTime = 09:18:21
11/4/2024 21:18:14 [Information] Stepper Motor Controller Disable Z Axis controls while moving to location.
11/4/2024 21:18:14 [Information] Time remaining: 00:00:08 zTargetEndTime = 09:18:21
11/4/2024 21:18:14 [Information] Z Axis Data Received: Z Axis Motor Stopped
Z Axis Motor Current Position: 85
Z Axis Motor Stopped
Z Axis Motor Current Position: 85
Z Axis
11/4/2024 21:18:14 [Information] Updated X,Y Zero.IsChecked status to 0 and Z Zero.IsChecked status to 1.
11/4/2024 21:18:14 [Information] ZAxisRun_Click button clicked:
11/4/2024 21:18:14 [Information] Z Axis Run Event to reset Axis to zero: Z,0.00,400.00,0,0.00,400.00,0,0.00,400.00,1
11/4/2024 21:18:14 [Information] Setting Z Axis Current Location Set to Zero on DRO
11/4/2024 21:18:14 [Information] Z Axis Data Received:  Motor Stopped
Z Axis Motor Current Position: 85

11/4/2024 21:18:15 [Information] Updated X,Y,Z Zero.IsChecked status to 0.
11/4/2024 21:18:15 [Information] Z Axis Current Location Set to Zero
11/4/2024 21:18:16 [Information] Z Axis Motor Current Position: 1.70
11/4/2024 21:18:16 [Information] Z Axis Motor Current Position: 1.70
11/4/2024 21:18:33 [Information] Stepper Motor Controller MainWindow Closing.
11/4/2024 21:18:33 [Information] Stepper Motor Controller Serial Ports closed.
11/4/2024 21:18:33 [Information] Properties Settings Saved.
11/4/2024 21:18:33 [Information] Properties Settings Form Closed.
11/4/2024 21:18:33 [Information] Stepper Motor Controller Form Closed.
