11/17/2024 12:52:11 [Information] Stepper Motor Controller Application Started.
11/17/2024 12:52:11 [Information] Version: 3.0.9087.23161 (11/17/2024 12:52:11)
11/17/2024 12:52:11 [Information] SerialPort COM7 not connected.
11/17/2024 12:52:11 [Information] SerialPort COM8 not connected.
11/17/2024 12:52:11 [Information] Stepper Motor Controller Application Started.
11/17/2024 12:52:11 [Information] Version: 3.0.9087.23161 (11/17/2024 12:52:11)
11/17/2024 12:52:11 [Information] Version: 3.1.0.23162 (11/17/2024 12:52:11)
11/17/2024 12:52:12 [Information] Version: 3.1.0.23162 (11/17/2024 12:52:11)
11/17/2024 12:52:12 [Information] Stepper Motor Controller Application Settings Window Opened.
11/17/2024 12:52:12 [Information] Stepper Motor Controller Application Settings form is rebuilt each and every time it is opened.
11/17/2024 12:52:12 [Information] int: 9600 BaudRate added to the Settings Form.
11/17/2024 12:52:12 [Information] bool: False ckbXaxisResetToZeroIsChecked added to the Settings Form.
11/17/2024 12:52:12 [Information] bool: False ckbYaxisResetToZeroIsChecked added to the Settings Form.
11/17/2024 12:52:12 [Information] bool: False ckbZaxisResetToZeroIsChecked added to the Settings Form.
11/17/2024 12:52:12 [Information] COM1: ComPort added to the Settings Form.
11/17/2024 12:52:12 [Information] COM2: ComPort added to the Settings Form.
11/17/2024 12:52:12 [Information] COM3: ComPort added to the Settings Form.
11/17/2024 12:52:12 [Information] COM4: ComPort added to the Settings Form.
11/17/2024 12:52:12 [Information] COM5: ComPort added to the Settings Form.
11/17/2024 12:52:12 [Information] COM6: ComPort added to the Settings Form.
11/17/2024 12:52:12 [Information] COM7: ComPort added to the Settings Form.
11/17/2024 12:52:12 [Information] COM8: ComPort added to the Settings Form.
11/17/2024 12:52:12 [Information] COM9: ComPort added to the Settings Form.
11/17/2024 12:52:12 [Information] COM10: ComPort added to the Settings Form.
11/17/2024 12:52:12 [Information] decimal: 4.00 Divider4_00 added to the Settings Form.
11/17/2024 12:52:12 [Information] decimal: 0.00 MathPart2Initlz added to the Settings Form.
11/17/2024 12:52:12 [Information] decimal: 1.00 MilisecondTimerInterval added to the Settings Form.
11/17/2024 12:52:12 [Information] decimal: 1000.00 MillisecondDelay added to the Settings Form.
11/17/2024 12:52:12 [Information] int: 1000 Milliseconds added to the Settings Form.
11/17/2024 12:52:12 [Information] int: 4 mmPerRevolution added to the Settings Form.
11/17/2024 12:52:12 [Information] int: 2000 ThreadSleep added to the Settings Form.
11/17/2024 12:52:12 [Information] decimal: 0.00 Value_0_00 added to the Settings Form.
11/17/2024 12:52:12 [Information] decimal: 50.00 XaxisAcceleration added to the Settings Form.
11/17/2024 12:52:12 [Information] bool: False XaxisChanged added to the Settings Form.
11/17/2024 12:52:12 [Information] decimal: 400.00 XaxisMotorSpeed added to the Settings Form.
11/17/2024 12:52:12 [Information] decimal: 0.00 XaxisStepperCurrent added to the Settings Form.
11/17/2024 12:52:12 [Information] decimal: 0.00 XaxisStepperMove added to the Settings Form.
11/17/2024 12:52:12 [Information] XCOM1: XComPort added to the Settings Form.
11/17/2024 12:52:12 [Information] XCOM2: XComPort added to the Settings Form.
11/17/2024 12:52:12 [Information] XCOM3: XComPort added to the Settings Form.
11/17/2024 12:52:12 [Information] XCOM4: XComPort added to the Settings Form.
11/17/2024 12:52:12 [Information] XCOM5: XComPort added to the Settings Form.
11/17/2024 12:52:12 [Information] XCOM6: XComPort added to the Settings Form.
11/17/2024 12:52:12 [Information] XCOM7: XComPort added to the Settings Form.
11/17/2024 12:52:12 [Information] XCOM8: XComPort added to the Settings Form.
11/17/2024 12:52:12 [Information] XCOM9: XComPort added to the Settings Form.
11/17/2024 12:52:12 [Information] XCOM10: XComPort added to the Settings Form.
11/17/2024 12:52:12 [Information] decimal: 50.00 YaxisAcceleration added to the Settings Form.
11/17/2024 12:52:12 [Information] bool: False YaxisChanged added to the Settings Form.
11/17/2024 12:52:12 [Information] decimal: 400.00 YaxisMotorSpeed added to the Settings Form.
11/17/2024 12:52:12 [Information] decimal: 0.00 YaxisStepperCurrent added to the Settings Form.
11/17/2024 12:52:12 [Information] decimal: 0.00 YaxisStepperMove added to the Settings Form.
11/17/2024 12:52:12 [Information] YCOM1: YComPort added to the Settings Form.
11/17/2024 12:52:12 [Information] YCOM2: YComPort added to the Settings Form.
11/17/2024 12:52:12 [Information] YCOM3: YComPort added to the Settings Form.
11/17/2024 12:52:12 [Information] YCOM4: YComPort added to the Settings Form.
11/17/2024 12:52:12 [Information] YCOM5: YComPort added to the Settings Form.
11/17/2024 12:52:12 [Information] YCOM6: YComPort added to the Settings Form.
11/17/2024 12:52:12 [Information] YCOM7: YComPort added to the Settings Form.
11/17/2024 12:52:12 [Information] YCOM8: YComPort added to the Settings Form.
11/17/2024 12:52:12 [Information] YCOM9: YComPort added to the Settings Form.
11/17/2024 12:52:12 [Information] YCOM10: YComPort added to the Settings Form.
11/17/2024 12:52:12 [Information] decimal: 50.00 ZaxisAcceleration added to the Settings Form.
11/17/2024 12:52:12 [Information] bool: False ZaxisChanged added to the Settings Form.
11/17/2024 12:52:12 [Information] decimal: 400.00 ZaxisMotorSpeed added to the Settings Form.
11/17/2024 12:52:12 [Information] decimal: 0.00 ZaxisStepperCurrent added to the Settings Form.
11/17/2024 12:52:12 [Information] decimal: 0.00 ZaxisStepperMove added to the Settings Form.
11/17/2024 12:52:12 [Information] ZCOM1: ZComPort added to the Settings Form.
11/17/2024 12:52:12 [Information] ZCOM2: ZComPort added to the Settings Form.
11/17/2024 12:52:12 [Information] ZCOM3: ZComPort added to the Settings Form.
11/17/2024 12:52:12 [Information] ZCOM4: ZComPort added to the Settings Form.
11/17/2024 12:52:12 [Information] ZCOM5: ZComPort added to the Settings Form.
11/17/2024 12:52:12 [Information] ZCOM6: ZComPort added to the Settings Form.
11/17/2024 12:52:12 [Information] ZCOM7: ZComPort added to the Settings Form.
11/17/2024 12:52:12 [Information] ZCOM8: ZComPort added to the Settings Form.
11/17/2024 12:52:12 [Information] ZCOM9: ZComPort added to the Settings Form.
11/17/2024 12:52:12 [Information] ZCOM10: ZComPort added to the Settings Form.
11/17/2024 12:52:12 [Information] int: 0 zeroXaxis added to the Settings Form.
11/17/2024 12:52:12 [Information] int: 0 zeroYaxis added to the Settings Form.
11/17/2024 12:52:12 [Information] int: 0 zeroZaxis added to the Settings Form.
11/17/2024 12:52:12 [Information] Stepper Motor Controller MainWindow loaded
11/17/2024 12:52:12 [Information] Set MainWindow Media Brushes to White.
11/17/2024 12:52:19 [Information] Z Axis mouse controlled Keypad returned: 32.00
11/17/2024 12:52:21 [Information] Z Axis Run button clicked:
11/17/2024 12:52:21 [Information] Z Axis MotorMovementSeconds decimal: (32.00 / 4) / 2 = 4.00
11/17/2024 12:52:22 [Information] Z Axis Run Event: Z,0.00,400.00,0,0.00,400.00,0,32.00,400.00,0
11/17/2024 12:52:22 [Information] Z Axis Current Time: 12:52:22 + 4000 = 12:52:26
11/17/2024 12:52:22 [Information] Z Axis Data Received: se
11/17/2024 12:52:22 [Information] Z Axis Data Received: rialData: Z,0.00,400.00,0,0.00,400.00,0,32.00,400.00,0

11/17/2024 12:52:22 [Information] Stepper Motor Controller Disable Z Axis controls while moving to location.
11/17/2024 12:52:22 [Information] Time remaining: 00:00:00 targetEndTime = 12:52:26
11/17/2024 12:52:22 [Information] Stepper Motor Controller Disable Z Axis controls while moving to location.
11/17/2024 12:52:22 [Information] Time remaining: 00:00:00 targetEndTime = 12:52:26
11/17/2024 12:52:22 [Information] Stepper Motor Controller Disable Z Axis controls while moving to location.
11/17/2024 12:52:22 [Information] Time remaining: 00:00:00 targetEndTime = 12:52:26
11/17/2024 12:52:22 [Information] Stepper Motor Controller Disable Z Axis controls while moving to location.
11/17/2024 12:52:22 [Information] Time remaining: 00:00:00 targetEndTime = 12:52:26
11/17/2024 12:52:22 [Information] Stepper Motor Controller Disable Z Axis controls while moving to location.
11/17/2024 12:52:22 [Information] Time remaining: 00:00:00 targetEndTime = 12:52:26
11/17/2024 12:52:22 [Information] Stepper Motor Controller Disable Z Axis controls while moving to location.
11/17/2024 12:52:22 [Information] Time remaining: 00:00:00 targetEndTime = 12:52:26
11/17/2024 12:52:22 [Information] Stepper Motor Controller Disable Z Axis controls while moving to location.
11/17/2024 12:52:22 [Information] Time remaining: 00:00:00 targetEndTime = 12:52:26
11/17/2024 12:52:22 [Information] Stepper Motor Controller Disable Z Axis controls while moving to location.
11/17/2024 12:52:22 [Information] Time remaining: 00:00:00 targetEndTime = 12:52:26
11/17/2024 12:52:22 [Information] Stepper Motor Controller Disable Z Axis controls while moving to location.
11/17/2024 12:52:22 [Information] Time remaining: 00:00:00 targetEndTime = 12:52:26
11/17/2024 12:52:22 [Information] Stepper Motor Controller Disable Z Axis controls while moving to location.
11/17/2024 12:52:22 [Information] Time remaining: 00:00:00 targetEndTime = 12:52:26
11/17/2024 12:52:22 [Information] Stepper Motor Controller Disable Z Axis controls while moving to location.
11/17/2024 12:52:22 [Information] Time remaining: 00:00:00 targetEndTime = 12:52:26
11/17/2024 12:52:22 [Information] Stepper Motor Controller Disable Z Axis controls while moving to location.
11/17/2024 12:52:22 [Information] Time remaining: 00:00:00 targetEndTime = 12:52:26
11/17/2024 12:52:22 [Information] Stepper Motor Controller Disable Z Axis controls while moving to location.
11/17/2024 12:52:22 [Information] Time remaining: 00:00:00 targetEndTime = 12:52:26
11/17/2024 12:52:22 [Information] Stepper Motor Controller Disable Z Axis controls while moving to location.
11/17/2024 12:52:22 [Information] Time remaining: 00:00:00 targetEndTime = 12:52:26
11/17/2024 12:52:22 [Information] Stepper Motor Controller Disable Z Axis controls while moving to location.
11/17/2024 12:52:22 [Information] Time remaining: 00:00:00 targetEndTime = 12:52:26
11/17/2024 12:52:22 [Information] Stepper Motor Controller Disable Z Axis controls while moving to location.
11/17/2024 12:52:22 [Information] Time remaining: 00:00:00 targetEndTime = 12:52:26
11/17/2024 12:52:22 [Information] Stepper Motor Controller Disable Z Axis controls while moving to location.
11/17/2024 12:52:22 [Information] Time remaining: 00:00:00 targetEndTime = 12:52:26
11/17/2024 12:52:22 [Information] Stepper Motor Controller Disable Z Axis controls while moving to location.
11/17/2024 12:52:22 [Information] Time remaining: 00:00:00 targetEndTime = 12:52:26
11/17/2024 12:52:22 [Information] Stepper Motor Controller Disable Z Axis controls while moving to location.
11/17/2024 12:52:22 [Information] Time remaining: 00:00:00 targetEndTime = 12:52:26
11/17/2024 12:52:22 [Information] Stepper Motor Controller Disable Z Axis controls while moving to location.
11/17/2024 12:52:22 [Information] Time remaining: 00:00:00 targetEndTime = 12:52:26
11/17/2024 12:52:23 [Information] Stepper Motor Controller Disable Z Axis controls while moving to location.
11/17/2024 12:52:23 [Information] Time remaining: 00:00:00 targetEndTime = 12:52:26
11/17/2024 12:52:23 [Information] Stepper Motor Controller Disable Z Axis controls while moving to location.
11/17/2024 12:52:23 [Information] Time remaining: 00:00:00 targetEndTime = 12:52:26
11/17/2024 12:52:23 [Information] Stepper Motor Controller Disable Z Axis controls while moving to location.
11/17/2024 12:52:23 [Information] Time remaining: 00:00:00 targetEndTime = 12:52:26
11/17/2024 12:52:23 [Information] Stepper Motor Controller Disable Z Axis controls while moving to location.
11/17/2024 12:52:23 [Information] Time remaining: 00:00:00 targetEndTime = 12:52:26
11/17/2024 12:52:23 [Information] Stepper Motor Controller Disable Z Axis controls while moving to location.
11/17/2024 12:52:23 [Information] Time remaining: 00:00:00 targetEndTime = 12:52:26
11/17/2024 12:52:23 [Information] Stepper Motor Controller Disable Z Axis controls while moving to location.
11/17/2024 12:52:23 [Information] Time remaining: 00:00:00 targetEndTime = 12:52:26
11/17/2024 12:52:23 [Information] Stepper Motor Controller Disable Z Axis controls while moving to location.
11/17/2024 12:52:23 [Information] Time remaining: 00:00:00 targetEndTime = 12:52:26
11/17/2024 12:52:23 [Information] Stepper Motor Controller Disable Z Axis controls while moving to location.
11/17/2024 12:52:23 [Information] Time remaining: 00:00:00 targetEndTime = 12:52:26
11/17/2024 12:52:23 [Information] Stepper Motor Controller Disable Z Axis controls while moving to location.
11/17/2024 12:52:23 [Information] Time remaining: 00:00:00 targetEndTime = 12:52:26
11/17/2024 12:52:23 [Information] Stepper Motor Controller Disable Z Axis controls while moving to location.
11/17/2024 12:52:23 [Information] Time remaining: 00:00:00 targetEndTime = 12:52:26
11/17/2024 12:52:23 [Information] Stepper Motor Controller Disable Z Axis controls while moving to location.
11/17/2024 12:52:23 [Information] Time remaining: 00:00:00 targetEndTime = 12:52:26
11/17/2024 12:52:23 [Information] Stepper Motor Controller Disable Z Axis controls while moving to location.
11/17/2024 12:52:23 [Information] Time remaining: 00:00:00 targetEndTime = 12:52:26
11/17/2024 12:52:23 [Information] Stepper Motor Controller Disable Z Axis controls while moving to location.
11/17/2024 12:52:23 [Information] Time remaining: 00:00:00 targetEndTime = 12:52:26
11/17/2024 12:52:23 [Information] Stepper Motor Controller Disable Z Axis controls while moving to location.
11/17/2024 12:52:23 [Information] Time remaining: 00:00:00 targetEndTime = 12:52:26
11/17/2024 12:52:23 [Information] Stepper Motor Controller Disable Z Axis controls while moving to location.
11/17/2024 12:52:23 [Information] Time remaining: 00:00:00 targetEndTime = 12:52:26
11/17/2024 12:52:23 [Information] Stepper Motor Controller Disable Z Axis controls while moving to location.
11/17/2024 12:52:23 [Information] Time remaining: 00:00:00 targetEndTime = 12:52:26
11/17/2024 12:52:23 [Information] Stepper Motor Controller Disable Z Axis controls while moving to location.
11/17/2024 12:52:23 [Information] Time remaining: 00:00:00 targetEndTime = 12:52:26
11/17/2024 12:52:23 [Information] Stepper Motor Controller Disable Z Axis controls while moving to location.
11/17/2024 12:52:23 [Information] Time remaining: 00:00:00 targetEndTime = 12:52:26
11/17/2024 12:52:23 [Information] Stepper Motor Controller Disable Z Axis controls while moving to location.
11/17/2024 12:52:23 [Information] Time remaining: 00:00:00 targetEndTime = 12:52:26
11/17/2024 12:52:23 [Information] Stepper Motor Controller Disable Z Axis controls while moving to location.
11/17/2024 12:52:23 [Information] Time remaining: 00:00:00 targetEndTime = 12:52:26
11/17/2024 12:52:23 [Information] Stepper Motor Controller Disable Z Axis controls while moving to location.
11/17/2024 12:52:23 [Information] Time remaining: 00:00:00 targetEndTime = 12:52:26
11/17/2024 12:52:23 [Information] Stepper Motor Controller Disable Z Axis controls while moving to location.
11/17/2024 12:52:23 [Information] Time remaining: 00:00:00 targetEndTime = 12:52:26
11/17/2024 12:52:23 [Information] Stepper Motor Controller Disable Z Axis controls while moving to location.
11/17/2024 12:52:23 [Information] Time remaining: 00:00:01 targetEndTime = 12:52:26
11/17/2024 12:52:23 [Information] Stepper Motor Controller Disable Z Axis controls while moving to location.
11/17/2024 12:52:23 [Information] Time remaining: 00:00:01 targetEndTime = 12:52:26
11/17/2024 12:52:23 [Information] Stepper Motor Controller Disable Z Axis controls while moving to location.
11/17/2024 12:52:23 [Information] Time remaining: 00:00:01 targetEndTime = 12:52:26
11/17/2024 12:52:23 [Information] Stepper Motor Controller Disable Z Axis controls while moving to location.
11/17/2024 12:52:23 [Information] Time remaining: 00:00:01 targetEndTime = 12:52:26
11/17/2024 12:52:23 [Information] Stepper Motor Controller Disable Z Axis controls while moving to location.
11/17/2024 12:52:23 [Information] Time remaining: 00:00:01 targetEndTime = 12:52:26
11/17/2024 12:52:23 [Information] Stepper Motor Controller Disable Z Axis controls while moving to location.
11/17/2024 12:52:23 [Information] Time remaining: 00:00:01 targetEndTime = 12:52:26
11/17/2024 12:52:23 [Information] Stepper Motor Controller Disable Z Axis controls while moving to location.
11/17/2024 12:52:23 [Information] Time remaining: 00:00:01 targetEndTime = 12:52:26
11/17/2024 12:52:23 [Information] Stepper Motor Controller Disable Z Axis controls while moving to location.
11/17/2024 12:52:23 [Information] Time remaining: 00:00:01 targetEndTime = 12:52:26
11/17/2024 12:52:23 [Information] Stepper Motor Controller Disable Z Axis controls while moving to location.
11/17/2024 12:52:23 [Information] Time remaining: 00:00:01 targetEndTime = 12:52:26
11/17/2024 12:52:23 [Information] Stepper Motor Controller Disable Z Axis controls while moving to location.
11/17/2024 12:52:23 [Information] Time remaining: 00:00:01 targetEndTime = 12:52:26
11/17/2024 12:52:23 [Information] Z Axis Data Received: Z
11/17/2024 12:52:23 [Information] Z Axis Data Received:  
11/17/2024 12:52:23 [Information] Z Axis Data Received: A
11/17/2024 12:52:23 [Information] Z Axis Data Received: x
11/17/2024 12:52:23 [Information] Z Axis Data Received: i
11/17/2024 12:52:23 [Information] Z Axis Data Received: s
11/17/2024 12:52:23 [Information] Z Axis Data Received:  
11/17/2024 12:52:23 [Information] Z Axis Data Received: C
11/17/2024 12:52:23 [Information] Stepper Motor Controller Disable Z Axis controls while moving to location.
11/17/2024 12:52:23 [Information] Z Axis Data Received: C
11/17/2024 12:52:23 [Information] Time remaining: 00:00:01 targetEndTime = 12:52:26
11/17/2024 12:52:23 [Information] Z Axis Data Received: W
11/17/2024 12:52:23 [Information] Z Axis Data Received:  
11/17/2024 12:52:23 [Information] Z Axis Data Received: S
11/17/2024 12:52:23 [Information] Z Axis Data Received: T
11/17/2024 12:52:23 [Information] Z Axis Data Received: O
11/17/2024 12:52:23 [Information] Z Axis Data Received: P
11/17/2024 12:52:23 [Information] Z Axis Data Received: P
11/17/2024 12:52:23 [Information] Z Axis Data Received: E
11/17/2024 12:52:23 [Information] Z Axis Data Received: D
11/17/2024 12:52:23 [Information] Z Axis Data Received: 
11/17/2024 12:52:23 [Information] Z Axis Data Received: 

11/17/2024 12:52:23 [Information] Z Axis Data Received: Z
11/17/2024 12:52:23 [Information] Z Axis Data Received:  
11/17/2024 12:52:23 [Information] Z Axis Data Received: A
11/17/2024 12:52:23 [Information] Z Axis Data Received: x
11/17/2024 12:52:23 [Information] Stepper Motor Controller Disable Z Axis controls while moving to location.
11/17/2024 12:52:23 [Information] Time remaining: 00:00:01 targetEndTime = 12:52:26
11/17/2024 12:52:23 [Information] Z Axis Data Received: i
11/17/2024 12:52:23 [Information] Z Axis Data Received: s
11/17/2024 12:52:23 [Information] Z Axis Data Received:  
11/17/2024 12:52:23 [Information] Z Axis Data Received: C
11/17/2024 12:52:23 [Information] Z Axis Data Received: C
11/17/2024 12:52:23 [Information] Z Axis Data Received: W
11/17/2024 12:52:23 [Information] Z Axis Data Received:  
11/17/2024 12:52:23 [Information] Z Axis Data Received: M
11/17/2024 12:52:23 [Information] Z Axis Data Received: o
11/17/2024 12:52:23 [Information] Z Axis Data Received: t
11/17/2024 12:52:23 [Information] Z Axis Data Received: o
11/17/2024 12:52:23 [Information] Z Axis Data Received: r
11/17/2024 12:52:23 [Information] Z Axis Data Received:  
11/17/2024 12:52:23 [Information] Z Axis Data Received: C
11/17/2024 12:52:23 [Information] Z Axis Data Received: u
11/17/2024 12:52:23 [Information] Z Axis Data Received: r
11/17/2024 12:52:23 [Information] Stepper Motor Controller Disable Z Axis controls while moving to location.
11/17/2024 12:52:23 [Information] Time remaining: 00:00:01 targetEndTime = 12:52:26
11/17/2024 12:52:23 [Information] Z Axis Data Received: r
11/17/2024 12:52:23 [Information] Z Axis Data Received: e
11/17/2024 12:52:23 [Information] Z Axis Data Received: n
11/17/2024 12:52:23 [Information] Z Axis Data Received: t
11/17/2024 12:52:23 [Information] Z Axis Data Received:  
11/17/2024 12:52:23 [Information] Z Axis Data Received: P
11/17/2024 12:52:23 [Information] Z Axis Data Received: o
11/17/2024 12:52:23 [Information] Z Axis Data Received: s
11/17/2024 12:52:23 [Information] Z Axis Data Received: i
11/17/2024 12:52:23 [Information] Z Axis Data Received: t
11/17/2024 12:52:23 [Information] Z Axis Data Received: i
11/17/2024 12:52:23 [Information] Z Axis Data Received: o
11/17/2024 12:52:23 [Information] Z Axis Data Received: n
11/17/2024 12:52:23 [Information] Z Axis Data Received: :
11/17/2024 12:52:23 [Information] Z Axis Data Received:  
11/17/2024 12:52:23 [Information] Z Axis Data Received:  
11/17/2024 12:52:23 [Information] Stepper Motor Controller Disable Z Axis controls while moving to location.
11/17/2024 12:52:23 [Information] Time remaining: 00:00:01 targetEndTime = 12:52:26
11/17/2024 12:52:23 [Information] Z Axis Data Received: 3
11/17/2024 12:52:23 [Information] Z Axis Data Received: 9
11/17/2024 12:52:23 [Information] Z Axis Data Received: 3
11/17/2024 12:52:23 [Information] Z Axis Data Received: 
11/17/2024 12:52:23 [Information] Z Axis Data Received: 

11/17/2024 12:52:23 [Information] Z Axis Data Received: Z
11/17/2024 12:52:23 [Information] Z Axis Data Received:  
11/17/2024 12:52:23 [Information] Z Axis Data Received: A
11/17/2024 12:52:23 [Information] Z Axis Data Received: x
11/17/2024 12:52:23 [Information] Z Axis Data Received: i
11/17/2024 12:52:23 [Information] Z Axis Data Received: s
11/17/2024 12:52:23 [Information] Stepper Motor Controller Disable Z Axis controls while moving to location.
11/17/2024 12:52:23 [Information] Time remaining: 00:00:01 targetEndTime = 12:52:26
11/17/2024 12:52:23 [Information] Z Axis Data Received:  
11/17/2024 12:52:23 [Information] Z Axis Data Received: C
11/17/2024 12:52:23 [Information] Z Axis Data Received: C
11/17/2024 12:52:23 [Information] Z Axis Data Received: W
11/17/2024 12:52:23 [Information] Z Axis Data Received:  
11/17/2024 12:52:23 [Information] Z Axis Data Received: S
11/17/2024 12:52:23 [Information] Z Axis Data Received: T
11/17/2024 12:52:23 [Information] Z Axis Data Received: O
11/17/2024 12:52:23 [Information] Z Axis Data Received: P
11/17/2024 12:52:23 [Information] Z Axis Data Received: P
11/17/2024 12:52:23 [Information] Z Axis Data Received: E
11/17/2024 12:52:23 [Information] Z Axis Data Received: D
11/17/2024 12:52:23 [Information] Z Axis Data Received: 
11/17/2024 12:52:23 [Information] Z Axis Data Received: 

11/17/2024 12:52:23 [Information] Z Axis Data Received: Z
11/17/2024 12:52:23 [Information] Z Axis Data Received:  
11/17/2024 12:52:23 [Information] Z Axis Data Received: A
11/17/2024 12:52:23 [Information] Z Axis Data Received: x
11/17/2024 12:52:23 [Information] Z Axis Data Received: i
11/17/2024 12:52:23 [Information] Z Axis Data Received: s
11/17/2024 12:52:23 [Information] Z Axis Data Received:  
11/17/2024 12:52:23 [Information] Z Axis Data Received: C
11/17/2024 12:52:23 [Information] Z Axis Data Received: C
11/17/2024 12:52:23 [Information] Z Axis Data Received: W
11/17/2024 12:52:23 [Information] Z Axis Data Received:  
11/17/2024 12:52:23 [Information] Z Axis Data Received: M
11/17/2024 12:52:23 [Information] Z Axis Data Received: o
11/17/2024 12:52:23 [Information] Z Axis Data Received: t
11/17/2024 12:52:23 [Information] Z Axis Data Received: o
11/17/2024 12:52:23 [Information] Z Axis Data Received: r
11/17/2024 12:52:23 [Information] Z Axis Data Received:  
11/17/2024 12:52:23 [Information] Z Axis Data Received: C
11/17/2024 12:52:23 [Information] Z Axis Data Received: u
11/17/2024 12:52:23 [Information] Z Axis Data Received: r
11/17/2024 12:52:23 [Information] Z Axis Data Received: r
11/17/2024 12:52:23 [Information] Z Axis Data Received: e
11/17/2024 12:52:23 [Information] Z Axis Data Received: n
11/17/2024 12:52:23 [Information] Z Axis Data Received: t
11/17/2024 12:52:23 [Information] Z Axis Data Received:  Position:  393
Z Axis CCW STOPPED
Z Axis CCW Motor Current Position:  393
Z Axis 
11/17/2024 12:52:23 [Information] Limit Switch Pressed
11/17/2024 12:52:23 [Information] Stepper Motor Controller Timer Stopped.
11/17/2024 12:52:23 [Information] Stepper Motor Controller Stopwatch Reset.
11/17/2024 12:52:23 [Information] Z Axis Data Received: CCW STOPPED
Z Axis CCW Motor Current Position:  394
Z Axis CCW STOPPED
Z Axis CCW Motor Current Pos
11/17/2024 12:52:23 [Information] Limit Switch Pressed
11/17/2024 12:52:23 [Information] Stepper Motor Controller Timer Stopped.
11/17/2024 12:52:23 [Information] Stepper Motor Controller Stopwatch Reset.
11/17/2024 12:52:25 [Information] Z Axis Data Received: ition:  394

11/17/2024 12:52:26 [Information] Z Axis Data Received: Z Axis reached target position
Current Position: 474

11/17/2024 12:52:26 [Information] Z Axis CCW Motor Current Position: 7.88
11/17/2024 12:52:32 [Information] Z Axis Run button clicked:
11/17/2024 12:52:32 [Information] Z Axis MotorMovementSeconds decimal: (32.00 / 4) / 2 = 4.00
11/17/2024 12:52:33 [Information] Z Axis Run Event: Z,0.00,400.00,0,0.00,400.00,0,32.00,400.00,0
11/17/2024 12:52:33 [Information] Z Axis Current Time: 12:52:33 + 4000 = 12:52:37
11/17/2024 12:52:33 [Information] Z Axis Data Received: s
11/17/2024 12:52:33 [Information] Z Axis Data Received: e
11/17/2024 12:52:33 [Information] Z Axis Data Received: r
11/17/2024 12:52:33 [Information] Z Axis Data Received: i
11/17/2024 12:52:33 [Information] Z Axis Data Received: a
11/17/2024 12:52:33 [Information] Z Axis Data Received: l
11/17/2024 12:52:33 [Information] Z Axis Data Received: D
11/17/2024 12:52:33 [Information] Z Axis Data Received: a
11/17/2024 12:52:33 [Information] Z Axis Data Received: t
11/17/2024 12:52:33 [Information] Z Axis Data Received: a
11/17/2024 12:52:33 [Information] Time remaining: 00:00:00 targetEndTime = 12:52:37
11/17/2024 12:52:33 [Information] Z Axis Data Received: : Z,0.00,400.00,0,0.00,400.00,0,32.00,400.00,0

11/17/2024 12:52:33 [Information] Stepper Motor Controller Disable Z Axis controls while moving to location.
11/17/2024 12:52:33 [Information] Time remaining: 00:00:00 targetEndTime = 12:52:37
11/17/2024 12:52:33 [Information] Stepper Motor Controller Disable Z Axis controls while moving to location.
11/17/2024 12:52:33 [Information] Time remaining: 00:00:00 targetEndTime = 12:52:37
11/17/2024 12:52:33 [Information] Stepper Motor Controller Disable Z Axis controls while moving to location.
11/17/2024 12:52:33 [Information] Time remaining: 00:00:00 targetEndTime = 12:52:37
11/17/2024 12:52:33 [Information] Stepper Motor Controller Disable Z Axis controls while moving to location.
11/17/2024 12:52:33 [Information] Time remaining: 00:00:00 targetEndTime = 12:52:37
11/17/2024 12:52:33 [Information] Stepper Motor Controller Disable Z Axis controls while moving to location.
11/17/2024 12:52:33 [Information] Time remaining: 00:00:00 targetEndTime = 12:52:37
11/17/2024 12:52:33 [Information] Stepper Motor Controller Disable Z Axis controls while moving to location.
11/17/2024 12:52:33 [Information] Time remaining: 00:00:00 targetEndTime = 12:52:37
11/17/2024 12:52:33 [Information] Stepper Motor Controller Disable Z Axis controls while moving to location.
11/17/2024 12:52:33 [Information] Time remaining: 00:00:00 targetEndTime = 12:52:37
11/17/2024 12:52:33 [Information] Stepper Motor Controller Disable Z Axis controls while moving to location.
11/17/2024 12:52:33 [Information] Time remaining: 00:00:00 targetEndTime = 12:52:37
11/17/2024 12:52:33 [Information] Stepper Motor Controller Disable Z Axis controls while moving to location.
11/17/2024 12:52:33 [Information] Time remaining: 00:00:00 targetEndTime = 12:52:37
11/17/2024 12:52:33 [Information] Stepper Motor Controller Disable Z Axis controls while moving to location.
11/17/2024 12:52:33 [Information] Time remaining: 00:00:00 targetEndTime = 12:52:37
11/17/2024 12:52:33 [Information] Stepper Motor Controller Disable Z Axis controls while moving to location.
11/17/2024 12:52:33 [Information] Time remaining: 00:00:00 targetEndTime = 12:52:37
11/17/2024 12:52:33 [Information] Stepper Motor Controller Disable Z Axis controls while moving to location.
11/17/2024 12:52:33 [Information] Time remaining: 00:00:00 targetEndTime = 12:52:37
11/17/2024 12:52:33 [Information] Stepper Motor Controller Disable Z Axis controls while moving to location.
11/17/2024 12:52:33 [Information] Time remaining: 00:00:00 targetEndTime = 12:52:37
11/17/2024 12:52:33 [Information] Stepper Motor Controller Disable Z Axis controls while moving to location.
11/17/2024 12:52:33 [Information] Time remaining: 00:00:00 targetEndTime = 12:52:37
11/17/2024 12:52:33 [Information] Stepper Motor Controller Disable Z Axis controls while moving to location.
11/17/2024 12:52:33 [Information] Time remaining: 00:00:00 targetEndTime = 12:52:37
11/17/2024 12:52:33 [Information] Stepper Motor Controller Disable Z Axis controls while moving to location.
11/17/2024 12:52:33 [Information] Time remaining: 00:00:00 targetEndTime = 12:52:37
11/17/2024 12:52:33 [Information] Stepper Motor Controller Disable Z Axis controls while moving to location.
11/17/2024 12:52:33 [Information] Time remaining: 00:00:00 targetEndTime = 12:52:37
11/17/2024 12:52:33 [Information] Stepper Motor Controller Disable Z Axis controls while moving to location.
11/17/2024 12:52:33 [Information] Time remaining: 00:00:00 targetEndTime = 12:52:37
11/17/2024 12:52:33 [Information] Stepper Motor Controller Disable Z Axis controls while moving to location.
11/17/2024 12:52:33 [Information] Time remaining: 00:00:00 targetEndTime = 12:52:37
11/17/2024 12:52:33 [Information] Stepper Motor Controller Disable Z Axis controls while moving to location.
11/17/2024 12:52:33 [Information] Time remaining: 00:00:00 targetEndTime = 12:52:37
11/17/2024 12:52:33 [Information] Stepper Motor Controller Disable Z Axis controls while moving to location.
11/17/2024 12:52:33 [Information] Time remaining: 00:00:00 targetEndTime = 12:52:37
11/17/2024 12:52:33 [Information] Stepper Motor Controller Disable Z Axis controls while moving to location.
11/17/2024 12:52:33 [Information] Time remaining: 00:00:00 targetEndTime = 12:52:37
11/17/2024 12:52:33 [Information] Stepper Motor Controller Disable Z Axis controls while moving to location.
11/17/2024 12:52:33 [Information] Time remaining: 00:00:00 targetEndTime = 12:52:37
11/17/2024 12:52:33 [Information] Stepper Motor Controller Disable Z Axis controls while moving to location.
11/17/2024 12:52:33 [Information] Time remaining: 00:00:00 targetEndTime = 12:52:37
11/17/2024 12:52:33 [Information] Stepper Motor Controller Disable Z Axis controls while moving to location.
11/17/2024 12:52:33 [Information] Time remaining: 00:00:00 targetEndTime = 12:52:37
11/17/2024 12:52:33 [Information] Stepper Motor Controller Disable Z Axis controls while moving to location.
11/17/2024 12:52:33 [Information] Time remaining: 00:00:00 targetEndTime = 12:52:37
11/17/2024 12:52:33 [Information] Stepper Motor Controller Disable Z Axis controls while moving to location.
11/17/2024 12:52:33 [Information] Time remaining: 00:00:00 targetEndTime = 12:52:37
11/17/2024 12:52:33 [Information] Stepper Motor Controller Disable Z Axis controls while moving to location.
11/17/2024 12:52:33 [Information] Time remaining: 00:00:00 targetEndTime = 12:52:37
11/17/2024 12:52:33 [Information] Stepper Motor Controller Disable Z Axis controls while moving to location.
11/17/2024 12:52:33 [Information] Time remaining: 00:00:00 targetEndTime = 12:52:37
11/17/2024 12:52:33 [Information] Stepper Motor Controller Disable Z Axis controls while moving to location.
11/17/2024 12:52:33 [Information] Time remaining: 00:00:00 targetEndTime = 12:52:37
11/17/2024 12:52:33 [Information] Stepper Motor Controller Disable Z Axis controls while moving to location.
11/17/2024 12:52:33 [Information] Time remaining: 00:00:00 targetEndTime = 12:52:37
11/17/2024 12:52:33 [Information] Stepper Motor Controller Disable Z Axis controls while moving to location.
11/17/2024 12:52:33 [Information] Time remaining: 00:00:00 targetEndTime = 12:52:37
11/17/2024 12:52:33 [Information] Stepper Motor Controller Disable Z Axis controls while moving to location.
11/17/2024 12:52:33 [Information] Time remaining: 00:00:00 targetEndTime = 12:52:37
11/17/2024 12:52:33 [Information] Stepper Motor Controller Disable Z Axis controls while moving to location.
11/17/2024 12:52:33 [Information] Time remaining: 00:00:00 targetEndTime = 12:52:37
11/17/2024 12:52:33 [Information] Stepper Motor Controller Disable Z Axis controls while moving to location.
11/17/2024 12:52:33 [Information] Time remaining: 00:00:00 targetEndTime = 12:52:37
11/17/2024 12:52:33 [Information] Stepper Motor Controller Disable Z Axis controls while moving to location.
11/17/2024 12:52:33 [Information] Time remaining: 00:00:00 targetEndTime = 12:52:37
11/17/2024 12:52:33 [Information] Stepper Motor Controller Disable Z Axis controls while moving to location.
11/17/2024 12:52:33 [Information] Time remaining: 00:00:00 targetEndTime = 12:52:37
11/17/2024 12:52:33 [Information] Stepper Motor Controller Disable Z Axis controls while moving to location.
11/17/2024 12:52:33 [Information] Time remaining: 00:00:00 targetEndTime = 12:52:37
11/17/2024 12:52:33 [Information] Stepper Motor Controller Disable Z Axis controls while moving to location.
11/17/2024 12:52:33 [Information] Time remaining: 00:00:00 targetEndTime = 12:52:37
11/17/2024 12:52:33 [Information] Stepper Motor Controller Disable Z Axis controls while moving to location.
11/17/2024 12:52:33 [Information] Time remaining: 00:00:00 targetEndTime = 12:52:37
11/17/2024 12:52:33 [Information] Stepper Motor Controller Disable Z Axis controls while moving to location.
11/17/2024 12:52:33 [Information] Time remaining: 00:00:00 targetEndTime = 12:52:37
11/17/2024 12:52:33 [Information] Stepper Motor Controller Disable Z Axis controls while moving to location.
11/17/2024 12:52:33 [Information] Time remaining: 00:00:00 targetEndTime = 12:52:37
11/17/2024 12:52:33 [Information] Stepper Motor Controller Disable Z Axis controls while moving to location.
11/17/2024 12:52:33 [Information] Time remaining: 00:00:00 targetEndTime = 12:52:37
11/17/2024 12:52:34 [Information] Stepper Motor Controller Disable Z Axis controls while moving to location.
11/17/2024 12:52:34 [Information] Time remaining: 00:00:00 targetEndTime = 12:52:37
11/17/2024 12:52:34 [Information] Stepper Motor Controller Disable Z Axis controls while moving to location.
11/17/2024 12:52:34 [Information] Time remaining: 00:00:00 targetEndTime = 12:52:37
11/17/2024 12:52:34 [Information] Stepper Motor Controller Disable Z Axis controls while moving to location.
11/17/2024 12:52:34 [Information] Time remaining: 00:00:00 targetEndTime = 12:52:37
11/17/2024 12:52:34 [Information] Stepper Motor Controller Disable Z Axis controls while moving to location.
11/17/2024 12:52:34 [Information] Time remaining: 00:00:00 targetEndTime = 12:52:37
11/17/2024 12:52:34 [Information] Stepper Motor Controller Disable Z Axis controls while moving to location.
11/17/2024 12:52:34 [Information] Time remaining: 00:00:01 targetEndTime = 12:52:37
11/17/2024 12:52:34 [Information] Stepper Motor Controller Disable Z Axis controls while moving to location.
11/17/2024 12:52:34 [Information] Time remaining: 00:00:01 targetEndTime = 12:52:37
11/17/2024 12:52:34 [Information] Stepper Motor Controller Disable Z Axis controls while moving to location.
11/17/2024 12:52:34 [Information] Time remaining: 00:00:01 targetEndTime = 12:52:37
11/17/2024 12:52:34 [Information] Stepper Motor Controller Disable Z Axis controls while moving to location.
11/17/2024 12:52:34 [Information] Time remaining: 00:00:01 targetEndTime = 12:52:37
11/17/2024 12:52:34 [Information] Stepper Motor Controller Disable Z Axis controls while moving to location.
11/17/2024 12:52:34 [Information] Time remaining: 00:00:01 targetEndTime = 12:52:37
11/17/2024 12:52:34 [Information] Stepper Motor Controller Disable Z Axis controls while moving to location.
11/17/2024 12:52:34 [Information] Time remaining: 00:00:01 targetEndTime = 12:52:37
11/17/2024 12:52:34 [Information] Stepper Motor Controller Disable Z Axis controls while moving to location.
11/17/2024 12:52:34 [Information] Time remaining: 00:00:01 targetEndTime = 12:52:37
11/17/2024 12:52:34 [Information] Stepper Motor Controller Disable Z Axis controls while moving to location.
11/17/2024 12:52:34 [Information] Time remaining: 00:00:01 targetEndTime = 12:52:37
11/17/2024 12:52:34 [Information] Stepper Motor Controller Disable Z Axis controls while moving to location.
11/17/2024 12:52:34 [Information] Time remaining: 00:00:01 targetEndTime = 12:52:37
11/17/2024 12:52:34 [Information] Stepper Motor Controller Disable Z Axis controls while moving to location.
11/17/2024 12:52:34 [Information] Time remaining: 00:00:01 targetEndTime = 12:52:37
11/17/2024 12:52:34 [Information] Stepper Motor Controller Disable Z Axis controls while moving to location.
11/17/2024 12:52:34 [Information] Time remaining: 00:00:01 targetEndTime = 12:52:37
11/17/2024 12:52:34 [Information] Stepper Motor Controller Disable Z Axis controls while moving to location.
11/17/2024 12:52:34 [Information] Time remaining: 00:00:01 targetEndTime = 12:52:37
11/17/2024 12:52:34 [Information] Stepper Motor Controller Disable Z Axis controls while moving to location.
11/17/2024 12:52:34 [Information] Time remaining: 00:00:01 targetEndTime = 12:52:37
11/17/2024 12:52:34 [Information] Stepper Motor Controller Disable Z Axis controls while moving to location.
11/17/2024 12:52:34 [Information] Time remaining: 00:00:01 targetEndTime = 12:52:37
11/17/2024 12:52:34 [Information] Stepper Motor Controller Disable Z Axis controls while moving to location.
11/17/2024 12:52:34 [Information] Time remaining: 00:00:01 targetEndTime = 12:52:37
11/17/2024 12:52:34 [Information] Stepper Motor Controller Disable Z Axis controls while moving to location.
11/17/2024 12:52:34 [Information] Time remaining: 00:00:01 targetEndTime = 12:52:37
11/17/2024 12:52:34 [Information] Stepper Motor Controller Disable Z Axis controls while moving to location.
11/17/2024 12:52:34 [Information] Time remaining: 00:00:01 targetEndTime = 12:52:37
11/17/2024 12:52:34 [Information] Stepper Motor Controller Disable Z Axis controls while moving to location.
11/17/2024 12:52:34 [Information] Time remaining: 00:00:01 targetEndTime = 12:52:37
11/17/2024 12:52:34 [Information] Stepper Motor Controller Disable Z Axis controls while moving to location.
11/17/2024 12:52:34 [Information] Time remaining: 00:00:01 targetEndTime = 12:52:37
11/17/2024 12:52:34 [Information] Stepper Motor Controller Disable Z Axis controls while moving to location.
11/17/2024 12:52:34 [Information] Time remaining: 00:00:01 targetEndTime = 12:52:37
11/17/2024 12:52:34 [Information] Stepper Motor Controller Disable Z Axis controls while moving to location.
11/17/2024 12:52:34 [Information] Time remaining: 00:00:01 targetEndTime = 12:52:37
11/17/2024 12:52:34 [Information] Stepper Motor Controller Disable Z Axis controls while moving to location.
11/17/2024 12:52:34 [Information] Time remaining: 00:00:01 targetEndTime = 12:52:37
11/17/2024 12:52:34 [Information] Stepper Motor Controller Disable Z Axis controls while moving to location.
11/17/2024 12:52:34 [Information] Time remaining: 00:00:01 targetEndTime = 12:52:37
11/17/2024 12:52:34 [Information] Stepper Motor Controller Disable Z Axis controls while moving to location.
11/17/2024 12:52:34 [Information] Time remaining: 00:00:01 targetEndTime = 12:52:37
11/17/2024 12:52:34 [Information] Stepper Motor Controller Disable Z Axis controls while moving to location.
11/17/2024 12:52:34 [Information] Time remaining: 00:00:01 targetEndTime = 12:52:37
11/17/2024 12:52:34 [Information] Stepper Motor Controller Disable Z Axis controls while moving to location.
11/17/2024 12:52:34 [Information] Z Axis Data Received: Z
11/17/2024 12:52:34 [Information] Z Axis Data Received:  
11/17/2024 12:52:34 [Information] Z Axis Data Received: Axis CCW STOPPED
Z Axis CCW Motor Current Position:  508
11/17/2024 12:52:34 [Information] Limit Switch Pressed
11/17/2024 12:52:34 [Information] Stepper Motor Controller Timer Stopped.
11/17/2024 12:52:34 [Information] Stepper Motor Controller Stopwatch Reset.
11/17/2024 12:52:34 [Information] Z Axis Data Received: 
Z 
11/17/2024 12:52:34 [Information] Z Axis Data Received: A
11/17/2024 12:52:34 [Information] Z Axis Data Received: x
11/17/2024 12:52:34 [Information] Z Axis Data Received: i
11/17/2024 12:52:34 [Information] Z Axis Data Received: s
11/17/2024 12:52:34 [Information] Z Axis Data Received:  
11/17/2024 12:52:34 [Information] Z Axis Data Received: C
11/17/2024 12:52:34 [Information] Z Axis Data Received: C
11/17/2024 12:52:34 [Information] Z Axis Data Received: W
11/17/2024 12:52:34 [Information] Z Axis Data Received:  
11/17/2024 12:52:34 [Information] Z Axis Data Received: S
11/17/2024 12:52:34 [Information] Z Axis Data Received: T
11/17/2024 12:52:34 [Information] Z Axis Data Received: O
11/17/2024 12:52:34 [Information] Z Axis Data Received: P
11/17/2024 12:52:34 [Information] Z Axis Data Received: P
11/17/2024 12:52:34 [Information] Z Axis Data Received: E
11/17/2024 12:52:34 [Information] Z Axis Data Received: D
11/17/2024 12:52:34 [Information] Z Axis Data Received: 
11/17/2024 12:52:34 [Information] Z Axis Data Received: 

11/17/2024 12:52:34 [Information] Z Axis Data Received: Z
11/17/2024 12:52:34 [Information] Z Axis Data Received:  
11/17/2024 12:52:34 [Information] Z Axis Data Received: A
11/17/2024 12:52:34 [Information] Z Axis Data Received: x
11/17/2024 12:52:34 [Information] Z Axis Data Received: i
11/17/2024 12:52:34 [Information] Z Axis Data Received: s
11/17/2024 12:52:34 [Information] Z Axis Data Received:  
11/17/2024 12:52:34 [Information] Z Axis Data Received: C
11/17/2024 12:52:34 [Information] Z Axis Data Received: C
11/17/2024 12:52:34 [Information] Z Axis Data Received: W
11/17/2024 12:52:34 [Information] Z Axis Data Received:  
11/17/2024 12:52:34 [Information] Z Axis Data Received: M
11/17/2024 12:52:34 [Information] Z Axis Data Received: o
11/17/2024 12:52:34 [Information] Z Axis Data Received: t
11/17/2024 12:52:34 [Information] Z Axis Data Received: o
11/17/2024 12:52:34 [Information] Z Axis Data Received: r
11/17/2024 12:52:34 [Information] Z Axis Data Received:  
11/17/2024 12:52:34 [Information] Z Axis Data Received: C
11/17/2024 12:52:34 [Information] Z Axis Data Received: u
11/17/2024 12:52:34 [Information] Z Axis Data Received: r
11/17/2024 12:52:34 [Information] Z Axis Data Received: r
11/17/2024 12:52:34 [Information] Z Axis Data Received: e
11/17/2024 12:52:34 [Information] Z Axis Data Received: n
11/17/2024 12:52:34 [Information] Z Axis Data Received: t
11/17/2024 12:52:34 [Information] Z Axis Data Received:  
11/17/2024 12:52:34 [Information] Z Axis Data Received: P
11/17/2024 12:52:34 [Information] Z Axis Data Received: o
11/17/2024 12:52:34 [Information] Z Axis Data Received: s
11/17/2024 12:52:34 [Information] Z Axis Data Received: i
11/17/2024 12:52:34 [Information] Z Axis Data Received: t
11/17/2024 12:52:34 [Information] Z Axis Data Received: i
11/17/2024 12:52:34 [Information] Z Axis Data Received: o
11/17/2024 12:52:34 [Information] Z Axis Data Received: n
11/17/2024 12:52:34 [Information] Z Axis Data Received: :
11/17/2024 12:52:34 [Information] Z Axis Data Received:  
11/17/2024 12:52:34 [Information] Z Axis Data Received:  
11/17/2024 12:52:34 [Information] Z Axis Data Received: 5
11/17/2024 12:52:34 [Information] Z Axis Data Received: 0
11/17/2024 12:52:34 [Information] Z Axis Data Received: 8
11/17/2024 12:52:34 [Information] Z Axis Data Received: 
11/17/2024 12:52:34 [Information] Z Axis Data Received: 

11/17/2024 12:52:34 [Information] Z Axis Data Received: Z
11/17/2024 12:52:34 [Information] Z Axis Data Received:  
11/17/2024 12:52:34 [Information] Z Axis Data Received: A
11/17/2024 12:52:34 [Information] Z Axis Data Received: x
11/17/2024 12:52:34 [Information] Z Axis Data Received: i
11/17/2024 12:52:34 [Information] Z Axis Data Received: s
11/17/2024 12:52:34 [Information] Z Axis Data Received:  
11/17/2024 12:52:34 [Information] Z Axis Data Received: C
11/17/2024 12:52:34 [Information] Z Axis Data Received: C
11/17/2024 12:52:34 [Information] Z Axis Data Received: W
11/17/2024 12:52:34 [Information] Z Axis Data Received:  
11/17/2024 12:52:34 [Information] Z Axis Data Received: S
11/17/2024 12:52:34 [Information] Z Axis Data Received: T
11/17/2024 12:52:34 [Information] Z Axis Data Received: O
11/17/2024 12:52:34 [Information] Z Axis Data Received: P
11/17/2024 12:52:34 [Information] Z Axis Data Received: P
11/17/2024 12:52:34 [Information] Z Axis Data Received: E
11/17/2024 12:52:34 [Information] Z Axis Data Received: D
11/17/2024 12:52:34 [Information] Z Axis Data Received: 
11/17/2024 12:52:34 [Information] Z Axis Data Received: 

11/17/2024 12:52:34 [Information] Z Axis Data Received: Z
11/17/2024 12:52:34 [Information] Z Axis Data Received:  
11/17/2024 12:52:34 [Information] Z Axis Data Received: A
11/17/2024 12:52:34 [Information] Z Axis Data Received: x
11/17/2024 12:52:34 [Information] Z Axis Data Received: i
11/17/2024 12:52:34 [Information] Z Axis Data Received: s
11/17/2024 12:52:34 [Information] Z Axis Data Received:  
11/17/2024 12:52:34 [Information] Z Axis Data Received: C
11/17/2024 12:52:34 [Information] Z Axis Data Received: C
11/17/2024 12:52:34 [Information] Z Axis Data Received: W
11/17/2024 12:52:34 [Information] Z Axis Data Received:  
11/17/2024 12:52:34 [Information] Z Axis Data Received: M
11/17/2024 12:52:34 [Information] Z Axis Data Received: o
11/17/2024 12:52:34 [Information] Z Axis Data Received: t
11/17/2024 12:52:34 [Information] Z Axis Data Received: o
11/17/2024 12:52:34 [Information] Z Axis Data Received: r
11/17/2024 12:52:34 [Information] Z Axis Data Received:  
11/17/2024 12:52:34 [Information] Z Axis Data Received: C
11/17/2024 12:52:34 [Information] Z Axis Data Received: u
11/17/2024 12:52:34 [Information] Z Axis Data Received: r
11/17/2024 12:52:34 [Information] Z Axis Data Received: r
11/17/2024 12:52:34 [Information] Z Axis Data Received: e
11/17/2024 12:52:34 [Information] Z Axis Data Received: n
11/17/2024 12:52:34 [Information] Z Axis Data Received: t
11/17/2024 12:52:34 [Information] Z Axis Data Received:  
11/17/2024 12:52:34 [Information] Z Axis Data Received: P
11/17/2024 12:52:34 [Information] Z Axis Data Received: o
11/17/2024 12:52:34 [Information] Z Axis Data Received: s
11/17/2024 12:52:34 [Information] Z Axis Data Received: i
11/17/2024 12:52:34 [Information] Z Axis Data Received: t
11/17/2024 12:52:34 [Information] Z Axis Data Received: i
11/17/2024 12:52:34 [Information] Z Axis Data Received: o
11/17/2024 12:52:34 [Information] Z Axis Data Received: n
11/17/2024 12:52:34 [Information] Z Axis Data Received: :
11/17/2024 12:52:34 [Information] Z Axis Data Received:  
11/17/2024 12:52:34 [Information] Z Axis Data Received:  
11/17/2024 12:52:34 [Information] Z Axis Data Received: 5
11/17/2024 12:52:34 [Information] Z Axis Data Received: 0
11/17/2024 12:52:34 [Information] Z Axis Data Received: 8
11/17/2024 12:52:34 [Information] Z Axis Data Received: 
11/17/2024 12:52:34 [Information] Z Axis Data Received: 

11/17/2024 12:52:34 [Information] Z Axis Data Received: Z
11/17/2024 12:52:34 [Information] Z Axis Data Received:  
11/17/2024 12:52:34 [Information] Z Axis Data Received: A
11/17/2024 12:52:34 [Information] Z Axis Data Received: x
11/17/2024 12:52:34 [Information] Z Axis Data Received: i
11/17/2024 12:52:34 [Information] Z Axis Data Received: s
11/17/2024 12:52:34 [Information] Z Axis Data Received:  
11/17/2024 12:52:34 [Information] Z Axis Data Received: C
11/17/2024 12:52:34 [Information] Z Axis Data Received: C
11/17/2024 12:52:34 [Information] Z Axis Data Received: W
11/17/2024 12:52:34 [Information] Z Axis Data Received:  
11/17/2024 12:52:34 [Information] Z Axis Data Received: S
11/17/2024 12:52:34 [Information] Z Axis Data Received: T
11/17/2024 12:52:34 [Information] Z Axis Data Received: O
11/17/2024 12:52:34 [Information] Z Axis Data Received: P
11/17/2024 12:52:34 [Information] Z Axis Data Received: P
11/17/2024 12:52:34 [Information] Z Axis Data Received: E
11/17/2024 12:52:34 [Information] Z Axis Data Received: D
11/17/2024 12:52:34 [Information] Z Axis Data Received: 
11/17/2024 12:52:34 [Information] Z Axis Data Received: 

11/17/2024 12:52:34 [Information] Z Axis Data Received: Z
11/17/2024 12:52:34 [Information] Z Axis Data Received:  
11/17/2024 12:52:34 [Information] Z Axis Data Received: A
11/17/2024 12:52:34 [Information] Z Axis Data Received: x
11/17/2024 12:52:34 [Information] Z Axis Data Received: i
11/17/2024 12:52:34 [Information] Z Axis Data Received: s
11/17/2024 12:52:34 [Information] Z Axis Data Received:  
11/17/2024 12:52:34 [Information] Z Axis Data Received: C
11/17/2024 12:52:34 [Information] Z Axis Data Received: C
11/17/2024 12:52:34 [Information] Z Axis Data Received: W
11/17/2024 12:52:34 [Information] Z Axis Data Received:  
11/17/2024 12:52:34 [Information] Z Axis Data Received: M
11/17/2024 12:52:34 [Information] Z Axis Data Received: o
11/17/2024 12:52:34 [Information] Z Axis Data Received: t
11/17/2024 12:52:34 [Information] Z Axis Data Received: o
11/17/2024 12:52:34 [Information] Z Axis Data Received: r
11/17/2024 12:52:34 [Information] Z Axis Data Received:  
11/17/2024 12:52:34 [Information] Z Axis Data Received: C
11/17/2024 12:52:34 [Information] Z Axis Data Received: u
11/17/2024 12:52:34 [Information] Z Axis Data Received: r
11/17/2024 12:52:34 [Information] Z Axis Data Received: r
11/17/2024 12:52:34 [Information] Z Axis Data Received: e
11/17/2024 12:52:34 [Information] Z Axis Data Received: n
11/17/2024 12:52:34 [Information] Z Axis Data Received: t
11/17/2024 12:52:34 [Information] Z Axis Data Received:  
11/17/2024 12:52:34 [Information] Z Axis Data Received: P
11/17/2024 12:52:34 [Information] Z Axis Data Received: o
11/17/2024 12:52:34 [Information] Z Axis Data Received: s
11/17/2024 12:52:34 [Information] Z Axis Data Received: i
11/17/2024 12:52:34 [Information] Z Axis Data Received: t
11/17/2024 12:52:34 [Information] Z Axis Data Received: i
11/17/2024 12:52:34 [Information] Z Axis Data Received: o
11/17/2024 12:52:34 [Information] Z Axis Data Received: n
11/17/2024 12:52:34 [Information] Z Axis Data Received: :
11/17/2024 12:52:34 [Information] Z Axis Data Received:  
11/17/2024 12:52:34 [Information] Z Axis Data Received:  
11/17/2024 12:52:34 [Information] Z Axis Data Received: 5
11/17/2024 12:52:34 [Information] Z Axis Data Received: 0
11/17/2024 12:52:34 [Information] Z Axis Data Received: 9
11/17/2024 12:52:34 [Information] Z Axis Data Received: 
11/17/2024 12:52:34 [Information] Z Axis Data Received: 

11/17/2024 12:52:34 [Information] Z Axis Data Received: Z
11/17/2024 12:52:34 [Information] Z Axis Data Received:  
11/17/2024 12:52:34 [Information] Z Axis Data Received: A
11/17/2024 12:52:34 [Information] Z Axis Data Received: x
11/17/2024 12:52:34 [Information] Z Axis Data Received: i
11/17/2024 12:52:34 [Information] Z Axis Data Received: s
11/17/2024 12:52:34 [Information] Z Axis Data Received:  
11/17/2024 12:52:34 [Information] Z Axis Data Received: C
11/17/2024 12:52:34 [Information] Z Axis Data Received: C
11/17/2024 12:52:34 [Information] Z Axis Data Received: W
11/17/2024 12:52:34 [Information] Z Axis Data Received:  
11/17/2024 12:52:34 [Information] Z Axis Data Received: S
11/17/2024 12:52:34 [Information] Z Axis Data Received: T
11/17/2024 12:52:34 [Information] Z Axis Data Received: O
11/17/2024 12:52:34 [Information] Z Axis Data Received: P
11/17/2024 12:52:34 [Information] Z Axis Data Received: P
11/17/2024 12:52:34 [Information] Z Axis Data Received: E
11/17/2024 12:52:34 [Information] Z Axis Data Received: D
11/17/2024 12:52:34 [Information] Z Axis Data Received: 
11/17/2024 12:52:34 [Information] Z Axis Data Received: 

11/17/2024 12:52:34 [Information] Z Axis Data Received: Z
11/17/2024 12:52:34 [Information] Z Axis Data Received:  
11/17/2024 12:52:34 [Information] Z Axis Data Received: A
11/17/2024 12:52:34 [Information] Z Axis Data Received: x
11/17/2024 12:52:34 [Information] Z Axis Data Received: i
11/17/2024 12:52:34 [Information] Z Axis Data Received: s
11/17/2024 12:52:34 [Information] Z Axis Data Received:  
11/17/2024 12:52:34 [Information] Z Axis Data Received: C
11/17/2024 12:52:34 [Information] Z Axis Data Received: C
11/17/2024 12:52:34 [Information] Z Axis Data Received: W
11/17/2024 12:52:34 [Information] Z Axis Data Received:  
11/17/2024 12:52:34 [Information] Z Axis Data Received: M
11/17/2024 12:52:34 [Information] Z Axis Data Received: o
11/17/2024 12:52:34 [Information] Z Axis Data Received: t
11/17/2024 12:52:34 [Information] Z Axis Data Received: o
11/17/2024 12:52:34 [Information] Z Axis Data Received: r
11/17/2024 12:52:34 [Information] Z Axis Data Received:  
11/17/2024 12:52:34 [Information] Z Axis Data Received: C
11/17/2024 12:52:34 [Information] Z Axis Data Received: u
11/17/2024 12:52:34 [Information] Z Axis Data Received: r
11/17/2024 12:52:34 [Information] Z Axis Data Received: r
11/17/2024 12:52:34 [Information] Z Axis Data Received: e
11/17/2024 12:52:34 [Information] Z Axis Data Received: n
11/17/2024 12:52:34 [Information] Z Axis Data Received: t
11/17/2024 12:52:34 [Information] Z Axis Data Received:  
11/17/2024 12:52:34 [Information] Z Axis Data Received: P
11/17/2024 12:52:34 [Information] Z Axis Data Received: o
11/17/2024 12:52:34 [Information] Z Axis Data Received: s
11/17/2024 12:52:34 [Information] Z Axis Data Received: i
11/17/2024 12:52:34 [Information] Z Axis Data Received: t
11/17/2024 12:52:34 [Information] Z Axis Data Received: i
11/17/2024 12:52:34 [Information] Z Axis Data Received: o
11/17/2024 12:52:34 [Information] Z Axis Data Received: n
11/17/2024 12:52:34 [Information] Z Axis Data Received: :
11/17/2024 12:52:34 [Information] Z Axis Data Received:  
11/17/2024 12:52:34 [Information] Z Axis Data Received:  
11/17/2024 12:52:34 [Information] Z Axis Data Received: 5
11/17/2024 12:52:34 [Information] Z Axis Data Received: 0
11/17/2024 12:52:34 [Information] Z Axis Data Received: 9
11/17/2024 12:52:34 [Information] Z Axis Data Received: 
11/17/2024 12:52:34 [Information] Z Axis Data Received: 

11/17/2024 12:52:35 [Information] Z Axis Data Received: Z
11/17/2024 12:52:35 [Information] Z Axis Data Received:  
11/17/2024 12:52:35 [Information] Z Axis Data Received: A
11/17/2024 12:52:35 [Information] Z Axis Data Received: x
11/17/2024 12:52:35 [Information] Z Axis Data Received: i
11/17/2024 12:52:35 [Information] Z Axis Data Received: s
11/17/2024 12:52:35 [Information] Z Axis Data Received:  
11/17/2024 12:52:35 [Information] Z Axis Data Received: r
11/17/2024 12:52:35 [Information] Z Axis Data Received: e
11/17/2024 12:52:35 [Information] Z Axis Data Received: a
11/17/2024 12:52:35 [Information] Z Axis Data Received: c
11/17/2024 12:52:35 [Information] Z Axis Data Received: h
11/17/2024 12:52:35 [Information] Z Axis Data Received: e
11/17/2024 12:52:35 [Information] Z Axis Data Received: d
11/17/2024 12:52:35 [Information] Z Axis Data Received:  
11/17/2024 12:52:35 [Information] Z Axis Data Received: t
11/17/2024 12:52:35 [Information] Z Axis Data Received: a
11/17/2024 12:52:35 [Information] Z Axis Data Received: r
11/17/2024 12:52:35 [Information] Z Axis Data Received: g
11/17/2024 12:52:35 [Information] Z Axis Data Received: e
11/17/2024 12:52:35 [Information] Z Axis Data Received: t
11/17/2024 12:52:35 [Information] Z Axis Data Received:  
11/17/2024 12:52:35 [Information] Z Axis Data Received: p
11/17/2024 12:52:35 [Information] Z Axis Data Received: o
11/17/2024 12:52:35 [Information] Z Axis Data Received: s
11/17/2024 12:52:35 [Information] Z Axis Data Received: i
11/17/2024 12:52:35 [Information] Z Axis Data Received: t
11/17/2024 12:52:35 [Information] Z Axis Data Received: i
11/17/2024 12:52:35 [Information] Z Axis Data Received: o
11/17/2024 12:52:35 [Information] Z Axis Data Received: n
11/17/2024 12:52:35 [Information] Z Axis Data Received: 
11/17/2024 12:52:35 [Information] Z Axis Data Received: 

11/17/2024 12:52:35 [Information] Z Axis Data Received: C
11/17/2024 12:52:35 [Information] Z Axis Data Received: u
11/17/2024 12:52:35 [Information] Z Axis Data Received: r
11/17/2024 12:52:35 [Information] Z Axis Data Received: r
11/17/2024 12:52:35 [Information] Z Axis Data Received: e
11/17/2024 12:52:35 [Information] Z Axis Data Received: n
11/17/2024 12:52:35 [Information] Z Axis Data Received: t
11/17/2024 12:52:35 [Information] Z Axis Data Received:  
11/17/2024 12:52:35 [Information] Z Axis Data Received: P
11/17/2024 12:52:35 [Information] Z Axis Data Received: o
11/17/2024 12:52:35 [Information] Z Axis Data Received: s
11/17/2024 12:52:35 [Information] Z Axis Data Received: i
11/17/2024 12:52:35 [Information] Z Axis Data Received: t
11/17/2024 12:52:35 [Information] Z Axis Data Received: i
11/17/2024 12:52:35 [Information] Z Axis Data Received: o
11/17/2024 12:52:35 [Information] Z Axis Data Received: n
11/17/2024 12:52:35 [Information] Z Axis Data Received: :
11/17/2024 12:52:35 [Information] Z Axis Data Received:  
11/17/2024 12:52:35 [Information] Z Axis Data Received: 5
11/17/2024 12:52:35 [Information] Z Axis Data Received: 8
11/17/2024 12:52:35 [Information] Z Axis Data Received: 9
11/17/2024 12:52:35 [Information] Z Axis Data Received: 
11/17/2024 12:52:35 [Information] Z Axis Data Received: 

11/17/2024 12:52:42 [Information] Z Axis Run button clicked:
11/17/2024 12:52:42 [Information] Z Axis MotorMovementSeconds decimal: (32.00 / 4) / 2 = 4.00
11/17/2024 12:52:43 [Information] Z Axis Run Event: Z,0.00,400.00,0,0.00,400.00,0,32.00,400.00,0
11/17/2024 12:52:43 [Information] Z Axis Current Time: 12:52:43 + 4000 = 12:52:47
11/17/2024 12:52:43 [Information] Z Axis Data Received: s
11/17/2024 12:52:43 [Information] Z Axis Data Received: er
11/17/2024 12:52:43 [Information] Z Axis Data Received: i
11/17/2024 12:52:43 [Information] Z Axis Data Received: al
11/17/2024 12:52:43 [Information] Z Axis Data Received: D
11/17/2024 12:52:43 [Information] Z Axis Data Received: at
11/17/2024 12:52:43 [Information] Z Axis Data Received: a
11/17/2024 12:52:43 [Information] Z Axis Data Received: : 
11/17/2024 12:52:43 [Information] Z Axis Data Received: Z
11/17/2024 12:52:43 [Information] Z Axis Data Received: ,
11/17/2024 12:52:43 [Information] Z Axis Data Received: 0
11/17/2024 12:52:43 [Information] Z Axis Data Received: .
11/17/2024 12:52:43 [Information] Z Axis Data Received: 0
11/17/2024 12:52:43 [Information] Z Axis Data Received: 0,
11/17/2024 12:52:43 [Information] Z Axis Data Received: 4
11/17/2024 12:52:43 [Information] Z Axis Data Received: 0
11/17/2024 12:52:43 [Information] Z Axis Data Received: 0
11/17/2024 12:52:43 [Information] Z Axis Data Received: .
11/17/2024 12:52:43 [Information] Z Axis Data Received: 0
11/17/2024 12:52:43 [Information] Z Axis Data Received: 0
11/17/2024 12:52:43 [Information] Z Axis Data Received: ,
11/17/2024 12:52:43 [Information] Z Axis Data Received: 0
11/17/2024 12:52:43 [Information] Z Axis Data Received: ,
11/17/2024 12:52:43 [Information] Stepper Motor Controller Disable Z Axis controls while moving to location.
11/17/2024 12:52:43 [Information] Time remaining: 00:00:00 targetEndTime = 12:52:47
11/17/2024 12:52:43 [Information] Z Axis Data Received: 0
11/17/2024 12:52:43 [Information] Z Axis Data Received: .
11/17/2024 12:52:43 [Information] Z Axis Data Received: 0
11/17/2024 12:52:43 [Information] Z Axis Data Received: 0
11/17/2024 12:52:43 [Information] Z Axis Data Received: ,
11/17/2024 12:52:43 [Information] Z Axis Data Received: 4
11/17/2024 12:52:43 [Information] Z Axis Data Received: 0
11/17/2024 12:52:43 [Information] Z Axis Data Received: 0
11/17/2024 12:52:43 [Information] Z Axis Data Received: .
11/17/2024 12:52:43 [Information] Z Axis Data Received: 0
11/17/2024 12:52:43 [Information] Z Axis Data Received: 0
11/17/2024 12:52:43 [Information] Z Axis Data Received: ,
11/17/2024 12:52:43 [Information] Z Axis Data Received: 0
11/17/2024 12:52:43 [Information] Z Axis Data Received: ,
11/17/2024 12:52:43 [Information] Z Axis Data Received: 3
11/17/2024 12:52:43 [Information] Z Axis Data Received: 2
11/17/2024 12:52:43 [Information] Z Axis Data Received: .
11/17/2024 12:52:43 [Information] Z Axis Data Received: 0
11/17/2024 12:52:43 [Information] Z Axis Data Received: 0
11/17/2024 12:52:43 [Information] Z Axis Data Received: ,
11/17/2024 12:52:43 [Information] Z Axis Data Received: 4
11/17/2024 12:52:43 [Information] Z Axis Data Received: 0
11/17/2024 12:52:43 [Information] Z Axis Data Received: 0
11/17/2024 12:52:43 [Information] Z Axis Data Received: .
11/17/2024 12:52:43 [Information] Z Axis Data Received: 0
11/17/2024 12:52:43 [Information] Z Axis Data Received: 0
11/17/2024 12:52:43 [Information] Z Axis Data Received: ,
11/17/2024 12:52:43 [Information] Z Axis Data Received: 0
11/17/2024 12:52:43 [Information] Z Axis Data Received: 
11/17/2024 12:52:43 [Information] Z Axis Data Received: 

11/17/2024 12:52:43 [Information] Stepper Motor Controller Disable Z Axis controls while moving to location.
11/17/2024 12:52:43 [Information] Time remaining: 00:00:00 targetEndTime = 12:52:47
11/17/2024 12:52:43 [Information] Stepper Motor Controller Disable Z Axis controls while moving to location.
11/17/2024 12:52:43 [Information] Time remaining: 00:00:00 targetEndTime = 12:52:47
11/17/2024 12:52:43 [Information] Stepper Motor Controller Disable Z Axis controls while moving to location.
11/17/2024 12:52:43 [Information] Time remaining: 00:00:00 targetEndTime = 12:52:47
11/17/2024 12:52:43 [Information] Stepper Motor Controller Disable Z Axis controls while moving to location.
11/17/2024 12:52:43 [Information] Time remaining: 00:00:00 targetEndTime = 12:52:47
11/17/2024 12:52:43 [Information] Stepper Motor Controller Disable Z Axis controls while moving to location.
11/17/2024 12:52:43 [Information] Time remaining: 00:00:00 targetEndTime = 12:52:47
11/17/2024 12:52:44 [Information] Stepper Motor Controller Disable Z Axis controls while moving to location.
11/17/2024 12:52:44 [Information] Time remaining: 00:00:00 targetEndTime = 12:52:47
11/17/2024 12:52:44 [Information] Stepper Motor Controller Disable Z Axis controls while moving to location.
11/17/2024 12:52:44 [Information] Time remaining: 00:00:00 targetEndTime = 12:52:47
11/17/2024 12:52:44 [Information] Stepper Motor Controller Disable Z Axis controls while moving to location.
11/17/2024 12:52:44 [Information] Time remaining: 00:00:00 targetEndTime = 12:52:47
11/17/2024 12:52:44 [Information] Stepper Motor Controller Disable Z Axis controls while moving to location.
11/17/2024 12:52:44 [Information] Time remaining: 00:00:00 targetEndTime = 12:52:47
11/17/2024 12:52:44 [Information] Stepper Motor Controller Disable Z Axis controls while moving to location.
11/17/2024 12:52:44 [Information] Time remaining: 00:00:00 targetEndTime = 12:52:47
11/17/2024 12:52:44 [Information] Stepper Motor Controller Disable Z Axis controls while moving to location.
11/17/2024 12:52:44 [Information] Time remaining: 00:00:00 targetEndTime = 12:52:47
11/17/2024 12:52:44 [Information] Stepper Motor Controller Disable Z Axis controls while moving to location.
11/17/2024 12:52:44 [Information] Time remaining: 00:00:00 targetEndTime = 12:52:47
11/17/2024 12:52:44 [Information] Stepper Motor Controller Disable Z Axis controls while moving to location.
11/17/2024 12:52:44 [Information] Time remaining: 00:00:00 targetEndTime = 12:52:47
11/17/2024 12:52:44 [Information] Stepper Motor Controller Disable Z Axis controls while moving to location.
11/17/2024 12:52:44 [Information] Time remaining: 00:00:00 targetEndTime = 12:52:47
11/17/2024 12:52:44 [Information] Stepper Motor Controller Disable Z Axis controls while moving to location.
11/17/2024 12:52:44 [Information] Time remaining: 00:00:00 targetEndTime = 12:52:47
11/17/2024 12:52:44 [Information] Stepper Motor Controller Disable Z Axis controls while moving to location.
11/17/2024 12:52:44 [Information] Time remaining: 00:00:00 targetEndTime = 12:52:47
11/17/2024 12:52:44 [Information] Stepper Motor Controller Disable Z Axis controls while moving to location.
11/17/2024 12:52:44 [Information] Time remaining: 00:00:00 targetEndTime = 12:52:47
11/17/2024 12:52:44 [Information] Stepper Motor Controller Disable Z Axis controls while moving to location.
11/17/2024 12:52:44 [Information] Time remaining: 00:00:00 targetEndTime = 12:52:47
11/17/2024 12:52:44 [Information] Stepper Motor Controller Disable Z Axis controls while moving to location.
11/17/2024 12:52:44 [Information] Time remaining: 00:00:00 targetEndTime = 12:52:47
11/17/2024 12:52:44 [Information] Stepper Motor Controller Disable Z Axis controls while moving to location.
11/17/2024 12:52:44 [Information] Time remaining: 00:00:00 targetEndTime = 12:52:47
11/17/2024 12:52:44 [Information] Stepper Motor Controller Disable Z Axis controls while moving to location.
11/17/2024 12:52:44 [Information] Time remaining: 00:00:00 targetEndTime = 12:52:47
11/17/2024 12:52:44 [Information] Stepper Motor Controller Disable Z Axis controls while moving to location.
11/17/2024 12:52:44 [Information] Time remaining: 00:00:00 targetEndTime = 12:52:47
11/17/2024 12:52:44 [Information] Stepper Motor Controller Disable Z Axis controls while moving to location.
11/17/2024 12:52:44 [Information] Time remaining: 00:00:00 targetEndTime = 12:52:47
11/17/2024 12:52:44 [Information] Stepper Motor Controller Disable Z Axis controls while moving to location.
11/17/2024 12:52:44 [Information] Time remaining: 00:00:00 targetEndTime = 12:52:47
11/17/2024 12:52:44 [Information] Stepper Motor Controller Disable Z Axis controls while moving to location.
11/17/2024 12:52:44 [Information] Time remaining: 00:00:00 targetEndTime = 12:52:47
11/17/2024 12:52:44 [Information] Stepper Motor Controller Disable Z Axis controls while moving to location.
11/17/2024 12:52:44 [Information] Time remaining: 00:00:00 targetEndTime = 12:52:47
11/17/2024 12:52:44 [Information] Stepper Motor Controller Disable Z Axis controls while moving to location.
11/17/2024 12:52:44 [Information] Time remaining: 00:00:00 targetEndTime = 12:52:47
11/17/2024 12:52:44 [Information] Stepper Motor Controller Disable Z Axis controls while moving to location.
11/17/2024 12:52:44 [Information] Time remaining: 00:00:00 targetEndTime = 12:52:47
11/17/2024 12:52:44 [Information] Stepper Motor Controller Disable Z Axis controls while moving to location.
11/17/2024 12:52:44 [Information] Time remaining: 00:00:00 targetEndTime = 12:52:47
11/17/2024 12:52:44 [Information] Stepper Motor Controller Disable Z Axis controls while moving to location.
11/17/2024 12:52:44 [Information] Time remaining: 00:00:00 targetEndTime = 12:52:47
11/17/2024 12:52:44 [Information] Stepper Motor Controller Disable Z Axis controls while moving to location.
11/17/2024 12:52:44 [Information] Time remaining: 00:00:00 targetEndTime = 12:52:47
11/17/2024 12:52:44 [Information] Stepper Motor Controller Disable Z Axis controls while moving to location.
11/17/2024 12:52:44 [Information] Time remaining: 00:00:00 targetEndTime = 12:52:47
11/17/2024 12:52:44 [Information] Stepper Motor Controller Disable Z Axis controls while moving to location.
11/17/2024 12:52:44 [Information] Time remaining: 00:00:00 targetEndTime = 12:52:47
11/17/2024 12:52:44 [Information] Stepper Motor Controller Disable Z Axis controls while moving to location.
11/17/2024 12:52:44 [Information] Time remaining: 00:00:00 targetEndTime = 12:52:47
11/17/2024 12:52:44 [Information] Stepper Motor Controller Disable Z Axis controls while moving to location.
11/17/2024 12:52:44 [Information] Time remaining: 00:00:00 targetEndTime = 12:52:47
11/17/2024 12:52:44 [Information] Stepper Motor Controller Disable Z Axis controls while moving to location.
11/17/2024 12:52:44 [Information] Time remaining: 00:00:00 targetEndTime = 12:52:47
11/17/2024 12:52:44 [Information] Stepper Motor Controller Disable Z Axis controls while moving to location.
11/17/2024 12:52:44 [Information] Time remaining: 00:00:00 targetEndTime = 12:52:47
11/17/2024 12:52:44 [Information] Stepper Motor Controller Disable Z Axis controls while moving to location.
11/17/2024 12:52:44 [Information] Time remaining: 00:00:00 targetEndTime = 12:52:47
11/17/2024 12:52:44 [Information] Stepper Motor Controller Disable Z Axis controls while moving to location.
11/17/2024 12:52:44 [Information] Time remaining: 00:00:00 targetEndTime = 12:52:47
11/17/2024 12:52:44 [Information] Stepper Motor Controller Disable Z Axis controls while moving to location.
11/17/2024 12:52:44 [Information] Time remaining: 00:00:00 targetEndTime = 12:52:47
11/17/2024 12:52:44 [Information] Stepper Motor Controller Disable Z Axis controls while moving to location.
11/17/2024 12:52:44 [Information] Time remaining: 00:00:00 targetEndTime = 12:52:47
11/17/2024 12:52:44 [Information] Stepper Motor Controller Disable Z Axis controls while moving to location.
11/17/2024 12:52:44 [Information] Time remaining: 00:00:00 targetEndTime = 12:52:47
11/17/2024 12:52:44 [Information] Stepper Motor Controller Disable Z Axis controls while moving to location.
11/17/2024 12:52:44 [Information] Time remaining: 00:00:00 targetEndTime = 12:52:47
11/17/2024 12:52:44 [Information] Stepper Motor Controller Disable Z Axis controls while moving to location.
11/17/2024 12:52:44 [Information] Time remaining: 00:00:00 targetEndTime = 12:52:47
11/17/2024 12:52:44 [Information] Stepper Motor Controller Disable Z Axis controls while moving to location.
11/17/2024 12:52:44 [Information] Time remaining: 00:00:00 targetEndTime = 12:52:47
11/17/2024 12:52:44 [Information] Stepper Motor Controller Disable Z Axis controls while moving to location.
11/17/2024 12:52:44 [Information] Time remaining: 00:00:00 targetEndTime = 12:52:47
11/17/2024 12:52:44 [Information] Stepper Motor Controller Disable Z Axis controls while moving to location.
11/17/2024 12:52:44 [Information] Time remaining: 00:00:00 targetEndTime = 12:52:47
11/17/2024 12:52:44 [Information] Stepper Motor Controller Disable Z Axis controls while moving to location.
11/17/2024 12:52:44 [Information] Time remaining: 00:00:00 targetEndTime = 12:52:47
11/17/2024 12:52:44 [Information] Stepper Motor Controller Disable Z Axis controls while moving to location.
11/17/2024 12:52:44 [Information] Time remaining: 00:00:00 targetEndTime = 12:52:47
11/17/2024 12:52:44 [Information] Stepper Motor Controller Disable Z Axis controls while moving to location.
11/17/2024 12:52:44 [Information] Time remaining: 00:00:00 targetEndTime = 12:52:47
11/17/2024 12:52:44 [Information] Stepper Motor Controller Disable Z Axis controls while moving to location.
11/17/2024 12:52:44 [Information] Time remaining: 00:00:00 targetEndTime = 12:52:47
11/17/2024 12:52:44 [Information] Stepper Motor Controller Disable Z Axis controls while moving to location.
11/17/2024 12:52:44 [Information] Time remaining: 00:00:00 targetEndTime = 12:52:47
11/17/2024 12:52:44 [Information] Stepper Motor Controller Disable Z Axis controls while moving to location.
11/17/2024 12:52:44 [Information] Time remaining: 00:00:01 targetEndTime = 12:52:47
11/17/2024 12:52:44 [Information] Stepper Motor Controller Disable Z Axis controls while moving to location.
11/17/2024 12:52:44 [Information] Time remaining: 00:00:01 targetEndTime = 12:52:47
11/17/2024 12:52:44 [Information] Stepper Motor Controller Disable Z Axis controls while moving to location.
11/17/2024 12:52:44 [Information] Time remaining: 00:00:01 targetEndTime = 12:52:47
11/17/2024 12:52:44 [Information] Stepper Motor Controller Disable Z Axis controls while moving to location.
11/17/2024 12:52:44 [Information] Time remaining: 00:00:01 targetEndTime = 12:52:47
11/17/2024 12:52:44 [Information] Stepper Motor Controller Disable Z Axis controls while moving to location.
11/17/2024 12:52:44 [Information] Time remaining: 00:00:01 targetEndTime = 12:52:47
11/17/2024 12:52:44 [Information] Stepper Motor Controller Disable Z Axis controls while moving to location.
11/17/2024 12:52:44 [Information] Time remaining: 00:00:01 targetEndTime = 12:52:47
11/17/2024 12:52:44 [Information] Stepper Motor Controller Disable Z Axis controls while moving to location.
11/17/2024 12:52:44 [Information] Time remaining: 00:00:01 targetEndTime = 12:52:47
11/17/2024 12:52:44 [Information] Stepper Motor Controller Disable Z Axis controls while moving to location.
11/17/2024 12:52:44 [Information] Time remaining: 00:00:01 targetEndTime = 12:52:47
11/17/2024 12:52:44 [Information] Stepper Motor Controller Disable Z Axis controls while moving to location.
11/17/2024 12:52:44 [Information] Time remaining: 00:00:01 targetEndTime = 12:52:47
11/17/2024 12:52:44 [Information] Stepper Motor Controller Disable Z Axis controls while moving to location.
11/17/2024 12:52:44 [Information] Time remaining: 00:00:01 targetEndTime = 12:52:47
11/17/2024 12:52:44 [Information] Stepper Motor Controller Disable Z Axis controls while moving to location.
11/17/2024 12:52:44 [Information] Time remaining: 00:00:01 targetEndTime = 12:52:47
11/17/2024 12:52:44 [Information] Stepper Motor Controller Disable Z Axis controls while moving to location.
11/17/2024 12:52:44 [Information] Time remaining: 00:00:01 targetEndTime = 12:52:47
11/17/2024 12:52:45 [Information] Stepper Motor Controller Disable Z Axis controls while moving to location.
11/17/2024 12:52:45 [Information] Time remaining: 00:00:01 targetEndTime = 12:52:47
11/17/2024 12:52:45 [Information] Stepper Motor Controller Disable Z Axis controls while moving to location.
11/17/2024 12:52:45 [Information] Time remaining: 00:00:01 targetEndTime = 12:52:47
11/17/2024 12:52:45 [Information] Stepper Motor Controller Disable Z Axis controls while moving to location.
11/17/2024 12:52:45 [Information] Time remaining: 00:00:01 targetEndTime = 12:52:47
11/17/2024 12:52:45 [Information] Stepper Motor Controller Disable Z Axis controls while moving to location.
11/17/2024 12:52:45 [Information] Time remaining: 00:00:01 targetEndTime = 12:52:47
11/17/2024 12:52:45 [Information] Stepper Motor Controller Disable Z Axis controls while moving to location.
11/17/2024 12:52:45 [Information] Time remaining: 00:00:01 targetEndTime = 12:52:47
11/17/2024 12:52:45 [Information] Stepper Motor Controller Disable Z Axis controls while moving to location.
11/17/2024 12:52:45 [Information] Time remaining: 00:00:01 targetEndTime = 12:52:47
11/17/2024 12:52:45 [Information] Stepper Motor Controller Disable Z Axis controls while moving to location.
11/17/2024 12:52:45 [Information] Time remaining: 00:00:01 targetEndTime = 12:52:47
11/17/2024 12:52:45 [Information] Stepper Motor Controller Disable Z Axis controls while moving to location.
11/17/2024 12:52:45 [Information] Time remaining: 00:00:01 targetEndTime = 12:52:47
11/17/2024 12:52:45 [Information] Stepper Motor Controller Disable Z Axis controls while moving to location.
11/17/2024 12:52:45 [Information] Time remaining: 00:00:01 targetEndTime = 12:52:47
11/17/2024 12:52:45 [Information] Stepper Motor Controller Disable Z Axis controls while moving to location.
11/17/2024 12:52:45 [Information] Time remaining: 00:00:01 targetEndTime = 12:52:47
11/17/2024 12:52:45 [Information] Stepper Motor Controller Disable Z Axis controls while moving to location.
11/17/2024 12:52:45 [Information] Time remaining: 00:00:01 targetEndTime = 12:52:47
11/17/2024 12:52:45 [Information] Stepper Motor Controller Disable Z Axis controls while moving to location.
11/17/2024 12:52:45 [Information] Time remaining: 00:00:01 targetEndTime = 12:52:47
11/17/2024 12:52:45 [Information] Stepper Motor Controller Disable Z Axis controls while moving to location.
11/17/2024 12:52:45 [Information] Time remaining: 00:00:01 targetEndTime = 12:52:47
11/17/2024 12:52:45 [Information] Stepper Motor Controller Disable Z Axis controls while moving to location.
11/17/2024 12:52:45 [Information] Time remaining: 00:00:01 targetEndTime = 12:52:47
11/17/2024 12:52:45 [Information] Stepper Motor Controller Disable Z Axis controls while moving to location.
11/17/2024 12:52:45 [Information] Time remaining: 00:00:01 targetEndTime = 12:52:47
11/17/2024 12:52:45 [Information] Stepper Motor Controller Disable Z Axis controls while moving to location.
11/17/2024 12:52:45 [Information] Time remaining: 00:00:01 targetEndTime = 12:52:47
11/17/2024 12:52:45 [Information] Stepper Motor Controller Disable Z Axis controls while moving to location.
11/17/2024 12:52:45 [Information] Time remaining: 00:00:01 targetEndTime = 12:52:47
11/17/2024 12:52:45 [Information] Stepper Motor Controller Disable Z Axis controls while moving to location.
11/17/2024 12:52:45 [Information] Time remaining: 00:00:01 targetEndTime = 12:52:47
11/17/2024 12:52:45 [Information] Stepper Motor Controller Disable Z Axis controls while moving to location.
11/17/2024 12:52:45 [Information] Time remaining: 00:00:01 targetEndTime = 12:52:47
11/17/2024 12:52:45 [Information] Stepper Motor Controller Disable Z Axis controls while moving to location.
11/17/2024 12:52:45 [Information] Time remaining: 00:00:01 targetEndTime = 12:52:47
11/17/2024 12:52:45 [Information] Stepper Motor Controller Disable Z Axis controls while moving to location.
11/17/2024 12:52:45 [Information] Time remaining: 00:00:01 targetEndTime = 12:52:47
11/17/2024 12:52:45 [Information] Stepper Motor Controller Disable Z Axis controls while moving to location.
11/17/2024 12:52:45 [Information] Time remaining: 00:00:01 targetEndTime = 12:52:47
11/17/2024 12:52:45 [Information] Stepper Motor Controller Disable Z Axis controls while moving to location.
11/17/2024 12:52:45 [Information] Time remaining: 00:00:01 targetEndTime = 12:52:47
11/17/2024 12:52:45 [Information] Stepper Motor Controller Disable Z Axis controls while moving to location.
11/17/2024 12:52:45 [Information] Time remaining: 00:00:01 targetEndTime = 12:52:47
11/17/2024 12:52:45 [Information] Stepper Motor Controller Disable Z Axis controls while moving to location.
11/17/2024 12:52:45 [Information] Time remaining: 00:00:01 targetEndTime = 12:52:47
11/17/2024 12:52:45 [Information] Stepper Motor Controller Disable Z Axis controls while moving to location.
11/17/2024 12:52:45 [Information] Time remaining: 00:00:01 targetEndTime = 12:52:47
11/17/2024 12:52:45 [Information] Stepper Motor Controller Disable Z Axis controls while moving to location.
11/17/2024 12:52:45 [Information] Time remaining: 00:00:01 targetEndTime = 12:52:47
11/17/2024 12:52:45 [Information] Stepper Motor Controller Disable Z Axis controls while moving to location.
11/17/2024 12:52:45 [Information] Time remaining: 00:00:01 targetEndTime = 12:52:47
11/17/2024 12:52:45 [Information] Stepper Motor Controller Disable Z Axis controls while moving to location.
11/17/2024 12:52:45 [Information] Time remaining: 00:00:01 targetEndTime = 12:52:47
11/17/2024 12:52:45 [Information] Stepper Motor Controller Disable Z Axis controls while moving to location.
11/17/2024 12:52:45 [Information] Time remaining: 00:00:01 targetEndTime = 12:52:47
11/17/2024 12:52:45 [Information] Stepper Motor Controller Disable Z Axis controls while moving to location.
11/17/2024 12:52:45 [Information] Time remaining: 00:00:01 targetEndTime = 12:52:47
11/17/2024 12:52:45 [Information] Stepper Motor Controller Disable Z Axis controls while moving to location.
11/17/2024 12:52:45 [Information] Time remaining: 00:00:01 targetEndTime = 12:52:47
11/17/2024 12:52:45 [Information] Stepper Motor Controller Disable Z Axis controls while moving to location.
11/17/2024 12:52:45 [Information] Time remaining: 00:00:01 targetEndTime = 12:52:47
11/17/2024 12:52:45 [Information] Stepper Motor Controller Disable Z Axis controls while moving to location.
11/17/2024 12:52:45 [Information] Time remaining: 00:00:01 targetEndTime = 12:52:47
11/17/2024 12:52:45 [Information] Stepper Motor Controller Disable Z Axis controls while moving to location.
11/17/2024 12:52:45 [Information] Time remaining: 00:00:01 targetEndTime = 12:52:47
11/17/2024 12:52:45 [Information] Stepper Motor Controller Disable Z Axis controls while moving to location.
11/17/2024 12:52:45 [Information] Time remaining: 00:00:01 targetEndTime = 12:52:47
11/17/2024 12:52:45 [Information] Stepper Motor Controller Disable Z Axis controls while moving to location.
11/17/2024 12:52:45 [Information] Time remaining: 00:00:01 targetEndTime = 12:52:47
11/17/2024 12:52:45 [Information] Stepper Motor Controller Disable Z Axis controls while moving to location.
11/17/2024 12:52:45 [Information] Time remaining: 00:00:01 targetEndTime = 12:52:47
11/17/2024 12:52:45 [Information] Stepper Motor Controller Disable Z Axis controls while moving to location.
11/17/2024 12:52:45 [Information] Time remaining: 00:00:01 targetEndTime = 12:52:47
11/17/2024 12:52:45 [Information] Stepper Motor Controller Disable Z Axis controls while moving to location.
11/17/2024 12:52:45 [Information] Time remaining: 00:00:01 targetEndTime = 12:52:47
11/17/2024 12:52:45 [Information] Stepper Motor Controller Disable Z Axis controls while moving to location.
11/17/2024 12:52:45 [Information] Time remaining: 00:00:01 targetEndTime = 12:52:47
11/17/2024 12:52:45 [Information] Stepper Motor Controller Disable Z Axis controls while moving to location.
11/17/2024 12:52:45 [Information] Time remaining: 00:00:01 targetEndTime = 12:52:47
11/17/2024 12:52:45 [Information] Stepper Motor Controller Disable Z Axis controls while moving to location.
11/17/2024 12:52:45 [Information] Time remaining: 00:00:01 targetEndTime = 12:52:47
11/17/2024 12:52:45 [Information] Stepper Motor Controller Disable Z Axis controls while moving to location.
11/17/2024 12:52:45 [Information] Time remaining: 00:00:01 targetEndTime = 12:52:47
11/17/2024 12:52:45 [Information] Stepper Motor Controller Disable Z Axis controls while moving to location.
11/17/2024 12:52:45 [Information] Time remaining: 00:00:01 targetEndTime = 12:52:47
11/17/2024 12:52:45 [Information] Stepper Motor Controller Disable Z Axis controls while moving to location.
11/17/2024 12:52:45 [Information] Time remaining: 00:00:01 targetEndTime = 12:52:47
11/17/2024 12:52:45 [Information] Stepper Motor Controller Disable Z Axis controls while moving to location.
11/17/2024 12:52:45 [Information] Time remaining: 00:00:01 targetEndTime = 12:52:47
11/17/2024 12:52:45 [Information] Stepper Motor Controller Disable Z Axis controls while moving to location.
11/17/2024 12:52:45 [Information] Time remaining: 00:00:02 targetEndTime = 12:52:47
11/17/2024 12:52:45 [Information] Stepper Motor Controller Disable Z Axis controls while moving to location.
11/17/2024 12:52:45 [Information] Time remaining: 00:00:02 targetEndTime = 12:52:47
11/17/2024 12:52:45 [Information] Stepper Motor Controller Disable Z Axis controls while moving to location.
11/17/2024 12:52:45 [Information] Time remaining: 00:00:02 targetEndTime = 12:52:47
11/17/2024 12:52:45 [Information] Stepper Motor Controller Disable Z Axis controls while moving to location.
11/17/2024 12:52:45 [Information] Time remaining: 00:00:02 targetEndTime = 12:52:47
11/17/2024 12:52:45 [Information] Stepper Motor Controller Disable Z Axis controls while moving to location.
11/17/2024 12:52:45 [Information] Time remaining: 00:00:02 targetEndTime = 12:52:47
11/17/2024 12:52:45 [Information] Stepper Motor Controller Disable Z Axis controls while moving to location.
11/17/2024 12:52:45 [Information] Time remaining: 00:00:02 targetEndTime = 12:52:47
11/17/2024 12:52:45 [Information] Stepper Motor Controller Disable Z Axis controls while moving to location.
11/17/2024 12:52:45 [Information] Time remaining: 00:00:02 targetEndTime = 12:52:47
11/17/2024 12:52:45 [Information] Z Axis Data Received: Z
11/17/2024 12:52:45 [Information] Z Axis Data Received:  
11/17/2024 12:52:45 [Information] Z Axis Data Received: A
11/17/2024 12:52:45 [Information] Z Axis Data Received: x
11/17/2024 12:52:45 [Information] Z Axis Data Received: i
11/17/2024 12:52:45 [Information] Z Axis Data Received: s
11/17/2024 12:52:45 [Information] Z Axis Data Received:  
11/17/2024 12:52:45 [Information] Z Axis Data Received: C
11/17/2024 12:52:45 [Information] Z Axis Data Received: C
11/17/2024 12:52:45 [Information] Z Axis Data Received: W
11/17/2024 12:52:45 [Information] Z Axis Data Received:  
11/17/2024 12:52:45 [Information] Stepper Motor Controller Disable Z Axis controls while moving to location.
11/17/2024 12:52:45 [Information] Z Axis Data Received: S
11/17/2024 12:52:45 [Information] Time remaining: 00:00:02 targetEndTime = 12:52:47
11/17/2024 12:52:45 [Information] Z Axis Data Received: T
11/17/2024 12:52:45 [Information] Z Axis Data Received: O
11/17/2024 12:52:45 [Information] Z Axis Data Received: P
11/17/2024 12:52:45 [Information] Z Axis Data Received: P
11/17/2024 12:52:45 [Information] Z Axis Data Received: E
11/17/2024 12:52:45 [Information] Z Axis Data Received: D
11/17/2024 12:52:45 [Information] Z Axis Data Received: 
11/17/2024 12:52:45 [Information] Z Axis Data Received: 

11/17/2024 12:52:45 [Information] Z Axis Data Received: Z
11/17/2024 12:52:45 [Information] Z Axis Data Received:  
11/17/2024 12:52:45 [Information] Z Axis Data Received: A
11/17/2024 12:52:45 [Information] Z Axis Data Received: x
11/17/2024 12:52:45 [Information] Z Axis Data Received: i
11/17/2024 12:52:45 [Information] Stepper Motor Controller Disable Z Axis controls while moving to location.
11/17/2024 12:52:45 [Information] Time remaining: 00:00:02 targetEndTime = 12:52:47
11/17/2024 12:52:45 [Information] Z Axis Data Received: s
11/17/2024 12:52:45 [Information] Z Axis Data Received:  
11/17/2024 12:52:45 [Information] Z Axis Data Received: C
11/17/2024 12:52:45 [Information] Z Axis Data Received: C
11/17/2024 12:52:45 [Information] Z Axis Data Received: W
11/17/2024 12:52:45 [Information] Z Axis Data Received:  
11/17/2024 12:52:45 [Information] Z Axis Data Received: M
11/17/2024 12:52:45 [Information] Z Axis Data Received: o
11/17/2024 12:52:45 [Information] Z Axis Data Received: t
11/17/2024 12:52:45 [Information] Z Axis Data Received: o
11/17/2024 12:52:45 [Information] Z Axis Data Received: r
11/17/2024 12:52:45 [Information] Z Axis Data Received:  
11/17/2024 12:52:45 [Information] Z Axis Data Received: C
11/17/2024 12:52:45 [Information] Z Axis Data Received: u
11/17/2024 12:52:45 [Information] Z Axis Data Received: r
11/17/2024 12:52:45 [Information] Stepper Motor Controller Disable Z Axis controls while moving to location.
11/17/2024 12:52:45 [Information] Z Axis Data Received: r
11/17/2024 12:52:45 [Information] Z Axis Data Received: e
11/17/2024 12:52:46 [Information] Z Axis Data Received: nt Position:  767
Z Axis CCW STOPPED
Z Axis CCW Motor 
11/17/2024 12:52:46 [Information] Limit Switch Pressed
11/17/2024 12:52:46 [Information] Stepper Motor Controller Timer Stopped.
11/17/2024 12:52:46 [Information] Stepper Motor Controller Stopwatch Reset.
11/17/2024 12:52:46 [Information] Z Axis Data Received: Current Position:  767
Z Axis C
11/17/2024 12:52:46 [Information] Z Axis Data Received: C
11/17/2024 12:52:46 [Information] Z Axis Data Received: W
11/17/2024 12:52:46 [Information] Z Axis Data Received:  
11/17/2024 12:52:46 [Information] Z Axis Data Received: S
11/17/2024 12:52:46 [Information] Z Axis Data Received: T
11/17/2024 12:52:46 [Information] Z Axis Data Received: O
11/17/2024 12:52:46 [Information] Z Axis Data Received: P
11/17/2024 12:52:46 [Information] Z Axis Data Received: P
11/17/2024 12:52:46 [Information] Z Axis Data Received: E
11/17/2024 12:52:46 [Information] Z Axis Data Received: D
11/17/2024 12:52:46 [Information] Z Axis Data Received: 
11/17/2024 12:52:46 [Information] Z Axis Data Received: 

11/17/2024 12:52:46 [Information] Z Axis Data Received: Z
11/17/2024 12:52:46 [Information] Z Axis Data Received:  
11/17/2024 12:52:46 [Information] Z Axis Data Received: A
11/17/2024 12:52:46 [Information] Z Axis Data Received: x
11/17/2024 12:52:46 [Information] Z Axis Data Received: i
11/17/2024 12:52:46 [Information] Z Axis Data Received: s
11/17/2024 12:52:46 [Information] Z Axis Data Received:  
11/17/2024 12:52:46 [Information] Z Axis Data Received: C
11/17/2024 12:52:46 [Information] Z Axis Data Received: C
11/17/2024 12:52:46 [Information] Z Axis Data Received: W
11/17/2024 12:52:46 [Information] Z Axis Data Received:  
11/17/2024 12:52:46 [Information] Z Axis Data Received: M
11/17/2024 12:52:46 [Information] Z Axis Data Received: o
11/17/2024 12:52:46 [Information] Z Axis Data Received: t
11/17/2024 12:52:46 [Information] Z Axis Data Received: o
11/17/2024 12:52:46 [Information] Z Axis Data Received: r
11/17/2024 12:52:46 [Information] Z Axis Data Received:  
11/17/2024 12:52:46 [Information] Z Axis Data Received: C
11/17/2024 12:52:46 [Information] Z Axis Data Received: u
11/17/2024 12:52:46 [Information] Z Axis Data Received: r
11/17/2024 12:52:46 [Information] Z Axis Data Received: r
11/17/2024 12:52:46 [Information] Z Axis Data Received: e
11/17/2024 12:52:46 [Information] Z Axis Data Received: n
11/17/2024 12:52:46 [Information] Z Axis Data Received: t
11/17/2024 12:52:46 [Information] Z Axis Data Received:  
11/17/2024 12:52:46 [Information] Z Axis Data Received: P
11/17/2024 12:52:46 [Information] Z Axis Data Received: o
11/17/2024 12:52:46 [Information] Z Axis Data Received: s
11/17/2024 12:52:46 [Information] Z Axis Data Received: i
11/17/2024 12:52:46 [Information] Z Axis Data Received: t
11/17/2024 12:52:46 [Information] Z Axis Data Received: i
11/17/2024 12:52:46 [Information] Z Axis Data Received: o
11/17/2024 12:52:46 [Information] Z Axis Data Received: n
11/17/2024 12:52:46 [Information] Z Axis Data Received: :
11/17/2024 12:52:46 [Information] Z Axis Data Received:  
11/17/2024 12:52:46 [Information] Z Axis Data Received:  
11/17/2024 12:52:46 [Information] Z Axis Data Received: 7
11/17/2024 12:52:46 [Information] Z Axis Data Received: 6
11/17/2024 12:52:46 [Information] Z Axis Data Received: 7
11/17/2024 12:52:46 [Information] Z Axis Data Received: 
11/17/2024 12:52:46 [Information] Z Axis Data Received: 

11/17/2024 12:52:46 [Information] Z Axis Data Received: Z
11/17/2024 12:52:46 [Information] Z Axis Data Received:  
11/17/2024 12:52:46 [Information] Z Axis Data Received: A
11/17/2024 12:52:46 [Information] Z Axis Data Received: x
11/17/2024 12:52:46 [Information] Z Axis Data Received: i
11/17/2024 12:52:46 [Information] Z Axis Data Received: s
11/17/2024 12:52:46 [Information] Z Axis Data Received:  
11/17/2024 12:52:46 [Information] Z Axis Data Received: C
11/17/2024 12:52:46 [Information] Z Axis Data Received: C
11/17/2024 12:52:46 [Information] Z Axis Data Received: W
11/17/2024 12:52:46 [Information] Z Axis Data Received:  
11/17/2024 12:52:46 [Information] Z Axis Data Received: S
11/17/2024 12:52:46 [Information] Z Axis Data Received: T
11/17/2024 12:52:46 [Information] Z Axis Data Received: O
11/17/2024 12:52:46 [Information] Z Axis Data Received: P
11/17/2024 12:52:46 [Information] Z Axis Data Received: P
11/17/2024 12:52:46 [Information] Z Axis Data Received: E
11/17/2024 12:52:46 [Information] Z Axis Data Received: D
11/17/2024 12:52:46 [Information] Z Axis Data Received: 
11/17/2024 12:52:46 [Information] Z Axis Data Received: 

11/17/2024 12:52:46 [Information] Z Axis Data Received: Z
11/17/2024 12:52:46 [Information] Z Axis Data Received:  
11/17/2024 12:52:46 [Information] Z Axis Data Received: A
11/17/2024 12:52:46 [Information] Z Axis Data Received: x
11/17/2024 12:52:46 [Information] Z Axis Data Received: i
11/17/2024 12:52:46 [Information] Z Axis Data Received: s
11/17/2024 12:52:46 [Information] Z Axis Data Received:  
11/17/2024 12:52:46 [Information] Z Axis Data Received: C
11/17/2024 12:52:46 [Information] Z Axis Data Received: C
11/17/2024 12:52:46 [Information] Z Axis Data Received: W
11/17/2024 12:52:46 [Information] Z Axis Data Received:  
11/17/2024 12:52:46 [Information] Z Axis Data Received: M
11/17/2024 12:52:46 [Information] Z Axis Data Received: o
11/17/2024 12:52:46 [Information] Z Axis Data Received: t
11/17/2024 12:52:46 [Information] Z Axis Data Received: o
11/17/2024 12:52:46 [Information] Z Axis Data Received: r
11/17/2024 12:52:46 [Information] Z Axis Data Received:  
11/17/2024 12:52:46 [Information] Z Axis Data Received: C
11/17/2024 12:52:46 [Information] Z Axis Data Received: u
11/17/2024 12:52:46 [Information] Z Axis Data Received: r
11/17/2024 12:52:46 [Information] Z Axis Data Received: r
11/17/2024 12:52:46 [Information] Z Axis Data Received: e
11/17/2024 12:52:46 [Information] Z Axis Data Received: n
11/17/2024 12:52:46 [Information] Z Axis Data Received: t
11/17/2024 12:52:46 [Information] Z Axis Data Received:  
11/17/2024 12:52:46 [Information] Z Axis Data Received: P
11/17/2024 12:52:46 [Information] Z Axis Data Received: o
11/17/2024 12:52:46 [Information] Z Axis Data Received: s
11/17/2024 12:52:46 [Information] Z Axis Data Received: i
11/17/2024 12:52:46 [Information] Z Axis Data Received: t
11/17/2024 12:52:46 [Information] Z Axis Data Received: i
11/17/2024 12:52:46 [Information] Z Axis Data Received: o
11/17/2024 12:52:46 [Information] Z Axis Data Received: n
11/17/2024 12:52:46 [Information] Z Axis Data Received: :
11/17/2024 12:52:46 [Information] Z Axis Data Received:  
11/17/2024 12:52:46 [Information] Z Axis Data Received:  
11/17/2024 12:52:46 [Information] Z Axis Data Received: 7
11/17/2024 12:52:46 [Information] Z Axis Data Received: 6
11/17/2024 12:52:46 [Information] Z Axis Data Received: 8
11/17/2024 12:52:46 [Information] Z Axis Data Received: 
11/17/2024 12:52:46 [Information] Z Axis Data Received: 

11/17/2024 12:52:46 [Information] Z Axis Data Received: Z
11/17/2024 12:52:46 [Information] Z Axis Data Received:  
11/17/2024 12:52:46 [Information] Z Axis Data Received: A
11/17/2024 12:52:46 [Information] Z Axis Data Received: x
11/17/2024 12:52:46 [Information] Z Axis Data Received: i
11/17/2024 12:52:46 [Information] Z Axis Data Received: s
11/17/2024 12:52:46 [Information] Z Axis Data Received:  
11/17/2024 12:52:46 [Information] Z Axis Data Received: C
11/17/2024 12:52:46 [Information] Z Axis Data Received: C
11/17/2024 12:52:46 [Information] Z Axis Data Received: W
11/17/2024 12:52:46 [Information] Z Axis Data Received:  
11/17/2024 12:52:46 [Information] Z Axis Data Received: S
11/17/2024 12:52:46 [Information] Z Axis Data Received: T
11/17/2024 12:52:46 [Information] Z Axis Data Received: O
11/17/2024 12:52:46 [Information] Z Axis Data Received: P
11/17/2024 12:52:46 [Information] Z Axis Data Received: P
11/17/2024 12:52:46 [Information] Z Axis Data Received: E
11/17/2024 12:52:46 [Information] Z Axis Data Received: D
11/17/2024 12:52:46 [Information] Z Axis Data Received: 
11/17/2024 12:52:46 [Information] Z Axis Data Received: 

11/17/2024 12:52:46 [Information] Z Axis Data Received: Z
11/17/2024 12:52:46 [Information] Z Axis Data Received:  
11/17/2024 12:52:46 [Information] Z Axis Data Received: A
11/17/2024 12:52:46 [Information] Z Axis Data Received: x
11/17/2024 12:52:46 [Information] Z Axis Data Received: i
11/17/2024 12:52:46 [Information] Z Axis Data Received: s
11/17/2024 12:52:46 [Information] Z Axis Data Received:  
11/17/2024 12:52:46 [Information] Z Axis Data Received: C
11/17/2024 12:52:46 [Information] Z Axis Data Received: C
11/17/2024 12:52:46 [Information] Z Axis Data Received: W
11/17/2024 12:52:46 [Information] Z Axis Data Received:  
11/17/2024 12:52:46 [Information] Z Axis Data Received: M
11/17/2024 12:52:46 [Information] Z Axis Data Received: o
11/17/2024 12:52:46 [Information] Z Axis Data Received: t
11/17/2024 12:52:46 [Information] Z Axis Data Received: o
11/17/2024 12:52:46 [Information] Z Axis Data Received: r
11/17/2024 12:52:46 [Information] Z Axis Data Received:  
11/17/2024 12:52:46 [Information] Z Axis Data Received: C
11/17/2024 12:52:46 [Information] Z Axis Data Received: u
11/17/2024 12:52:46 [Information] Z Axis Data Received: r
11/17/2024 12:52:46 [Information] Z Axis Data Received: r
11/17/2024 12:52:46 [Information] Z Axis Data Received: e
11/17/2024 12:52:46 [Information] Z Axis Data Received: n
11/17/2024 12:52:46 [Information] Z Axis Data Received: t
11/17/2024 12:52:46 [Information] Z Axis Data Received:  
11/17/2024 12:52:46 [Information] Z Axis Data Received: P
11/17/2024 12:52:46 [Information] Z Axis Data Received: o
11/17/2024 12:52:46 [Information] Z Axis Data Received: s
11/17/2024 12:52:46 [Information] Z Axis Data Received: i
11/17/2024 12:52:46 [Information] Z Axis Data Received: t
11/17/2024 12:52:46 [Information] Z Axis Data Received: i
11/17/2024 12:52:46 [Information] Z Axis Data Received: o
11/17/2024 12:52:46 [Information] Z Axis Data Received: n
11/17/2024 12:52:46 [Information] Z Axis Data Received: :
11/17/2024 12:52:46 [Information] Z Axis Data Received:  
11/17/2024 12:52:46 [Information] Z Axis Data Received:  
11/17/2024 12:52:46 [Information] Z Axis Data Received: 7
11/17/2024 12:52:46 [Information] Z Axis Data Received: 6
11/17/2024 12:52:46 [Information] Z Axis Data Received: 8
11/17/2024 12:52:46 [Information] Z Axis Data Received: 
11/17/2024 12:52:46 [Information] Z Axis Data Received: 

11/17/2024 12:52:46 [Information] Z Axis Data Received: Z
11/17/2024 12:52:46 [Information] Z Axis Data Received:  
11/17/2024 12:52:46 [Information] Z Axis Data Received: A
11/17/2024 12:52:46 [Information] Z Axis Data Received: x
11/17/2024 12:52:46 [Information] Z Axis Data Received: i
11/17/2024 12:52:46 [Information] Z Axis Data Received: s
11/17/2024 12:52:46 [Information] Z Axis Data Received:  
11/17/2024 12:52:46 [Information] Z Axis Data Received: r
11/17/2024 12:52:46 [Information] Z Axis Data Received: e
11/17/2024 12:52:46 [Information] Z Axis Data Received: a
11/17/2024 12:52:46 [Information] Z Axis Data Received: c
11/17/2024 12:52:46 [Information] Z Axis Data Received: h
11/17/2024 12:52:46 [Information] Z Axis Data Received: e
11/17/2024 12:52:46 [Information] Z Axis Data Received: d
11/17/2024 12:52:46 [Information] Z Axis Data Received:  
11/17/2024 12:52:46 [Information] Z Axis Data Received: t
11/17/2024 12:52:46 [Information] Z Axis Data Received: a
11/17/2024 12:52:46 [Information] Z Axis Data Received: r
11/17/2024 12:52:46 [Information] Z Axis Data Received: g
11/17/2024 12:52:46 [Information] Z Axis Data Received: e
11/17/2024 12:52:46 [Information] Z Axis Data Received: t
11/17/2024 12:52:46 [Information] Z Axis Data Received:  
11/17/2024 12:52:46 [Information] Z Axis Data Received: p
11/17/2024 12:52:46 [Information] Z Axis Data Received: o
11/17/2024 12:52:46 [Information] Z Axis Data Received: s
11/17/2024 12:52:46 [Information] Z Axis Data Received: i
11/17/2024 12:52:46 [Information] Z Axis Data Received: t
11/17/2024 12:52:46 [Information] Z Axis Data Received: i
11/17/2024 12:52:46 [Information] Z Axis Data Received: o
11/17/2024 12:52:46 [Information] Z Axis Data Received: n
11/17/2024 12:52:46 [Information] Z Axis Data Received: 
11/17/2024 12:52:46 [Information] Z Axis Data Received: 

11/17/2024 12:52:46 [Information] Z Axis Data Received: C
11/17/2024 12:52:46 [Information] Z Axis Data Received: u
11/17/2024 12:52:46 [Information] Z Axis Data Received: r
11/17/2024 12:52:46 [Information] Z Axis Data Received: r
11/17/2024 12:52:46 [Information] Z Axis Data Received: e
11/17/2024 12:52:46 [Information] Z Axis Data Received: n
11/17/2024 12:52:46 [Information] Z Axis Data Received: t
11/17/2024 12:52:46 [Information] Z Axis Data Received:  
11/17/2024 12:52:46 [Information] Z Axis Data Received: P
11/17/2024 12:52:46 [Information] Z Axis Data Received: o
11/17/2024 12:52:46 [Information] Z Axis Data Received: s
11/17/2024 12:52:46 [Information] Z Axis Data Received: i
11/17/2024 12:52:46 [Information] Z Axis Data Received: t
11/17/2024 12:52:46 [Information] Z Axis Data Received: i
11/17/2024 12:52:46 [Information] Z Axis Data Received: o
11/17/2024 12:52:46 [Information] Z Axis Data Received: n
11/17/2024 12:52:46 [Information] Z Axis Data Received: :
11/17/2024 12:52:46 [Information] Z Axis Data Received:  
11/17/2024 12:52:46 [Information] Z Axis Data Received: 8
11/17/2024 12:52:46 [Information] Z Axis Data Received: 4
11/17/2024 12:52:46 [Information] Z Axis Data Received: 8
11/17/2024 12:52:46 [Information] Z Axis Data Received: 
11/17/2024 12:52:46 [Information] Z Axis Data Received: 

11/17/2024 12:52:54 [Information] Stepper Motor Controller MainWindow Closing.
11/17/2024 12:52:54 [Information] Stepper Motor Controller Serial Ports closed.
11/17/2024 12:52:54 [Information] Properties Settings Saved.
11/17/2024 12:52:54 [Information] Properties Settings Form Closed.
11/17/2024 12:52:54 [Information] Stepper Motor Controller Form Closed.
