11/13/2024 21:19:06 [Information] Stepper Motor Controller Application Started.
11/13/2024 21:19:06 [Information] Version: 3.0.9083.37962 (11/13/2024 21:19:06)
11/13/2024 21:19:06 [Information] SerialPort COM7 not connected.
11/13/2024 21:19:07 [Information] SerialPort COM8 not connected.
11/13/2024 21:19:07 [Information] Stepper Motor Controller Application Started.
11/13/2024 21:19:07 [Information] Version: 3.0.9083.37962 (11/13/2024 21:19:07)
11/13/2024 21:19:07 [Information] Version: 3.1.0.37963 (11/13/2024 21:19:07)
11/13/2024 21:19:07 [Information] Version: 3.1.0.37963 (11/13/2024 21:19:07)
11/13/2024 21:19:07 [Information] Stepper Motor Controller Application Settings Window Opened.
11/13/2024 21:19:07 [Information] Stepper Motor Controller Application Settings form is rebuilt each and every time it is opened.
11/13/2024 21:19:07 [Information] int: 9600 BaudRate added to the Settings Form.
11/13/2024 21:19:07 [Information] bool: False ckbXaxisResetToZeroIsChecked added to the Settings Form.
11/13/2024 21:19:07 [Information] bool: False ckbYaxisResetToZeroIsChecked added to the Settings Form.
11/13/2024 21:19:07 [Information] bool: False ckbZaxisResetToZeroIsChecked added to the Settings Form.
11/13/2024 21:19:07 [Information] COM1: ComPort added to the Settings Form.
11/13/2024 21:19:07 [Information] COM2: ComPort added to the Settings Form.
11/13/2024 21:19:07 [Information] COM3: ComPort added to the Settings Form.
11/13/2024 21:19:07 [Information] COM4: ComPort added to the Settings Form.
11/13/2024 21:19:07 [Information] COM5: ComPort added to the Settings Form.
11/13/2024 21:19:07 [Information] COM6: ComPort added to the Settings Form.
11/13/2024 21:19:07 [Information] COM7: ComPort added to the Settings Form.
11/13/2024 21:19:07 [Information] COM8: ComPort added to the Settings Form.
11/13/2024 21:19:07 [Information] COM9: ComPort added to the Settings Form.
11/13/2024 21:19:07 [Information] COM10: ComPort added to the Settings Form.
11/13/2024 21:19:07 [Information] decimal: 4.00 Divider4_00 added to the Settings Form.
11/13/2024 21:19:07 [Information] decimal: 0.00 MathPart2Initlz added to the Settings Form.
11/13/2024 21:19:07 [Information] decimal: 1.00 MilisecondTimerInterval added to the Settings Form.
11/13/2024 21:19:07 [Information] decimal: 1000.00 MillisecondDelay added to the Settings Form.
11/13/2024 21:19:07 [Information] int: 1000 Milliseconds added to the Settings Form.
11/13/2024 21:19:07 [Information] int: 4 mmPerRevolution added to the Settings Form.
11/13/2024 21:19:07 [Information] int: 2000 ThreadSleep added to the Settings Form.
11/13/2024 21:19:07 [Information] decimal: 0.00 Value_0_00 added to the Settings Form.
11/13/2024 21:19:07 [Information] decimal: 50.00 XaxisAcceleration added to the Settings Form.
11/13/2024 21:19:07 [Information] bool: False XaxisChanged added to the Settings Form.
11/13/2024 21:19:07 [Information] decimal: 400.00 XaxisMotorSpeed added to the Settings Form.
11/13/2024 21:19:07 [Information] decimal: 0.00 XaxisStepperCurrent added to the Settings Form.
11/13/2024 21:19:07 [Information] decimal: 0.00 XaxisStepperMove added to the Settings Form.
11/13/2024 21:19:07 [Information] XCOM1: XComPort added to the Settings Form.
11/13/2024 21:19:07 [Information] XCOM2: XComPort added to the Settings Form.
11/13/2024 21:19:07 [Information] XCOM3: XComPort added to the Settings Form.
11/13/2024 21:19:07 [Information] XCOM4: XComPort added to the Settings Form.
11/13/2024 21:19:07 [Information] XCOM5: XComPort added to the Settings Form.
11/13/2024 21:19:07 [Information] XCOM6: XComPort added to the Settings Form.
11/13/2024 21:19:07 [Information] XCOM7: XComPort added to the Settings Form.
11/13/2024 21:19:07 [Information] XCOM8: XComPort added to the Settings Form.
11/13/2024 21:19:07 [Information] XCOM9: XComPort added to the Settings Form.
11/13/2024 21:19:07 [Information] XCOM10: XComPort added to the Settings Form.
11/13/2024 21:19:07 [Information] decimal: 50.00 YaxisAcceleration added to the Settings Form.
11/13/2024 21:19:07 [Information] bool: False YaxisChanged added to the Settings Form.
11/13/2024 21:19:07 [Information] decimal: 400.00 YaxisMotorSpeed added to the Settings Form.
11/13/2024 21:19:07 [Information] decimal: 0.00 YaxisStepperCurrent added to the Settings Form.
11/13/2024 21:19:07 [Information] decimal: 0.00 YaxisStepperMove added to the Settings Form.
11/13/2024 21:19:07 [Information] YCOM1: YComPort added to the Settings Form.
11/13/2024 21:19:07 [Information] YCOM2: YComPort added to the Settings Form.
11/13/2024 21:19:07 [Information] YCOM3: YComPort added to the Settings Form.
11/13/2024 21:19:07 [Information] YCOM4: YComPort added to the Settings Form.
11/13/2024 21:19:07 [Information] YCOM5: YComPort added to the Settings Form.
11/13/2024 21:19:07 [Information] YCOM6: YComPort added to the Settings Form.
11/13/2024 21:19:07 [Information] YCOM7: YComPort added to the Settings Form.
11/13/2024 21:19:07 [Information] YCOM8: YComPort added to the Settings Form.
11/13/2024 21:19:07 [Information] YCOM9: YComPort added to the Settings Form.
11/13/2024 21:19:07 [Information] YCOM10: YComPort added to the Settings Form.
11/13/2024 21:19:07 [Information] decimal: 50.00 ZaxisAcceleration added to the Settings Form.
11/13/2024 21:19:07 [Information] bool: False ZaxisChanged added to the Settings Form.
11/13/2024 21:19:07 [Information] decimal: 400.00 ZaxisMotorSpeed added to the Settings Form.
11/13/2024 21:19:07 [Information] decimal: 8.00 ZaxisStepperCurrent added to the Settings Form.
11/13/2024 21:19:07 [Information] decimal: 0.00 ZaxisStepperMove added to the Settings Form.
11/13/2024 21:19:07 [Information] ZCOM1: ZComPort added to the Settings Form.
11/13/2024 21:19:07 [Information] ZCOM2: ZComPort added to the Settings Form.
11/13/2024 21:19:07 [Information] ZCOM3: ZComPort added to the Settings Form.
11/13/2024 21:19:07 [Information] ZCOM4: ZComPort added to the Settings Form.
11/13/2024 21:19:07 [Information] ZCOM5: ZComPort added to the Settings Form.
11/13/2024 21:19:07 [Information] ZCOM6: ZComPort added to the Settings Form.
11/13/2024 21:19:07 [Information] ZCOM7: ZComPort added to the Settings Form.
11/13/2024 21:19:07 [Information] ZCOM8: ZComPort added to the Settings Form.
11/13/2024 21:19:07 [Information] ZCOM9: ZComPort added to the Settings Form.
11/13/2024 21:19:07 [Information] ZCOM10: ZComPort added to the Settings Form.
11/13/2024 21:19:07 [Information] int: 0 zeroXaxis added to the Settings Form.
11/13/2024 21:19:07 [Information] int: 0 zeroYaxis added to the Settings Form.
11/13/2024 21:19:07 [Information] int: 0 zeroZaxis added to the Settings Form.
11/13/2024 21:19:07 [Information] Stepper Motor Controller MainWindow loaded
11/13/2024 21:19:07 [Information] Set MainWindow Media Brushes to White.
11/13/2024 21:19:20 [Information] Z Axis mouse controlled Keypad returned: 16.00
11/13/2024 21:19:22 [Information] Z Axis Run button clicked:
11/13/2024 21:19:22 [Information] Z Axis MotorMovementSeconds decimal: (16.00 / 4) / 2 = 2.00
11/13/2024 21:19:23 [Information] Z Axis Run Event: Z,0.00,400.00,0,0.00,400.00,0,16.00,400.00,0
11/13/2024 21:19:23 [Information] Z Axis Current Time: 09:19:23 + 2000 = 09:19:25
11/13/2024 21:19:24 [Information] Z Axis Data Received: Z Axis Current Position, 0
ESP 32 Board Reset.
Z Axis Current Position, 1
ESP 32 Board Reset.
Z Axis Current Position, 1
ESP 32 Board Reset.
Z Axis Current Position, 2
ESP 32 Board Reset.
Z Axis Current Position,
11/13/2024 21:19:24 [Information] Stepper Motor Controller Disable Z Axis controls while moving to location.
11/13/2024 21:19:24 [Information] Time remaining: 00:00:00 targetEndTime = 09:19:25
11/13/2024 21:19:24 [Information] Stepper Motor Controller Disable Z Axis controls while moving to location.
11/13/2024 21:19:24 [Information] Time remaining: 00:00:00 targetEndTime = 09:19:25
11/13/2024 21:19:24 [Information] Stepper Motor Controller Disable Z Axis controls while moving to location.
11/13/2024 21:19:24 [Information] Time remaining: 00:00:00 targetEndTime = 09:19:25
11/13/2024 21:19:24 [Information] Stepper Motor Controller Disable Z Axis controls while moving to location.
11/13/2024 21:19:24 [Information] Time remaining: 00:00:00 targetEndTime = 09:19:25
11/13/2024 21:19:24 [Information] Stepper Motor Controller Disable Z Axis controls while moving to location.
11/13/2024 21:19:24 [Information] Time remaining: 00:00:00 targetEndTime = 09:19:25
11/13/2024 21:19:24 [Information] Stepper Motor Controller Disable Z Axis controls while moving to location.
11/13/2024 21:19:24 [Information] Time remaining: 00:00:00 targetEndTime = 09:19:25
11/13/2024 21:19:24 [Information] Stepper Motor Controller Disable Z Axis controls while moving to location.
11/13/2024 21:19:24 [Information] Time remaining: 00:00:00 targetEndTime = 09:19:25
11/13/2024 21:19:24 [Information] Stepper Motor Controller Disable Z Axis controls while moving to location.
11/13/2024 21:19:24 [Information] Time remaining: 00:00:00 targetEndTime = 09:19:25
11/13/2024 21:19:24 [Information] Stepper Motor Controller Disable Z Axis controls while moving to location.
11/13/2024 21:19:24 [Information] Time remaining: 00:00:00 targetEndTime = 09:19:25
11/13/2024 21:19:24 [Information] Stepper Motor Controller Disable Z Axis controls while moving to location.
11/13/2024 21:19:24 [Information] Time remaining: 00:00:00 targetEndTime = 09:19:25
11/13/2024 21:19:24 [Information] Stepper Motor Controller Disable Z Axis controls while moving to location.
11/13/2024 21:19:24 [Information] Time remaining: 00:00:00 targetEndTime = 09:19:25
11/13/2024 21:19:24 [Information] Stepper Motor Controller Disable Z Axis controls while moving to location.
11/13/2024 21:19:24 [Information] Time remaining: 00:00:00 targetEndTime = 09:19:25
11/13/2024 21:19:24 [Information] Stepper Motor Controller Disable Z Axis controls while moving to location.
11/13/2024 21:19:24 [Information] Time remaining: 00:00:00 targetEndTime = 09:19:25
11/13/2024 21:19:24 [Information] Stepper Motor Controller Disable Z Axis controls while moving to location.
11/13/2024 21:19:24 [Information] Time remaining: 00:00:00 targetEndTime = 09:19:25
11/13/2024 21:19:24 [Information] Stepper Motor Controller Disable Z Axis controls while moving to location.
11/13/2024 21:19:24 [Information] Time remaining: 00:00:00 targetEndTime = 09:19:25
11/13/2024 21:19:24 [Information] Stepper Motor Controller Disable Z Axis controls while moving to location.
11/13/2024 21:19:24 [Information] Time remaining: 00:00:00 targetEndTime = 09:19:25
11/13/2024 21:19:24 [Information] Stepper Motor Controller Disable Z Axis controls while moving to location.
11/13/2024 21:19:24 [Information] Time remaining: 00:00:00 targetEndTime = 09:19:25
11/13/2024 21:19:24 [Information] Stepper Motor Controller Disable Z Axis controls while moving to location.
11/13/2024 21:19:24 [Information] Time remaining: 00:00:00 targetEndTime = 09:19:25
11/13/2024 21:19:24 [Information] Stepper Motor Controller Disable Z Axis controls while moving to location.
11/13/2024 21:19:24 [Information] Time remaining: 00:00:00 targetEndTime = 09:19:25
11/13/2024 21:19:24 [Information] Stepper Motor Controller Disable Z Axis controls while moving to location.
11/13/2024 21:19:24 [Information] Time remaining: 00:00:00 targetEndTime = 09:19:25
11/13/2024 21:19:24 [Information] Stepper Motor Controller Disable Z Axis controls while moving to location.
11/13/2024 21:19:24 [Information] Time remaining: 00:00:00 targetEndTime = 09:19:25
11/13/2024 21:19:24 [Information] Stepper Motor Controller Disable Z Axis controls while moving to location.
11/13/2024 21:19:24 [Information] Time remaining: 00:00:00 targetEndTime = 09:19:25
11/13/2024 21:19:24 [Information] Stepper Motor Controller Disable Z Axis controls while moving to location.
11/13/2024 21:19:24 [Information] Time remaining: 00:00:00 targetEndTime = 09:19:25
11/13/2024 21:19:24 [Information] Stepper Motor Controller Disable Z Axis controls while moving to location.
11/13/2024 21:19:24 [Information] Time remaining: 00:00:00 targetEndTime = 09:19:25
11/13/2024 21:19:24 [Information] Stepper Motor Controller Disable Z Axis controls while moving to location.
11/13/2024 21:19:24 [Information] Time remaining: 00:00:00 targetEndTime = 09:19:25
11/13/2024 21:19:24 [Information] Stepper Motor Controller Disable Z Axis controls while moving to location.
11/13/2024 21:19:24 [Information] Time remaining: 00:00:00 targetEndTime = 09:19:25
11/13/2024 21:19:24 [Information] Stepper Motor Controller Disable Z Axis controls while moving to location.
11/13/2024 21:19:24 [Information] Time remaining: 00:00:01 targetEndTime = 09:19:25
11/13/2024 21:19:24 [Information] Stepper Motor Controller Disable Z Axis controls while moving to location.
11/13/2024 21:19:24 [Information] Time remaining: 00:00:01 targetEndTime = 09:19:25
11/13/2024 21:19:24 [Information] Z Axis Data Received:  2
ESP 32 Board Reset.
Z Axis Current Position, 2
ESP 32 Board Reset.
Z Axis Current Position, 3
ESP 32 Board Reset.
Z Axis Current Position, 3
ESP 32 Board Reset.
Z Axis Current Position, 4
ESP 32 Board Reset.
Z Axis Current Position, 4
ESP 32 Board Res
11/13/2024 21:19:24 [Information] Stepper Motor Controller Disable Z Axis controls while moving to location.
11/13/2024 21:19:24 [Information] Z Axis Data Received: et.
Z Axis Current Position, 5
ESP 32 Board Reset.
Z Axis Current Position, 5
ESP 32 Board Reset.
Z Axis Current Position, 5
ESP 32 Board Reset.
Z Axis Current Position, 6
ESP 32 Board Reset.
Z Axis Current Position, 6
ESP 32 Board Reset.
Z Axis Current Position, 7
ESP 32 Board Reset.
Z Axis Current Position, 7
ESP 32 Board Reset.
Z Axis Current Position, 7
ESP 32 Board Reset.
Z Axis Current Position, 8
ESP 32 Board Reset.
Z Axis Current Position, 8
ESP 32 Board Reset.
Z Axis Current Position, 9
ESP 32 Boa
11/13/2024 21:19:24 [Information] Time remaining: 00:00:01 targetEndTime = 09:19:25
11/13/2024 21:19:24 [Information] Stepper Motor Controller Disable Z Axis controls while moving to location.
11/13/2024 21:19:24 [Information] Time remaining: 00:00:01 targetEndTime = 09:19:25
11/13/2024 21:19:24 [Information] Stepper Motor Controller Disable Z Axis controls while moving to location.
11/13/2024 21:19:24 [Information] Time remaining: 00:00:01 targetEndTime = 09:19:25
11/13/2024 21:19:24 [Information] Stepper Motor Controller Disable Z Axis controls while moving to location.
11/13/2024 21:19:24 [Information] Time remaining: 00:00:01 targetEndTime = 09:19:25
11/13/2024 21:19:24 [Information] Stepper Motor Controller Disable Z Axis controls while moving to location.
11/13/2024 21:19:24 [Information] Time remaining: 00:00:01 targetEndTime = 09:19:25
11/13/2024 21:19:24 [Information] Stepper Motor Controller Disable Z Axis controls while moving to location.
11/13/2024 21:19:24 [Information] Time remaining: 00:00:01 targetEndTime = 09:19:25
11/13/2024 21:19:25 [Information] Stepper Motor Controller Disable Z Axis controls while moving to location.
11/13/2024 21:19:25 [Information] Time remaining: 00:00:01 targetEndTime = 09:19:25
11/13/2024 21:19:25 [Information] Stepper Motor Controller Disable Z Axis controls while moving to location.
11/13/2024 21:19:25 [Information] Time remaining: 00:00:01 targetEndTime = 09:19:25
11/13/2024 21:19:25 [Information] Stepper Motor Controller Disable Z Axis controls while moving to location.
11/13/2024 21:19:25 [Information] Time remaining: 00:00:01 targetEndTime = 09:19:25
11/13/2024 21:19:25 [Information] Stepper Motor Controller Disable Z Axis controls while moving to location.
11/13/2024 21:19:25 [Information] Time remaining: 00:00:01 targetEndTime = 09:19:25
11/13/2024 21:19:25 [Information] Stepper Motor Controller Disable Z Axis controls while moving to location.
11/13/2024 21:19:25 [Information] Time remaining: 00:00:01 targetEndTime = 09:19:25
11/13/2024 21:19:25 [Information] Stepper Motor Controller Disable Z Axis controls while moving to location.
11/13/2024 21:19:25 [Information] Time remaining: 00:00:01 targetEndTime = 09:19:25
11/13/2024 21:19:25 [Information] Stepper Motor Controller Disable Z Axis controls while moving to location.
11/13/2024 21:19:25 [Information] Time remaining: 00:00:01 targetEndTime = 09:19:25
11/13/2024 21:19:25 [Information] Stepper Motor Controller Disable Z Axis controls while moving to location.
11/13/2024 21:19:25 [Information] Time remaining: 00:00:01 targetEndTime = 09:19:25
11/13/2024 21:19:25 [Information] Stepper Motor Controller Disable Z Axis controls while moving to location.
11/13/2024 21:19:25 [Information] Time remaining: 00:00:01 targetEndTime = 09:19:25
11/13/2024 21:19:25 [Information] Stepper Motor Controller Disable Z Axis controls while moving to location.
11/13/2024 21:19:25 [Information] Time remaining: 00:00:01 targetEndTime = 09:19:25
11/13/2024 21:19:25 [Information] Stepper Motor Controller Disable Z Axis controls while moving to location.
11/13/2024 21:19:25 [Information] Time remaining: 00:00:01 targetEndTime = 09:19:25
11/13/2024 21:19:25 [Information] Stepper Motor Controller Disable Z Axis controls while moving to location.
11/13/2024 21:19:25 [Information] Time remaining: 00:00:01 targetEndTime = 09:19:25
11/13/2024 21:19:25 [Information] Stepper Motor Controller Disable Z Axis controls while moving to location.
11/13/2024 21:19:25 [Information] Time remaining: 00:00:01 targetEndTime = 09:19:25
11/13/2024 21:19:25 [Information] Stepper Motor Controller Disable Z Axis controls while moving to location.
11/13/2024 21:19:25 [Information] Time remaining: 00:00:01 targetEndTime = 09:19:25
11/13/2024 21:19:25 [Information] Stepper Motor Controller Disable Z Axis controls while moving to location.
11/13/2024 21:19:25 [Information] Time remaining: 00:00:01 targetEndTime = 09:19:25
11/13/2024 21:19:25 [Information] Stepper Motor Controller Disable Z Axis controls while moving to location.
11/13/2024 21:19:25 [Information] Time remaining: 00:00:01 targetEndTime = 09:19:25
11/13/2024 21:19:25 [Information] Stepper Motor Controller Disable Z Axis controls while moving to location.
11/13/2024 21:19:25 [Information] Time remaining: 00:00:01 targetEndTime = 09:19:25
11/13/2024 21:19:25 [Information] Stepper Motor Controller Disable Z Axis controls while moving to location.
11/13/2024 21:19:25 [Information] Time remaining: 00:00:01 targetEndTime = 09:19:25
11/13/2024 21:19:25 [Information] Stepper Motor Controller Disable Z Axis controls while moving to location.
11/13/2024 21:19:25 [Information] Time remaining: 00:00:01 targetEndTime = 09:19:25
11/13/2024 21:19:25 [Information] Stepper Motor Controller Disable Z Axis controls while moving to location.
11/13/2024 21:19:25 [Information] Time remaining: 00:00:01 targetEndTime = 09:19:25
11/13/2024 21:19:25 [Information] Stepper Motor Controller Disable Z Axis controls while moving to location.
11/13/2024 21:19:25 [Information] Time remaining: 00:00:01 targetEndTime = 09:19:25
11/13/2024 21:19:25 [Information] Stepper Motor Controller Disable Z Axis controls while moving to location.
11/13/2024 21:19:25 [Information] Time remaining: 00:00:01 targetEndTime = 09:19:25
11/13/2024 21:19:25 [Information] Stepper Motor Controller Disable Z Axis controls while moving to location.
11/13/2024 21:19:25 [Information] Time remaining: 00:00:01 targetEndTime = 09:19:25
11/13/2024 21:19:25 [Information] Stepper Motor Controller Disable Z Axis controls while moving to location.
11/13/2024 21:19:25 [Information] Time remaining: 00:00:01 targetEndTime = 09:19:25
11/13/2024 21:19:25 [Information] Stepper Motor Controller Disable Z Axis controls while moving to location.
11/13/2024 21:19:25 [Information] Time remaining: 00:00:01 targetEndTime = 09:19:25
11/13/2024 21:19:25 [Information] Stepper Motor Controller Disable Z Axis controls while moving to location.
11/13/2024 21:19:25 [Information] Time remaining: 00:00:01 targetEndTime = 09:19:25
11/13/2024 21:19:25 [Information] Stepper Motor Controller Disable Z Axis controls while moving to location.
11/13/2024 21:19:25 [Information] Time remaining: 00:00:01 targetEndTime = 09:19:25
11/13/2024 21:19:25 [Information] Stepper Motor Controller Disable Z Axis controls while moving to location.
11/13/2024 21:19:25 [Information] Time remaining: 00:00:01 targetEndTime = 09:19:25
11/13/2024 21:19:25 [Information] Stepper Motor Controller Disable Z Axis controls while moving to location.
11/13/2024 21:19:25 [Information] Time remaining: 00:00:01 targetEndTime = 09:19:25
11/13/2024 21:19:25 [Information] Stepper Motor Controller Disable Z Axis controls while moving to location.
11/13/2024 21:19:25 [Information] Time remaining: 00:00:01 targetEndTime = 09:19:25
11/13/2024 21:19:25 [Information] Stepper Motor Controller Disable Z Axis controls while moving to location.
11/13/2024 21:19:25 [Information] Time remaining: 00:00:01 targetEndTime = 09:19:25
11/13/2024 21:19:25 [Information] Stepper Motor Controller Disable Z Axis controls while moving to location.
11/13/2024 21:19:25 [Information] Time remaining: 00:00:01 targetEndTime = 09:19:25
11/13/2024 21:19:25 [Information] Stepper Motor Controller Disable Z Axis controls while moving to location.
11/13/2024 21:19:25 [Information] Time remaining: 00:00:01 targetEndTime = 09:19:25
11/13/2024 21:19:25 [Information] Stepper Motor Controller Disable Z Axis controls while moving to location.
11/13/2024 21:19:25 [Information] Time remaining: 00:00:01 targetEndTime = 09:19:25
11/13/2024 21:19:25 [Information] Stepper Motor Controller Disable Z Axis controls while moving to location.
11/13/2024 21:19:25 [Information] Time remaining: 00:00:01 targetEndTime = 09:19:25
11/13/2024 21:19:25 [Information] Stepper Motor Controller Disable Z Axis controls while moving to location.
11/13/2024 21:19:25 [Information] Time remaining: 00:00:01 targetEndTime = 09:19:25
11/13/2024 21:19:25 [Information] Stepper Motor Controller Disable Z Axis controls while moving to location.
11/13/2024 21:19:25 [Information] Time remaining: 00:00:01 targetEndTime = 09:19:25
11/13/2024 21:19:25 [Information] Stepper Motor Controller Disable Z Axis controls while moving to location.
11/13/2024 21:19:25 [Information] Time remaining: 00:00:01 targetEndTime = 09:19:25
11/13/2024 21:19:25 [Information] Stepper Motor Controller Disable Z Axis controls while moving to location.
11/13/2024 21:19:25 [Information] Time remaining: 00:00:01 targetEndTime = 09:19:25
11/13/2024 21:19:25 [Information] Stepper Motor Controller Disable Z Axis controls while moving to location.
11/13/2024 21:19:25 [Information] Time remaining: 00:00:01 targetEndTime = 09:19:25
11/13/2024 21:19:25 [Information] Stepper Motor Controller Disable Z Axis controls while moving to location.
11/13/2024 21:19:25 [Information] Time remaining: 00:00:01 targetEndTime = 09:19:25
11/13/2024 21:19:25 [Information] Stepper Motor Controller Enable Z Axis controls after moving to location.
11/13/2024 21:19:25 [Information] Stepper Motor Controller Stopwatch Stopped.
11/13/2024 21:19:25 [Information] Stepper Motor Controller Timer Stopped.
11/13/2024 21:19:25 [Information] Stepper Motor Controller Stopwatch Reset.
11/13/2024 21:19:25 [Information] Z Axis Data Received: rd Reset.
Z Axis Current Position, 9
ESP 
11/13/2024 21:19:26 [Information] Z Axis Data Received: 32 Board Reset.
Z Axis Current Position, 10
ESP 32 Board Reset.
Z Axis Current Position, 10
ESP 32 Board Reset.
Z Axis Current Position, 10
ESP 32 Board Reset.
Z Axis Current Position, 11
ESP 32 Board Reset.
Z Axis Current Position, 11
ESP 32 Board Reset.
Z Axis Current Position, 12
ESP 32 Board Reset.
Z Axis Current Position, 12
ESP 32 Board Reset.
Z Axis Current Position, 13
ESP 32 Board Reset.
Z Axis Current Position, 13
ESP 32 Board Reset.
Z Axis Current Position, 13
ESP 32 Board Reset.
Z Axis Current Position, 14
ESP 32 Board Reset.
Z Axis Current Position, 14
ESP 32 Board Reset.
Z Axis Current Position, 15
ESP 32 Board Reset.
Z Axis Current Position, 15
ESP 32 Board Reset.
Z Axis Current Position, 15
ESP 32 Board Reset.
Z Axis Current Position, 16
ESP 32 Board Reset.
Z Axis Current Position, 16
ESP 32 Board Reset.
Z Axis Current Position, 17
ESP 32 Board Reset.
Z Axis Current Position, 17
ESP 32 Board Reset.
Z Axis Current Position, 18
ES
11/13/2024 21:19:27 [Information] Z Axis Data Received: P 32 Board Reset.
Z Axis Current Position, 18
ESP 32 Board Reset.
Z Axis Current Position, 18
ESP 32 Board Reset.
Z Axis Current Position, 19
ESP 32 Board Reset.
Z Axis Current Position, 19
ESP 32 Board Reset.
Z Axis Current Position, 20
ESP 32 Board Reset.
Z Axis Current Position, 20
ESP 32 Board Reset.
Z Axis Current Position, 21
ESP 32 Board Reset.
Z Axis Current Position, 21
ESP 32 Board Reset.
Z Axis Current Position, 21
ESP 32 Board Reset.
Z Axis Current Position, 22
ESP 32 Board Reset.
Z Axis Current Position, 22
ESP 32 Board Reset.
Z Axis Current Position, 23
ESP 32 Board Reset.
Z Axis Current Position, 23
ESP 32 Board Reset.
Z Axis Current Position, 24
ESP 32 Board Reset.
Z Axis Current Position, 24
ESP 32 Board Reset.
Z Axis Current Position, 24
ESP 32 Board Reset.
Z Axis Current Position, 25
ESP 32 Board Reset.
Z Axis Current Position, 25
ESP 32 Board Reset.
Z Axis Current Position, 26
ESP 32 Board Reset.
Z Axis Current Position, 26
ESP 3
11/13/2024 21:19:28 [Information] Z Axis Data Received: 2 Board Reset.
Z Axis Current Position, 26
ESP 32 Board Reset.
Z Axis Current Position, 27
ESP 32 Board Reset.
Z Axis Current Position, 27
ESP 32 Board Reset.
Z Axis Current Position, 28
ESP 32 Board Reset.
Z Axis Current Position, 28
ESP 32 Board Reset.
Z Axis Current Position, 29
ESP 32 Board Reset.
Z Axis Current Position, 29
ESP 32 Board Reset.
Z Axis Current Position, 29
ESP 32 Board Reset.
Z Axis Current Position, 30
ESP 32 Board Reset.
Z Axis Current Position, 30
ESP 32 Board Reset.
Z Axis Current Position, 31
ESP 32 Board Reset.
Z Axis Current Position, 31
ESP 32 Board Reset.
Z Axis Current Position, 32
ESP 32 Board Reset.
Z Axis Current Position, 32
ESP 32 Board Reset.
Z Axis Current Position, 32
ESP 32 Board Reset.
Z Axis Current Position, 33
ESP 32 Board Reset.
Z Axis Current Position, 33
ESP 32 Board Reset.
Z Axis Current Position, 34
ESP 32 Board Reset.
Z Axis Current Position, 34
ESP 32 Board
11/13/2024 21:19:29 [Information] Z Axis Data Received:  Reset.
Z Axis Current Position, 35
ESP 32 Board Reset.
Z Axis Current Position, 35
ESP 32 Board Reset.
Z Axis Current Position, 35
ESP 32 Board Reset.
Z Axis Current Position, 36
ESP 32 Board Reset.
Z Axis Current Position, 36
ESP 32 Board Reset.
Z Axis Current Position, 37
ESP 32 Board Reset.
Z Axis Current Position, 37
ESP 32 Board Reset.
Z Axis Current Position, 38
ESP 32 Board Reset.
Z Axis Current Position, 38
ESP 32 Board Reset.
Z Axis Current Position, 38
ESP 32 Board Reset.
Z Axis Current Position, 39
ESP 32 Board Reset.
Z Axis Current Position, 39
ESP 32 Board Reset.
Z Axis Current Position, 40
ESP 32 Board Reset.
Z Axis Current Position, 40
ESP 32 Board Reset.
Z Axis Current Position, 40
ESP 32 Board Reset.
Z Axis Current Position, 41
ESP 32 Board Reset.
Z Axis Current Position, 41
ESP 32 Board Reset.
Z Axis Current Position, 42
ESP 32 Board Reset.
Z Axis Current Position, 42
ESP 32 Board Reset.
Z Axis Current Position, 43
ESP 32
11/13/2024 21:19:30 [Information] Z Axis Data Received:  Board Reset.
Z Axis Current Position, 43
11/13/2024 21:19:31 [Information] Z Axis Data Received: 
ESP 32 Board Reset.
Z Axis Current Position, 43
ESP 32 Board Reset.
Z Axis Current Position, 44
ESP 32 Board Reset.
Z Axis Current Position, 44
ESP 32 Board Reset.
Z Axis Current Position, 45
ESP 32 Board Reset.
Z Axis Current Position, 45
ESP 32 Board Reset.
Z Axis Current Position, 46
ESP 32 Board Reset.
Z Axis Current Position, 46
ESP 32 Board Reset.
Z Axis Current Position, 46
ESP 32 Board Reset.
Z Axis Current Position, 47
ESP 32 Board Reset.
Z Axis Current Position, 47
ESP 32 Board Reset.
Z Axis Current Position, 48
ESP 32 Board Reset.
Z Axis Current Position, 48
ESP 32 Board Reset.
Z Axis Current Position, 49
ESP 32 Board Reset.
Z Axis Current Position, 49
ESP 32 Board Reset.
Z Axis Current Position, 49
ESP 32 Board Reset.
Z Axis Current Position, 50
ESP 32 Board Reset.
Z Axis Current Position, 50
ESP 32 Board Reset.
Z Axis Current Position, 51
ESP 32 Board Reset.
Z Axis Current Position, 51
ESP 32 Board Reset.
Z Axis Current Position, 51
11/13/2024 21:19:32 [Information] Z Axis Data Received: 
ESP 32 Board Reset.
Z Axis Current Position, 52
ESP 32 Board Reset.
Z Axis Current Position, 52
ESP 32 Board Reset.
Z Axis Current Position, 53
ESP 32 Board Reset.
Z Axis Current Position, 53
ESP 32 Board Reset.
Z Axis Current Position, 54
ESP 32 Board Reset.
Z Axis Current Position, 54
ESP 32 Board Reset.
Z Axis Current Position, 54
ESP 32 Board Reset.
Z Axis Current Position, 55
ESP 32 Board Reset.
Z Axis Current Position, 55
ESP 32 Board Reset.
Z Axis Current Position, 56
ESP 32 Board Reset.
Z Axis Current Position, 56
ESP 32 Board Reset.
Z Axis Current Position, 57
ESP 32 Board Reset.
Z Axis Current Position, 57
ESP 32 Board Reset.
Z Axis Current Position, 57
ESP 32 Board Reset.
Z Axis Current Position, 58
ESP 32 Board Reset.
Z Axis Current Position, 58
ESP 32 Board Reset.
Z Axis Current Position, 59
ESP 32 Board Reset.
Z Axis Current Position, 59
ESP 32 Board Reset.
Z Axis Current Position, 60
ESP 32 Board Reset.
Z Axis Current Position, 
11/13/2024 21:19:33 [Information] Z Axis Data Received: 60
ESP 32 Board Reset.
Z Axis Current Position, 60
ESP 32 Board Reset.
Z Axis Current Position, 61
ESP 32 Board Reset.
Z Axis Current Position, 61
ESP 32 Board Reset.
Z Axis Current Position, 62
ESP 32 Board Reset.
Z Axis Current Position, 62
ESP 32 Board Reset.
Z Axis Current Position, 63
ESP 32 Board Reset.
Z Axis Current Position, 63
ESP 32 Board Reset.
Z Axis Current Position, 63
ESP 32 Board Reset.
Z Axis Current Position, 64
ESP 32 Board Reset.
Z Axis Current Position, 64
ESP 32 Board Reset.
Z Axis Current Position, 65
ESP 32 Board Reset.
Z Axis Current Position, 65
ESP 32 Board Reset.
Z Axis Current Position, 65
ESP 32 Board Reset.
Z Axis Current Position, 66
ESP 32 Board Reset.
Z Axis Current Position, 66
ESP 32 Board Reset.
Z Axis Current Position, 67
ESP 32 Board Reset.
Z Axis Current Position, 67
ESP 32 Board Reset.
Z Axis Current Position, 68
ESP 32 Board Reset.
Z Axis Current Position, 68
ESP 32 
11/13/2024 21:19:33 [Information] Z Axis Data Received: Board Reset.
Z Axis Current Position, 68
ESP 32 Board Reset.
Z Axis Current Position, 69
ESP 32 Board Reset.
Z Axis Current Position, 69
ESP 32 Board Reset.
Z Axis Current Position, 70
ESP 32 Board Reset.
Z Axis Current Position, 70
ESP 32 Board Reset.
Z Axis Current Position, 71
ESP 32 Board Reset.
Z Axis Current Position, 71
ESP 32 Board Reset.
Z Axis Current Position, 71
ESP 32 Board Reset.
Z Axis Current Position, 72
ESP 32 Board Reset.
Z Axis Current Position, 72
ESP 32 Board Reset.
Z Axis Current Position, 73
ESP 32 Board Reset.
Z Axis Current Position, 73
ESP 32 Board Reset.
Z Axis Current Position, 74
ESP 32 Board Reset.
Z Axis Current Position, 74
ESP 32 Board Reset.
Z Axis Current Position, 74
ESP 32 Board Reset.
Z Axis Current Position, 75
ESP 32 Board Reset.
Z Axis Current Position, 75
ESP 32 Board Reset.
Z Axis Current Position, 76
ESP 32 Board Reset.
Z Axis Current Position, 76
ESP 32 Board Reset.
Z Axis Current Position, 76
ES
11/13/2024 21:19:33 [Information] Z Axis Data Received: P 32 Board Reset.
Z Axis Current Position, 77
ESP 32 Board Reset.
Z Axis Current Po
11/13/2024 21:19:33 [Information] Z Axis Data Received: sition, 77
ESP 32 Board Reset.
Z Axis Curr
11/13/2024 21:19:33 [Information] Z Axis Data Received: ent Position, 78
ESP 32 Board Reset.
Z Axis Current Position, 78
ESP 32 Board Reset.
11/13/2024 21:19:33 [Information] Z Axis Data Received: 
Z Axis Current Position, 79
ESP 32 Board Reset.
Z Axis Current Position, 79
ESP 32 Board Reset.
Z Axis Current Position, 79
11/13/2024 21:19:33 [Information] Z Axis Data Received: 
ESP 32 Board Reset.
Z Axis Current Position, 80
ESP 32 Board Reset.
Z Axis Current 
11/13/2024 21:19:33 [Information] Z Axis Data Received: Position, 80
ESP 32 Board Reset.
Z Axis C
11/13/2024 21:19:33 [Information] Z Axis Data Received: urrent Position, 81
ESP 32 Board Reset.
Z Axis Current Position, 81
ESP 32 Board Res
11/13/2024 21:19:33 [Information] Z Axis Data Received: et.
Z Axis Current Position, 82
ESP 32 Board Reset.
Z Axis Current Position, 82
ESP
11/13/2024 21:19:33 [Information] Z Axis Data Received:  32 Board Reset.
Z Axis Current Position, 8
11/13/2024 21:19:35 [Information] Z Axis Data Received: 2
ESP 32 Board Reset.
Z Axis Current Pos
11/13/2024 21:19:36 [Information] Z Axis Data Received: ition, 83
ESP 32 Board Reset.
Z Axis Current Position, 83
ESP 32 Board Reset.
Z Axis Current Position, 84
ESP 32 Board Reset.
Z Axis Current Position, 84
ESP 32 Board Reset.
Z Axis Current Position, 85
ESP 32 Board Reset.
Z Axis Current Position, 85
ESP 32 Board Reset.
Z Axis Current Position, 85
ESP 32 Board Reset.
Z Axis Current Position, 86
ESP 32 Board Reset.
Z Axis Current Position, 86
ESP 32 Board Reset.
Z Axis Current Position, 87
ESP 32 Board Reset.
Z Axis Current Position, 87
ESP 32 Board Reset.
Z Axis Current Position, 88
ESP 32 Board Reset.
Z Axis Current Position, 88
ESP 32 Board Reset.
Z Axis Current Position, 88
ESP 32 Board Reset.
Z Axis Current Position, 89
ESP 32 Board Reset.
Z Axis Current Position, 89
ESP 32 Board Reset.
Z Axis Current Position, 90
ESP 32 Board Reset.
Z Axis Current Position, 90
ESP 32 Board Reset.
Z Axis Current Position, 90
ESP 32 Board Reset.
Z Axis Current Position, 91
ESP 32 Board Reset.
Z Axis Current Position, 91
ESP 32 Board Reset.
Z Axis Current Position, 92
ESP 32 Board Reset.
Z Axis Current Position, 92
ESP 32 Board Reset.
Z Axis Current Position, 93
ESP 32 Board Reset.
Z Axis Current Position, 93
ESP 32 Board Reset.
Z Axis Current Position, 93
ESP 32 Board Reset.
Z Axis Current Position, 94
ESP 32 Board Reset.
Z Axis Current Position, 94
ESP 32 Board Reset.
Z Axis Current Position, 95
ESP 32 Board Reset.
Z Axis Current Position, 95
ESP 32 Board Reset.
Z Axis Current Position, 96
ESP 32 Board Reset.
Z Axis Current Position, 96
ESP 32 Board Reset.
Z Axis Current Position, 96
ESP 32 Board Reset.
Z Axis Current Position, 97
ESP 32 Board Reset.
Z Axis Current Position, 97
ESP 32 Board Reset.
Z Axis Current Position, 98
ESP 32 Board Reset.
Z Axis Current Position, 98
ESP 32 Board Reset.
Z Axis Current Position, 99
ESP 32 Board Reset.
Z Axis Current Position, 99
ESP 32 Board Reset.
Z Axis Current Position, 99
ESP 32 Board Reset.
Z A
11/13/2024 21:19:37 [Information] Z Axis Data Received: xis Current Position, 100
ESP 32 Board Res
11/13/2024 21:19:39 [Information] Z Axis Data Received: et.
Z Axis Current Position, 100
ESP 32 Board Reset.
Z Axis Current Position, 101
ESP 32 Board Reset.
Z Axis Current Position, 101
ESP 32 Board Reset.
Z Axis Current Position, 102
ESP 32 Board Reset.
Z Axis Current Position, 102
ESP 32 Board Reset.
Z Axis Current Position, 102
ESP 32 Board Reset.
Z Axis Current Position, 103
ESP 32 Board Reset.
Z Axis Current Position, 103
ESP 32 Board Reset.
Z Axis Current Position, 104
ESP 32 Board Reset.
Z Axis Current Position, 104
ESP 32 Board Reset.
Z Axis Current Position, 105
ESP 32 Board Reset.
Z Axis Current Position, 105
ESP 32 Board Reset.
Z Axis Current Position, 105
ESP 32 Board Reset.
Z Axis Current Position, 106
ESP 32 Board Reset.
Z Axis Current Position, 106
ESP 32 Board Reset.
Z Axis Current Position, 107
ESP 32 Board Reset.
Z Axis Current Position, 107
ESP 32 Board Reset.
Z Axis Current Position, 108
ESP 32 Board Reset.
Z Axis Current Position, 108
ESP 32 Board Reset.
Z Axis Current Position, 
11/13/2024 21:19:40 [Information] Z Axis Data Received: 108
ESP 32 Board Reset.
Z Axis Current Position, 109
ESP 32 Board Reset.
Z Axis Current Position, 109
ESP 32 Board Reset.
Z Axis Current Position, 110
ESP 32 Board Reset.
Z Axis Current Position, 110
ESP 32 Board Reset.
Z Axis Current Position, 111
ESP 32 Board Reset.
Z Axis Current Position, 111
ESP 32 Board Reset.
Z Axis Current Position, 111
ESP 32 Board Reset.
Z Axis Current Position, 112
ESP 32 Board Reset.
Z Axis Current Position, 112
ESP 32 Board Reset.
Z Axis Current Position, 113
ESP 32 Board Reset.
Z Axis Current Position, 113
ESP 32 Board Reset.
Z Axis Current Position, 114
ESP 32 Board Reset.
Z Axis Current Position, 114
ESP 32 Board Reset.
Z Axis Current Position, 114
ESP 32 Board Reset.
Z Axis Current Position, 115
ESP 32 Board Reset.
Z Axis Current Position, 115
ESP 32 Board Reset.
Z Axis Current Position, 116
ESP 32 Board Reset.
Z Axis Current Position, 116
ESP 32 Board Reset.
Z Axis Current Position, 117
ESP 32 Board Reset.
Z Axis Current Position, 117
ESP 32 Board Reset.
Z Axis Current Position, 118
ESP 32 Board Reset.
Z Axis Current Position, 118
ESP 32 Board Reset.
Z Axis Current Position, 118
ESP 32 Board Reset.
Z Axis Current Position, 119
ESP 32 Board Reset.
Z Axis Current Position, 119
ESP 32 Board Reset.
Z Axis Current Position, 120
ESP 32 Board Reset.
Z Axis Current Position, 120
ESP 32 Board Reset.
Z Axis Current Position, 121
ESP 32 Board Reset.
Z Axis Current Position, 121
ESP 32 Board Reset.
Z Axis Current Position, 121
ESP 32 Board Reset.
Z Axis Current Position, 122
ESP 32 Board Reset.
Z Axis Current Position, 122
ESP 32 Board Reset.
Z Axis Current Position, 123
ESP 32 Board Reset.
Z Axis Current Position, 123
ESP 32 Board Reset.
Z Axis Current Position, 124
ESP 32 Board Reset.
Z Axis Current Position, 124
ESP 32 Board Reset.
Z Axis Current Position, 124
ESP 32 Board Reset.
Z Axis Cur
11/13/2024 21:19:40 [Information] Z Axis Data Received: rent Position, 125
ESP 32 Board Reset.
Z Axis Current Position, 125
ESP 32 Board Reset.
Z Axis Current Position, 126
ESP 32 Board Reset.
Z Axis Current Position, 126
ESP 32 Board Reset.
Z Axis Current Position, 127
ESP 32 Board Reset.
Z Axis Current Position, 127
ESP 32 Board Reset.
Z Axis Current Position, 127
ESP 32 Board Reset.
Z Axis Current Position, 128
ESP 32 Board Reset.
Z Axis Current Position, 128
ESP 32 Board Reset.
Z Axis Current Position, 129
ESP 32 Board Reset.
Z Axis Current Position, 129
ESP 32 Board Reset.
Z Axis Current Position, 130
ESP 32 Board Reset.
Z Axis Current Position, 130
ESP 32 Board Reset.
Z Axis Current Position, 130
ESP 32 Board Reset.
Z Axis Current Position, 131
ESP 32 Board Reset.
Z Axis Current Position, 131
ESP 32 Board Reset.
Z Axis Current Position, 132
ESP 32 Board Reset.
Z Axis Current Position, 132
ESP 32 Board Reset.
Z Axis Current Position, 133
ESP 32 Board Reset.
Z Axis Current Position, 133
ESP 32 Board Reset.
Z Axis Current Position, 134
ESP 3
11/13/2024 21:19:40 [Information] Z Axis Data Received: 2 Board Reset.
Z Axis Current Position, 134
11/13/2024 21:19:40 [Information] Z Axis Data Received: 
ESP 32 Board Reset.
Z Axis Current Posit
11/13/2024 21:19:40 [Information] Z Axis Data Received: ion, 134
ESP 32 Board Reset.
Z Axis Current Position, 135
ESP 32 Board Reset.
Z Axis Current Position, 135
ESP 32 Board Reset.

11/13/2024 21:19:40 [Information] Z Axis Data Received: Z Axis Current Position, 136
ESP 32 Board Reset.
Z Axis Current Position, 136
ESP 32 Board Reset.
Z Axis Current Position, 137
ESP 32 Board Reset.
Z Axis Current Pos
11/13/2024 21:19:40 [Information] Z Axis Data Received: ition, 137
ESP 32 Board Reset.
Z Axis Curr
11/13/2024 21:19:40 [Information] Z Axis Data Received: ent Position, 137
ESP 32 Board Reset.
Z Axis Current Position, 138
ESP 32 Board Rese
11/13/2024 21:19:40 [Information] Z Axis Data Received: t.
Z Axis Current Position, 138
ESP 32 Bo
11/13/2024 21:19:40 [Information] Z Axis Data Received: ard Reset.
Z Axis Current Position, 139
ESP 32 Board Reset.
Z Axis Current Position, 1
11/13/2024 21:19:40 [Information] Z Axis Data Received: 39
ESP 32 Board Reset.
Z Axis Current Position, 140
ESP 32 Board Reset.
Z Axis C
11/13/2024 21:19:41 [Information] Z Axis Data Received: urrent Position, 140
ESP 32 Board Reset.
Z 
11/13/2024 21:19:42 [Information] Z Axis Data Received: Axis Current Position, 140
ESP 32 Board R
11/13/2024 21:19:43 [Information] Z Axis Data Received: eset.
Z Axis Current Position, 141
ESP 32 Board Reset.
Z Axis Current Position, 141
ESP 32 Board Reset.
Z Axis Current Position, 142
ESP 32 Board Reset.
Z Axis Current Position, 142
ESP 32 Board Reset.
Z Axis Current Position, 143
ESP 32 Board Reset.
Z Axis Current Position, 143
ESP 32 Board Reset.
Z Axis Current Position, 143
ESP 32 Board Reset.
Z Axis Current Position, 144
ESP 32 Board Reset.
Z Axis Current Position, 144
ESP 32 Board Reset.
Z Axis Current Position, 145
ESP 32 Board Reset.
Z Axis Current Position, 145
ESP 32 Board Reset.
Z Axis Current Position, 146
ESP 32 Board Reset.
Z Axis Current Position, 146
ESP 32 Board Reset.
Z Axis Current Position, 146
ESP 32 Board Reset.
Z Axis Current Position, 147
ESP 32 Board Reset.
Z Axis Current Position, 147
ESP 32 Board Reset.
Z Axis Current Position, 148
ESP 32 Board Reset.
Z Axis Current Position, 148
ESP 32 Board Reset.
Z Axis Current Position, 149
ESP 32 Board Reset.
Z Axis Cur
11/13/2024 21:19:45 [Information] Z Axis Data Received: rent Position, 149
ESP 32 Board Reset.
Z Axis Current Position, 149
ESP 32 Board Reset.
Z Axis Current Position, 150
ESP 32 Board Reset.
Z Axis Current Position, 150
ESP 32 Board Reset.
Z Axis Current Position, 151
ESP 32 Board Reset.
Z Axis Current Position, 151
ESP 32 Board Reset.
Z Axis Current Position, 152
ESP 32 Board Reset.
Z Axis Current Position, 152
ESP 32 Board Reset.
Z Axis Current Position, 153
ESP 32 Board Reset.
Z Axis Current Position, 153
ESP 32 Board Reset.
Z Axis Current Position, 153
ESP 32 Board Reset.
Z Axis Current Position, 154
ESP 32 Board Reset.
Z Axis Current Position, 154
ESP 32 Board Reset.
Z Axis Current Position, 155
ESP 32 Board Reset.
Z Axis Current Position, 155
ESP 32 Board Reset.
Z Axis Current Position, 156
ESP 32 Board Reset.
Z Axis Current Position, 156
ESP 32 Board Reset.
Z Axis Current Position, 156
ESP 32 Board Reset.
Z Axis Current Position, 157
ESP 32 Board Reset.
Z Axis Current Position, 157
ESP 32 Boa
11/13/2024 21:19:46 [Information] Z Axis Data Received: rd Reset.
Z Axis Current Position, 158
ESP 32 Board Reset.
Z Axis Current Position, 158
ESP 32 Board Reset.
Z Axis Current Position, 159
ESP 32 Board Reset.
Z Axis Current Position, 159
ESP 32 Board Reset.
Z Axis Current Position, 159
ESP 32 Board Reset.
Z Axis Current Position, 160
ESP 32 Board Reset.
Z Axis Current Position, 160
ESP 32 Board Reset.
Z Axis Current Position, 161
ESP 32 Board Reset.
Z Axis Current Position, 161
ESP 32 Board Reset.
Z Axis Current Position, 162
ESP 32 Board Reset.
Z Axis Current Position, 162
ESP 32 Board Reset.
Z Axis Current Position, 162
ESP 32 Board Reset.
Z Axis Current Position, 163
ESP 32 Board Reset.
Z Axis Current Position, 163
ESP 32 Board Reset.
Z Axis Current Position, 164
ESP 32 Board Reset.
Z Axis Current Position, 164
ESP 32 Board Reset.
Z Axis Current Position, 165
ESP 32 Board Reset.
Z Axis Current Position, 165
ESP 32 Board Reset.
Z Axis Current Position, 165
ESP 32 Board Reset.
Z Axis Current Position, 166
ESP 32 Board Reset.
Z Axis Current Position, 166
ESP 32 Board Reset.
Z Axis Current Position, 167
ESP 32 Board Reset.
Z Axis Current Position, 167
ESP 32 Board Reset.
Z Axis Current Position, 168
ESP 32 Board Reset.
Z Axis Current Position, 168
ESP 32 Board Reset.
Z Axis Current Position, 169
ESP 32 Board Reset.
Z Axis Current Position, 169
ESP 32 Board Reset.
Z Axis Current Position, 169
ESP 32 Board Reset.
Z Axis Current Position, 170
ESP 32 Board Reset.
Z Axis Current Position, 170
ESP 32 Board Reset.
Z Axis Current Position, 171
ESP 32 Board Reset.
Z Axis Current Position, 171
ESP 32 Board Reset.
Z Axis Current Position, 172
ESP 32 Board Reset.
Z Axis Current Position, 172
ESP 32 Board Reset.
Z Axis Current Position, 172
ESP 32 Board Reset.
Z Axis Current Position, 173
ESP 32 Board Reset.
Z Axis Current Position, 173
ESP 32 Board Reset.
Z Axis Current Position,
11/13/2024 21:19:46 [Information] Z Axis Data Received:  174
ESP 32 Board Reset.
Z Axis Current Position, 174
ESP 32 Board Reset.
Z Axis Current Position, 175
ESP 32 Board Reset.
Z Axis Current Position, 175
ESP 32 Board Reset.
Z Axis Current Position, 175
ESP 32 Board Reset.
Z Axis Current Position, 176
ESP 32 Board Reset.
Z Axis Current Position, 176
ESP 32 Board Reset.
Z Axis Current Position, 177
ESP 32 Board Reset.
Z Axis Current Position, 177
ESP 32 Board Reset.
Z Axis Current Position, 178
ESP 32 Board Reset.
Z Axis Current Position, 178
ESP 32 Board Reset.
Z Axis Current Position, 178
ESP 32 Board Reset.
Z Axis Current Position, 179
ESP 32 Board Reset.
Z Axis Current Position, 179
ESP 32 Board Reset.
Z Axis Current Position, 180
ESP 32 Board Reset.
Z Axis Current Position, 180
ESP 32 Board Reset.
Z Axis Current Position, 181
ESP 32 Board Reset.
Z Axis Current Position, 181
ESP 32 Board Reset.
Z Axis Current Position, 181
ESP 32 Board Reset.
Z Axis Current Position, 182
ESP 32 Board Reset.
Z Axis C
11/13/2024 21:19:46 [Information] Z Axis Data Received: urrent Position, 182
ESP 32 Board Reset.
Z Axis Current Position, 183
ESP 32 Board 
11/13/2024 21:19:46 [Information] Z Axis Data Received: Reset.
Z Axis Current Position, 183
ESP 32 Board Reset.
Z Axis Current Position, 184
ESP 32 Board Reset.
Z Axis Current Posit
11/13/2024 21:19:46 [Information] Z Axis Data Received: ion, 184
ESP 32 Board Reset.
Z Axis Curren
11/13/2024 21:19:46 [Information] Z Axis Data Received: t Position, 185
ESP 32 Board Reset.
Z Axis
11/13/2024 21:19:46 [Information] Z Axis Data Received:  Current Position, 185
ESP 32 Board Reset.
11/13/2024 21:19:46 [Information] Z Axis Data Received: 
Z Axis Current Position, 185
ESP 32 Board Reset.
Z Axis Current Position, 186
ESP 
11/13/2024 21:19:46 [Information] Z Axis Data Received: 32 Board Reset.
Z Axis Current Position, 186
ESP 32 Board Reset.
Z Axis Current Posi
11/13/2024 21:19:46 [Information] Z Axis Data Received: tion, 187
ESP 32 Board Reset.
Z Axis Curr
11/13/2024 21:19:46 [Information] Z Axis Data Received: ent Position, 187
ESP 32 Board Reset.
Z A
11/13/2024 21:19:46 [Information] Z Axis Data Received: xis Current Position, 188
ESP 32 Board Rese
11/13/2024 21:19:46 [Information] Z Axis Data Received: t.
Z Axis Current Position, 188
ESP 32 Board Reset.
Z Axis Current Position, 188
ES
11/13/2024 21:19:46 [Information] Z Axis Data Received: P 32 Board Reset.
Z Axis Current Position, 189
ESP 32 Board Reset.
Z Axis Current Po
11/13/2024 21:19:48 [Information] Z Axis Data Received: sition, 189
ESP 32 Board Reset.
Z Axis Cu
11/13/2024 21:19:49 [Information] Z Axis Data Received: rrent Position, 190
ESP 32 Board Reset.
Z Axis Current Position, 190
ESP 32 Board Reset.
Z Axis Current Position, 191
ESP 32 Board Reset.
Z Axis Current Position, 191
ESP 32 Board Reset.
Z Axis Current Position, 191
ESP 32 Board Reset.
Z Axis Current Position, 192
ESP 32 Board Reset.
Z Axis Current Position, 192
ESP 32 Board Reset.
Z Axis Current Position, 193
ESP 32 Board Reset.
Z Axis Current Position, 193
ESP 32 Board Reset.
Z Axis Current Position, 194
ESP 32 Board Reset.
Z Axis Current Position, 194
ESP 32 Board Reset.
Z Axis Current Position, 194
ESP 32 Board Reset.
Z Axis Current Position, 195
ESP 32 Board Reset.
Z Axis Current Position, 195
ESP 32 Board Reset.
Z Axis Current Position, 196
ESP 32 Board Reset.
Z Axis Current Position, 196
ESP 32 Board Reset.
Z Axis Current Position, 197
ESP 32 Board Reset.
Z Axis Current Position, 197
ESP 32 Board Reset.
Z Axis Current Position, 197
ESP 32 Board Reset.
Z Axis Current Position,
11/13/2024 21:19:51 [Information] Z Axis Data Received:  198
ESP 32 Board Reset.
Z Axis Current Position, 198
ESP 32 Board Reset.
Z Axis Current Position, 199
ESP 32 Board Reset.
Z Axis Current Position, 199
ESP 32 Board Reset.
Z Axis Current Position, 200
ESP 32 Board Reset.
Z Axis Current Position, 200
ESP 32 Board Reset.
Z Axis Current Position, 200
ESP 32 Board Reset.
Z Axis Current Position, 201
ESP 32 Board Reset.
Z Axis Current Position, 201
ESP 32 Board Reset.
Z Axis Current Position, 202
ESP 32 Board Reset.
Z Axis Current Position, 202
ESP 32 Board Reset.
Z Axis Current Position, 203
ESP 32 Board Reset.
Z Axis Current Position, 203
ESP 32 Board Reset.
Z Axis Current Position, 204
ESP 32 Board Reset.
Z Axis Current Position, 204
ESP 32 Board Reset.
Z Axis Current Position, 204
ESP 32 Board Reset.
Z Axis Current Position, 205
ESP 32 Board Reset.
Z Axis Current Position, 205
ESP 32 Board Reset.
Z Axis Current Position, 206
ESP 32 Board Reset.
Z Axis Current Position, 206
ESP 32 Board Reset.
Z A
11/13/2024 21:19:51 [Information] Z Axis Data Received: xis Current Position, 207
ESP 32 Board Reset.
Z Axis Current Position, 207
ESP 32 Board Reset.
Z Axis Current Position, 207
ESP 32 Board Reset.
Z Axis Current Position, 208
ESP 32 Board Reset.
Z Axis Current Position, 208
ESP 32 Board Reset.
Z Axis Current Position, 209
ESP 32 Board Reset.
Z Axis Current Position, 209
ESP 32 Board Reset.
Z Axis Current Position, 210
ESP 32 Board Reset.
Z Axis Current Position, 210
ESP 32 Board Reset.
Z Axis Current Position, 210
ESP 32 Board Reset.
Z Axis Current Position, 211
ESP 32 Board Reset.
Z Axis Current Position, 211
ESP 32 Board Reset.
Z Axis Current Position, 212
ESP 32 Board Reset.
Z Axis Current Position, 212
ESP 32 Board Reset.
Z Axis Current Position, 213
ESP 32 Board Reset.
Z Axis Current Position, 213
ESP 32 Board Reset.
Z Axis Current Position, 213
ESP 32 Board Reset.
Z Axis Current Position, 214
ESP 32 Board Reset.
Z Axis Current Position, 214
ESP 32 Board Reset.
Z Axis Current Position, 215
ESP 32 Board Reset.
Z Axis Current Position, 215
ESP 32 Board Reset.
Z Axis Current Position, 216
ESP 32 Board Reset.
Z Axis Current Position, 216
ESP 32 Board Reset.
Z Axis Current Position, 216
ESP 32 Board Reset.
Z Axis Current Position, 217
ESP 32 Board Reset.
Z Axis Current Position, 217
ESP 32 Board Reset.
Z Axis Current Position, 218
ESP 32 Board Reset.
Z Axis Current Position, 218
ESP 32 Board Reset.
Z Axis Current Position, 219
ESP 32 Board Reset.
Z Axis Current Position, 219
ESP 32 Board Reset.
Z Axis Current Position, 220
ESP 32 Board Reset.
Z Axis Current Position, 220
ESP 32 Board Reset.
Z Axis Current Position, 220
ESP 32 Board Reset.
Z Axis Current Position, 221
ESP 32 Board Reset.
Z Axis Current Position, 221
ESP 32 Board Reset.
Z Axis Current Position, 222
ESP 32 Board Reset.
Z Axis Current Position, 222
ESP 32 Board Reset.
Z Axis Current Position, 223
ESP 32 Bo
11/13/2024 21:19:52 [Information] Z Axis Data Received: ard Reset.
Z Axis Current Position, 223
ESP 3
11/13/2024 21:19:52 [Information] Z Axis Data Received: 2 Board Reset.
Z Axis Current Position, 223
ESP 32 Board Reset.
Z Axis Current Position, 224
ESP 32 Board Reset.
Z Axis Current Position, 224
ESP 32 Board Reset.
Z Axis Current Position, 225
ESP 32 Board Reset.
Z Axis Current Position, 225
ESP 32 Board Reset.
Z Axis Current Position, 226
ESP 32 Board Reset.
Z Axis Current Position, 226
ESP 32 Board Reset.
Z Axis Current Position, 226
ESP 32 Board Reset.
Z Axis Current Position, 227
ESP 32 Board Reset.
Z Axis Current Position, 227
ESP 32 Board Reset.
Z Axis Current Position, 228
ESP 32 Board Reset.
Z Axis Current Position, 228
ESP 32 Board Reset.
Z Axis Current Position, 229
ESP 32 Board Reset.
Z Axis Current Position, 229
ESP 32 Board Reset.
Z Axis Current Position, 229
ESP 32 Board Reset.
Z Axis Current Position, 230
ESP 32 Board Reset.
Z Axis Current Position, 230
ESP 32 Board Reset.
Z Axis Current Position, 231
ESP 32 Board Reset.
Z Axis Current Position, 231
ESP 32 Board Reset.
Z Axis Current Position, 232
11/13/2024 21:19:52 [Information] Z Axis Data Received: 
ESP 32 Board Reset.
Z Axis Current Position, 232
ESP 32 Board Reset.
Z Axis Curren
11/13/2024 21:19:52 [Information] Z Axis Data Received: t Position, 232
ESP 32 Board Reset.
Z Axis Current Position, 233
ESP 32 Board Reset.
11/13/2024 21:19:52 [Information] Z Axis Data Received: 
Z Axis Current Position, 233
ESP 32 Board Reset.
Z Axis Current Position, 234
ESP 
11/13/2024 21:19:52 [Information] Z Axis Data Received: 32 Board Reset.
Z Axis Current Position, 23
11/13/2024 21:19:52 [Information] Z Axis Data Received: 4
ESP 32 Board Reset.
Z Axis Current Posi
11/13/2024 21:19:52 [Information] Z Axis Data Received: tion, 235
ESP 32 Board Reset.
Z Axis Curr
11/13/2024 21:19:52 [Information] Z Axis Data Received: ent Position, 235
ESP 32 Board Reset.
Z A
11/13/2024 21:19:52 [Information] Z Axis Data Received: xis Current Position, 236
ESP 32 Board Reset
11/13/2024 21:19:52 [Information] Z Axis Data Received: .
Z Axis Current Position, 236
ESP 32 Board Reset.
Z Axis Current Position, 236
ES
11/13/2024 21:19:52 [Information] Z Axis Data Received: P 32 Board Reset.
Z Axis Current Position, 237
ESP 32 Board Reset.
Z Axis Current Position, 237
ESP 32 Board Reset.
Z Axis Cur
11/13/2024 21:19:53 [Information] Z Axis Data Received: rent Position, 238
ESP 32 Board Reset.
Z A
11/13/2024 21:19:54 [Information] Z Axis Data Received: xis Current Position, 238
ESP 32 Board Reset.
Z Axis Current Position, 239
ESP 32 Board Reset.
Z Axis Current Position, 239
11/13/2024 21:19:55 [Information] Z Axis Data Received: 
ESP 32 Board Reset.
Z Axis Current Position, 239
ESP 32 Board Reset.
Z Axis Current Position, 240
ESP 32 Board Reset.
Z Axis Current Position, 240
ESP 32 Board Reset.
Z Axis Current Position, 241
ESP 32 Board Reset.
Z Axis Current Position, 241
ESP 32 Board Reset.
Z Axis Current Position, 242
ESP 32 Board Reset.
Z Axis Current Position, 242
ESP 32 Board Reset.
Z Axis Current Position, 242
ESP 32 Board Reset.
Z Axis Current Position, 243
ESP 32 Board Reset.
Z Axis Current Position, 243
ESP 32 Board Reset.
Z Axis Current Position, 244
ESP 32 Board Reset.
Z Axis Current Position, 244
ESP 32 Board Reset.
Z Axis Current Position, 245
ESP 32 Board Reset.
Z Axis Current Position, 245
ESP 32 Board Reset.
Z Axis Current Position, 245
ESP 32 Board Reset.
Z Axis Current Position, 246
ESP 32 Board Reset.
Z Axis Current Position, 246
ESP 32 Board Reset.
Z Axis Current Position, 247
ESP 32 Board Reset.
Z Axis Current Position, 247
ESP 32 Board Re
11/13/2024 21:19:56 [Information] Z Axis Data Received: set.
Z Axis Current Position, 248
ESP 32 Board Reset.
Z Axis Current Position, 248
ESP 32 Board Reset.
Z Axis Current Position, 248
ESP 32 Board Reset.
Z Axis Current Position, 249
ESP 32 Board Reset.
Z Axis Current Position, 249
ESP 32 Board Reset.
Z Axis Current Position, 250
ESP 32 Board Reset.
Z Axis Current Position, 250
ESP 32 Board Reset.
Z Axis Current Position, 251
ESP 32 Board Reset.
Z Axis Current Position, 251
ESP 32 Board Reset.
Z Axis Current Position, 251
ESP 32 Board Reset.
Z Axis Current Position, 252
ESP 32 Board Reset.
Z Axis Current Position, 252
ESP 32 Board Reset.
Z Axis Current Position, 253
ESP 32 Board Reset.
Z Axis Current Position, 253
ESP 32 Board Reset.
Z Axis Current Position, 254
ESP 32 Board Reset.
Z Axis Current Position, 254
ESP 32 Board Reset.
Z Axis Current Position, 255
ESP 32 Board Reset.
Z Axis Current Position, 255
ESP 32 Board Reset.
Z Axis Current Position, 255
ESP 32
11/13/2024 21:19:57 [Information] Z Axis Data Received:  Board Reset.
Z Axis Current Position, 256
ESP 32 Board Reset.
Z Axis Current Position, 256
ESP 32 Board Reset.
Z Axis Current Position, 257
ESP 32 Board Reset.
Z Axis Current Position, 257
ESP 32 Board Reset.
Z Axis Current Position, 258
ESP 32 Board Reset.
Z Axis Current Position, 258
ESP 32 Board Reset.
Z Axis Current Position, 258
ESP 32 Board Reset.
Z Axis Current Position, 259
ESP 32 Board Reset.
Z Axis Current Position, 259
ESP 32 Board Reset.
Z Axis Current Position, 260
ESP 32 Board Reset.
Z Axis Current Position, 260
ESP 32 Board Reset.
Z Axis Current Position, 261
ESP 32 Board Reset.
Z Axis Current Position, 261
ESP 32 Board Reset.
Z Axis Current Position, 261
ESP 32 Board Reset.
Z Axis Current Position, 262
ESP 32 Board Reset.
Z Axis Current Position, 262
ESP 32 Board Reset.
Z Axis Current Position, 263
ESP 32 Board Reset.
Z Axis Current Position, 263
ESP 32 Board Reset.
Z Axis Current Position, 264
ESP 32 Board Reset.
Z Axis Current Position, 264
ESP 32 Board Reset.
Z Axis Current Position, 264
ESP 32 Board Reset.
Z Axis Current Position, 265
ESP 32 Board Reset.
Z Axis Current Position, 265
ESP 32 Board Reset.
Z Axis Current Position, 266
ESP 32 Board Reset.
Z Axis Current Position, 266
ESP 32 Board Reset.
Z Axis Current Position, 267
ESP 32 Board Reset.
Z Axis Current Position, 267
ESP 32 Board Reset.
Z Axis Current Position, 267
ESP 32 Board Reset.

11/13/2024 21:19:57 [Information] Z Axis Data Received: Z Axis Current Position, 268
ESP 32 Board Reset.
Z Axis Current Position, 268
ESP 32 Board Reset.
Z Axis Current Position, 269
ESP 32 Board Reset.
Z Axis Current Position, 269
ESP 32 Board Reset.
Z Axis Current Position, 270
ESP 32 Board Reset.
Z Axis Current Position, 270
ESP 32 Board Reset.
Z Axis Current Position, 271
ESP 32 Board Reset.
Z Axis Current Position, 271
ESP 32 Board Reset.
Z Axis Current Position, 271
ESP 32 Board Reset.
Z Axis Current Position, 272
ESP 32 Board Reset.
Z Axis Current Position, 272
ESP 32 Board Reset.
Z Axis Current Position, 273
ESP 32 Board Reset.
Z Axis Current Position, 273
ESP 32 Board Reset.
Z Axis Current Position, 274
ESP 32 Board Reset.
Z Axis Current Position, 274
ESP 32 Board Reset.
Z Axis Current Position, 274
ESP 32 Board Reset.
Z Axis Current Position, 275
ESP 32 Board Reset.
Z Axis Current Position, 275
ESP 32 Board Reset.
Z Axis Current Position, 276
ESP 32 Board Reset.
Z Axis Current Position, 276
ESP 32 Board Reset.
Z
11/13/2024 21:19:58 [Information] Z Axis Data Received:  
11/13/2024 21:19:58 [Information] Z Axis Data Received: Axis Current Position, 277
ESP 32 Board Reset.
Z Axis Current Position, 277
ESP 32 Board Reset.
Z Axis Current Position, 277
ESP 32 Board Reset.
Z Axis Current Position, 278
ESP 32 Board Reset.
Z Axis Current Position, 278
ESP 32 Board Reset.
Z Axis Current Position, 279
ESP 32 Board Reset.
Z Axis Current Position, 279
ESP 32 Board Reset.
Z Axis Current Position, 280
ESP 32 Board Reset.
Z Axis Current Position, 280
ESP 32 Board Reset.
Z Axis Current Position, 280
ESP 32 Board Reset.
Z Axis Current Position, 281
ESP 32 Board Reset.
Z Axis Current Position, 281
ESP 32 Board Reset.
Z Axis Current Position, 282
ESP 32 Board Reset.
Z Axis Current Position, 282
ESP 32 Board Reset.
Z Axis Current Position, 283
ESP 32 Board Reset.
Z Axis Current Position, 283
ESP 32 Board Reset.
Z Axis Current Position, 283
ESP 32 Board Reset.
Z Axis Current Position, 284
ESP 32 Board Reset.
Z Axis Current Position, 284
ESP 32 Board Reset.
Z Axis Current Position, 285
ESP 32 Boar
11/13/2024 21:19:58 [Information] Z Axis Data Received: d Reset.
Z Axis Current Position, 285
ES
11/13/2024 21:19:58 [Information] Z Axis Data Received: P 
11/13/2024 21:19:58 [Information] Z Axis Data Received: 32 Board Reset.
Z Axis Current Position, 28
11/13/2024 21:19:59 [Information] Z Axis Data Received: 6
ESP 32 Board Reset.
Z Axis Current Position, 286
ESP 32 Board Reset.
Z Axis Current Position, 287
ESP 32 Board Reset.
Z Axis Current Position, 287
ESP 32 Board Re
11/13/2024 21:19:59 [Information] Z Axis Data Received: set.
Z Axis Current Position, 287
ESP 32 Bo
11/13/2024 21:19:59 [Information] Z Axis Data Received: ard Reset.
Z Axis Current Position, 288
ESP 32 Board Reset.
Z Axis Current Positio
11/13/2024 21:19:59 [Information] Z Axis Data Received: n, 288
ESP 32 Board Reset.
Z Axis Current Position, 289
ESP 32 Board Reset.
Z Axis 
11/13/2024 21:19:59 [Information] Z Axis Data Received: Current Position, 289
ESP 32 Board Reset.
Z Axis Current Position, 290
ESP 32 Board Reset.
Z Axis Current Position, 290
ESP 32 Board Reset.
Z Axis Current Position, 290
11/13/2024 21:19:59 [Information] Z Axis Data Received: 
ESP 32 Board Reset.
Z Axis Current Positio
11/13/2024 21:19:59 [Information] Z Axis Data Received: n, 291
ESP 32 Board Reset.
Z Axis Current Position, 291
ESP 32 Board Reset.
Z Axis 
11/13/2024 21:19:59 [Information] Z Axis Data Received: Current Position, 292
ESP 32 Board Reset.
11/13/2024 21:20:00 [Information] Z Axis Data Received: 
Z Axis Current Position, 292
ESP 32 Board
11/13/2024 21:20:01 [Information] Z Axis Data Received:  Reset.
Z Axis Current Position, 293
ESP 32 Board Reset.
Z Axis Current Position, 293
ESP 32 Board Reset.
Z Axis Current Position, 293
ESP 32 Board Reset.
Z Axis Current Position, 294
ESP 32 Board Reset.
Z Axis Current Position, 294
ESP 32 Board Reset.
Z Axis Current Position, 295
ESP 32 Board Reset.
Z Axis Current Position, 295
ESP 32 Board Reset.
Z Axis Current Position, 296
ESP 32 Board Reset.
Z Axis Current Position, 296
ESP 32 Board Reset.
Z Axis Current Position, 296
ESP 32 Board Reset.
Z Axis Current Position, 297
ESP 32 Board Reset.
Z Axis Current Position, 297
ESP 32 Board Reset.
Z Axis Current Position, 298
ESP 32 Board Reset.
Z Axis Current Position, 298
ESP 32 Board Reset.
Z Axis Current Position, 299
ESP 32 Board Reset.
Z Axis Current Position, 299
ESP 32 Board Reset.
Z Axis Current Position, 299
ESP 32 Board Reset.
Z Axis Current Position, 300
ESP 32 Board Reset.
Z Axis Current Position, 300
ESP 32 Board Reset.
Z Axis 
11/13/2024 21:20:03 [Information] Z Axis Data Received: Current Position, 301
ESP 32 Board Reset.
Z Axis Current Position, 301
ESP 32 Board Reset.
Z Axis Current Position, 302
ESP 32 Board Reset.
Z Axis Current Position, 302
ESP 32 Board Reset.
Z Axis Current Position, 302
ESP 32 Board Reset.
Z Axis Current Position, 303
ESP 32 Board Reset.
Z Axis Current Position, 303
ESP 32 Board Reset.
Z Axis Current Position, 304
ESP 32 Board Reset.
Z Axis Current Position, 304
ESP 32 Board Reset.
Z Axis Current Position, 305
ESP 32 Board Reset.
Z Axis Current Position, 305
ESP 32 Board Reset.
Z Axis Current Position, 306
ESP 32 Board Reset.
Z Axis Current Position, 306
ESP 32 Board Reset.
Z Axis Current Position, 306
ESP 32 Board Reset.
Z Axis Current Position, 307
ESP 32 Board Reset.
Z Axis Current Position, 307
ESP 32 Board Reset.
Z Axis Current Position, 308
ESP 32 Board Reset.
Z Axis Current Position, 308
ESP 32 Board Reset.
Z Axis Current Position, 309
ESP 32 Board Reset.
Z Axis Current Position, 309
ESP 32 Board Reset.

11/13/2024 21:20:04 [Information] Z Axis Data Received: Z Axis Current Position, 309
ESP 32 Board Reset.
Z Axis Current Position, 310
ESP 32 Board Reset.
Z Axis Current Position, 310
ESP 32 Board Reset.
Z Axis Current Position, 311
ESP 32 Board Reset.
Z Axis Current Position, 311
ESP 32 Board Reset.
Z Axis Current Position, 312
ESP 32 Board Reset.
Z Axis Current Position, 312
ESP 32 Board Reset.
Z Axis Current Position, 312
ESP 32 Board Reset.
Z Axis Current Position, 313
ESP 32 Board Reset.
Z Axis Current Position, 313
ESP 32 Board Reset.
Z Axis Current Position, 314
ESP 32 Board Reset.
Z Axis Current Position, 314
ESP 32 Board Reset.
Z Axis Current Position, 315
ESP 32 Board Reset.
Z Axis Current Position, 315
ESP 32 Board Reset.
Z Axis Current Position, 315
ESP 32 Board Reset.
Z Axis Current Position, 316
ESP 32 Board Reset.
Z Axis Current Position, 316
ESP 32 Board Reset.
Z Axis Current Position, 317
ESP 32 Board Reset.
Z Axis Current Position, 317
ESP 32 Board Reset.
Z Axis Current Position, 318
ESP 32 Board Reset.
Z Axis Current Position, 318
ESP 32 Board Reset.
Z Axis Current Position, 318
ESP 32 Board Reset.
Z Axis Current Position, 319
ESP 32 Board Reset.
Z Axis Current Position, 319
ESP 32 Board Reset.
Z Axis Current Position, 320
ESP 32 Board Reset.
Z Axis Current Position, 320
ESP 32 Board Reset.
Z Axis Current Position, 321
ESP 32 Board Reset.
Z Axis Current Position, 321
ESP 32 Board Reset.
Z Axis Current Position, 322
ESP 32 Board Reset.
Z Axis Current Position, 322
ESP 32 Board Reset.
Z Axis Current Position, 322
ESP 32 Board Reset.
Z Axis Current Position, 323
ESP 32 Board Reset.
Z Axis Current Position, 323
ESP 32 Board Reset.
Z Axis Current Position, 324
ESP 32 Board Reset.
Z Axis Current Position, 324
ESP 32 Board Reset.
Z Axis Current Position, 325
ESP 32 Board Reset.
Z Axis Current Position, 325
ESP 32 Board Reset.
Z Axis Current Position, 325
ESP 3
11/13/2024 21:20:05 [Information] Z Axis Data Received: 2 Board Reset.
Z Axis Current Position, 326
ESP 32 Board Reset.
Z Axis Current Position, 326
ESP 32 Board Reset.
Z Axis Current Position, 327
ESP 32 Board Reset.
Z Axis Current Position, 327
ESP 32 Board Reset.
Z Axis Current Position, 328
ESP 32 Board Reset.
Z Axis Current Position, 328
ESP 32 Board Reset.
Z Axis Current Position, 328
ESP 32 Board Reset.
Z Axis Current Position, 329
ESP 32 Board Reset.
Z Axis Current Position, 329
ESP 32 Board Reset.
Z Axis Current Position, 330
ESP 32 Board Reset.
Z Axis Current Position, 330
ESP 32 Board Reset.
Z Axis Current Position, 331
ESP 32 Board Reset.
Z Axis Current Position, 331
ESP 32 Board Reset.
Z Axis Current Position, 331
ESP 32 Board Reset.
Z Axis Current Position, 332
ESP 32 Board Reset.
Z Axis Current Position, 332
ESP 32 Board Reset.
Z Axis Current Position, 333
ESP 32 Board Reset.
Z Axis Current Position, 333
ESP 32 Board Reset.
Z Axis Current Position, 334
ESP 32 Board Reset.
Z Axis Current Pos
11/13/2024 21:20:05 [Information] Z Axis Data Received: ition, 334
ESP 32 Board Reset.
Z Axis Current Position, 334
ESP 32 Board Reset.
Z Axis Current Position, 335
ESP 32 Board Reset.
Z Axis Current Position, 335
ESP 32 Board Reset.
Z Axis Current Position, 336
ESP 32 Board Reset.
Z Axis Current Position, 336
ESP 32 Board Reset.
Z Axis Current Position, 337
ESP 32 Board Reset.
Z Axis Current Position, 337
ESP 32 Board Reset.
Z Axis Current Position, 338
ESP 32 Board Reset.
Z Axis Current Position, 338
ESP 32 Board Reset.
Z Axis Current Position, 338
ESP 32 Board Reset.
Z Axis Current Position, 339
ESP 32 Board Reset.
Z Axis Current Position, 339
ESP 32 Board Reset.
Z Axis Current Position, 340
ESP 32 Board Reset.
Z Axis Current Position, 340
ESP 32 Board Reset.
Z Axis Current Position, 341
ESP 32 Board Reset.
Z Axis Current Position, 341
ESP 32 Board Reset.
Z Axis Current Position, 341
ESP 32 Board Reset.
Z Axis Current Position, 342
ESP 32 Board Reset.
Z Axis Current Position, 342
ESP 32 Board Reset.
Z Axis Current Position, 343
ESP 32 Board Reset.
Z A
11/13/2024 21:20:05 [Information] Z Axis Data Received: xis Current Position, 343
ESP 32 Board Reset
11/13/2024 21:20:06 [Information] Z Axis Data Received: .
Z Axis C
11/13/2024 21:20:06 [Information] Z Axis Data Received: urrent Position, 344
ESP 32 Board Reset.
Z Axis Current Position, 344
ESP 32 Board Reset.
Z Axis Current Position, 344
ESP 32 Board Reset.
Z Axis Current Pos
11/13/2024 21:20:06 [Information] Z Axis Data Received: ition, 345
ESP 32 Board Reset.
Z Axis Cur
11/13/2024 21:20:06 [Information] Z Axis Data Received: rent Position, 345
ESP 32 Board Reset.
Z 
11/13/2024 21:20:06 [Information] Z Axis Data Received: Axis Current Position, 346
ESP 32 Board Rese
11/13/2024 21:20:06 [Information] Z Axis Data Received: t.
Z Axis Current Position, 346
ESP 32 Board Reset.
Z Axis Current Position, 347
ESP 32 Board Re
11/13/2024 21:20:06 [Information] Z Axis Data Received: set.
Z Axis Current Position, 347
ESP 32 Board Reset.

11/13/2024 21:20:06 [Information] Z Axis Data Received: Z Axis Current Position, 347
ESP 32 Board Reset.
Z Axis Current Position, 348
ESP 32 Board Reset.
Z Axis Current Position, 348
11/13/2024 21:20:06 [Information] Z Axis Data Received: 
ESP 32 Board Reset.
Z Axis Current Position, 349
ESP 3
11/13/2024 21:20:06 [Information] Z Axis Data Received: 2 Board Reset.
Z Axis Current Position, 349
11/13/2024 21:20:06 [Information] Z Axis Data Received: 
ESP 32 Board Reset.
Z Axis Current Position, 350
ESP 3
11/13/2024 21:20:06 [Information] Z Axis Data Received: 2 Board Reset.
Z Axis Current Position, 35
11/13/2024 21:20:08 [Information] Z Axis Data Received: 0

11/13/2024 21:20:08 [Information] Z Axis Data Received: ESP 32 Board Reset.
Z Axis Current Position, 350
ESP 32 Board Reset.
Z Axis Current Position, 351
ESP 32 Board Reset.
Z Axis Current Position, 351
ESP 32 Board Reset.
Z Axis Current Position, 352
ESP 32 Board Reset.
Z Axis Current Position, 352
ESP 32 Board Reset.
Z Axis Current Position, 353
ESP 32 Board Reset.
Z Axis Current Position, 353
ESP 32 Board Reset.
Z Axis Current Position, 353
ESP 32 Board Reset.
Z Axis Current Position, 354
ESP 32 Board Reset.
Z Axis Current Position, 354
ESP 32 Board Reset.
Z Axis Current Position, 355
ESP 32 Board Reset.
Z Axis Current Position, 355
ESP 32 Board Reset.
Z Axis Current Position, 356
ESP 32 Board Reset.
Z Axis Current Position, 356
ESP 32 Board Reset.
Z Axis Current Position, 357
ESP 32 Board Reset.
Z Axis Current Position, 357
ESP 32 Board Reset.
Z Axis Current Position, 357
ESP 32 Board Reset.
Z Axis Current Position, 358
ESP 32 Board Reset.
Z Axis Current Position, 358
ESP 32 Board Reset.
Z Axis Current Position, 359
ESP 32 Board Reset.
Z Axis Current Position, 359
ESP 32 Board Reset.
Z Axis Current Position, 360
ESP 32 Board Reset.
Z Axis Current Position, 360
ESP 32 Board Reset.
Z Axis Current Position, 360
ESP 32 Board Reset.
Z Axis Current Position, 361
ESP 32 Board Reset.
Z Axis Current Position, 361
ESP 32 Board Reset.
Z Axis Current Position, 362
ESP 32 Board Reset.
Z Axis Current Position, 362
ESP 32 Board Reset.
Z Axis Current Position, 363
ESP 32 Board Reset.
Z Axis Current Position, 363
ESP 32 Board Reset.
Z Axis Current Position, 363
ESP 32 Board Reset.
Z Axis Current Position, 364
ESP 32 Board Reset.
Z Axis Current Position, 364
ESP 32 Board Reset.
Z Axis Current Position, 365
ESP 32 Board Reset.
Z Axis Current Position, 365
ESP 32 Board Reset.
Z Axis Current Position, 366
ESP 32 Board Reset.
Z Axis Current Position, 366
ESP 32 Board Reset.
Z Axis Current Position, 366
ESP 32 Board Reset.
Z Axis Current Position, 367
ESP 32 Board Reset.
Z Axis Current Position, 367
ESP 32 Board 
11/13/2024 21:20:09 [Information] Z Axis Data Received: R
11/13/2024 21:20:10 [Information] Z Axis Data Received: eset.
Z Axis Current Position, 368
ESP 32 Board Reset.
Z Axis Current Position, 368
ESP 32 Board Reset.
Z Axis Current Position, 369
ESP 32 Board Reset.
Z Axis Current Position, 369
ESP 32 Board Reset.
Z Axis Current Position, 369
ESP 32 Board Reset.
Z Axis Current Position, 370
ESP 32 Board Reset.
Z Axis Current Position, 370
ESP 32 Board Reset.
Z Axis Current Position, 371
ESP 32 Board Reset.
Z Axis Current Position, 371
ESP 32 Board Reset.
Z Axis Current Position, 372
ESP 32 Board Reset.
Z Axis Current Position, 372
ESP 32 Board Reset.
Z Axis Current Position, 373
ESP 32 Board Reset.
Z Axis Current Position, 373
ESP 32 Board Reset.
Z Axis Current Position, 373
ESP 32 Board Reset.
Z Axis Current Position, 374
ESP 32 Board Reset.
Z Axis Current Position, 374
ESP 32 Board Reset.
Z Axis Current Position, 375
ESP 32 Board Reset.
Z Axis Current Position, 375
ESP 32 Board Reset.
Z Axis Current Position, 376
ESP 32 Board Reset.
Z Axis Current Position, 376
ESP 32 
11/13/2024 21:20:12 [Information] Z Axis Data Received: Board Reset.
Z Axis Current Position, 376
ESP 32 Board Reset.
Z Axis Current Position, 377
ESP 32 Board Reset.
Z Axis Current Position, 377
ESP 32 Board Reset.
Z Axis Current Position, 378
ESP 32 Board Reset.
Z Axis Current Position, 378
ESP 32 Board Reset.
Z Axis Current Position, 379
ESP 32 Board Reset.
Z Axis Current Position, 379
ESP 32 Board Reset.
Z Axis Current Position, 379
ESP 32 Board Reset.
Z Axis Current Position, 380
ESP 32 Board Reset.
Z Axis Current Position, 380
ESP 32 Board Reset.
Z Axis Current Position, 381
ESP 32 Board Reset.
Z Axis Current Position, 381
ESP 32 Board Reset.
Z Axis Current Position, 382
ESP 32 Board Reset.
Z Axis Current Position, 382
ESP 32 Board Reset.
Z Axis Current Position, 382
ESP 32 Board Reset.
Z Axis Current Position, 383
ESP 32 Board Reset.
Z Axis Current Position, 383
ESP 32 Board Reset.
Z Axis Current Position, 384
ESP 32 Board Reset.
Z Axis Current Position, 384
11/13/2024 21:20:14 [Information] Z Axis Data Received: 
ESP 32 Board Reset.
Z Axis Current Position, 385
ESP 32 Board Reset.
Z Axis Current Position, 385
ESP 32 Board Reset.
Z Axis Current Position, 385
ESP 32 Board Reset.
Z Axis Current Position, 386
ESP 32 Board Reset.
Z Axis Current Position, 386
ESP 32 Board Reset.
Z Axis Current Position, 387
ESP 32 Board Reset.
Z Axis Current Position, 387
ESP 32 Board Reset.
Z Axis Current Position, 388
ESP 32 Board Reset.
Z Axis Current Position, 388
ESP 32 Board Reset.
Z Axis Current Position, 389
ESP 32 Board Reset.
Z Axis Current Position, 389
ESP 32 Board Reset.
Z Axis Current Position, 389
ESP 32 Board Reset.
Z Axis Current Position, 390
ESP 32 Board Reset.
Z Axis Current Position, 390
ESP 32 Board Reset.
Z Axis Current Position, 391
ESP 32 Board Reset.
Z Axis Current Position, 391
ESP 32 Board Reset.
Z Axis Current Position, 392
ESP 32 Board Reset.
Z Axis Current Position, 392
ESP 32 Board Reset.
Z Axis Current Position, 392
ESP 32 Board Reset.
Z Axis Current Po
11/13/2024 21:20:15 [Information] Z Axis Data Received: sition, 393
ESP 32 Board Reset.
Z Axis Current Position, 393
ESP 32 Board Reset.
Z Axis Current Position, 394
ESP 32 Board Reset.
Z Axis Current Position, 394
ESP 32 Board Reset.
Z Axis Current Position, 395
ESP 32 Board Reset.
Z Axis Current Position, 395
ESP 32 Board Reset.
Z Axis Current Position, 395
ESP 32 Board Reset.
Z Axis Current Position, 396
ESP 32 Board Reset.
Z Axis Current Position, 396
ESP 32 Board Reset.
Z Axis Current Position, 397
ESP 32 Board Reset.
Z Axis Current Position, 397
ESP 32 Board Reset.
Z Axis Current Position, 398
ESP 32 Board Reset.
Z Axis Current Position, 398
ESP 32 Board Reset.
Z Axis Current Position, 398
ESP 32 Board Reset.
Z Axis Current Position, 399
ESP 32 Board Reset.
Z Axis Current Position, 399
ESP 32 Board Reset.
Z Axis Current Position, 400
ESP 32 Board Reset.
Z Axis Current Position, 400
ESP 32 Board Reset.
Z Axis Current Position, 401
ESP 32 Board Reset.
Z Axis Current Position, 401
ESP 32 Board Reset.
Z Axis Current Position, 401
ESP 32 Board Reset.
Z Axis Current Position, 402
ESP 32 Board Reset.
Z Axis Current Position, 402
ESP 32 Board Reset.
Z Axis Current Position, 403
ESP 32 Board Reset.
Z Axis Current Position, 403
ESP 32 Board Reset.
Z Axis Current Position, 404
ESP 32 Board Reset.
Z Axis Current Position, 404
ESP 32 Board Reset.
Z Axis Current Position, 404
ESP 32 Board Reset.
Z Axis Current Position, 405
ESP 32 Board Reset.
Z Axis Current Position, 405
ESP 32 Board Reset.
Z Axis Current Position, 406
ESP 32 Board Reset.
Z Axis Current Position, 406
ESP 32 Board Reset.
Z Axis Current Position, 407
ESP 32 Board Reset.
Z Axis Current Position, 407
ESP 32 Board Reset.
Z Axis Current Position, 408
ESP 32 Board Reset.
Z Axis Current Position, 408
ESP 32 Board Reset.
Z Axis Current Position, 408
ESP 32 Board Reset.
Z Axis Current Position, 409
ESP 32 Board Reset.
Z 
11/13/2024 21:20:16 [Information] Z Axis Data Received: Axis Current Position, 409
ESP 32 Board Reset.
Z Axis Current Position, 410
ESP 32 Board Reset.
Z Axis Current Position, 410
ESP 32 Board Reset.
Z Axis Current Position, 411
ESP 32 Board Reset.
Z Axis Current Position, 411
ESP 32 Board Reset.
Z Axis Current Position, 411
ESP 32 Board Reset.
Z Axis Current Position, 412
ESP 32 Board Reset.
Z Axis Current Position, 412
ESP 32 Board Reset.
Z Axis Current Position, 413
ESP 32 Board Reset.
Z Axis Current Position, 413
ESP 32 Board Reset.
Z Axis Current Position, 414
ESP 32 Board Reset.
Z Axis Current Position, 414
ESP 32 Board Reset.
Z Axis Current Position, 414
ESP 32 Board Reset.
Z Axis Current Position, 415
ESP 32 Board Reset.
Z Axis Current Position, 415
ESP 32 Board Reset.
Z Axis Current Position, 416
ESP 32 Board Reset.
Z Axis Current Position, 416
ESP 32 Board Reset.
Z Axis Current Position, 417
ESP 32 Board Reset.
Z Axis Current Position, 417
ESP 32 Board Reset.
Z Axis Current Position, 417
ESP 32 Board Reset.
11/13/2024 21:20:16 [Information] Z Axis Data Received: 
Z Axis Current Position, 418
ESP 32 Board Reset.
Z Axis Current Position, 418
ESP 32 Board Reset.
Z Axis Current Position, 419
ESP 32 Board Reset.
Z Axis Current Position, 419
ESP 32 Board Reset.
Z Axis Current Position, 420
ESP 32 Board Reset.
Z Axis Current Position, 420
ESP 32 Board Reset.
Z Axis Current Position, 420
ESP 32 Board Reset.
Z Axis Current Position, 421
ESP 32 Board Reset.
Z Axis Current Position, 421
ESP 32 Board Reset.
Z Axis Current Position, 422
ESP 32 Board Reset.
Z Axis Current Position, 422
ESP 32 Board Reset.
Z Axis Current Position, 423
ESP 32 Board Reset.
Z Axis Current Position, 423
ESP 32 Board Reset.
Z Axis Current Position, 424
ESP 32 Board Reset.
Z Axis Current Position, 424
ESP 32 Board Reset.
Z Axis Current Position, 424
ESP 32 Board Reset.
Z Axis Current Position, 425
ESP 32 Board Reset.
Z Axis Current Position, 425
ESP 32 Board Reset.
Z Axis Current Position, 426
ESP 32 Board Reset.
Z Axis Current Position, 426
ESP 32 Board Reset.
Z Axis 
11/13/2024 21:20:16 [Information] Z Axis Data Received: Current Position, 427
ESP 32 Board Reset.
Z Axis Current Position, 427
ESP 32 Board Reset.
Z Axis 
11/13/2024 21:20:16 [Information] Z Axis Data Received: Current Position, 427
ESP 32 Board Reset.
Z Axis Current Position, 428
ESP 32 Board Reset.
Z Axis
11/13/2024 21:20:16 [Information] Z Axis Data Received:  Current Position, 428
ESP 32 Board Reset.
Z Axis Current Position, 429
ESP 32 Board Reset.
Z Axis Current Positi
11/13/2024 21:20:16 [Information] Z Axis Data Received: on, 429
ESP 32 Board Reset.
Z Axis Current Position, 430

11/13/2024 21:20:16 [Information] Z Axis Data Received: ESP 32 Board Reset.
Z Axis Current Position, 430
ESP 32 Board Reset.
Z Axis Current Position, 430
ESP 32 Board
11/13/2024 21:20:16 [Information] Z Axis Data Received:  Reset.
Z Axis Current Position, 431
ESP 32 Board Reset.
Z Axis Current Position, 431
ESP 32 Board Reset.
Z Ax
11/13/2024 21:20:16 [Information] Z Axis Data Received: is Current Position, 432
ESP 32 Board Reset.
Z Axis Cur
11/13/2024 21:20:17 [Information] Z Axis Data Received: rent Position, 432
ESP 32 Board Reset.
Z Axis Current Position, 433
ESP 32 Board Reset.
Z Axis Current Position,
11/13/2024 21:20:17 [Information] Z Axis Data Received:  433
ESP 32 Board Reset.
Z Axis Current Position, 433
ESP 32 Board Reset.
Z Axis Current Position, 434
ESP 32 Bo
11/13/2024 21:20:17 [Information] Z Axis Data Received: ard Reset.
Z Axis Current Position, 434
ESP 32 Board Reset.
Z Axis Current Position, 435
ESP 32 Board Reset.
Z 
11/13/2024 21:20:18 [Information] Z Axis Data Received: Axis Current Position, 435
ESP 32 Board Reset.
Z Axis Current Position, 436
ESP 32 Board Reset.
Z Axis Current
11/13/2024 21:20:19 [Information] Z Axis Data Received:  Position, 436
ESP 32 Board Reset.
Z Axis Current Position, 436
ESP 32 Board Reset.
Z Axis Current Position, 437
ESP 32 Board Reset.
Z Axis Current Position, 437
ESP 32 Board Reset.
Z Axis Current Position, 438
ESP 32 Board Reset.
Z Axis Current Position, 438
ESP 32 Board Reset.
Z Axis Current Position, 439
ESP 32 Board Reset.
Z Axis Current Position, 439
ESP 32 Board Reset.
Z Axis Current Position, 440
ESP 32 Board Reset.
Z Axis Current Position, 440
ESP 32 Board Reset.
Z Axis Current Position, 440
ESP 32 Board Reset.
Z Axis Current Position, 441
ESP 32 Board Reset.
Z Axis Current Position, 441
ESP 32 Board Reset.
Z Axis Current Position, 442
ESP 32 Board Reset.
Z Axis Current Position, 442
ESP 32 Board Reset.
Z Axis Current Position, 443
ESP 32 Board Reset.
Z Axis Current Position, 443
ESP 32 Board Reset.
Z Axis Current Position, 443
ESP 32 Board Reset.
Z Axis Current Position, 444
ESP 32 Board Reset.
Z Axis Current Position, 444
ESP 32 Board R
11/13/2024 21:20:20 [Information] Z Axis Data Received: eset.
Z Axis Current Position, 445
ESP 32 Board Reset.
Z Axis Current Position, 445
ESP 32 Board Reset.
Z Axis Current Position, 446
ESP 32 Board Reset.
Z Axis Current Position, 446
ESP 32 Board Reset.
Z Axis Current Position, 446
ESP 32 Board Reset.
Z Axis Current Position, 447
ESP 32 Board Reset.
Z Axis Current Position, 447
ESP 32 Board Reset.
Z Axis Current Position, 448
ESP 32 Board Reset.
Z Axis Current Position, 448
ESP 32 Board Reset.
Z Axis Current Position, 449
ESP 32 Board Reset.
Z Axis Current Position, 449
ESP 32 Board Reset.
Z Axis Current Position, 449
ESP 32 Board Reset.
Z Axis Current Position, 450
ESP 32 Board Reset.
Z Axis Current Position, 450
ESP 32 Board Reset.
Z Axis Current Position, 451
ESP 32 Board Reset.
Z Axis Current Position, 451
ESP 32 Board Reset.
Z Axis Current Position, 452
ESP 32 Board Reset.
Z Axis Current Position, 452
ESP 32 Board Reset.
Z Axis Current Position, 452
ESP 32 Board Reset.
Z Axis Current Position, 453
ESP 32 B
11/13/2024 21:20:21 [Information] Z Axis Data Received: oard Reset.
Z Axis Current Position, 453
ESP 32 Board Reset.
Z Axis Current Position, 454
ESP 32 Board Reset.
Z Axis Current Position, 454
ESP 32 Board Reset.
Z Axis Current Position, 455
ESP 32 Board Reset.
Z Axis Current Position, 455
ESP 32 Board Reset.
Z Axis Current Position, 455
ESP 32 Board Reset.
Z Axis Current Position, 456
ESP 32 Board Reset.
Z Axis Current Position, 456
ESP 32 Board Reset.
Z Axis Current Position, 457
ESP 32 Board Reset.
Z Axis Current Position, 457
ESP 32 Board Reset.
Z Axis Current Position, 458
ESP 32 Board Reset.
Z Axis Current Position, 458
ESP 32 Board Reset.
Z Axis Current Position, 459
ESP 32 Board Reset.
Z Axis Current Position, 459
ESP 32 Board Reset.
Z Axis Current Position, 459
ESP 32 Board Reset.
Z Axis Current Position, 460
ESP 32 Board Reset.
Z Axis Current Position, 460
ESP 32 Board Reset.
Z Axis Current Position, 461
ESP 32 Board Reset.
Z Axis Current Position, 461

11/13/2024 21:20:23 [Information] Z Axis Data Received: ESP 32 Board Reset.
Z Axis Current Position, 462
ESP 32 Board Reset.
Z Axis Current Position, 462
ESP 32 Board Reset.
Z Axis Current Position, 462
ESP 32 Board Reset.
Z Axis Current Position, 463
ESP 32 Board Reset.
Z Axis Current Position, 463
ESP 32 Board Reset.
Z Axis Current Position, 464
ESP 32 Board Reset.
Z Axis Current Position, 464
ESP 32 Board Reset.
Z Axis Current Position, 465
ESP 32 Board Reset.
Z Axis Current Position, 465
ESP 32 Board Reset.
Z Axis Current Position, 465
ESP 32 Board Reset.
Z Axis Current Position, 466
ESP 32 Board Reset.
Z Axis Current Position, 466
ESP 32 Board Reset.
Z Axis Current Position, 467
ESP 32 Board Reset.
Z Axis Current Position, 467
ESP 32 Board Reset.
Z Axis Current Position, 468
ESP 32 Board Reset.
Z Axis Current Position, 468
ESP 32 Board Reset.
Z Axis Current Position, 468
ESP 32 Board Reset.
Z Axis Current Position, 469
ESP 32 Board Reset.
Z Axis Current Position, 469
ESP 32 Board Reset.
Z Axis Current Posit
11/13/2024 21:20:24 [Information] Z Axis Data Received: ion, 470
ESP 32 Board Reset.
Z Axis Current Position, 470
ESP 32 Board Reset.
Z Axis Current Position, 471
ESP 32 Board Reset.
Z Axis Current Position, 471
ESP 32 Board Reset.
Z Axis Current Position, 471
ESP 32 Board Reset.
Z Axis Current Position, 472
ESP 32 Board Reset.
Z Axis Current Position, 472
ESP 32 Board Reset.
Z Axis Current Position, 473
ESP 32 Board Reset.
Z Axis Current Position, 473
ESP 32 Board Reset.
Z Axis Current Position, 474
ESP 32 Board Reset.
Z Axis Current Position, 474
ESP 32 Board Reset.
Z Axis Current Position, 475
ESP 32 Board Reset.
Z Axis Current Position, 475
ESP 32 Board Reset.
Z Axis Current Position, 475
ESP 32 Board Reset.
Z Axis Current Position, 476
ESP 32 Board Reset.
Z Axis Current Position, 476
ESP 32 Board Reset.
Z Axis Current Position, 477
ESP 32 Board Reset.
Z Axis Current Position, 477
ESP 32 Board Reset.
Z Axis Current Position, 478
ESP 32 Board Reset.
Z Axis Current Position, 478
ESP 32 Board Reset.
Z Axis Current Position, 478
ESP 32 Board Reset.
Z Axis Current Position, 479
ESP 32 Board Reset.
Z Axis Current Position, 479
ESP 32 Board Reset.
Z Axis Current Position, 480
ESP 32 Board Reset.
Z Axis Current Position, 480
ESP 32 Board Reset.
Z Axis Current Position, 481
ESP 32 Board Reset.
Z Axis Current Position, 481
ESP 32 Board Reset.
Z Axis Current Position, 481
ESP 32 Board Reset.
Z Axis Current Position, 482
ESP 32 Board Reset.
Z Axis Current Position, 482
ESP 32 Board Reset.
Z Axis Current Position, 483
ESP 32 Board Reset.
Z Axis Current Position, 483
ESP 32 Board Reset.
Z Axis Current Position, 484
ESP 32 Board Reset.
Z Axis Current Position, 484
ESP 32 Board Reset.
Z Axis Current Position, 484
ESP 32 Board Reset.
Z Axis Current Position, 485
ESP 32 Board Reset.
Z Axis Current Position, 485
ESP 32 Board Reset.
Z Axis Current Position, 486
ESP 32 Board Reset.
Z Ax
11/13/2024 21:20:25 [Information] Z Axis Data Received: is Current Position, 486
ESP 32 Board Reset.
Z Axis Current Position, 487
ESP 32 Board Reset.
Z Axis Current Position, 487
ESP 32 Board Reset.
Z Axis Current Position, 487
ESP 32 Board Reset.
Z Axis Current Position, 488
ESP 32 Board Reset.
Z Axis Current Position, 488
ESP 32 Board Reset.
Z Axis Current Position, 489
ESP 32 Board Reset.
Z Axis Current Position, 489
ESP 32 Board Reset.
Z Axis Current Position, 490
ESP 32 Board Reset.
Z Axis Current Position, 490
ESP 32 Board Reset.
Z Axis Current Position, 491
ESP 32 Board Reset.
Z Axis Current Position, 491
ESP 32 Board Reset.
Z Axis Current Position, 491
ESP 32 Board Reset.
Z Axis Current Position, 492
ESP 32 Board Reset.
Z Axis Current Position, 492
ESP 32 Board Reset.
Z Axis Current Position, 493
ESP 32 Board Reset.
Z Axis Current Position, 493
ESP 32 Board Reset.
Z Axis Current Position, 494
ESP 32 Board Reset.
Z Axis Current Position, 494
ESP 32 Board Reset.
Z Axis Current Position, 494
ESP 32 Board Reset.

11/13/2024 21:20:25 [Information] Z Axis Data Received: Z Axis Current Position, 495
ESP 32 Board Reset.
Z Axis Current Position, 495
ESP 32 Board Reset.
Z Axis Current Position, 496
ESP 32 Board Reset.
Z Axis Current Position, 496
ESP 32 Board Reset.
Z Axis Current Position, 497
ESP 32 Board Reset.
Z Axis Current Position, 497
ESP 32 Board Reset.
Z Axis Current Position, 497
ESP 32 Board Reset.
Z Axis Current Position, 498
ESP 32 Board Reset.
Z Axis Current Position, 498
ESP 32 Board Reset.
Z Axis Current Position, 499
ESP 32 Board Reset.
Z Axis Current Position, 499
ESP 32 Board Reset.
Z Axis
11/13/2024 21:20:25 [Information] Z Axis Data Received:  Current Position, 500
ESP 32 Board Reset.
Z Axis Current Position, 500
ESP 32 Board Reset.
Z Axis Current Po
11/13/2024 21:20:25 [Information] Z Axis Data Received: sition, 500
ESP 32 Board Reset.
Z Axis Current Position, 
11/13/2024 21:20:25 [Information] Z Axis Data Received: 501
ESP 32 Board Reset.
Z Axis Current Position, 501
ESP 32 Board Reset.
Z Axis Current Position, 502
ESP 32 B
11/13/2024 21:20:25 [Information] Z Axis Data Received: oard Reset.
Z Axis Current Position, 502
ESP 32 Board Reset.
Z Axis Current Position, 503
ESP 32 Board Reset.
Z Axis Current Position, 503
ESP 32 Board Reset.
Z Axis Cu
11/13/2024 21:20:25 [Information] Z Axis Data Received: rrent Position, 503
ESP 32 Board Reset.
Z Axis Current
11/13/2024 21:20:25 [Information] Z Axis Data Received:  Position, 504
ESP 32 Board Reset.
Z Axis Current Positi
11/13/2024 21:20:25 [Information] Z Axis Data Received: on, 504
ESP 32 Board Reset.
Z Axis Current Position, 505
11/13/2024 21:20:25 [Information] Z Axis Data Received: 
ESP 32 Board Reset.
Z Axis Current Position, 505
ESP 32 Board Reset.
Z Axis Current Position, 506
ESP 32 Board
11/13/2024 21:20:25 [Information] Z Axis Data Received:  Reset.
Z Axis Current Position, 506
ESP 32 Board Reset
11/13/2024 21:20:26 [Information] Z Axis Data Received: .

11/13/2024 21:20:26 [Information] Z Axis Data Received: Z Axis Current Position, 506
ESP 32 Board Reset.
Z Axis Current Position, 507
ESP 32 Board Reset.
Z Axis Current Position, 507
ESP 32 Board Reset.
Z Axis Current Position, 508
ESP 32 Board Reset.
Z Axis Current Position, 50
11/13/2024 21:20:27 [Information] Z Axis Data Received: 8
ESP 32 Board Reset.
Z Axis Current Position, 509
ESP 32 Board Reset.
Z Axis Current Position, 509
ESP 32 Boa
11/13/2024 21:20:28 [Information] Z Axis Data Received: rd Reset.
Z Axis Current Position, 510
ESP 32 Board Reset.
Z Axis Current Position, 510
ESP 32 Board Reset.
Z Axis Current Position, 510
ESP 32 Board Reset.
Z Axis Current Position, 511
ESP 32 Board Reset.
Z Axis Current Position, 511
ESP 32 Board Reset.
Z Axis Current Position, 512
ESP 32 Board Reset.
Z Axis Current Position, 512
ESP 32 Board Reset.
Z Axis Current Position, 513
ESP 32 Board Reset.
Z Axis Current Position, 513
ESP 32 Board Reset.
Z Axis Current Position, 513
ESP 32 Board Reset.
Z Axis Current Position, 514
ESP 32 Board Reset.
Z Axis Current Position, 514
ESP 32 Board Reset.
Z Axis Current Position, 515
ESP 32 Board Reset.
Z Axis Current Position, 515
ESP 32 Board Reset.
Z Axis Current Position, 516
ESP 32 Board Reset.
Z Axis Current Position, 516
ESP 32 Board Reset.
Z Axis Current Position, 516
ESP 32 Board Reset.
Z Axis Current Position, 517
ESP 32 Board Reset.
Z Axis Current Position, 517
ESP 32 Board Reset.
Z Axis Current Posi
11/13/2024 21:20:29 [Information] Z Axis Data Received: tion, 518
ESP 32 Board Reset.
Z Axis Current Position, 518
ESP 32 Board Reset.
Z Axis Current Position, 519
ESP 32 Board Reset.
Z Axis Current Position, 519
ESP 32 Board Reset.
Z Axis Current Position, 519
ESP 32 Board Reset.
Z Axis Current Position, 520
ESP 32 Board Reset.
Z Axis Current Position, 520
ESP 32 Board Reset.
Z Axis Current Position, 521
ESP 32 Board Reset.
Z Axis Current Position, 521
ESP 32 Board Reset.
Z Axis Current Position, 522
ESP 32 Board Reset.
Z Axis Current Position, 522
ESP 32 Board Reset.
Z Axis Current Positio????????????????????????????????????????????????????????????????, 522
ESP 32 Board Reset.
Z Axis Current Position, 523
ESP 32 Board Reset.
Z Axis Current Position, 523
ESP 32 Board Reset.
Z Axis Current Position, 524
ESP 32 Board Reset.
Z Axis Current Position, 524
ESP 32 Board Reset.
Z Axis Current Position, 525
ESP 32 Board Reset.
Z Axis Current Position, 525
ESP 32 Board Reset.
Z Axis Current Position, 526
ESP 32 Board Reset.
Z Axis Current Position, 526
ESP 32 Board Reset.
Z Axis Curre
11/13/2024 21:20:30 [Information] Z Axis Data Received: nt Position, 526
ESP 32 Board Reset.
Z Axis Current Position, 527
ESP 32 Board Reset.
Z Axis Current Position, 527
ESP 32 Board Reset.
Z Axis Current Position, 528
ESP 32 Board Reset.
Z Axis Current Position, 528
ESP 32 Board Reset.
Z Axis Current Position, 529
ESP 32 Board Reset.
Z Axis Current Position, 529
ESP 32 Board Reset.
Z Axis Current Position, 529
ESP 32 Board Reset.
Z Axis Current Position, 530
ESP 32 Board Reset.
Z Axis Current Position, 530
ESP 32 Board Reset.
Z Axis Current Position, 531
ESP 32 Board Reset.
Z Axis Current Position, 531
ESP 32 Board Reset.
Z Axis Current Position, 532
ESP 32 Board Reset.
Z Axis Current Position, 532
ESP 32 Board Reset.
Z Axis Current Position, 532
ESP 32 Board Reset.
Z Axis Current Position, 533
ESP 32 Board Reset.
Z Axis Current Position, 533
ESP 32 Board Reset.
Z Axis Current Position, 534
ESP 32 Board Reset.
Z Axis Current Position, 534
ESP 32 Board Reset.
Z Axis Current Position, 535
ESP 32 Board Reset.
Z Axis
11/13/2024 21:20:32 [Information] Z Axis Data Received:  Current Position, 535
ESP 32 Board Reset.
Z Axis Current Position, 535
ESP 32 Board Reset.
Z Axis Current Position, 536
ESP 32 Board Reset.
Z Axis Current Position, 536
ESP 32 Board Reset.
Z Axis Current Position, 537
ESP 32 Board Reset.
Z Axis Current Position, 537
ESP 32 Board Reset.
Z Axis Current Position, 538
ESP 32 Board Reset.
Z Axis Current Position, 538
ESP 32 Board Reset.
Z Axis Current Position, 538
ESP 32 Board Reset.
Z Axis Current Position, 539
ESP 32 Board Reset.
Z Axis Current Position, 539
ESP 32 Board Reset.
Z Axis Current Position, 540
ESP 32 Board Reset.
Z Axis Current Position, 540
ESP 32 Board Reset.
Z Axis Current Position, 541
ESP 32 Board Reset.
Z Axis Current Position, 541
ESP 32 Board Reset.
Z Axis Current Position, 542
ESP 32 Board Reset.
Z Axis Current Position, 542
ESP 32 Board Reset.
Z Axis Current Position, 542
ESP 32 Board Reset.
Z Axis Current Position, 543
ESP 32 Board Reset.
Z Axis Current Position, 543
ESP 32 Board Reset.
11/13/2024 21:20:33 [Information] Z Axis Data Received: 
Z Axis Current Position, 544
ESP 32 Board Reset.
Z Axis Current Position, 544
ESP 32 Board Reset.
Z Axis Current Position, 545
ESP 32 Board Reset.
Z Axis Current Position, 545
ESP 32 Board Reset.
Z Axis Current Position, 545
ESP 32 Board Reset.
Z Axis Current Position, 546
ESP 32 Board Reset.
Z Axis Current Position, 546
ESP 32 Board Reset.
Z Axis Current Position, 547
ESP 32 Board Reset.
Z Axis Current Position, 547
ESP 32 Board Reset.
Z Axis Current Position, 548
ESP 32 Board Reset.
Z Axis Current Position, 548
ESP 32 Board Reset.
Z Axis Current Position, 548
ESP 32 Board Reset.
Z Axis Current Position, 549
ESP 32 Board Reset.
Z Axis Current Position, 549
ESP 32 Board Reset.
Z Axis Current Position, 550
ESP 32 Board Reset.
Z Axis Current Position, 550
ESP 32 Board Reset.
Z Axis Current Position, 551
ESP 32 Board Reset.
Z Axis Current Position, 551
ESP 32 Board Reset.
Z Axis Current Position, 551
ESP 32 Board Reset.
Z Axis Current Position, 552
ESP 32 Board Reset.
Z Axis Current Position, 552
ESP 32 Board Reset.
Z Axis Current Position, 553
ESP 32 Board Reset.
Z Axis Current Position, 553
ESP 32 Board Reset.
Z Axis Current Position, 554
ESP 32 Board Reset.
Z Axis Current Position, 554
ESP 32 Board Reset.
Z Axis Current Position, 554
ESP 32 Board Reset.
Z Axis Current Position, 555
ESP 32 Board Reset.
Z Axis Current Position, 555
ESP 32 Board Reset.
Z Axis Current Position, 556
ESP 32 Board Reset.
Z Axis Current Position, 556
ESP 32 Board Reset.
Z Axis Current Position, 557
ESP 32 Board Reset.
Z Axis Current Position, 557
ESP 32 Board Reset.
Z Axis Current Position, 557
ESP 32 Board Reset.
Z Axis Current Position, 558
ESP 32 Board Reset.
Z Axis Current Position, 558
ESP 32 Board Reset.
Z Axis Current Position, 559
ESP 32 Board Reset.
Z Axis Current Position, 559
ESP 32 Board Reset.
Z Axis Current Position, 560
ES
11/13/2024 21:20:34 [Information] Z Axis Data Received: P 32 Board Reset.
Z Axis Current Position, 560
ESP 32 Board Reset.
Z Axis Current Position, 561
ESP 32 Board Reset.
Z Axis Current Position, 561
ESP 32 Board Reset.
Z Axis Current Position, 561
ESP 32 Board Reset.
Z Axis Current Position, 562
ESP 32 Board Reset.
Z Axis Current Position, 562
ESP 32 Board Reset.
Z Axis Current Position, 563
ESP 32 Board Reset.
Z Axis Current Position, 563
ESP 32 Board Reset.
Z Axis Current Position, 564
ESP 32 Board Reset.
Z Axis Current Position, 564
ESP 32 Board Reset.
Z Axis Current Position, 564
ESP 32 Board Reset.
Z Axis Current Position, 565
ESP 32 Board Reset.
Z Axis Current Position, 565
ESP 32 Board Reset.
Z Axis Current Position, 566
ESP 32 Board Reset.
Z Axis Current Position, 566
ESP 32 Board Reset.
Z Axis Current Position, 567
ESP 32 Board Reset.
Z Axis Current Position, 567
ESP 32 Board Reset.
Z Axis Current Position, 567
ESP 32 Board Reset.
Z Axis Current Position, 568
ESP 32 Board Reset.
Z Axis Current Position, 568
ESP
11/13/2024 21:20:34 [Information] Z Axis Data Received:  32 Board Reset.
Z Axis Current Position, 569
ESP 32 Board Reset.
Z Axis Current Position, 569
ESP 32 Board Reset.
Z Axis Current Position, 570
ESP 32 Board Reset.
Z Axis Current Position, 570
ESP 32 Board Reset.
Z Axis Current Position, 570
ESP 32 Board Reset.
Z Axis Current Position, 571
ESP 32 Board Reset.
Z Axis Current Position, 571
ESP 32 Board Reset.
Z Axis Current Position, 572
ESP 32 Board Reset.
Z Axis Current Position, 572
ESP 32 Board Reset.
Z Axis Current Position, 573
ESP 32 Board Reset.
Z Axis Current Position, 573
ESP 32 Board Reset.
Z Axis Current Position, 573
ESP 32 Board Reset.
Z Axis Current Position, 574
ESP 32 Board Reset.
Z Axis Current Position, 574
ESP 32 Board Reset.
Z Axis Current Position, 575
ESP 32 Board Reset.
Z Axis Current Position, 575
ESP 32 Board Reset.
Z Axis Current Position, 576
ESP 32 Board Reset.
Z Axis Current Position, 576
ESP 32 Board Reset.
Z Axis Current Position, 577
ESP 32 Board Reset.
Z Axis Current Position, 577
11/13/2024 21:20:34 [Information] Z Axis Data Received: 
ESP 32 Board Reset.
Z Axis Current Position, 577
ESP 32 Board Reset.
Z Axis Current Position, 578
ESP 32 Board Reset.
Z A
11/13/2024 21:20:35 [Information] Z Axis Data Received: xis Current Position, 578
ESP 32 Board Reset.
Z Axis Current Position, 579
ESP 32 Board Reset.
Z Axis Current Position, 579
ESP 32 Board Reset.
Z Axis Curre
11/13/2024 21:20:35 [Information] Z Axis Data Received: nt Position, 580
ESP 32 Board Reset.
Z Axis Current Position, 580
ESP 32 Board Reset.
Z Axis Current Position,
11/13/2024 21:20:35 [Information] Z Axis Data Received:  580
ESP 32 Board Reset.
Z Axis Current Position, 581
E
11/13/2024 21:20:35 [Information] Z Axis Data Received: SP 32 Board Reset.
Z Axis Current Position, 581
ESP 32 B
11/13/2024 21:20:35 [Information] Z Axis Data Received: o
11/13/2024 21:20:35 [Information] Z Axis Data Received: ard Reset.
Z Axis Current Position, 582
ESP 32 Board Reset.
Z Axis Current Position, 582
ESP 32 Board Reset.

11/13/2024 21:20:35 [Information] Z Axis Data Received: Z Axis Current Position, 583
ESP 32 Board Reset.
Z Axis Current Position, 583
ESP 32 Board Reset.
Z Axis Current Position, 583
ESP 32 Board Reset.
Z Axis Current Positio
11/13/2024 21:20:35 [Information] Z Axis Data Received: n, 584
ESP 32 Board Reset.
Z Axis Current Position, 584
ESP 32 Board Reset.
Z Axis Current Position, 585
ESP 3
11/13/2024 21:20:35 [Information] Z Axis Data Received: 2
11/13/2024 21:20:35 [Information] Z Axis Data Received:  Board Reset.
Z Axis Current Position, 585
ESP 32 Board Reset.
Z Axis Current Position, 586
ESP 32 Board Reset
11/13/2024 21:20:35 [Information] Z Axis Data Received: .
Z Axis Current Position, 586
ESP 32 Board Reset.
Z Axi
11/13/2024 21:20:36 [Information] Z Axis Data Received: s Current Position, 586
ESP 32 Board Reset.
Z Axis Curr
11/13/2024 21:20:37 [Information] Z Axis Data Received: ent Position, 587
ESP 32 Board Reset.
Z Axis Current Position, 587
ESP 32 Board Reset.
Z Axis Current Position, 588
ESP 32 Board Reset.
Z Axis Current Position, 588
ESP 32 Board Reset.
Z Axis Current Position, 589
ESP 32 Board Reset.
Z Axis Current Position, 589
ESP 32 Board Reset.
Z Axis Current Position, 589
ESP 32 Board Reset.
Z Axis Current Position, 590
ESP 32 Board Reset.
Z Axis Current Position, 590
ESP 32 Board Reset.
Z Axis Current Position, 591
ESP 32 Board Reset.
Z Axis Current Position, 591
ESP 32 Board Reset.
Z Axis Current Position, 592
ESP 32 Board Reset.
Z Axis Current Position, 592
ESP 32 Board Reset.
Z Axis Current Position, 593
ESP 32 Board Reset.
Z Axis Current Position, 593
ESP 32 Board Reset.
Z Axis Current Position, 593
ESP 32 Board Reset.
Z Axis Current Position, 594
ESP 32 Board Reset.
Z Axis Current Position, 594
ESP 32 Board Reset.
Z Axis Current Position, 595
ESP 32 Board Reset.
Z Axis Current Position, 595
ESP 32 Board
11/13/2024 21:20:39 [Information] Z Axis Data Received:  Reset.
Z Axis Current Position, 596
ESP 32 Board Reset.
Z Axis Current Position, 596
ESP 32 Board Reset.
Z Axis Current Position, 596
ESP 32 Board Reset.
Z Axis Current Position, 597
ESP 32 Board Reset.
Z Axis Current Position, 597
ESP 32 Board Reset.
Z Axis Current Position, 598
ESP 32 Board Reset.
Z Axis Current Position, 598
ESP 32 Board Reset.
Z Axis Current Position, 599
ESP 32 Board Reset.
Z Axis Current Position, 599
ESP 32 Board Reset.
Z Axis Current Position, 599
ESP 32 Board Reset.
Z Axis Current Position, 600
ESP 32 Board Reset.
Z Axis Current Position, 600
ESP 32 Board Reset.
Z Axis Current Position, 601
ESP 32 Board Reset.
Z Axis Current Position, 601
ESP 32 Board Reset.
Z Axis Current Position, 602
ESP 32 Board Reset.
Z Axis Current Position, 602
ESP 32 Board Reset.
Z Axis Current Position, 602
ESP 32 Board Reset.
Z Axis Current Position, 603
ESP 32 Board Reset.
Z Axis Current Position, 603
ESP 32 Board Reset.
Z Axis Current Position, 604
ESP 32 Board Reset.
Z Axis Current Position, 604
11/13/2024 21:20:40 [Information] Z Axis Data Received: 
ESP 32 Board Reset.
Z Axis Current Position, 605
ESP 32 Board Reset.
Z Axis Current Position, 605
ESP 32 Board Reset.
Z Axis Current Position, 605
ESP 32 Board Reset.
Z Axis Current Position, 606
ESP 32 Board Reset.
Z Axis Current Position, 606
ESP 32 Board Reset.
Z Axis Current Position, 607
ESP 32 Board Reset.
Z Axis Current Position, 607
ESP 32 Board Reset.
Z Axis Current Position, 608
ESP 32 Board Reset.
Z Axis Current Position, 608
ESP 32 Board Reset.
Z Axis Current Position, 608
ESP 32 Board Reset.
Z Axis Current Position, 609
ESP 32 Board Reset.
Z Axis Current Position, 609
ESP 32 Board Reset.
Z Axis Current Position, 610
ESP 32 Board Reset.
Z Axis Current Position, 610
ESP 32 Board Reset.
Z Axis Current Position, 611
ESP 32 Board Reset.
Z Axis Current Position, 611
ESP 32 Board Reset.
Z Axis Current Position, 612
ESP 32 Board Reset.
Z Axis Current Position, 612
ESP 32 Board Reset.
Z Axis Current Position, 612
ESP 32 Board Reset.
Z Axis Current Positi
11/13/2024 21:20:42 [Information] Z Axis Data Received: on, 613
ESP 32 Board Reset.
Z Axis Current Position, 613
ESP 32 Board Reset.
Z Axis Current Position, 614
ESP 32 Board Reset.
Z Axis Current Position, 614
ESP 32 Board Reset.
Z Axis Current Position, 615
ESP 32 Board Reset.
Z Axis Current Position, 615
ESP 32 Board Reset.
Z Axis Current Position, 615
ESP 32 Board Reset.
Z Axis Current Position, 616
ESP 32 Board Reset.
Z Axis Current Position, 616
ESP 32 Board Reset.
Z Axis Current Position, 617
ESP 32 Board Reset.
Z Axis Current Position, 617
ESP 32 Board Reset.
Z Axis Current Position, 618
ESP 32 Board Reset.
Z Axis Current Position, 618
ESP 32 Board Reset.
Z Axis Current Position, 618
ESP 32 Board Reset.
Z Axis Current Position, 619
ESP 32 Board Reset.
Z Axis Current Position, 619
ESP 32 Board Reset.
Z Axis Current Position, 620
ESP 32 Board Reset.
Z Axis Current Position, 620
ESP 32 Board Reset.
Z Axis Current Position, 621
ESP 32 Board Reset.
Z Axis Current Position, 621
ESP 32 Board Reset.
Z Axis Current 
11/13/2024 21:20:43 [Information] Z Axis Data Received: Position, 621
ESP 32 Board Reset.
Z Axis Current Position, 622
ESP 32 Board Reset.
Z Axis Current Position, 622
ESP 32 Board Reset.
Z Axis Current Position, 623
ESP 32 Board Reset.
Z Axis Current Position, 623
ESP 32 Board Reset.
Z Axis Current Position, 624
ESP 32 Board Reset.
Z Axis Current Position, 624
ESP 32 Board Reset.
Z Axis Current Position, 624
ESP 32 Board Reset.
Z Axis Current Position, 625
ESP 32 Board Reset.
Z Axis Current Position, 625
ESP 32 Board Reset.
Z Axis Current Position, 626
ESP 32 Board Reset.
Z Axis Current Position, 626
ESP 32 Board Reset.
Z Axis Current Position, 627
ESP 32 Board Reset.
Z Axis Current Position, 627
ESP 32 Board Reset.
Z Axis Current Position, 628
ESP 32 Board Reset.
Z Axis Current Position, 628
ESP 32 Board Reset.
Z Axis Current Position, 628
ESP 32 Board Reset.
Z Axis Current Position, 629
ESP 32 Board Reset.
Z Axis Current Position, 629
ESP 32 Board Reset.
Z Axis Current Position, 630
ESP 32 Board Reset.
Z Axis Current Position, 630
ESP 32 Board Reset.
Z Axis Current Position, 631
ESP 32 Board Reset.
Z Axis Current Position, 631
ESP 32 Board Reset.
Z Axis Current Position, 631
ESP 32 Board Reset.
Z Axis Current Position, 632
ESP 32 Board Reset.
Z Axis Current Position, 632
ESP 32 Board Reset.
Z Axis Current Position, 633
ESP 32 Board Reset.
Z Axis Current Position, 633
ESP 32 Board Reset.
Z Axis Current Position, 634
ESP 32 Board Reset.
Z Axis Current Position, 634
ESP 32 Board Reset.
Z Axis Current Position, 634
ESP 32 Board Reset.
Z Axis Current Position, 635
ESP 32 Board Reset.
Z Axis Current Position, 635
ESP 32 Board Reset.
Z Axis Current Position, 636
ESP 32 Board Reset.
Z Axis Current Position, 636
ESP 32 Board Reset.
Z Axis Current Position, 637
ESP 32 Board Reset.
Z Axis Current Position, 637
ESP 32 Board Reset.
Z Axis Current Position, 637
ESP 32 Board Reset.

11/13/2024 21:20:44 [Information] Z Axis Data Received: Z Axis Current Position, 638
ESP 32 Board Reset.
Z Axis Current Position, 638
ESP 32 Board Reset.
Z Axis Current Position, 639
ESP 32 Board Reset.
Z Axis Current Position, 639
ESP 32 Board Reset.
Z Axis Current Position, 640
ESP 32 Board Reset.
Z Axis Current Position, 640
ESP 32 Board Reset.
Z Axis Current Position, 640
ESP 32 Board Reset.
Z Axis Current Position, 641
ESP 32 Board Reset.
Z Axis Current Position, 641
ESP 32 Board Reset.
Z Axis Current Position, 642
ESP 32 Board Reset.
Z Axis Current Position, 642
ESP 32 Board Reset.
Z Axis Current Position, 643
ESP 32 Board Reset.
Z Axis Current Position, 643
ESP 32 Board Reset.
Z Axis Current Position, 644
ESP 32 Board Reset.
Z Axis Current Position, 644
ESP 32 Board Reset.
Z Axis Current Position, 644
ESP 32 Board Reset.
Z Axis Current Position, 645
ESP 32 Board Reset.
Z Axis Current Position, 645
ESP 32 Board Reset.
Z Axis Current Position, 646
ESP 32 Board Reset.
Z Axis Current Position, 646
ESP 32 Bo
11/13/2024 21:20:44 [Information] Z Axis Data Received: ard Reset.
Z Axis Current Position, 647
ESP 32 Board Reset.
Z Axis Current Position, 647
ESP 32 Board Reset.
Z Axis Current Position, 647
ESP 32 Board Reset.
Z Axis Current Position, 648
ESP 32 Board Reset.
Z Axis Current Position, 648
ESP 32 Board Reset.
Z Axis Current Position, 649
ESP 32 Board Reset.
Z Axis Current Position, 649
ESP 32 Board Reset.
Z Axis Current Position, 650
ESP 32 Board Reset.
Z Axis Current Position, 650
ESP 32 Board Reset.
Z Axis Current Position, 650
ESP 32 Board Reset.
Z Axis Current Position, 651
ESP 32 Board Reset.
Z Axis Current Position, 651
ESP 32 Board Reset.
Z Axis Current Position, 652
ESP 32 Board Reset.
Z Axis Current Position, 652
ESP 32 Board Reset.
Z Axis Current Position, 653
ESP 32 Board Reset.
Z Axis Current Position, 653
ESP 32 Board Reset.
Z Axis Current Position, 653
ESP 32 Board Reset.
Z Axis Current Position, 654
ESP 32 Board Reset.
Z Axis Current Position, 654
ESP 32 Board Reset.
Z Axis Current Position, 655
ESP 32 Board Reset.
Z Axis Current Position, 655
ESP 32 Board R
11/13/2024 21:20:44 [Information] Z Axis Data Received: eset.
Z Axis Current Position, 656
ESP 32 Board Reset.

11/13/2024 21:20:44 [Information] Z Axis Data Received: Z Axis Curren
11/13/2024 21:20:44 [Information] Z Axis Data Received: t Position, 656
ESP 32 Board Reset.
Z Axis Current Position, 656
ESP 32 Board Reset.
Z Axis Curren
11/13/2024 21:20:44 [Information] Z Axis Data Received: t Position, 657
ESP 32 Board Reset.
Z Axis Current Position, 657
ESP 32 Board Reset.
Z Axis Current Position, 658
ESP 32 Board Reset.
Z Axis Current Position, 658
ESP 32 Board Reset.
Z Axis Current Position, 659
ESP 32 Boa
11/13/2024 21:20:44 [Information] Z Axis Data Received: rd Reset.
Z Axis Current Position, 659
ESP 32 Board Reset.
Z Axis Current Position, 659
ESP 32 Board Reset.
Z Axis Current Position, 660
ESP 32 Board Reset.
Z Axis Curr
11/13/2024 21:20:44 [Information] Z Axis Data Received: ent Position, 660
ESP 32 Board Reset.
Z Axis Current Pos
11/13/2024 21:20:45 [Information] Z Axis Data Received: ition, 661
ESP 32 Board Reset.
Z Axis Current Position, 661
ESP 32 Board Reset.
Z Axis Current Position, 662
ES
11/13/2024 21:20:45 [Information] Z Axis Data Received: P 32 Board Reset.
Z Axis Current Position, 662
ESP 32 Bo
11/13/2024 21:20:45 [Information] Z Axis Data Received: ard Reset.
Z Axis Current Position, 663
ESP 32 Board R
