11/3/2024 18:34:37 [Information] Stepper Motor Controller Application Started.
11/3/2024 18:34:37 [Information] Version: 3.0.9073.33434 (11/3/2024 18:34:37)
11/3/2024 18:34:37 [Information] X Axis SerialPort COM7 not connected.
11/3/2024 18:34:37 [Information] Y Axis SerialPort COM8 not connected.
11/3/2024 18:34:37 [Information] Version: 3.1.0.33435 (11/3/2024 18:34:37)
11/3/2024 18:34:37 [Information] Version: 3.1.0.33435 (11/3/2024 18:34:37)
11/3/2024 18:34:37 [Information] Stepper Motor Controller Application Settings Window Opened.
11/3/2024 18:34:37 [Information] Stepper Motor Controller Application Settings form is rebuilt each and every time it is opened.
11/3/2024 18:34:37 [Information] int: 9600 BaudRate added to the Settings Form.
11/3/2024 18:34:37 [Information] bool: False ckbXaxisResetToZeroIsChecked added to the Settings Form.
11/3/2024 18:34:37 [Information] bool: False ckbYaxisResetToZeroIsChecked added to the Settings Form.
11/3/2024 18:34:37 [Information] bool: False ckbZaxisResetToZeroIsChecked added to the Settings Form.
11/3/2024 18:34:37 [Information] COM1: ComPort added to the Settings Form.
11/3/2024 18:34:37 [Information] COM2: ComPort added to the Settings Form.
11/3/2024 18:34:37 [Information] COM3: ComPort added to the Settings Form.
11/3/2024 18:34:37 [Information] COM4: ComPort added to the Settings Form.
11/3/2024 18:34:37 [Information] COM5: ComPort added to the Settings Form.
11/3/2024 18:34:37 [Information] COM6: ComPort added to the Settings Form.
11/3/2024 18:34:37 [Information] COM7: ComPort added to the Settings Form.
11/3/2024 18:34:37 [Information] COM8: ComPort added to the Settings Form.
11/3/2024 18:34:37 [Information] COM9: ComPort added to the Settings Form.
11/3/2024 18:34:37 [Information] COM10: ComPort added to the Settings Form.
11/3/2024 18:34:37 [Information] decimal: 4.00 Divider4_00 added to the Settings Form.
11/3/2024 18:34:37 [Information] decimal: 0.00 MathPart2Initlz added to the Settings Form.
11/3/2024 18:34:37 [Information] decimal: 1.00 MilisecondTimerInterval added to the Settings Form.
11/3/2024 18:34:37 [Information] decimal: 1000.00 MillisecondDelay added to the Settings Form.
11/3/2024 18:34:37 [Information] int: 1000 Milliseconds added to the Settings Form.
11/3/2024 18:34:37 [Information] int: 4 mmPerRevolution added to the Settings Form.
11/3/2024 18:34:37 [Information] int: 2000 ThreadSleep added to the Settings Form.
11/3/2024 18:34:37 [Information] decimal: 0.00 Value_0_00 added to the Settings Form.
11/3/2024 18:34:37 [Information] decimal: 50.00 XaxisAcceleration added to the Settings Form.
11/3/2024 18:34:37 [Information] bool: False XaxisChanged added to the Settings Form.
11/3/2024 18:34:37 [Information] decimal: 400.00 XaxisMotorSpeed added to the Settings Form.
11/3/2024 18:34:37 [Information] decimal: 0.00 XaxisStepperCurrent added to the Settings Form.
11/3/2024 18:34:37 [Information] decimal: 0.00 XaxisStepperMove added to the Settings Form.
11/3/2024 18:34:37 [Information] XCOM1: XComPort added to the Settings Form.
11/3/2024 18:34:37 [Information] XCOM2: XComPort added to the Settings Form.
11/3/2024 18:34:37 [Information] XCOM3: XComPort added to the Settings Form.
11/3/2024 18:34:37 [Information] XCOM4: XComPort added to the Settings Form.
11/3/2024 18:34:37 [Information] XCOM5: XComPort added to the Settings Form.
11/3/2024 18:34:37 [Information] XCOM6: XComPort added to the Settings Form.
11/3/2024 18:34:37 [Information] XCOM7: XComPort added to the Settings Form.
11/3/2024 18:34:37 [Information] XCOM8: XComPort added to the Settings Form.
11/3/2024 18:34:37 [Information] XCOM9: XComPort added to the Settings Form.
11/3/2024 18:34:37 [Information] XCOM10: XComPort added to the Settings Form.
11/3/2024 18:34:37 [Information] decimal: 50.00 YaxisAcceleration added to the Settings Form.
11/3/2024 18:34:37 [Information] bool: False YaxisChanged added to the Settings Form.
11/3/2024 18:34:37 [Information] decimal: 400.00 YaxisMotorSpeed added to the Settings Form.
11/3/2024 18:34:37 [Information] decimal: 0.00 YaxisStepperCurrent added to the Settings Form.
11/3/2024 18:34:37 [Information] decimal: 0.00 YaxisStepperMove added to the Settings Form.
11/3/2024 18:34:37 [Information] YCOM1: YComPort added to the Settings Form.
11/3/2024 18:34:37 [Information] YCOM2: YComPort added to the Settings Form.
11/3/2024 18:34:37 [Information] YCOM3: YComPort added to the Settings Form.
11/3/2024 18:34:37 [Information] YCOM4: YComPort added to the Settings Form.
11/3/2024 18:34:37 [Information] YCOM5: YComPort added to the Settings Form.
11/3/2024 18:34:37 [Information] YCOM6: YComPort added to the Settings Form.
11/3/2024 18:34:37 [Information] YCOM7: YComPort added to the Settings Form.
11/3/2024 18:34:37 [Information] YCOM8: YComPort added to the Settings Form.
11/3/2024 18:34:37 [Information] YCOM9: YComPort added to the Settings Form.
11/3/2024 18:34:37 [Information] YCOM10: YComPort added to the Settings Form.
11/3/2024 18:34:37 [Information] decimal: 50.00 ZaxisAcceleration added to the Settings Form.
11/3/2024 18:34:37 [Information] bool: False ZaxisChanged added to the Settings Form.
11/3/2024 18:34:37 [Information] decimal: 400.00 ZaxisMotorSpeed added to the Settings Form.
11/3/2024 18:34:37 [Information] decimal: 0.00 ZaxisStepperCurrent added to the Settings Form.
11/3/2024 18:34:37 [Information] decimal: 0.00 ZaxisStepperMove added to the Settings Form.
11/3/2024 18:34:37 [Information] ZCOM1: ZComPort added to the Settings Form.
11/3/2024 18:34:37 [Information] ZCOM2: ZComPort added to the Settings Form.
11/3/2024 18:34:37 [Information] ZCOM3: ZComPort added to the Settings Form.
11/3/2024 18:34:37 [Information] ZCOM4: ZComPort added to the Settings Form.
11/3/2024 18:34:37 [Information] ZCOM5: ZComPort added to the Settings Form.
11/3/2024 18:34:37 [Information] ZCOM6: ZComPort added to the Settings Form.
11/3/2024 18:34:37 [Information] ZCOM7: ZComPort added to the Settings Form.
11/3/2024 18:34:37 [Information] ZCOM8: ZComPort added to the Settings Form.
11/3/2024 18:34:37 [Information] ZCOM9: ZComPort added to the Settings Form.
11/3/2024 18:34:37 [Information] ZCOM10: ZComPort added to the Settings Form.
11/3/2024 18:34:37 [Information] int: 0 zeroXaxis added to the Settings Form.
11/3/2024 18:34:37 [Information] int: 0 zeroYaxis added to the Settings Form.
11/3/2024 18:34:37 [Information] int: 0 zeroZaxis added to the Settings Form.
11/3/2024 18:34:38 [Information] Stepper Motor Controller MainWindow loaded
11/3/2024 18:34:38 [Information] Set MainWindow Media Brushes to White.
11/3/2024 18:34:45 [Information] Z Axis mouse controlled Keypad returned: 64.00
11/3/2024 18:34:46 [Information] ZAxisRun_Click button clicked:
11/3/2024 18:34:46 [Information] Z Axis MotorMovementSeconds decimal: (64.00 / 4) / 2 = 8.00
11/3/2024 18:34:46 [Information] Z Axis myMovementTimer int: 1000 * 8.00 = 8000
11/3/2024 18:34:47 [Information] Z Axis Run Event: Z,0.00,400.00,0,0.00,400.00,0,64.00,400.00,0
11/3/2024 18:34:47 [Information] Z Axis Current Time: 06:34:47 + 8000 = targetEndTime: 06:34:55
11/3/2024 18:34:47 [Information] Stepper Motor Controller Disable Z Axis controls while moving to location.
11/3/2024 18:34:47 [Information] Time remaining: 00:00:00 targetEndTime = 06:34:55
11/3/2024 18:34:47 [Information] Stepper Motor Controller Disable Z Axis controls while moving to location.
11/3/2024 18:34:47 [Information] Time remaining: 00:00:00 targetEndTime = 06:34:55
11/3/2024 18:34:47 [Information] Stepper Motor Controller Disable Z Axis controls while moving to location.
11/3/2024 18:34:47 [Information] Time remaining: 00:00:00 targetEndTime = 06:34:55
11/3/2024 18:34:47 [Information] Stepper Motor Controller Disable Z Axis controls while moving to location.
11/3/2024 18:34:47 [Information] Time remaining: 00:00:00 targetEndTime = 06:34:55
11/3/2024 18:34:47 [Information] Stepper Motor Controller Disable Z Axis controls while moving to location.
11/3/2024 18:34:47 [Information] Time remaining: 00:00:00 targetEndTime = 06:34:55
11/3/2024 18:34:47 [Information] Stepper Motor Controller Disable Z Axis controls while moving to location.
11/3/2024 18:34:47 [Information] Time remaining: 00:00:00 targetEndTime = 06:34:55
11/3/2024 18:34:47 [Information] Stepper Motor Controller Disable Z Axis controls while moving to location.
11/3/2024 18:34:47 [Information] Time remaining: 00:00:00 targetEndTime = 06:34:55
11/3/2024 18:34:47 [Information] Stepper Motor Controller Disable Z Axis controls while moving to location.
11/3/2024 18:34:47 [Information] Time remaining: 00:00:00 targetEndTime = 06:34:55
11/3/2024 18:34:47 [Information] Stepper Motor Controller Disable Z Axis controls while moving to location.
11/3/2024 18:34:47 [Information] Time remaining: 00:00:00 targetEndTime = 06:34:55
11/3/2024 18:34:47 [Information] Stepper Motor Controller Disable Z Axis controls while moving to location.
11/3/2024 18:34:47 [Information] Time remaining: 00:00:00 targetEndTime = 06:34:55
11/3/2024 18:34:47 [Information] Stepper Motor Controller Disable Z Axis controls while moving to location.
11/3/2024 18:34:48 [Information] Time remaining: 00:00:00 targetEndTime = 06:34:55
11/3/2024 18:34:48 [Information] Stepper Motor Controller Disable Z Axis controls while moving to location.
11/3/2024 18:34:48 [Information] Time remaining: 00:00:00 targetEndTime = 06:34:55
11/3/2024 18:34:48 [Information] Stepper Motor Controller Disable Z Axis controls while moving to location.
11/3/2024 18:34:48 [Information] Time remaining: 00:00:00 targetEndTime = 06:34:55
11/3/2024 18:34:48 [Information] Stepper Motor Controller Disable Z Axis controls while moving to location.
11/3/2024 18:34:48 [Information] Time remaining: 00:00:00 targetEndTime = 06:34:55
11/3/2024 18:34:48 [Information] Stepper Motor Controller Disable Z Axis controls while moving to location.
11/3/2024 18:34:48 [Information] Time remaining: 00:00:00 targetEndTime = 06:34:55
11/3/2024 18:34:48 [Information] Stepper Motor Controller Disable Z Axis controls while moving to location.
11/3/2024 18:34:48 [Information] Time remaining: 00:00:00 targetEndTime = 06:34:55
11/3/2024 18:34:48 [Information] Stepper Motor Controller Disable Z Axis controls while moving to location.
11/3/2024 18:34:48 [Information] Time remaining: 00:00:00 targetEndTime = 06:34:55
11/3/2024 18:34:48 [Information] Stepper Motor Controller Disable Z Axis controls while moving to location.
11/3/2024 18:34:48 [Information] Time remaining: 00:00:00 targetEndTime = 06:34:55
11/3/2024 18:34:48 [Information] Stepper Motor Controller Disable Z Axis controls while moving to location.
11/3/2024 18:34:48 [Information] Time remaining: 00:00:00 targetEndTime = 06:34:55
11/3/2024 18:34:48 [Information] Stepper Motor Controller Disable Z Axis controls while moving to location.
11/3/2024 18:34:48 [Information] Time remaining: 00:00:00 targetEndTime = 06:34:55
11/3/2024 18:34:48 [Information] Stepper Motor Controller Disable Z Axis controls while moving to location.
11/3/2024 18:34:48 [Information] Time remaining: 00:00:00 targetEndTime = 06:34:55
11/3/2024 18:34:48 [Information] Stepper Motor Controller Disable Z Axis controls while moving to location.
11/3/2024 18:34:48 [Information] Time remaining: 00:00:00 targetEndTime = 06:34:55
11/3/2024 18:34:48 [Information] Stepper Motor Controller Disable Z Axis controls while moving to location.
11/3/2024 18:34:48 [Information] Time remaining: 00:00:00 targetEndTime = 06:34:55
11/3/2024 18:34:48 [Information] Stepper Motor Controller Disable Z Axis controls while moving to location.
11/3/2024 18:34:48 [Information] Time remaining: 00:00:00 targetEndTime = 06:34:55
11/3/2024 18:34:48 [Information] Stepper Motor Controller Disable Z Axis controls while moving to location.
11/3/2024 18:34:48 [Information] Time remaining: 00:00:00 targetEndTime = 06:34:55
11/3/2024 18:34:48 [Information] Stepper Motor Controller Disable Z Axis controls while moving to location.
11/3/2024 18:34:48 [Information] Time remaining: 00:00:00 targetEndTime = 06:34:55
11/3/2024 18:34:48 [Information] Stepper Motor Controller Disable Z Axis controls while moving to location.
11/3/2024 18:34:48 [Information] Time remaining: 00:00:00 targetEndTime = 06:34:55
11/3/2024 18:34:48 [Information] Stepper Motor Controller Disable Z Axis controls while moving to location.
11/3/2024 18:34:48 [Information] Time remaining: 00:00:00 targetEndTime = 06:34:55
11/3/2024 18:34:48 [Information] Stepper Motor Controller Disable Z Axis controls while moving to location.
11/3/2024 18:34:48 [Information] Time remaining: 00:00:00 targetEndTime = 06:34:55
11/3/2024 18:34:48 [Information] Stepper Motor Controller Disable Z Axis controls while moving to location.
11/3/2024 18:34:48 [Information] Time remaining: 00:00:00 targetEndTime = 06:34:55
11/3/2024 18:34:48 [Information] Stepper Motor Controller Disable Z Axis controls while moving to location.
11/3/2024 18:34:48 [Information] Time remaining: 00:00:00 targetEndTime = 06:34:55
11/3/2024 18:34:48 [Information] Stepper Motor Controller Disable Z Axis controls while moving to location.
11/3/2024 18:34:48 [Information] Time remaining: 00:00:00 targetEndTime = 06:34:55
11/3/2024 18:34:48 [Information] Stepper Motor Controller Disable Z Axis controls while moving to location.
11/3/2024 18:34:48 [Information] Time remaining: 00:00:00 targetEndTime = 06:34:55
11/3/2024 18:34:48 [Information] Stepper Motor Controller Disable Z Axis controls while moving to location.
11/3/2024 18:34:48 [Information] Time remaining: 00:00:00 targetEndTime = 06:34:55
11/3/2024 18:34:48 [Information] Stepper Motor Controller Disable Z Axis controls while moving to location.
11/3/2024 18:34:48 [Information] Time remaining: 00:00:00 targetEndTime = 06:34:55
11/3/2024 18:34:48 [Information] Stepper Motor Controller Disable Z Axis controls while moving to location.
11/3/2024 18:34:48 [Information] Time remaining: 00:00:00 targetEndTime = 06:34:55
11/3/2024 18:34:48 [Information] Stepper Motor Controller Disable Z Axis controls while moving to location.
11/3/2024 18:34:48 [Information] Time remaining: 00:00:00 targetEndTime = 06:34:55
11/3/2024 18:34:48 [Information] Stepper Motor Controller Disable Z Axis controls while moving to location.
11/3/2024 18:34:48 [Information] Time remaining: 00:00:00 targetEndTime = 06:34:55
11/3/2024 18:34:48 [Information] Stepper Motor Controller Disable Z Axis controls while moving to location.
11/3/2024 18:34:48 [Information] Time remaining: 00:00:00 targetEndTime = 06:34:55
11/3/2024 18:34:48 [Information] Stepper Motor Controller Disable Z Axis controls while moving to location.
11/3/2024 18:34:48 [Information] Time remaining: 00:00:00 targetEndTime = 06:34:55
11/3/2024 18:34:48 [Information] Stepper Motor Controller Disable Z Axis controls while moving to location.
11/3/2024 18:34:48 [Information] Time remaining: 00:00:00 targetEndTime = 06:34:55
11/3/2024 18:34:48 [Information] Stepper Motor Controller Disable Z Axis controls while moving to location.
11/3/2024 18:34:48 [Information] Time remaining: 00:00:00 targetEndTime = 06:34:55
11/3/2024 18:34:48 [Information] Stepper Motor Controller Disable Z Axis controls while moving to location.
11/3/2024 18:34:48 [Information] Time remaining: 00:00:00 targetEndTime = 06:34:55
11/3/2024 18:34:48 [Information] Stepper Motor Controller Disable Z Axis controls while moving to location.
11/3/2024 18:34:48 [Information] Time remaining: 00:00:00 targetEndTime = 06:34:55
11/3/2024 18:34:48 [Information] Stepper Motor Controller Disable Z Axis controls while moving to location.
11/3/2024 18:34:48 [Information] Time remaining: 00:00:00 targetEndTime = 06:34:55
11/3/2024 18:34:48 [Information] Stepper Motor Controller Disable Z Axis controls while moving to location.
11/3/2024 18:34:48 [Information] Time remaining: 00:00:00 targetEndTime = 06:34:55
11/3/2024 18:34:48 [Information] Stepper Motor Controller Disable Z Axis controls while moving to location.
11/3/2024 18:34:48 [Information] Time remaining: 00:00:00 targetEndTime = 06:34:55
11/3/2024 18:34:48 [Information] Stepper Motor Controller Disable Z Axis controls while moving to location.
11/3/2024 18:34:48 [Information] Time remaining: 00:00:00 targetEndTime = 06:34:55
11/3/2024 18:34:48 [Information] Stepper Motor Controller Disable Z Axis controls while moving to location.
11/3/2024 18:34:48 [Information] Time remaining: 00:00:00 targetEndTime = 06:34:55
11/3/2024 18:34:48 [Information] Stepper Motor Controller Disable Z Axis controls while moving to location.
11/3/2024 18:34:48 [Information] Time remaining: 00:00:00 targetEndTime = 06:34:55
11/3/2024 18:34:48 [Information] Stepper Motor Controller Disable Z Axis controls while moving to location.
11/3/2024 18:34:48 [Information] Time remaining: 00:00:00 targetEndTime = 06:34:55
11/3/2024 18:34:48 [Information] Stepper Motor Controller Disable Z Axis controls while moving to location.
11/3/2024 18:34:48 [Information] Time remaining: 00:00:00 targetEndTime = 06:34:55
11/3/2024 18:34:48 [Information] Stepper Motor Controller Disable Z Axis controls while moving to location.
11/3/2024 18:34:48 [Information] Time remaining: 00:00:00 targetEndTime = 06:34:55
11/3/2024 18:34:48 [Information] Stepper Motor Controller Disable Z Axis controls while moving to location.
11/3/2024 18:34:48 [Information] Time remaining: 00:00:00 targetEndTime = 06:34:55
11/3/2024 18:34:48 [Information] Stepper Motor Controller Disable Z Axis controls while moving to location.
11/3/2024 18:34:48 [Information] Time remaining: 00:00:00 targetEndTime = 06:34:55
11/3/2024 18:34:48 [Information] Stepper Motor Controller Disable Z Axis controls while moving to location.
11/3/2024 18:34:48 [Information] Time remaining: 00:00:00 targetEndTime = 06:34:55
11/3/2024 18:34:48 [Information] Stepper Motor Controller Disable Z Axis controls while moving to location.
11/3/2024 18:34:48 [Information] Time remaining: 00:00:00 targetEndTime = 06:34:55
11/3/2024 18:34:48 [Information] Stepper Motor Controller Disable Z Axis controls while moving to location.
11/3/2024 18:34:48 [Information] Time remaining: 00:00:00 targetEndTime = 06:34:55
11/3/2024 18:34:48 [Information] Stepper Motor Controller Disable Z Axis controls while moving to location.
11/3/2024 18:34:48 [Information] Time remaining: 00:00:01 targetEndTime = 06:34:55
11/3/2024 18:34:48 [Information] Stepper Motor Controller Disable Z Axis controls while moving to location.
11/3/2024 18:34:48 [Information] Time remaining: 00:00:01 targetEndTime = 06:34:55
11/3/2024 18:34:48 [Information] Stepper Motor Controller Disable Z Axis controls while moving to location.
11/3/2024 18:34:48 [Information] Time remaining: 00:00:01 targetEndTime = 06:34:55
11/3/2024 18:34:48 [Information] Stepper Motor Controller Disable Z Axis controls while moving to location.
11/3/2024 18:34:48 [Information] Time remaining: 00:00:01 targetEndTime = 06:34:55
11/3/2024 18:34:48 [Information] Stepper Motor Controller Disable Z Axis controls while moving to location.
11/3/2024 18:34:48 [Information] Time remaining: 00:00:01 targetEndTime = 06:34:55
11/3/2024 18:34:48 [Information] Stepper Motor Controller Disable Z Axis controls while moving to location.
11/3/2024 18:34:48 [Information] Time remaining: 00:00:01 targetEndTime = 06:34:55
11/3/2024 18:34:48 [Information] Stepper Motor Controller Disable Z Axis controls while moving to location.
11/3/2024 18:34:48 [Information] Time remaining: 00:00:01 targetEndTime = 06:34:55
11/3/2024 18:34:48 [Information] Stepper Motor Controller Disable Z Axis controls while moving to location.
11/3/2024 18:34:48 [Information] Time remaining: 00:00:01 targetEndTime = 06:34:55
11/3/2024 18:34:48 [Information] Stepper Motor Controller Disable Z Axis controls while moving to location.
11/3/2024 18:34:48 [Information] Time remaining: 00:00:01 targetEndTime = 06:34:55
11/3/2024 18:34:48 [Information] Stepper Motor Controller Disable Z Axis controls while moving to location.
11/3/2024 18:34:48 [Information] Time remaining: 00:00:01 targetEndTime = 06:34:55
11/3/2024 18:34:48 [Information] Stepper Motor Controller Disable Z Axis controls while moving to location.
11/3/2024 18:34:48 [Information] Time remaining: 00:00:01 targetEndTime = 06:34:55
11/3/2024 18:34:49 [Information] Stepper Motor Controller Disable Z Axis controls while moving to location.
11/3/2024 18:34:49 [Information] Time remaining: 00:00:01 targetEndTime = 06:34:55
11/3/2024 18:34:49 [Information] Stepper Motor Controller Disable Z Axis controls while moving to location.
11/3/2024 18:34:49 [Information] Time remaining: 00:00:01 targetEndTime = 06:34:55
11/3/2024 18:34:49 [Information] Stepper Motor Controller Disable Z Axis controls while moving to location.
11/3/2024 18:34:49 [Information] Time remaining: 00:00:01 targetEndTime = 06:34:55
11/3/2024 18:34:49 [Information] Stepper Motor Controller Disable Z Axis controls while moving to location.
11/3/2024 18:34:49 [Information] Time remaining: 00:00:01 targetEndTime = 06:34:55
11/3/2024 18:34:49 [Information] Stepper Motor Controller Disable Z Axis controls while moving to location.
11/3/2024 18:34:49 [Information] Time remaining: 00:00:01 targetEndTime = 06:34:55
11/3/2024 18:34:49 [Information] Stepper Motor Controller Disable Z Axis controls while moving to location.
11/3/2024 18:34:49 [Information] Time remaining: 00:00:01 targetEndTime = 06:34:55
11/3/2024 18:34:49 [Information] Stepper Motor Controller Disable Z Axis controls while moving to location.
11/3/2024 18:34:49 [Information] Time remaining: 00:00:01 targetEndTime = 06:34:55
11/3/2024 18:34:49 [Information] Stepper Motor Controller Disable Z Axis controls while moving to location.
11/3/2024 18:34:49 [Information] Time remaining: 00:00:01 targetEndTime = 06:34:55
11/3/2024 18:34:49 [Information] Stepper Motor Controller Disable Z Axis controls while moving to location.
11/3/2024 18:34:49 [Information] Time remaining: 00:00:01 targetEndTime = 06:34:55
11/3/2024 18:34:49 [Information] Stepper Motor Controller Disable Z Axis controls while moving to location.
11/3/2024 18:34:49 [Information] Time remaining: 00:00:01 targetEndTime = 06:34:55
11/3/2024 18:34:49 [Information] Stepper Motor Controller Disable Z Axis controls while moving to location.
11/3/2024 18:34:49 [Information] Time remaining: 00:00:01 targetEndTime = 06:34:55
11/3/2024 18:34:49 [Information] Stepper Motor Controller Disable Z Axis controls while moving to location.
11/3/2024 18:34:49 [Information] Time remaining: 00:00:01 targetEndTime = 06:34:55
11/3/2024 18:34:49 [Information] Stepper Motor Controller Disable Z Axis controls while moving to location.
11/3/2024 18:34:49 [Information] Time remaining: 00:00:01 targetEndTime = 06:34:55
11/3/2024 18:34:49 [Information] Stepper Motor Controller Disable Z Axis controls while moving to location.
11/3/2024 18:34:49 [Information] Time remaining: 00:00:01 targetEndTime = 06:34:55
11/3/2024 18:34:49 [Information] Stepper Motor Controller Disable Z Axis controls while moving to location.
11/3/2024 18:34:49 [Information] Time remaining: 00:00:01 targetEndTime = 06:34:55
11/3/2024 18:34:49 [Information] Stepper Motor Controller Disable Z Axis controls while moving to location.
11/3/2024 18:34:49 [Information] Time remaining: 00:00:01 targetEndTime = 06:34:55
11/3/2024 18:34:49 [Information] Stepper Motor Controller Disable Z Axis controls while moving to location.
11/3/2024 18:34:49 [Information] Time remaining: 00:00:01 targetEndTime = 06:34:55
11/3/2024 18:34:49 [Information] Stepper Motor Controller Disable Z Axis controls while moving to location.
11/3/2024 18:34:49 [Information] Time remaining: 00:00:01 targetEndTime = 06:34:55
11/3/2024 18:34:49 [Information] Stepper Motor Controller Disable Z Axis controls while moving to location.
11/3/2024 18:34:49 [Information] Time remaining: 00:00:01 targetEndTime = 06:34:55
11/3/2024 18:34:49 [Information] Stepper Motor Controller Disable Z Axis controls while moving to location.
11/3/2024 18:34:49 [Information] Time remaining: 00:00:01 targetEndTime = 06:34:55
11/3/2024 18:34:49 [Information] Stepper Motor Controller Disable Z Axis controls while moving to location.
11/3/2024 18:34:49 [Information] Time remaining: 00:00:01 targetEndTime = 06:34:55
11/3/2024 18:34:49 [Information] Stepper Motor Controller Disable Z Axis controls while moving to location.
11/3/2024 18:34:49 [Information] Time remaining: 00:00:01 targetEndTime = 06:34:55
11/3/2024 18:34:49 [Information] Stepper Motor Controller Disable Z Axis controls while moving to location.
11/3/2024 18:34:49 [Information] Time remaining: 00:00:01 targetEndTime = 06:34:55
11/3/2024 18:34:49 [Information] Stepper Motor Controller Disable Z Axis controls while moving to location.
11/3/2024 18:34:49 [Information] Time remaining: 00:00:01 targetEndTime = 06:34:55
11/3/2024 18:34:49 [Information] Stepper Motor Controller Disable Z Axis controls while moving to location.
11/3/2024 18:34:49 [Information] Time remaining: 00:00:01 targetEndTime = 06:34:55
11/3/2024 18:34:49 [Information] Stepper Motor Controller Disable Z Axis controls while moving to location.
11/3/2024 18:34:49 [Information] Time remaining: 00:00:01 targetEndTime = 06:34:55
11/3/2024 18:34:49 [Information] Stepper Motor Controller Disable Z Axis controls while moving to location.
11/3/2024 18:34:49 [Information] Time remaining: 00:00:01 targetEndTime = 06:34:55
11/3/2024 18:34:49 [Information] Stepper Motor Controller Disable Z Axis controls while moving to location.
11/3/2024 18:34:49 [Information] Time remaining: 00:00:01 targetEndTime = 06:34:55
11/3/2024 18:34:49 [Information] Stepper Motor Controller Disable Z Axis controls while moving to location.
11/3/2024 18:34:49 [Information] Time remaining: 00:00:01 targetEndTime = 06:34:55
11/3/2024 18:34:49 [Information] Stepper Motor Controller Disable Z Axis controls while moving to location.
11/3/2024 18:34:49 [Information] Time remaining: 00:00:01 targetEndTime = 06:34:55
11/3/2024 18:34:49 [Information] Stepper Motor Controller Disable Z Axis controls while moving to location.
11/3/2024 18:34:49 [Information] Time remaining: 00:00:01 targetEndTime = 06:34:55
11/3/2024 18:34:49 [Information] Stepper Motor Controller Disable Z Axis controls while moving to location.
11/3/2024 18:34:49 [Information] Time remaining: 00:00:01 targetEndTime = 06:34:55
11/3/2024 18:34:49 [Information] Stepper Motor Controller Disable Z Axis controls while moving to location.
11/3/2024 18:34:49 [Information] Time remaining: 00:00:01 targetEndTime = 06:34:55
11/3/2024 18:34:49 [Information] Stepper Motor Controller Disable Z Axis controls while moving to location.
11/3/2024 18:34:49 [Information] Time remaining: 00:00:01 targetEndTime = 06:34:55
11/3/2024 18:34:49 [Information] Stepper Motor Controller Disable Z Axis controls while moving to location.
11/3/2024 18:34:49 [Information] Time remaining: 00:00:01 targetEndTime = 06:34:55
11/3/2024 18:34:49 [Information] Stepper Motor Controller Disable Z Axis controls while moving to location.
11/3/2024 18:34:49 [Information] Time remaining: 00:00:01 targetEndTime = 06:34:55
11/3/2024 18:34:49 [Information] Stepper Motor Controller Disable Z Axis controls while moving to location.
11/3/2024 18:34:49 [Information] Time remaining: 00:00:01 targetEndTime = 06:34:55
11/3/2024 18:34:49 [Information] Stepper Motor Controller Disable Z Axis controls while moving to location.
11/3/2024 18:34:49 [Information] Time remaining: 00:00:01 targetEndTime = 06:34:55
11/3/2024 18:34:49 [Information] Stepper Motor Controller Disable Z Axis controls while moving to location.
11/3/2024 18:34:49 [Information] Time remaining: 00:00:01 targetEndTime = 06:34:55
11/3/2024 18:34:49 [Information] Stepper Motor Controller Disable Z Axis controls while moving to location.
11/3/2024 18:34:49 [Information] Time remaining: 00:00:01 targetEndTime = 06:34:55
11/3/2024 18:34:49 [Information] Stepper Motor Controller Disable Z Axis controls while moving to location.
11/3/2024 18:34:49 [Information] Time remaining: 00:00:01 targetEndTime = 06:34:55
11/3/2024 18:34:49 [Information] Stepper Motor Controller Disable Z Axis controls while moving to location.
11/3/2024 18:34:49 [Information] Time remaining: 00:00:01 targetEndTime = 06:34:55
11/3/2024 18:34:49 [Information] Stepper Motor Controller Disable Z Axis controls while moving to location.
11/3/2024 18:34:49 [Information] Time remaining: 00:00:01 targetEndTime = 06:34:55
11/3/2024 18:34:49 [Information] Stepper Motor Controller Disable Z Axis controls while moving to location.
11/3/2024 18:34:49 [Information] Time remaining: 00:00:01 targetEndTime = 06:34:55
11/3/2024 18:34:49 [Information] Stepper Motor Controller Disable Z Axis controls while moving to location.
11/3/2024 18:34:49 [Information] Time remaining: 00:00:01 targetEndTime = 06:34:55
11/3/2024 18:34:49 [Information] Stepper Motor Controller Disable Z Axis controls while moving to location.
11/3/2024 18:34:49 [Information] Time remaining: 00:00:02 targetEndTime = 06:34:55
11/3/2024 18:34:49 [Information] Stepper Motor Controller Disable Z Axis controls while moving to location.
11/3/2024 18:34:49 [Information] Time remaining: 00:00:02 targetEndTime = 06:34:55
11/3/2024 18:34:49 [Information] Stepper Motor Controller Disable Z Axis controls while moving to location.
11/3/2024 18:34:49 [Information] Time remaining: 00:00:02 targetEndTime = 06:34:55
11/3/2024 18:34:49 [Information] Stepper Motor Controller Disable Z Axis controls while moving to location.
11/3/2024 18:34:49 [Information] Time remaining: 00:00:02 targetEndTime = 06:34:55
11/3/2024 18:34:49 [Information] Stepper Motor Controller Disable Z Axis controls while moving to location.
11/3/2024 18:34:49 [Information] Time remaining: 00:00:02 targetEndTime = 06:34:55
11/3/2024 18:34:49 [Information] Stepper Motor Controller Disable Z Axis controls while moving to location.
11/3/2024 18:34:49 [Information] Time remaining: 00:00:02 targetEndTime = 06:34:55
11/3/2024 18:34:49 [Information] Stepper Motor Controller Disable Z Axis controls while moving to location.
11/3/2024 18:34:49 [Information] Time remaining: 00:00:02 targetEndTime = 06:34:55
11/3/2024 18:34:49 [Information] Stepper Motor Controller Disable Z Axis controls while moving to location.
11/3/2024 18:34:49 [Information] Time remaining: 00:00:02 targetEndTime = 06:34:55
11/3/2024 18:34:49 [Information] Stepper Motor Controller Disable Z Axis controls while moving to location.
11/3/2024 18:34:49 [Information] Time remaining: 00:00:02 targetEndTime = 06:34:55
11/3/2024 18:34:49 [Information] Stepper Motor Controller Disable Z Axis controls while moving to location.
11/3/2024 18:34:49 [Information] Time remaining: 00:00:02 targetEndTime = 06:34:55
11/3/2024 18:34:49 [Information] Stepper Motor Controller Disable Z Axis controls while moving to location.
11/3/2024 18:34:49 [Information] Time remaining: 00:00:02 targetEndTime = 06:34:55
11/3/2024 18:34:49 [Information] Stepper Motor Controller Disable Z Axis controls while moving to location.
11/3/2024 18:34:49 [Information] Time remaining: 00:00:02 targetEndTime = 06:34:55
11/3/2024 18:34:49 [Information] Stepper Motor Controller Disable Z Axis controls while moving to location.
11/3/2024 18:34:49 [Information] Time remaining: 00:00:02 targetEndTime = 06:34:55
11/3/2024 18:34:50 [Information] Stepper Motor Controller Disable Z Axis controls while moving to location.
11/3/2024 18:34:50 [Information] Time remaining: 00:00:02 targetEndTime = 06:34:55
11/3/2024 18:34:50 [Information] Stepper Motor Controller Disable Z Axis controls while moving to location.
11/3/2024 18:34:50 [Information] Time remaining: 00:00:02 targetEndTime = 06:34:55
11/3/2024 18:34:50 [Information] Stepper Motor Controller Disable Z Axis controls while moving to location.
11/3/2024 18:34:50 [Information] Time remaining: 00:00:02 targetEndTime = 06:34:55
11/3/2024 18:34:50 [Information] Stepper Motor Controller Disable Z Axis controls while moving to location.
11/3/2024 18:34:50 [Information] Time remaining: 00:00:02 targetEndTime = 06:34:55
11/3/2024 18:34:50 [Information] Stepper Motor Controller Disable Z Axis controls while moving to location.
11/3/2024 18:34:50 [Information] Time remaining: 00:00:02 targetEndTime = 06:34:55
11/3/2024 18:34:50 [Information] Stepper Motor Controller Disable Z Axis controls while moving to location.
11/3/2024 18:34:50 [Information] Time remaining: 00:00:02 targetEndTime = 06:34:55
11/3/2024 18:34:50 [Information] Stepper Motor Controller Disable Z Axis controls while moving to location.
11/3/2024 18:34:50 [Information] Time remaining: 00:00:02 targetEndTime = 06:34:55
11/3/2024 18:34:50 [Information] Stepper Motor Controller Disable Z Axis controls while moving to location.
11/3/2024 18:34:50 [Information] Time remaining: 00:00:02 targetEndTime = 06:34:55
11/3/2024 18:34:50 [Information] Stepper Motor Controller Disable Z Axis controls while moving to location.
11/3/2024 18:34:50 [Information] Time remaining: 00:00:02 targetEndTime = 06:34:55
11/3/2024 18:34:50 [Information] Stepper Motor Controller Disable Z Axis controls while moving to location.
11/3/2024 18:34:50 [Information] Time remaining: 00:00:02 targetEndTime = 06:34:55
11/3/2024 18:34:50 [Information] Stepper Motor Controller Disable Z Axis controls while moving to location.
11/3/2024 18:34:50 [Information] Time remaining: 00:00:02 targetEndTime = 06:34:55
11/3/2024 18:34:50 [Information] Stepper Motor Controller Disable Z Axis controls while moving to location.
11/3/2024 18:34:50 [Information] Time remaining: 00:00:02 targetEndTime = 06:34:55
11/3/2024 18:34:50 [Information] Stepper Motor Controller Disable Z Axis controls while moving to location.
11/3/2024 18:34:50 [Information] Time remaining: 00:00:02 targetEndTime = 06:34:55
11/3/2024 18:34:50 [Information] Stepper Motor Controller Disable Z Axis controls while moving to location.
11/3/2024 18:34:50 [Information] Time remaining: 00:00:02 targetEndTime = 06:34:55
11/3/2024 18:34:50 [Information] Stepper Motor Controller Disable Z Axis controls while moving to location.
11/3/2024 18:34:50 [Information] Time remaining: 00:00:02 targetEndTime = 06:34:55
11/3/2024 18:34:50 [Information] Stepper Motor Controller Disable Z Axis controls while moving to location.
11/3/2024 18:34:50 [Information] Time remaining: 00:00:02 targetEndTime = 06:34:55
11/3/2024 18:34:50 [Information] Stepper Motor Controller Disable Z Axis controls while moving to location.
11/3/2024 18:34:50 [Information] Time remaining: 00:00:02 targetEndTime = 06:34:55
11/3/2024 18:34:50 [Information] Stepper Motor Controller Disable Z Axis controls while moving to location.
11/3/2024 18:34:50 [Information] Time remaining: 00:00:02 targetEndTime = 06:34:55
11/3/2024 18:34:50 [Information] Stepper Motor Controller Disable Z Axis controls while moving to location.
11/3/2024 18:34:50 [Information] Time remaining: 00:00:02 targetEndTime = 06:34:55
11/3/2024 18:34:50 [Information] Stepper Motor Controller Disable Z Axis controls while moving to location.
11/3/2024 18:34:50 [Information] Time remaining: 00:00:02 targetEndTime = 06:34:55
11/3/2024 18:34:50 [Information] Stepper Motor Controller Disable Z Axis controls while moving to location.
11/3/2024 18:34:50 [Information] Time remaining: 00:00:02 targetEndTime = 06:34:55
11/3/2024 18:34:50 [Information] Stepper Motor Controller Disable Z Axis controls while moving to location.
11/3/2024 18:34:50 [Information] Time remaining: 00:00:02 targetEndTime = 06:34:55
11/3/2024 18:34:50 [Information] Stepper Motor Controller Disable Z Axis controls while moving to location.
11/3/2024 18:34:50 [Information] Time remaining: 00:00:02 targetEndTime = 06:34:55
11/3/2024 18:34:50 [Information] Stepper Motor Controller Disable Z Axis controls while moving to location.
11/3/2024 18:34:50 [Information] Time remaining: 00:00:02 targetEndTime = 06:34:55
11/3/2024 18:34:50 [Information] Stepper Motor Controller Disable Z Axis controls while moving to location.
11/3/2024 18:34:50 [Information] Time remaining: 00:00:02 targetEndTime = 06:34:55
11/3/2024 18:34:50 [Information] Stepper Motor Controller Disable Z Axis controls while moving to location.
11/3/2024 18:34:50 [Information] Time remaining: 00:00:02 targetEndTime = 06:34:55
11/3/2024 18:34:50 [Information] Stepper Motor Controller Disable Z Axis controls while moving to location.
11/3/2024 18:34:50 [Information] Time remaining: 00:00:02 targetEndTime = 06:34:55
11/3/2024 18:34:50 [Information] Stepper Motor Controller Disable Z Axis controls while moving to location.
11/3/2024 18:34:50 [Information] Time remaining: 00:00:02 targetEndTime = 06:34:55
11/3/2024 18:34:50 [Information] Stepper Motor Controller Disable Z Axis controls while moving to location.
11/3/2024 18:34:50 [Information] Time remaining: 00:00:02 targetEndTime = 06:34:55
11/3/2024 18:34:50 [Information] Stepper Motor Controller Disable Z Axis controls while moving to location.
11/3/2024 18:34:50 [Information] Time remaining: 00:00:02 targetEndTime = 06:34:55
11/3/2024 18:34:50 [Information] Stepper Motor Controller Disable Z Axis controls while moving to location.
11/3/2024 18:34:50 [Information] Time remaining: 00:00:02 targetEndTime = 06:34:55
11/3/2024 18:34:50 [Information] Stepper Motor Controller Disable Z Axis controls while moving to location.
11/3/2024 18:34:50 [Information] Time remaining: 00:00:02 targetEndTime = 06:34:55
11/3/2024 18:34:50 [Information] Stepper Motor Controller Disable Z Axis controls while moving to location.
11/3/2024 18:34:50 [Information] Time remaining: 00:00:02 targetEndTime = 06:34:55
11/3/2024 18:34:50 [Information] Stepper Motor Controller Disable Z Axis controls while moving to location.
11/3/2024 18:34:50 [Information] Time remaining: 00:00:02 targetEndTime = 06:34:55
11/3/2024 18:34:50 [Information] Stepper Motor Controller Disable Z Axis controls while moving to location.
11/3/2024 18:34:50 [Information] Time remaining: 00:00:02 targetEndTime = 06:34:55
11/3/2024 18:34:50 [Information] Stepper Motor Controller Disable Z Axis controls while moving to location.
11/3/2024 18:34:50 [Information] Time remaining: 00:00:02 targetEndTime = 06:34:55
11/3/2024 18:34:50 [Information] Stepper Motor Controller Disable Z Axis controls while moving to location.
11/3/2024 18:34:50 [Information] Time remaining: 00:00:02 targetEndTime = 06:34:55
11/3/2024 18:34:50 [Information] Stepper Motor Controller Disable Z Axis controls while moving to location.
11/3/2024 18:34:50 [Information] Time remaining: 00:00:02 targetEndTime = 06:34:55
11/3/2024 18:34:50 [Information] Stepper Motor Controller Disable Z Axis controls while moving to location.
11/3/2024 18:34:50 [Information] Time remaining: 00:00:02 targetEndTime = 06:34:55
11/3/2024 18:34:50 [Information] Stepper Motor Controller Disable Z Axis controls while moving to location.
11/3/2024 18:34:50 [Information] Time remaining: 00:00:02 targetEndTime = 06:34:55
11/3/2024 18:34:50 [Information] Stepper Motor Controller Disable Z Axis controls while moving to location.
11/3/2024 18:34:50 [Information] Time remaining: 00:00:02 targetEndTime = 06:34:55
11/3/2024 18:34:50 [Information] Stepper Motor Controller Disable Z Axis controls while moving to location.
11/3/2024 18:34:50 [Information] Time remaining: 00:00:02 targetEndTime = 06:34:55
11/3/2024 18:34:50 [Information] Stepper Motor Controller Disable Z Axis controls while moving to location.
11/3/2024 18:34:50 [Information] Time remaining: 00:00:02 targetEndTime = 06:34:55
11/3/2024 18:34:50 [Information] Stepper Motor Controller Disable Z Axis controls while moving to location.
11/3/2024 18:34:50 [Information] Time remaining: 00:00:02 targetEndTime = 06:34:55
11/3/2024 18:34:50 [Information] Stepper Motor Controller Disable Z Axis controls while moving to location.
11/3/2024 18:34:50 [Information] Time remaining: 00:00:02 targetEndTime = 06:34:55
11/3/2024 18:34:50 [Information] Stepper Motor Controller Disable Z Axis controls while moving to location.
11/3/2024 18:34:50 [Information] Time remaining: 00:00:02 targetEndTime = 06:34:55
11/3/2024 18:34:50 [Information] Stepper Motor Controller Disable Z Axis controls while moving to location.
11/3/2024 18:34:50 [Information] Time remaining: 00:00:02 targetEndTime = 06:34:55
11/3/2024 18:34:50 [Information] Stepper Motor Controller Disable Z Axis controls while moving to location.
11/3/2024 18:34:50 [Information] Time remaining: 00:00:02 targetEndTime = 06:34:55
11/3/2024 18:34:50 [Information] Stepper Motor Controller Disable Z Axis controls while moving to location.
11/3/2024 18:34:50 [Information] Time remaining: 00:00:03 targetEndTime = 06:34:55
11/3/2024 18:34:50 [Information] Stepper Motor Controller Disable Z Axis controls while moving to location.
11/3/2024 18:34:50 [Information] Time remaining: 00:00:03 targetEndTime = 06:34:55
11/3/2024 18:34:50 [Information] Stepper Motor Controller Disable Z Axis controls while moving to location.
11/3/2024 18:34:50 [Information] Time remaining: 00:00:03 targetEndTime = 06:34:55
11/3/2024 18:34:50 [Information] Stepper Motor Controller Disable Z Axis controls while moving to location.
11/3/2024 18:34:50 [Information] Time remaining: 00:00:03 targetEndTime = 06:34:55
11/3/2024 18:34:50 [Information] Stepper Motor Controller Disable Z Axis controls while moving to location.
11/3/2024 18:34:50 [Information] Time remaining: 00:00:03 targetEndTime = 06:34:55
11/3/2024 18:34:50 [Information] Stepper Motor Controller Disable Z Axis controls while moving to location.
11/3/2024 18:34:50 [Information] Time remaining: 00:00:03 targetEndTime = 06:34:55
11/3/2024 18:34:50 [Information] Stepper Motor Controller Disable Z Axis controls while moving to location.
11/3/2024 18:34:50 [Information] Time remaining: 00:00:03 targetEndTime = 06:34:55
11/3/2024 18:34:50 [Information] Stepper Motor Controller Disable Z Axis controls while moving to location.
11/3/2024 18:34:50 [Information] Time remaining: 00:00:03 targetEndTime = 06:34:55
11/3/2024 18:34:50 [Information] Stepper Motor Controller Disable Z Axis controls while moving to location.
11/3/2024 18:34:50 [Information] Time remaining: 00:00:03 targetEndTime = 06:34:55
11/3/2024 18:34:50 [Information] Stepper Motor Controller Disable Z Axis controls while moving to location.
11/3/2024 18:34:50 [Information] Time remaining: 00:00:03 targetEndTime = 06:34:55
11/3/2024 18:34:50 [Information] Stepper Motor Controller Disable Z Axis controls while moving to location.
11/3/2024 18:34:50 [Information] Time remaining: 00:00:03 targetEndTime = 06:34:55
11/3/2024 18:34:50 [Information] Stepper Motor Controller Disable Z Axis controls while moving to location.
11/3/2024 18:34:50 [Information] Time remaining: 00:00:03 targetEndTime = 06:34:55
11/3/2024 18:34:50 [Information] Stepper Motor Controller Disable Z Axis controls while moving to location.
11/3/2024 18:34:50 [Information] Time remaining: 00:00:03 targetEndTime = 06:34:55
11/3/2024 18:34:50 [Information] Stepper Motor Controller Disable Z Axis controls while moving to location.
11/3/2024 18:34:50 [Information] Time remaining: 00:00:03 targetEndTime = 06:34:55
11/3/2024 18:34:51 [Information] Stepper Motor Controller Disable Z Axis controls while moving to location.
11/3/2024 18:34:51 [Information] Time remaining: 00:00:03 targetEndTime = 06:34:55
11/3/2024 18:34:51 [Information] Stepper Motor Controller Disable Z Axis controls while moving to location.
11/3/2024 18:34:51 [Information] Time remaining: 00:00:03 targetEndTime = 06:34:55
11/3/2024 18:34:51 [Information] Stepper Motor Controller Disable Z Axis controls while moving to location.
11/3/2024 18:34:51 [Information] Time remaining: 00:00:03 targetEndTime = 06:34:55
11/3/2024 18:34:51 [Information] Stepper Motor Controller Disable Z Axis controls while moving to location.
11/3/2024 18:34:51 [Information] Time remaining: 00:00:03 targetEndTime = 06:34:55
11/3/2024 18:34:51 [Information] Stepper Motor Controller Disable Z Axis controls while moving to location.
11/3/2024 18:34:51 [Information] Time remaining: 00:00:03 targetEndTime = 06:34:55
11/3/2024 18:34:51 [Information] Stepper Motor Controller Disable Z Axis controls while moving to location.
11/3/2024 18:34:51 [Information] Time remaining: 00:00:03 targetEndTime = 06:34:55
11/3/2024 18:34:51 [Information] Stepper Motor Controller Disable Z Axis controls while moving to location.
11/3/2024 18:34:51 [Information] Time remaining: 00:00:03 targetEndTime = 06:34:55
11/3/2024 18:34:51 [Information] Stepper Motor Controller Disable Z Axis controls while moving to location.
11/3/2024 18:34:51 [Information] Time remaining: 00:00:03 targetEndTime = 06:34:55
11/3/2024 18:34:51 [Information] Stepper Motor Controller Disable Z Axis controls while moving to location.
11/3/2024 18:34:51 [Information] Time remaining: 00:00:03 targetEndTime = 06:34:55
11/3/2024 18:34:51 [Information] Stepper Motor Controller Disable Z Axis controls while moving to location.
11/3/2024 18:34:51 [Information] Time remaining: 00:00:03 targetEndTime = 06:34:55
11/3/2024 18:34:51 [Information] Stepper Motor Controller Disable Z Axis controls while moving to location.
11/3/2024 18:34:51 [Information] Time remaining: 00:00:03 targetEndTime = 06:34:55
11/3/2024 18:34:51 [Information] Stepper Motor Controller Disable Z Axis controls while moving to location.
11/3/2024 18:34:51 [Information] Time remaining: 00:00:03 targetEndTime = 06:34:55
11/3/2024 18:34:51 [Information] Stepper Motor Controller Disable Z Axis controls while moving to location.
11/3/2024 18:34:51 [Information] Time remaining: 00:00:03 targetEndTime = 06:34:55
11/3/2024 18:34:51 [Information] Stepper Motor Controller Disable Z Axis controls while moving to location.
11/3/2024 18:34:51 [Information] Time remaining: 00:00:03 targetEndTime = 06:34:55
11/3/2024 18:34:51 [Information] Stepper Motor Controller Disable Z Axis controls while moving to location.
11/3/2024 18:34:51 [Information] Time remaining: 00:00:03 targetEndTime = 06:34:55
11/3/2024 18:34:51 [Information] Stepper Motor Controller Disable Z Axis controls while moving to location.
11/3/2024 18:34:51 [Information] Time remaining: 00:00:03 targetEndTime = 06:34:55
11/3/2024 18:34:51 [Information] Stepper Motor Controller Disable Z Axis controls while moving to location.
11/3/2024 18:34:51 [Information] Time remaining: 00:00:03 targetEndTime = 06:34:55
11/3/2024 18:34:51 [Information] Stepper Motor Controller Disable Z Axis controls while moving to location.
11/3/2024 18:34:51 [Information] Time remaining: 00:00:03 targetEndTime = 06:34:55
11/3/2024 18:34:51 [Information] Stepper Motor Controller Disable Z Axis controls while moving to location.
11/3/2024 18:34:51 [Information] Time remaining: 00:00:03 targetEndTime = 06:34:55
11/3/2024 18:34:51 [Information] Stepper Motor Controller Disable Z Axis controls while moving to location.
11/3/2024 18:34:51 [Information] Time remaining: 00:00:03 targetEndTime = 06:34:55
11/3/2024 18:34:51 [Information] Stepper Motor Controller Disable Z Axis controls while moving to location.
11/3/2024 18:34:51 [Information] Time remaining: 00:00:03 targetEndTime = 06:34:55
11/3/2024 18:34:51 [Information] Stepper Motor Controller Disable Z Axis controls while moving to location.
11/3/2024 18:34:51 [Information] Time remaining: 00:00:03 targetEndTime = 06:34:55
11/3/2024 18:34:51 [Information] Stepper Motor Controller Disable Z Axis controls while moving to location.
11/3/2024 18:34:51 [Information] Time remaining: 00:00:03 targetEndTime = 06:34:55
11/3/2024 18:34:51 [Information] Stepper Motor Controller Disable Z Axis controls while moving to location.
11/3/2024 18:34:51 [Information] Time remaining: 00:00:03 targetEndTime = 06:34:55
11/3/2024 18:34:51 [Information] Stepper Motor Controller Disable Z Axis controls while moving to location.
11/3/2024 18:34:51 [Information] Time remaining: 00:00:03 targetEndTime = 06:34:55
11/3/2024 18:34:51 [Information] Stepper Motor Controller Disable Z Axis controls while moving to location.
11/3/2024 18:34:51 [Information] Time remaining: 00:00:03 targetEndTime = 06:34:55
11/3/2024 18:34:51 [Information] Stepper Motor Controller Disable Z Axis controls while moving to location.
11/3/2024 18:34:51 [Information] Time remaining: 00:00:03 targetEndTime = 06:34:55
11/3/2024 18:34:51 [Information] Stepper Motor Controller Disable Z Axis controls while moving to location.
11/3/2024 18:34:51 [Information] Time remaining: 00:00:03 targetEndTime = 06:34:55
11/3/2024 18:34:51 [Information] Stepper Motor Controller Disable Z Axis controls while moving to location.
11/3/2024 18:34:51 [Information] Time remaining: 00:00:03 targetEndTime = 06:34:55
11/3/2024 18:34:51 [Information] Stepper Motor Controller Disable Z Axis controls while moving to location.
11/3/2024 18:34:51 [Information] Time remaining: 00:00:03 targetEndTime = 06:34:55
11/3/2024 18:34:51 [Information] Stepper Motor Controller Disable Z Axis controls while moving to location.
11/3/2024 18:34:51 [Information] Time remaining: 00:00:03 targetEndTime = 06:34:55
11/3/2024 18:34:51 [Information] Stepper Motor Controller Disable Z Axis controls while moving to location.
11/3/2024 18:34:51 [Information] Time remaining: 00:00:03 targetEndTime = 06:34:55
11/3/2024 18:34:51 [Information] Stepper Motor Controller Disable Z Axis controls while moving to location.
11/3/2024 18:34:51 [Information] Time remaining: 00:00:03 targetEndTime = 06:34:55
11/3/2024 18:34:51 [Information] Stepper Motor Controller Disable Z Axis controls while moving to location.
11/3/2024 18:34:51 [Information] Time remaining: 00:00:03 targetEndTime = 06:34:55
11/3/2024 18:34:51 [Information] Stepper Motor Controller Disable Z Axis controls while moving to location.
11/3/2024 18:34:51 [Information] Time remaining: 00:00:03 targetEndTime = 06:34:55
11/3/2024 18:34:51 [Information] Stepper Motor Controller Disable Z Axis controls while moving to location.
11/3/2024 18:34:51 [Information] Time remaining: 00:00:03 targetEndTime = 06:34:55
11/3/2024 18:34:51 [Information] Stepper Motor Controller Disable Z Axis controls while moving to location.
11/3/2024 18:34:51 [Information] Time remaining: 00:00:03 targetEndTime = 06:34:55
11/3/2024 18:34:51 [Information] Stepper Motor Controller Disable Z Axis controls while moving to location.
11/3/2024 18:34:51 [Information] Time remaining: 00:00:03 targetEndTime = 06:34:55
11/3/2024 18:34:51 [Information] Stepper Motor Controller Disable Z Axis controls while moving to location.
11/3/2024 18:34:51 [Information] Time remaining: 00:00:03 targetEndTime = 06:34:55
11/3/2024 18:34:51 [Information] Stepper Motor Controller Disable Z Axis controls while moving to location.
11/3/2024 18:34:51 [Information] Time remaining: 00:00:03 targetEndTime = 06:34:55
11/3/2024 18:34:51 [Information] Stepper Motor Controller Disable Z Axis controls while moving to location.
11/3/2024 18:34:51 [Information] Time remaining: 00:00:03 targetEndTime = 06:34:55
11/3/2024 18:34:51 [Information] Stepper Motor Controller Disable Z Axis controls while moving to location.
11/3/2024 18:34:51 [Information] Time remaining: 00:00:03 targetEndTime = 06:34:55
11/3/2024 18:34:51 [Information] Stepper Motor Controller Disable Z Axis controls while moving to location.
11/3/2024 18:34:51 [Information] Time remaining: 00:00:03 targetEndTime = 06:34:55
11/3/2024 18:34:51 [Information] Stepper Motor Controller Disable Z Axis controls while moving to location.
11/3/2024 18:34:51 [Information] Time remaining: 00:00:03 targetEndTime = 06:34:55
11/3/2024 18:34:51 [Information] Stepper Motor Controller Disable Z Axis controls while moving to location.
11/3/2024 18:34:51 [Information] Time remaining: 00:00:03 targetEndTime = 06:34:55
11/3/2024 18:34:51 [Information] Stepper Motor Controller Disable Z Axis controls while moving to location.
11/3/2024 18:34:51 [Information] Time remaining: 00:00:03 targetEndTime = 06:34:55
11/3/2024 18:34:51 [Information] Stepper Motor Controller Disable Z Axis controls while moving to location.
11/3/2024 18:34:51 [Information] Time remaining: 00:00:04 targetEndTime = 06:34:55
11/3/2024 18:34:51 [Information] Stepper Motor Controller Disable Z Axis controls while moving to location.
11/3/2024 18:34:51 [Information] Time remaining: 00:00:04 targetEndTime = 06:34:55
11/3/2024 18:34:51 [Information] Stepper Motor Controller Disable Z Axis controls while moving to location.
11/3/2024 18:34:51 [Information] Time remaining: 00:00:04 targetEndTime = 06:34:55
11/3/2024 18:34:51 [Information] Stepper Motor Controller Disable Z Axis controls while moving to location.
11/3/2024 18:34:51 [Information] Time remaining: 00:00:04 targetEndTime = 06:34:55
11/3/2024 18:34:51 [Information] Stepper Motor Controller Disable Z Axis controls while moving to location.
11/3/2024 18:34:51 [Information] Time remaining: 00:00:04 targetEndTime = 06:34:55
11/3/2024 18:34:51 [Information] Stepper Motor Controller Disable Z Axis controls while moving to location.
11/3/2024 18:34:51 [Information] Time remaining: 00:00:04 targetEndTime = 06:34:55
11/3/2024 18:34:51 [Information] Stepper Motor Controller Disable Z Axis controls while moving to location.
11/3/2024 18:34:51 [Information] Time remaining: 00:00:04 targetEndTime = 06:34:55
11/3/2024 18:34:51 [Information] Stepper Motor Controller Disable Z Axis controls while moving to location.
11/3/2024 18:34:51 [Information] Time remaining: 00:00:04 targetEndTime = 06:34:55
11/3/2024 18:34:51 [Information] Stepper Motor Controller Disable Z Axis controls while moving to location.
11/3/2024 18:34:51 [Information] Time remaining: 00:00:04 targetEndTime = 06:34:55
11/3/2024 18:34:51 [Information] Stepper Motor Controller Disable Z Axis controls while moving to location.
11/3/2024 18:34:51 [Information] Time remaining: 00:00:04 targetEndTime = 06:34:55
11/3/2024 18:34:51 [Information] Stepper Motor Controller Disable Z Axis controls while moving to location.
11/3/2024 18:34:51 [Information] Time remaining: 00:00:04 targetEndTime = 06:34:55
11/3/2024 18:34:51 [Information] Stepper Motor Controller Disable Z Axis controls while moving to location.
11/3/2024 18:34:51 [Information] Time remaining: 00:00:04 targetEndTime = 06:34:55
11/3/2024 18:34:51 [Information] Stepper Motor Controller Disable Z Axis controls while moving to location.
11/3/2024 18:34:51 [Information] Time remaining: 00:00:04 targetEndTime = 06:34:55
11/3/2024 18:34:52 [Information] Stepper Motor Controller Disable Z Axis controls while moving to location.
11/3/2024 18:34:52 [Information] Time remaining: 00:00:04 targetEndTime = 06:34:55
11/3/2024 18:34:52 [Information] Stepper Motor Controller Disable Z Axis controls while moving to location.
11/3/2024 18:34:52 [Information] Time remaining: 00:00:04 targetEndTime = 06:34:55
11/3/2024 18:34:52 [Information] Stepper Motor Controller Disable Z Axis controls while moving to location.
11/3/2024 18:34:52 [Information] Time remaining: 00:00:04 targetEndTime = 06:34:55
11/3/2024 18:34:52 [Information] Stepper Motor Controller Disable Z Axis controls while moving to location.
11/3/2024 18:34:52 [Information] Time remaining: 00:00:04 targetEndTime = 06:34:55
11/3/2024 18:34:52 [Information] Stepper Motor Controller Disable Z Axis controls while moving to location.
11/3/2024 18:34:52 [Information] Time remaining: 00:00:04 targetEndTime = 06:34:55
11/3/2024 18:34:52 [Information] Stepper Motor Controller Disable Z Axis controls while moving to location.
11/3/2024 18:34:52 [Information] Time remaining: 00:00:04 targetEndTime = 06:34:55
11/3/2024 18:34:52 [Information] Stepper Motor Controller Disable Z Axis controls while moving to location.
11/3/2024 18:34:52 [Information] Time remaining: 00:00:04 targetEndTime = 06:34:55
11/3/2024 18:34:52 [Information] Stepper Motor Controller Disable Z Axis controls while moving to location.
11/3/2024 18:34:52 [Information] Time remaining: 00:00:04 targetEndTime = 06:34:55
11/3/2024 18:34:52 [Information] Stepper Motor Controller Disable Z Axis controls while moving to location.
11/3/2024 18:34:52 [Information] Time remaining: 00:00:04 targetEndTime = 06:34:55
11/3/2024 18:34:52 [Information] Stepper Motor Controller Disable Z Axis controls while moving to location.
11/3/2024 18:34:52 [Information] Time remaining: 00:00:04 targetEndTime = 06:34:55
11/3/2024 18:34:52 [Information] Stepper Motor Controller Disable Z Axis controls while moving to location.
11/3/2024 18:34:52 [Information] Time remaining: 00:00:04 targetEndTime = 06:34:55
11/3/2024 18:34:52 [Information] Stepper Motor Controller Disable Z Axis controls while moving to location.
11/3/2024 18:34:52 [Information] Time remaining: 00:00:04 targetEndTime = 06:34:55
11/3/2024 18:34:52 [Information] Stepper Motor Controller Disable Z Axis controls while moving to location.
11/3/2024 18:34:52 [Information] Time remaining: 00:00:04 targetEndTime = 06:34:55
11/3/2024 18:34:52 [Information] Stepper Motor Controller Disable Z Axis controls while moving to location.
11/3/2024 18:34:52 [Information] Time remaining: 00:00:04 targetEndTime = 06:34:55
11/3/2024 18:34:52 [Information] Stepper Motor Controller Disable Z Axis controls while moving to location.
11/3/2024 18:34:52 [Information] Time remaining: 00:00:04 targetEndTime = 06:34:55
11/3/2024 18:34:52 [Information] Stepper Motor Controller Disable Z Axis controls while moving to location.
11/3/2024 18:34:52 [Information] Time remaining: 00:00:04 targetEndTime = 06:34:55
11/3/2024 18:34:52 [Information] Stepper Motor Controller Disable Z Axis controls while moving to location.
11/3/2024 18:34:52 [Information] Time remaining: 00:00:04 targetEndTime = 06:34:55
11/3/2024 18:34:52 [Information] Stepper Motor Controller Disable Z Axis controls while moving to location.
11/3/2024 18:34:52 [Information] Time remaining: 00:00:04 targetEndTime = 06:34:55
11/3/2024 18:34:52 [Information] Stepper Motor Controller Disable Z Axis controls while moving to location.
11/3/2024 18:34:52 [Information] Time remaining: 00:00:04 targetEndTime = 06:34:55
11/3/2024 18:34:52 [Information] Stepper Motor Controller Disable Z Axis controls while moving to location.
11/3/2024 18:34:52 [Information] Time remaining: 00:00:04 targetEndTime = 06:34:55
11/3/2024 18:34:52 [Information] Stepper Motor Controller Disable Z Axis controls while moving to location.
11/3/2024 18:34:52 [Information] Time remaining: 00:00:04 targetEndTime = 06:34:55
11/3/2024 18:34:52 [Information] Stepper Motor Controller Disable Z Axis controls while moving to location.
11/3/2024 18:34:52 [Information] Time remaining: 00:00:04 targetEndTime = 06:34:55
11/3/2024 18:34:52 [Information] Stepper Motor Controller Disable Z Axis controls while moving to location.
11/3/2024 18:34:52 [Information] Time remaining: 00:00:04 targetEndTime = 06:34:55
11/3/2024 18:34:52 [Information] Stepper Motor Controller Disable Z Axis controls while moving to location.
11/3/2024 18:34:52 [Information] Time remaining: 00:00:04 targetEndTime = 06:34:55
11/3/2024 18:34:52 [Information] Stepper Motor Controller Disable Z Axis controls while moving to location.
11/3/2024 18:34:52 [Information] Time remaining: 00:00:04 targetEndTime = 06:34:55
11/3/2024 18:34:52 [Information] Stepper Motor Controller Disable Z Axis controls while moving to location.
11/3/2024 18:34:52 [Information] Time remaining: 00:00:04 targetEndTime = 06:34:55
11/3/2024 18:34:52 [Information] Stepper Motor Controller Disable Z Axis controls while moving to location.
11/3/2024 18:34:52 [Information] Time remaining: 00:00:04 targetEndTime = 06:34:55
11/3/2024 18:34:52 [Information] Stepper Motor Controller Disable Z Axis controls while moving to location.
11/3/2024 18:34:52 [Information] Time remaining: 00:00:04 targetEndTime = 06:34:55
11/3/2024 18:34:52 [Information] Stepper Motor Controller Disable Z Axis controls while moving to location.
11/3/2024 18:34:52 [Information] Time remaining: 00:00:04 targetEndTime = 06:34:55
11/3/2024 18:34:52 [Information] Stepper Motor Controller Disable Z Axis controls while moving to location.
11/3/2024 18:34:52 [Information] Time remaining: 00:00:04 targetEndTime = 06:34:55
11/3/2024 18:34:52 [Information] Stepper Motor Controller Disable Z Axis controls while moving to location.
11/3/2024 18:34:52 [Information] Time remaining: 00:00:04 targetEndTime = 06:34:55
11/3/2024 18:34:52 [Information] Stepper Motor Controller Disable Z Axis controls while moving to location.
11/3/2024 18:34:52 [Information] Time remaining: 00:00:04 targetEndTime = 06:34:55
11/3/2024 18:34:52 [Information] Stepper Motor Controller Disable Z Axis controls while moving to location.
11/3/2024 18:34:52 [Information] Time remaining: 00:00:04 targetEndTime = 06:34:55
11/3/2024 18:34:52 [Information] Stepper Motor Controller Disable Z Axis controls while moving to location.
11/3/2024 18:34:52 [Information] Time remaining: 00:00:04 targetEndTime = 06:34:55
11/3/2024 18:34:52 [Information] Stepper Motor Controller Disable Z Axis controls while moving to location.
11/3/2024 18:34:52 [Information] Time remaining: 00:00:04 targetEndTime = 06:34:55
11/3/2024 18:34:52 [Information] Stepper Motor Controller Disable Z Axis controls while moving to location.
11/3/2024 18:34:52 [Information] Time remaining: 00:00:04 targetEndTime = 06:34:55
11/3/2024 18:34:52 [Information] Stepper Motor Controller Disable Z Axis controls while moving to location.
11/3/2024 18:34:52 [Information] Time remaining: 00:00:04 targetEndTime = 06:34:55
11/3/2024 18:34:52 [Information] Stepper Motor Controller Disable Z Axis controls while moving to location.
11/3/2024 18:34:52 [Information] Time remaining: 00:00:04 targetEndTime = 06:34:55
11/3/2024 18:34:52 [Information] Stepper Motor Controller Disable Z Axis controls while moving to location.
11/3/2024 18:34:52 [Information] Time remaining: 00:00:04 targetEndTime = 06:34:55
11/3/2024 18:34:52 [Information] Stepper Motor Controller Disable Z Axis controls while moving to location.
11/3/2024 18:34:52 [Information] Time remaining: 00:00:04 targetEndTime = 06:34:55
11/3/2024 18:34:52 [Information] Stepper Motor Controller Disable Z Axis controls while moving to location.
11/3/2024 18:34:52 [Information] Time remaining: 00:00:04 targetEndTime = 06:34:55
11/3/2024 18:34:52 [Information] Stepper Motor Controller Disable Z Axis controls while moving to location.
11/3/2024 18:34:52 [Information] Time remaining: 00:00:04 targetEndTime = 06:34:55
11/3/2024 18:34:52 [Information] Stepper Motor Controller Disable Z Axis controls while moving to location.
11/3/2024 18:34:52 [Information] Time remaining: 00:00:04 targetEndTime = 06:34:55
11/3/2024 18:34:52 [Information] Stepper Motor Controller Disable Z Axis controls while moving to location.
11/3/2024 18:34:52 [Information] Time remaining: 00:00:04 targetEndTime = 06:34:55
11/3/2024 18:34:52 [Information] Stepper Motor Controller Disable Z Axis controls while moving to location.
11/3/2024 18:34:52 [Information] Time remaining: 00:00:04 targetEndTime = 06:34:55
11/3/2024 18:34:52 [Information] Stepper Motor Controller Disable Z Axis controls while moving to location.
11/3/2024 18:34:52 [Information] Time remaining: 00:00:05 targetEndTime = 06:34:55
11/3/2024 18:34:52 [Information] Stepper Motor Controller Disable Z Axis controls while moving to location.
11/3/2024 18:34:52 [Information] Time remaining: 00:00:05 targetEndTime = 06:34:55
11/3/2024 18:34:52 [Information] Stepper Motor Controller Disable Z Axis controls while moving to location.
11/3/2024 18:34:52 [Information] Time remaining: 00:00:05 targetEndTime = 06:34:55
11/3/2024 18:34:52 [Information] Stepper Motor Controller Disable Z Axis controls while moving to location.
11/3/2024 18:34:52 [Information] Time remaining: 00:00:05 targetEndTime = 06:34:55
11/3/2024 18:34:52 [Information] Stepper Motor Controller Disable Z Axis controls while moving to location.
11/3/2024 18:34:52 [Information] Time remaining: 00:00:05 targetEndTime = 06:34:55
11/3/2024 18:34:52 [Information] Stepper Motor Controller Disable Z Axis controls while moving to location.
11/3/2024 18:34:52 [Information] Time remaining: 00:00:05 targetEndTime = 06:34:55
11/3/2024 18:34:52 [Information] Stepper Motor Controller Disable Z Axis controls while moving to location.
11/3/2024 18:34:52 [Information] Time remaining: 00:00:05 targetEndTime = 06:34:55
11/3/2024 18:34:52 [Information] Stepper Motor Controller Disable Z Axis controls while moving to location.
11/3/2024 18:34:52 [Information] Time remaining: 00:00:05 targetEndTime = 06:34:55
11/3/2024 18:34:52 [Information] Stepper Motor Controller Disable Z Axis controls while moving to location.
11/3/2024 18:34:52 [Information] Time remaining: 00:00:05 targetEndTime = 06:34:55
11/3/2024 18:34:52 [Information] Stepper Motor Controller Disable Z Axis controls while moving to location.
11/3/2024 18:34:52 [Information] Time remaining: 00:00:05 targetEndTime = 06:34:55
11/3/2024 18:34:52 [Information] Stepper Motor Controller Disable Z Axis controls while moving to location.
11/3/2024 18:34:52 [Information] Time remaining: 00:00:05 targetEndTime = 06:34:55
11/3/2024 18:34:52 [Information] Stepper Motor Controller Disable Z Axis controls while moving to location.
11/3/2024 18:34:52 [Information] Time remaining: 00:00:05 targetEndTime = 06:34:55
11/3/2024 18:34:52 [Information] Stepper Motor Controller Disable Z Axis controls while moving to location.
11/3/2024 18:34:52 [Information] Time remaining: 00:00:05 targetEndTime = 06:34:55
11/3/2024 18:34:53 [Information] Stepper Motor Controller Disable Z Axis controls while moving to location.
11/3/2024 18:34:53 [Information] Time remaining: 00:00:05 targetEndTime = 06:34:55
11/3/2024 18:34:53 [Information] Stepper Motor Controller Disable Z Axis controls while moving to location.
11/3/2024 18:34:53 [Information] Time remaining: 00:00:05 targetEndTime = 06:34:55
11/3/2024 18:34:53 [Information] Stepper Motor Controller Disable Z Axis controls while moving to location.
11/3/2024 18:34:53 [Information] Time remaining: 00:00:05 targetEndTime = 06:34:55
11/3/2024 18:34:53 [Information] Stepper Motor Controller Disable Z Axis controls while moving to location.
11/3/2024 18:34:53 [Information] Time remaining: 00:00:05 targetEndTime = 06:34:55
11/3/2024 18:34:53 [Information] Stepper Motor Controller Disable Z Axis controls while moving to location.
11/3/2024 18:34:53 [Information] Time remaining: 00:00:05 targetEndTime = 06:34:55
11/3/2024 18:34:53 [Information] Stepper Motor Controller Disable Z Axis controls while moving to location.
11/3/2024 18:34:53 [Information] Time remaining: 00:00:05 targetEndTime = 06:34:55
11/3/2024 18:34:53 [Information] Stepper Motor Controller Disable Z Axis controls while moving to location.
11/3/2024 18:34:53 [Information] Time remaining: 00:00:05 targetEndTime = 06:34:55
11/3/2024 18:34:53 [Information] Stepper Motor Controller Disable Z Axis controls while moving to location.
11/3/2024 18:34:53 [Information] Time remaining: 00:00:05 targetEndTime = 06:34:55
11/3/2024 18:34:53 [Information] Stepper Motor Controller Disable Z Axis controls while moving to location.
11/3/2024 18:34:53 [Information] Time remaining: 00:00:05 targetEndTime = 06:34:55
11/3/2024 18:34:53 [Information] Stepper Motor Controller Disable Z Axis controls while moving to location.
11/3/2024 18:34:53 [Information] Time remaining: 00:00:05 targetEndTime = 06:34:55
11/3/2024 18:34:53 [Information] Stepper Motor Controller Disable Z Axis controls while moving to location.
11/3/2024 18:34:53 [Information] Time remaining: 00:00:05 targetEndTime = 06:34:55
11/3/2024 18:34:53 [Information] Stepper Motor Controller Disable Z Axis controls while moving to location.
11/3/2024 18:34:53 [Information] Time remaining: 00:00:05 targetEndTime = 06:34:55
11/3/2024 18:34:53 [Information] Stepper Motor Controller Disable Z Axis controls while moving to location.
11/3/2024 18:34:53 [Information] Time remaining: 00:00:05 targetEndTime = 06:34:55
11/3/2024 18:34:53 [Information] Stepper Motor Controller Disable Z Axis controls while moving to location.
11/3/2024 18:34:53 [Information] Time remaining: 00:00:05 targetEndTime = 06:34:55
11/3/2024 18:34:53 [Information] Stepper Motor Controller Disable Z Axis controls while moving to location.
11/3/2024 18:34:53 [Information] Time remaining: 00:00:05 targetEndTime = 06:34:55
11/3/2024 18:34:53 [Information] Stepper Motor Controller Disable Z Axis controls while moving to location.
11/3/2024 18:34:53 [Information] Time remaining: 00:00:05 targetEndTime = 06:34:55
11/3/2024 18:34:53 [Information] Stepper Motor Controller Disable Z Axis controls while moving to location.
11/3/2024 18:34:53 [Information] Time remaining: 00:00:05 targetEndTime = 06:34:55
11/3/2024 18:34:53 [Information] Stepper Motor Controller Disable Z Axis controls while moving to location.
11/3/2024 18:34:53 [Information] Time remaining: 00:00:05 targetEndTime = 06:34:55
11/3/2024 18:34:53 [Information] Stepper Motor Controller Disable Z Axis controls while moving to location.
11/3/2024 18:34:53 [Information] Time remaining: 00:00:05 targetEndTime = 06:34:55
11/3/2024 18:34:53 [Information] Stepper Motor Controller Disable Z Axis controls while moving to location.
11/3/2024 18:34:53 [Information] Time remaining: 00:00:05 targetEndTime = 06:34:55
11/3/2024 18:34:53 [Information] Stepper Motor Controller Disable Z Axis controls while moving to location.
11/3/2024 18:34:53 [Information] Time remaining: 00:00:05 targetEndTime = 06:34:55
11/3/2024 18:34:53 [Information] Stepper Motor Controller Disable Z Axis controls while moving to location.
11/3/2024 18:34:53 [Information] Time remaining: 00:00:05 targetEndTime = 06:34:55
11/3/2024 18:34:53 [Information] Stepper Motor Controller Disable Z Axis controls while moving to location.
11/3/2024 18:34:53 [Information] Time remaining: 00:00:05 targetEndTime = 06:34:55
11/3/2024 18:34:53 [Information] Stepper Motor Controller Disable Z Axis controls while moving to location.
11/3/2024 18:34:53 [Information] Time remaining: 00:00:05 targetEndTime = 06:34:55
11/3/2024 18:34:53 [Information] Stepper Motor Controller Disable Z Axis controls while moving to location.
11/3/2024 18:34:53 [Information] Time remaining: 00:00:05 targetEndTime = 06:34:55
11/3/2024 18:34:53 [Information] Stepper Motor Controller Disable Z Axis controls while moving to location.
11/3/2024 18:34:53 [Information] Time remaining: 00:00:05 targetEndTime = 06:34:55
11/3/2024 18:34:53 [Information] Stepper Motor Controller Disable Z Axis controls while moving to location.
11/3/2024 18:34:53 [Information] Time remaining: 00:00:05 targetEndTime = 06:34:55
11/3/2024 18:34:53 [Information] Stepper Motor Controller Disable Z Axis controls while moving to location.
11/3/2024 18:34:53 [Information] Time remaining: 00:00:05 targetEndTime = 06:34:55
11/3/2024 18:34:53 [Information] Stepper Motor Controller Disable Z Axis controls while moving to location.
11/3/2024 18:34:53 [Information] Time remaining: 00:00:05 targetEndTime = 06:34:55
11/3/2024 18:34:53 [Information] Stepper Motor Controller Disable Z Axis controls while moving to location.
11/3/2024 18:34:53 [Information] Time remaining: 00:00:05 targetEndTime = 06:34:55
11/3/2024 18:34:53 [Information] Stepper Motor Controller Disable Z Axis controls while moving to location.
11/3/2024 18:34:53 [Information] Time remaining: 00:00:05 targetEndTime = 06:34:55
11/3/2024 18:34:53 [Information] Stepper Motor Controller Disable Z Axis controls while moving to location.
11/3/2024 18:34:53 [Information] Time remaining: 00:00:05 targetEndTime = 06:34:55
11/3/2024 18:34:53 [Information] Stepper Motor Controller Disable Z Axis controls while moving to location.
11/3/2024 18:34:53 [Information] Time remaining: 00:00:05 targetEndTime = 06:34:55
11/3/2024 18:34:53 [Information] Stepper Motor Controller Disable Z Axis controls while moving to location.
11/3/2024 18:34:53 [Information] Time remaining: 00:00:05 targetEndTime = 06:34:55
11/3/2024 18:34:53 [Information] Stepper Motor Controller Disable Z Axis controls while moving to location.
11/3/2024 18:34:53 [Information] Time remaining: 00:00:05 targetEndTime = 06:34:55
11/3/2024 18:34:53 [Information] Stepper Motor Controller Disable Z Axis controls while moving to location.
11/3/2024 18:34:53 [Information] Time remaining: 00:00:05 targetEndTime = 06:34:55
11/3/2024 18:34:53 [Information] Stepper Motor Controller Disable Z Axis controls while moving to location.
11/3/2024 18:34:53 [Information] Time remaining: 00:00:05 targetEndTime = 06:34:55
11/3/2024 18:34:53 [Information] Stepper Motor Controller Disable Z Axis controls while moving to location.
11/3/2024 18:34:53 [Information] Time remaining: 00:00:05 targetEndTime = 06:34:55
11/3/2024 18:34:53 [Information] Stepper Motor Controller Disable Z Axis controls while moving to location.
11/3/2024 18:34:53 [Information] Time remaining: 00:00:05 targetEndTime = 06:34:55
11/3/2024 18:34:53 [Information] Stepper Motor Controller Disable Z Axis controls while moving to location.
11/3/2024 18:34:53 [Information] Time remaining: 00:00:05 targetEndTime = 06:34:55
11/3/2024 18:34:53 [Information] Stepper Motor Controller Disable Z Axis controls while moving to location.
11/3/2024 18:34:53 [Information] Time remaining: 00:00:05 targetEndTime = 06:34:55
11/3/2024 18:34:53 [Information] Stepper Motor Controller Disable Z Axis controls while moving to location.
11/3/2024 18:34:53 [Information] Time remaining: 00:00:05 targetEndTime = 06:34:55
11/3/2024 18:34:53 [Information] Stepper Motor Controller Disable Z Axis controls while moving to location.
11/3/2024 18:34:53 [Information] Time remaining: 00:00:06 targetEndTime = 06:34:55
11/3/2024 18:34:53 [Information] Stepper Motor Controller Disable Z Axis controls while moving to location.
11/3/2024 18:34:53 [Information] Time remaining: 00:00:06 targetEndTime = 06:34:55
11/3/2024 18:34:53 [Information] Stepper Motor Controller Disable Z Axis controls while moving to location.
11/3/2024 18:34:53 [Information] Time remaining: 00:00:06 targetEndTime = 06:34:55
11/3/2024 18:34:53 [Information] Stepper Motor Controller Disable Z Axis controls while moving to location.
11/3/2024 18:34:53 [Information] Time remaining: 00:00:06 targetEndTime = 06:34:55
11/3/2024 18:34:53 [Information] Stepper Motor Controller Disable Z Axis controls while moving to location.
11/3/2024 18:34:53 [Information] Time remaining: 00:00:06 targetEndTime = 06:34:55
11/3/2024 18:34:53 [Information] Stepper Motor Controller Disable Z Axis controls while moving to location.
11/3/2024 18:34:53 [Information] Time remaining: 00:00:06 targetEndTime = 06:34:55
11/3/2024 18:34:53 [Information] Stepper Motor Controller Disable Z Axis controls while moving to location.
11/3/2024 18:34:53 [Information] Time remaining: 00:00:06 targetEndTime = 06:34:55
11/3/2024 18:34:53 [Information] Stepper Motor Controller Disable Z Axis controls while moving to location.
11/3/2024 18:34:53 [Information] Time remaining: 00:00:06 targetEndTime = 06:34:55
11/3/2024 18:34:53 [Information] Stepper Motor Controller Disable Z Axis controls while moving to location.
11/3/2024 18:34:53 [Information] Time remaining: 00:00:06 targetEndTime = 06:34:55
11/3/2024 18:34:53 [Information] Stepper Motor Controller Disable Z Axis controls while moving to location.
11/3/2024 18:34:53 [Information] Time remaining: 00:00:06 targetEndTime = 06:34:55
11/3/2024 18:34:53 [Information] Stepper Motor Controller Disable Z Axis controls while moving to location.
11/3/2024 18:34:53 [Information] Time remaining: 00:00:06 targetEndTime = 06:34:55
11/3/2024 18:34:53 [Information] Stepper Motor Controller Disable Z Axis controls while moving to location.
11/3/2024 18:34:53 [Information] Time remaining: 00:00:06 targetEndTime = 06:34:55
11/3/2024 18:34:54 [Information] Stepper Motor Controller Disable Z Axis controls while moving to location.
11/3/2024 18:34:54 [Information] Time remaining: 00:00:06 targetEndTime = 06:34:55
11/3/2024 18:34:54 [Information] Stepper Motor Controller Disable Z Axis controls while moving to location.
11/3/2024 18:34:54 [Information] Time remaining: 00:00:06 targetEndTime = 06:34:55
11/3/2024 18:34:54 [Information] Stepper Motor Controller Disable Z Axis controls while moving to location.
11/3/2024 18:34:54 [Information] Time remaining: 00:00:06 targetEndTime = 06:34:55
11/3/2024 18:34:54 [Information] Stepper Motor Controller Disable Z Axis controls while moving to location.
11/3/2024 18:34:54 [Information] Time remaining: 00:00:06 targetEndTime = 06:34:55
11/3/2024 18:34:54 [Information] Stepper Motor Controller Disable Z Axis controls while moving to location.
11/3/2024 18:34:54 [Information] Time remaining: 00:00:06 targetEndTime = 06:34:55
11/3/2024 18:34:54 [Information] Stepper Motor Controller Disable Z Axis controls while moving to location.
11/3/2024 18:34:54 [Information] Time remaining: 00:00:06 targetEndTime = 06:34:55
11/3/2024 18:34:54 [Information] Stepper Motor Controller Disable Z Axis controls while moving to location.
11/3/2024 18:34:54 [Information] Time remaining: 00:00:06 targetEndTime = 06:34:55
11/3/2024 18:34:54 [Information] Stepper Motor Controller Disable Z Axis controls while moving to location.
11/3/2024 18:34:54 [Information] Time remaining: 00:00:06 targetEndTime = 06:34:55
11/3/2024 18:34:54 [Information] Stepper Motor Controller Disable Z Axis controls while moving to location.
11/3/2024 18:34:54 [Information] Time remaining: 00:00:06 targetEndTime = 06:34:55
11/3/2024 18:34:54 [Information] Stepper Motor Controller Disable Z Axis controls while moving to location.
11/3/2024 18:34:54 [Information] Time remaining: 00:00:06 targetEndTime = 06:34:55
11/3/2024 18:34:54 [Information] Stepper Motor Controller Disable Z Axis controls while moving to location.
11/3/2024 18:34:54 [Information] Time remaining: 00:00:06 targetEndTime = 06:34:55
11/3/2024 18:34:54 [Information] Stepper Motor Controller Disable Z Axis controls while moving to location.
11/3/2024 18:34:54 [Information] Time remaining: 00:00:06 targetEndTime = 06:34:55
11/3/2024 18:34:54 [Information] Stepper Motor Controller Disable Z Axis controls while moving to location.
11/3/2024 18:34:54 [Information] Time remaining: 00:00:06 targetEndTime = 06:34:55
11/3/2024 18:34:54 [Information] Stepper Motor Controller Disable Z Axis controls while moving to location.
11/3/2024 18:34:54 [Information] Time remaining: 00:00:06 targetEndTime = 06:34:55
11/3/2024 18:34:54 [Information] Stepper Motor Controller Disable Z Axis controls while moving to location.
11/3/2024 18:34:54 [Information] Time remaining: 00:00:06 targetEndTime = 06:34:55
11/3/2024 18:34:54 [Information] Stepper Motor Controller Disable Z Axis controls while moving to location.
11/3/2024 18:34:54 [Information] Time remaining: 00:00:06 targetEndTime = 06:34:55
11/3/2024 18:34:54 [Information] Stepper Motor Controller Disable Z Axis controls while moving to location.
11/3/2024 18:34:54 [Information] Time remaining: 00:00:06 targetEndTime = 06:34:55
11/3/2024 18:34:54 [Information] Stepper Motor Controller Disable Z Axis controls while moving to location.
11/3/2024 18:34:54 [Information] Time remaining: 00:00:06 targetEndTime = 06:34:55
11/3/2024 18:34:54 [Information] Stepper Motor Controller Disable Z Axis controls while moving to location.
11/3/2024 18:34:54 [Information] Time remaining: 00:00:06 targetEndTime = 06:34:55
11/3/2024 18:34:54 [Information] Stepper Motor Controller Disable Z Axis controls while moving to location.
11/3/2024 18:34:54 [Information] Time remaining: 00:00:06 targetEndTime = 06:34:55
11/3/2024 18:34:54 [Information] Stepper Motor Controller Disable Z Axis controls while moving to location.
11/3/2024 18:34:54 [Information] Time remaining: 00:00:06 targetEndTime = 06:34:55
11/3/2024 18:34:54 [Information] Stepper Motor Controller Disable Z Axis controls while moving to location.
11/3/2024 18:34:54 [Information] Time remaining: 00:00:06 targetEndTime = 06:34:55
11/3/2024 18:34:54 [Information] Stepper Motor Controller Disable Z Axis controls while moving to location.
11/3/2024 18:34:54 [Information] Time remaining: 00:00:06 targetEndTime = 06:34:55
11/3/2024 18:34:54 [Information] Stepper Motor Controller Disable Z Axis controls while moving to location.
11/3/2024 18:34:54 [Information] Time remaining: 00:00:06 targetEndTime = 06:34:55
11/3/2024 18:34:54 [Information] Stepper Motor Controller Disable Z Axis controls while moving to location.
11/3/2024 18:34:54 [Information] Time remaining: 00:00:06 targetEndTime = 06:34:55
11/3/2024 18:34:54 [Information] Stepper Motor Controller Disable Z Axis controls while moving to location.
11/3/2024 18:34:54 [Information] Time remaining: 00:00:06 targetEndTime = 06:34:55
11/3/2024 18:34:54 [Information] Stepper Motor Controller Disable Z Axis controls while moving to location.
11/3/2024 18:34:54 [Information] Time remaining: 00:00:06 targetEndTime = 06:34:55
11/3/2024 18:34:54 [Information] Stepper Motor Controller Disable Z Axis controls while moving to location.
11/3/2024 18:34:54 [Information] Time remaining: 00:00:06 targetEndTime = 06:34:55
11/3/2024 18:34:54 [Information] Stepper Motor Controller Disable Z Axis controls while moving to location.
11/3/2024 18:34:54 [Information] Time remaining: 00:00:06 targetEndTime = 06:34:55
11/3/2024 18:34:54 [Information] Stepper Motor Controller Disable Z Axis controls while moving to location.
11/3/2024 18:34:54 [Information] Time remaining: 00:00:06 targetEndTime = 06:34:55
11/3/2024 18:34:54 [Information] Stepper Motor Controller Disable Z Axis controls while moving to location.
11/3/2024 18:34:54 [Information] Time remaining: 00:00:06 targetEndTime = 06:34:55
11/3/2024 18:34:54 [Information] Stepper Motor Controller Disable Z Axis controls while moving to location.
11/3/2024 18:34:54 [Information] Time remaining: 00:00:06 targetEndTime = 06:34:55
11/3/2024 18:34:54 [Information] Stepper Motor Controller Disable Z Axis controls while moving to location.
11/3/2024 18:34:54 [Information] Time remaining: 00:00:06 targetEndTime = 06:34:55
11/3/2024 18:34:54 [Information] Stepper Motor Controller Disable Z Axis controls while moving to location.
11/3/2024 18:34:54 [Information] Time remaining: 00:00:06 targetEndTime = 06:34:55
11/3/2024 18:34:54 [Information] Stepper Motor Controller Disable Z Axis controls while moving to location.
11/3/2024 18:34:54 [Information] Time remaining: 00:00:06 targetEndTime = 06:34:55
11/3/2024 18:34:54 [Information] Stepper Motor Controller Disable Z Axis controls while moving to location.
11/3/2024 18:34:54 [Information] Time remaining: 00:00:06 targetEndTime = 06:34:55
11/3/2024 18:34:54 [Information] Stepper Motor Controller Disable Z Axis controls while moving to location.
11/3/2024 18:34:54 [Information] Time remaining: 00:00:06 targetEndTime = 06:34:55
11/3/2024 18:34:54 [Information] Stepper Motor Controller Disable Z Axis controls while moving to location.
11/3/2024 18:34:54 [Information] Time remaining: 00:00:06 targetEndTime = 06:34:55
11/3/2024 18:34:54 [Information] Stepper Motor Controller Disable Z Axis controls while moving to location.
11/3/2024 18:34:54 [Information] Time remaining: 00:00:06 targetEndTime = 06:34:55
11/3/2024 18:34:54 [Information] Stepper Motor Controller Disable Z Axis controls while moving to location.
11/3/2024 18:34:54 [Information] Time remaining: 00:00:06 targetEndTime = 06:34:55
11/3/2024 18:34:54 [Information] Stepper Motor Controller Disable Z Axis controls while moving to location.
11/3/2024 18:34:54 [Information] Time remaining: 00:00:06 targetEndTime = 06:34:55
11/3/2024 18:34:54 [Information] Stepper Motor Controller Disable Z Axis controls while moving to location.
11/3/2024 18:34:54 [Information] Time remaining: 00:00:06 targetEndTime = 06:34:55
11/3/2024 18:34:54 [Information] Stepper Motor Controller Disable Z Axis controls while moving to location.
11/3/2024 18:34:54 [Information] Time remaining: 00:00:06 targetEndTime = 06:34:55
11/3/2024 18:34:54 [Information] Stepper Motor Controller Disable Z Axis controls while moving to location.
11/3/2024 18:34:54 [Information] Time remaining: 00:00:07 targetEndTime = 06:34:55
11/3/2024 18:34:54 [Information] Stepper Motor Controller Disable Z Axis controls while moving to location.
11/3/2024 18:34:54 [Information] Time remaining: 00:00:07 targetEndTime = 06:34:55
11/3/2024 18:34:54 [Information] Stepper Motor Controller Disable Z Axis controls while moving to location.
11/3/2024 18:34:54 [Information] Time remaining: 00:00:07 targetEndTime = 06:34:55
11/3/2024 18:34:54 [Information] Stepper Motor Controller Disable Z Axis controls while moving to location.
11/3/2024 18:34:54 [Information] Time remaining: 00:00:07 targetEndTime = 06:34:55
11/3/2024 18:34:54 [Information] Stepper Motor Controller Disable Z Axis controls while moving to location.
11/3/2024 18:34:54 [Information] Time remaining: 00:00:07 targetEndTime = 06:34:55
11/3/2024 18:34:54 [Information] Stepper Motor Controller Disable Z Axis controls while moving to location.
11/3/2024 18:34:54 [Information] Time remaining: 00:00:07 targetEndTime = 06:34:55
11/3/2024 18:34:54 [Information] Stepper Motor Controller Disable Z Axis controls while moving to location.
11/3/2024 18:34:54 [Information] Time remaining: 00:00:07 targetEndTime = 06:34:55
11/3/2024 18:34:54 [Information] Stepper Motor Controller Disable Z Axis controls while moving to location.
11/3/2024 18:34:54 [Information] Time remaining: 00:00:07 targetEndTime = 06:34:55
11/3/2024 18:34:54 [Information] Stepper Motor Controller Disable Z Axis controls while moving to location.
11/3/2024 18:34:54 [Information] Time remaining: 00:00:07 targetEndTime = 06:34:55
11/3/2024 18:34:54 [Information] Stepper Motor Controller Disable Z Axis controls while moving to location.
11/3/2024 18:34:54 [Information] Time remaining: 00:00:07 targetEndTime = 06:34:55
11/3/2024 18:34:54 [Information] Stepper Motor Controller Disable Z Axis controls while moving to location.
11/3/2024 18:34:54 [Information] Time remaining: 00:00:07 targetEndTime = 06:34:55
11/3/2024 18:34:54 [Information] Stepper Motor Controller Disable Z Axis controls while moving to location.
11/3/2024 18:34:54 [Information] Time remaining: 00:00:07 targetEndTime = 06:34:55
11/3/2024 18:34:54 [Information] Stepper Motor Controller Disable Z Axis controls while moving to location.
11/3/2024 18:34:54 [Information] Time remaining: 00:00:07 targetEndTime = 06:34:55
11/3/2024 18:34:55 [Information] Stepper Motor Controller Disable Z Axis controls while moving to location.
11/3/2024 18:34:55 [Information] Time remaining: 00:00:07 targetEndTime = 06:34:55
11/3/2024 18:34:55 [Information] Stepper Motor Controller Disable Z Axis controls while moving to location.
11/3/2024 18:34:55 [Information] Time remaining: 00:00:07 targetEndTime = 06:34:55
11/3/2024 18:34:55 [Information] Stepper Motor Controller Disable Z Axis controls while moving to location.
11/3/2024 18:34:55 [Information] Time remaining: 00:00:07 targetEndTime = 06:34:55
11/3/2024 18:34:55 [Information] Stepper Motor Controller Disable Z Axis controls while moving to location.
11/3/2024 18:34:55 [Information] Time remaining: 00:00:07 targetEndTime = 06:34:55
11/3/2024 18:34:55 [Information] Stepper Motor Controller Disable Z Axis controls while moving to location.
11/3/2024 18:34:55 [Information] Time remaining: 00:00:07 targetEndTime = 06:34:55
11/3/2024 18:34:55 [Information] Stepper Motor Controller Disable Z Axis controls while moving to location.
11/3/2024 18:34:55 [Information] Time remaining: 00:00:07 targetEndTime = 06:34:55
11/3/2024 18:34:55 [Information] Stepper Motor Controller Disable Z Axis controls while moving to location.
11/3/2024 18:34:55 [Information] Time remaining: 00:00:07 targetEndTime = 06:34:55
11/3/2024 18:34:55 [Information] Stepper Motor Controller Disable Z Axis controls while moving to location.
11/3/2024 18:34:55 [Information] Time remaining: 00:00:07 targetEndTime = 06:34:55
11/3/2024 18:34:55 [Information] Stepper Motor Controller Disable Z Axis controls while moving to location.
11/3/2024 18:34:55 [Information] Time remaining: 00:00:07 targetEndTime = 06:34:55
11/3/2024 18:34:55 [Information] Stepper Motor Controller Disable Z Axis controls while moving to location.
11/3/2024 18:34:55 [Information] Time remaining: 00:00:07 targetEndTime = 06:34:55
11/3/2024 18:34:55 [Information] Stepper Motor Controller Disable Z Axis controls while moving to location.
11/3/2024 18:34:55 [Information] Time remaining: 00:00:07 targetEndTime = 06:34:55
11/3/2024 18:34:55 [Information] Stepper Motor Controller Disable Z Axis controls while moving to location.
11/3/2024 18:34:55 [Information] Time remaining: 00:00:07 targetEndTime = 06:34:55
11/3/2024 18:34:55 [Information] Stepper Motor Controller Disable Z Axis controls while moving to location.
11/3/2024 18:34:55 [Information] Time remaining: 00:00:07 targetEndTime = 06:34:55
11/3/2024 18:34:55 [Information] Stepper Motor Controller Disable Z Axis controls while moving to location.
11/3/2024 18:34:55 [Information] Time remaining: 00:00:07 targetEndTime = 06:34:55
11/3/2024 18:34:55 [Information] Stepper Motor Controller Disable Z Axis controls while moving to location.
11/3/2024 18:34:55 [Information] Time remaining: 00:00:07 targetEndTime = 06:34:55
11/3/2024 18:34:55 [Information] Stepper Motor Controller Disable Z Axis controls while moving to location.
11/3/2024 18:34:55 [Information] Time remaining: 00:00:07 targetEndTime = 06:34:55
11/3/2024 18:34:55 [Information] Stepper Motor Controller Disable Z Axis controls while moving to location.
11/3/2024 18:34:55 [Information] Time remaining: 00:00:07 targetEndTime = 06:34:55
11/3/2024 18:34:55 [Information] Stepper Motor Controller Disable Z Axis controls while moving to location.
11/3/2024 18:34:55 [Information] Time remaining: 00:00:07 targetEndTime = 06:34:55
11/3/2024 18:34:55 [Information] Stepper Motor Controller Disable Z Axis controls while moving to location.
11/3/2024 18:34:55 [Information] Time remaining: 00:00:07 targetEndTime = 06:34:55
11/3/2024 18:34:55 [Information] Stepper Motor Controller Disable Z Axis controls while moving to location.
11/3/2024 18:34:55 [Information] Time remaining: 00:00:07 targetEndTime = 06:34:55
11/3/2024 18:34:55 [Information] Stepper Motor Controller Disable Z Axis controls while moving to location.
11/3/2024 18:34:55 [Information] Time remaining: 00:00:07 targetEndTime = 06:34:55
11/3/2024 18:34:55 [Information] Stepper Motor Controller Disable Z Axis controls while moving to location.
11/3/2024 18:34:55 [Information] Time remaining: 00:00:07 targetEndTime = 06:34:55
11/3/2024 18:34:55 [Information] Stepper Motor Controller Disable Z Axis controls while moving to location.
11/3/2024 18:34:55 [Information] Time remaining: 00:00:07 targetEndTime = 06:34:55
11/3/2024 18:34:55 [Information] Stepper Motor Controller Disable Z Axis controls while moving to location.
11/3/2024 18:34:55 [Information] Time remaining: 00:00:07 targetEndTime = 06:34:55
11/3/2024 18:34:55 [Information] Stepper Motor Controller Disable Z Axis controls while moving to location.
11/3/2024 18:34:55 [Information] Time remaining: 00:00:07 targetEndTime = 06:34:55
11/3/2024 18:34:55 [Information] Stepper Motor Controller Disable Z Axis controls while moving to location.
11/3/2024 18:34:55 [Information] Time remaining: 00:00:07 targetEndTime = 06:34:55
11/3/2024 18:34:55 [Information] Stepper Motor Controller Disable Z Axis controls while moving to location.
11/3/2024 18:34:55 [Information] Time remaining: 00:00:07 targetEndTime = 06:34:55
11/3/2024 18:34:55 [Information] Stepper Motor Controller Disable Z Axis controls while moving to location.
11/3/2024 18:34:55 [Information] Time remaining: 00:00:07 targetEndTime = 06:34:55
11/3/2024 18:34:55 [Information] Stepper Motor Controller Disable Z Axis controls while moving to location.
11/3/2024 18:34:55 [Information] Time remaining: 00:00:07 targetEndTime = 06:34:55
11/3/2024 18:34:55 [Information] Stepper Motor Controller Disable Z Axis controls while moving to location.
11/3/2024 18:34:55 [Information] Time remaining: 00:00:07 targetEndTime = 06:34:55
11/3/2024 18:34:55 [Information] Stepper Motor Controller Disable Z Axis controls while moving to location.
11/3/2024 18:34:55 [Information] Time remaining: 00:00:07 targetEndTime = 06:34:55
11/3/2024 18:34:55 [Information] Stepper Motor Controller Disable Z Axis controls while moving to location.
11/3/2024 18:34:55 [Information] Time remaining: 00:00:07 targetEndTime = 06:34:55
11/3/2024 18:34:55 [Information] Stepper Motor Controller Disable Z Axis controls while moving to location.
11/3/2024 18:34:55 [Information] Time remaining: 00:00:07 targetEndTime = 06:34:55
11/3/2024 18:34:55 [Information] Stepper Motor Controller Disable Z Axis controls while moving to location.
11/3/2024 18:34:55 [Information] Time remaining: 00:00:07 targetEndTime = 06:34:55
11/3/2024 18:34:55 [Information] Stepper Motor Controller Disable Z Axis controls while moving to location.
11/3/2024 18:34:55 [Information] Time remaining: 00:00:07 targetEndTime = 06:34:55
11/3/2024 18:34:55 [Information] Stepper Motor Controller Disable Z Axis controls while moving to location.
11/3/2024 18:34:55 [Information] Time remaining: 00:00:07 targetEndTime = 06:34:55
11/3/2024 18:34:55 [Information] Stepper Motor Controller Disable Z Axis controls while moving to location.
11/3/2024 18:34:55 [Information] Time remaining: 00:00:07 targetEndTime = 06:34:55
11/3/2024 18:34:55 [Information] Stepper Motor Controller Disable Z Axis controls while moving to location.
11/3/2024 18:34:55 [Information] Time remaining: 00:00:07 targetEndTime = 06:34:55
11/3/2024 18:34:55 [Information] Stepper Motor Controller Disable Z Axis controls while moving to location.
11/3/2024 18:34:55 [Information] Time remaining: 00:00:07 targetEndTime = 06:34:55
11/3/2024 18:34:55 [Information] Stepper Motor Controller Disable Z Axis controls while moving to location.
11/3/2024 18:34:55 [Information] Time remaining: 00:00:07 targetEndTime = 06:34:55
11/3/2024 18:34:55 [Information] Stepper Motor Controller Disable Z Axis controls while moving to location.
11/3/2024 18:34:55 [Information] Time remaining: 00:00:07 targetEndTime = 06:34:55
11/3/2024 18:34:55 [Information] Stepper Motor Controller Disable Z Axis controls while moving to location.
11/3/2024 18:34:55 [Information] Time remaining: 00:00:07 targetEndTime = 06:34:55
11/3/2024 18:34:55 [Information] Stepper Motor Controller Disable Z Axis controls while moving to location.
11/3/2024 18:34:55 [Information] Time remaining: 00:00:07 targetEndTime = 06:34:55
11/3/2024 18:34:55 [Information] Stepper Motor Controller Disable Z Axis controls while moving to location.
11/3/2024 18:34:55 [Information] Time remaining: 00:00:07 targetEndTime = 06:34:55
11/3/2024 18:34:55 [Information] Stepper Motor Controller Disable Z Axis controls while moving to location.
11/3/2024 18:34:55 [Information] Time remaining: 00:00:07 targetEndTime = 06:34:55
11/3/2024 18:34:55 [Information] Stepper Motor Controller Enable Z Axis controls after moving to location.
11/3/2024 18:34:55 [Information] Stepper Motor Controller Stopwatch Stopped.
11/3/2024 18:34:55 [Information] Stepper Motor Controller Timer Stopped.
11/3/2024 18:34:55 [Information] Stepper Motor Controller Stopwatch Reset.
11/3/2024 18:34:59 [Information] ZAxisRun_Click button clicked:
11/3/2024 18:34:59 [Information] Z Axis MotorMovementSeconds decimal: (64.00 / 4) / 2 = 8.00
11/3/2024 18:34:59 [Information] Z Axis myMovementTimer int: 1000 * 8.00 = 8000
11/3/2024 18:35:00 [Information] Z Axis Run Event: Z,0.00,400.00,0,0.00,400.00,0,128.00,400.00,0
11/3/2024 18:35:00 [Information] Z Axis Current Time: 06:35:00 + 8000 = targetEndTime: 06:35:08
11/3/2024 18:35:00 [Information] Stepper Motor Controller Disable Z Axis controls while moving to location.
11/3/2024 18:35:00 [Information] Time remaining: 00:00:00 targetEndTime = 06:35:08
11/3/2024 18:35:00 [Information] Stepper Motor Controller Disable Z Axis controls while moving to location.
11/3/2024 18:35:00 [Information] Time remaining: 00:00:00 targetEndTime = 06:35:08
11/3/2024 18:35:00 [Information] Stepper Motor Controller Disable Z Axis controls while moving to location.
11/3/2024 18:35:00 [Information] Time remaining: 00:00:00 targetEndTime = 06:35:08
11/3/2024 18:35:00 [Information] Stepper Motor Controller Disable Z Axis controls while moving to location.
11/3/2024 18:35:00 [Information] Time remaining: 00:00:00 targetEndTime = 06:35:08
11/3/2024 18:35:00 [Information] Stepper Motor Controller Disable Z Axis controls while moving to location.
11/3/2024 18:35:00 [Information] Time remaining: 00:00:00 targetEndTime = 06:35:08
11/3/2024 18:35:00 [Information] Stepper Motor Controller Disable Z Axis controls while moving to location.
11/3/2024 18:35:00 [Information] Time remaining: 00:00:00 targetEndTime = 06:35:08
11/3/2024 18:35:00 [Information] Stepper Motor Controller Disable Z Axis controls while moving to location.
11/3/2024 18:35:00 [Information] Time remaining: 00:00:00 targetEndTime = 06:35:08
11/3/2024 18:35:00 [Information] Stepper Motor Controller Disable Z Axis controls while moving to location.
11/3/2024 18:35:00 [Information] Time remaining: 00:00:00 targetEndTime = 06:35:08
11/3/2024 18:35:00 [Information] Stepper Motor Controller Disable Z Axis controls while moving to location.
11/3/2024 18:35:00 [Information] Time remaining: 00:00:00 targetEndTime = 06:35:08
11/3/2024 18:35:00 [Information] Stepper Motor Controller Disable Z Axis controls while moving to location.
11/3/2024 18:35:00 [Information] Time remaining: 00:00:00 targetEndTime = 06:35:08
11/3/2024 18:35:00 [Information] Stepper Motor Controller Disable Z Axis controls while moving to location.
11/3/2024 18:35:00 [Information] Time remaining: 00:00:00 targetEndTime = 06:35:08
11/3/2024 18:35:00 [Information] Stepper Motor Controller Disable Z Axis controls while moving to location.
11/3/2024 18:35:00 [Information] Time remaining: 00:00:00 targetEndTime = 06:35:08
11/3/2024 18:35:00 [Information] Stepper Motor Controller Disable Z Axis controls while moving to location.
11/3/2024 18:35:00 [Information] Time remaining: 00:00:00 targetEndTime = 06:35:08
11/3/2024 18:35:00 [Information] Stepper Motor Controller Disable Z Axis controls while moving to location.
11/3/2024 18:35:00 [Information] Time remaining: 00:00:00 targetEndTime = 06:35:08
11/3/2024 18:35:00 [Information] Stepper Motor Controller Disable Z Axis controls while moving to location.
11/3/2024 18:35:00 [Information] Time remaining: 00:00:00 targetEndTime = 06:35:08
11/3/2024 18:35:00 [Information] Stepper Motor Controller Disable Z Axis controls while moving to location.
11/3/2024 18:35:00 [Information] Time remaining: 00:00:00 targetEndTime = 06:35:08
11/3/2024 18:35:00 [Information] Stepper Motor Controller Disable Z Axis controls while moving to location.
11/3/2024 18:35:00 [Information] Time remaining: 00:00:00 targetEndTime = 06:35:08
11/3/2024 18:35:00 [Information] Stepper Motor Controller Disable Z Axis controls while moving to location.
11/3/2024 18:35:00 [Information] Time remaining: 00:00:00 targetEndTime = 06:35:08
11/3/2024 18:35:00 [Information] Stepper Motor Controller Disable Z Axis controls while moving to location.
11/3/2024 18:35:00 [Information] Time remaining: 00:00:00 targetEndTime = 06:35:08
11/3/2024 18:35:00 [Information] Stepper Motor Controller Disable Z Axis controls while moving to location.
11/3/2024 18:35:00 [Information] Time remaining: 00:00:00 targetEndTime = 06:35:08
11/3/2024 18:35:00 [Information] Stepper Motor Controller Disable Z Axis controls while moving to location.
11/3/2024 18:35:00 [Information] Time remaining: 00:00:00 targetEndTime = 06:35:08
11/3/2024 18:35:00 [Information] Stepper Motor Controller Disable Z Axis controls while moving to location.
11/3/2024 18:35:00 [Information] Time remaining: 00:00:00 targetEndTime = 06:35:08
11/3/2024 18:35:00 [Information] Stepper Motor Controller Disable Z Axis controls while moving to location.
11/3/2024 18:35:00 [Information] Time remaining: 00:00:00 targetEndTime = 06:35:08
11/3/2024 18:35:00 [Information] Stepper Motor Controller Disable Z Axis controls while moving to location.
11/3/2024 18:35:00 [Information] Time remaining: 00:00:00 targetEndTime = 06:35:08
11/3/2024 18:35:00 [Information] Stepper Motor Controller Disable Z Axis controls while moving to location.
11/3/2024 18:35:00 [Information] Time remaining: 00:00:00 targetEndTime = 06:35:08
11/3/2024 18:35:00 [Information] Stepper Motor Controller Disable Z Axis controls while moving to location.
11/3/2024 18:35:00 [Information] Time remaining: 00:00:00 targetEndTime = 06:35:08
11/3/2024 18:35:00 [Information] Stepper Motor Controller Disable Z Axis controls while moving to location.
11/3/2024 18:35:00 [Information] Time remaining: 00:00:00 targetEndTime = 06:35:08
11/3/2024 18:35:00 [Information] Stepper Motor Controller Disable Z Axis controls while moving to location.
11/3/2024 18:35:00 [Information] Time remaining: 00:00:00 targetEndTime = 06:35:08
11/3/2024 18:35:00 [Information] Stepper Motor Controller Disable Z Axis controls while moving to location.
11/3/2024 18:35:00 [Information] Time remaining: 00:00:00 targetEndTime = 06:35:08
11/3/2024 18:35:01 [Information] Stepper Motor Controller Disable Z Axis controls while moving to location.
11/3/2024 18:35:01 [Information] Time remaining: 00:00:00 targetEndTime = 06:35:08
11/3/2024 18:35:01 [Information] Stepper Motor Controller Disable Z Axis controls while moving to location.
11/3/2024 18:35:01 [Information] Time remaining: 00:00:00 targetEndTime = 06:35:08
11/3/2024 18:35:01 [Information] Stepper Motor Controller Disable Z Axis controls while moving to location.
11/3/2024 18:35:01 [Information] Time remaining: 00:00:00 targetEndTime = 06:35:08
11/3/2024 18:35:01 [Information] Stepper Motor Controller Disable Z Axis controls while moving to location.
11/3/2024 18:35:01 [Information] Time remaining: 00:00:00 targetEndTime = 06:35:08
11/3/2024 18:35:01 [Information] Stepper Motor Controller Disable Z Axis controls while moving to location.
11/3/2024 18:35:01 [Information] Time remaining: 00:00:00 targetEndTime = 06:35:08
11/3/2024 18:35:01 [Information] Stepper Motor Controller Disable Z Axis controls while moving to location.
11/3/2024 18:35:01 [Information] Time remaining: 00:00:00 targetEndTime = 06:35:08
11/3/2024 18:35:01 [Information] Stepper Motor Controller Disable Z Axis controls while moving to location.
11/3/2024 18:35:01 [Information] Time remaining: 00:00:00 targetEndTime = 06:35:08
11/3/2024 18:35:01 [Information] Stepper Motor Controller Disable Z Axis controls while moving to location.
11/3/2024 18:35:01 [Information] Time remaining: 00:00:00 targetEndTime = 06:35:08
11/3/2024 18:35:01 [Information] Stepper Motor Controller Disable Z Axis controls while moving to location.
11/3/2024 18:35:01 [Information] Time remaining: 00:00:00 targetEndTime = 06:35:08
11/3/2024 18:35:01 [Information] Stepper Motor Controller Disable Z Axis controls while moving to location.
11/3/2024 18:35:01 [Information] Time remaining: 00:00:00 targetEndTime = 06:35:08
11/3/2024 18:35:01 [Information] Stepper Motor Controller Disable Z Axis controls while moving to location.
11/3/2024 18:35:01 [Information] Time remaining: 00:00:00 targetEndTime = 06:35:08
11/3/2024 18:35:01 [Information] Stepper Motor Controller Disable Z Axis controls while moving to location.
11/3/2024 18:35:01 [Information] Time remaining: 00:00:00 targetEndTime = 06:35:08
11/3/2024 18:35:01 [Information] Stepper Motor Controller Disable Z Axis controls while moving to location.
11/3/2024 18:35:01 [Information] Time remaining: 00:00:00 targetEndTime = 06:35:08
11/3/2024 18:35:01 [Information] Stepper Motor Controller Disable Z Axis controls while moving to location.
11/3/2024 18:35:01 [Information] Time remaining: 00:00:00 targetEndTime = 06:35:08
11/3/2024 18:35:01 [Information] Stepper Motor Controller Disable Z Axis controls while moving to location.
11/3/2024 18:35:01 [Information] Time remaining: 00:00:00 targetEndTime = 06:35:08
11/3/2024 18:35:01 [Information] Stepper Motor Controller Disable Z Axis controls while moving to location.
11/3/2024 18:35:01 [Information] Time remaining: 00:00:00 targetEndTime = 06:35:08
11/3/2024 18:35:01 [Information] Stepper Motor Controller Disable Z Axis controls while moving to location.
11/3/2024 18:35:01 [Information] Time remaining: 00:00:00 targetEndTime = 06:35:08
11/3/2024 18:35:01 [Information] Stepper Motor Controller Disable Z Axis controls while moving to location.
11/3/2024 18:35:01 [Information] Time remaining: 00:00:00 targetEndTime = 06:35:08
11/3/2024 18:35:01 [Information] Stepper Motor Controller Disable Z Axis controls while moving to location.
11/3/2024 18:35:01 [Information] Time remaining: 00:00:00 targetEndTime = 06:35:08
11/3/2024 18:35:01 [Information] Stepper Motor Controller Disable Z Axis controls while moving to location.
11/3/2024 18:35:01 [Information] Time remaining: 00:00:01 targetEndTime = 06:35:08
11/3/2024 18:35:01 [Information] Stepper Motor Controller Disable Z Axis controls while moving to location.
11/3/2024 18:35:01 [Information] Time remaining: 00:00:01 targetEndTime = 06:35:08
11/3/2024 18:35:01 [Information] Stepper Motor Controller Disable Z Axis controls while moving to location.
11/3/2024 18:35:01 [Information] Time remaining: 00:00:01 targetEndTime = 06:35:08
11/3/2024 18:35:01 [Information] Stepper Motor Controller Disable Z Axis controls while moving to location.
11/3/2024 18:35:01 [Information] Time remaining: 00:00:01 targetEndTime = 06:35:08
11/3/2024 18:35:01 [Information] Stepper Motor Controller Disable Z Axis controls while moving to location.
11/3/2024 18:35:01 [Information] Time remaining: 00:00:01 targetEndTime = 06:35:08
11/3/2024 18:35:01 [Information] Stepper Motor Controller Disable Z Axis controls while moving to location.
11/3/2024 18:35:01 [Information] Time remaining: 00:00:01 targetEndTime = 06:35:08
11/3/2024 18:35:01 [Information] Stepper Motor Controller Disable Z Axis controls while moving to location.
11/3/2024 18:35:01 [Information] Time remaining: 00:00:01 targetEndTime = 06:35:08
11/3/2024 18:35:01 [Information] Stepper Motor Controller Disable Z Axis controls while moving to location.
11/3/2024 18:35:01 [Information] Time remaining: 00:00:01 targetEndTime = 06:35:08
11/3/2024 18:35:01 [Information] Stepper Motor Controller Disable Z Axis controls while moving to location.
11/3/2024 18:35:01 [Information] Time remaining: 00:00:01 targetEndTime = 06:35:08
11/3/2024 18:35:01 [Information] Stepper Motor Controller Disable Z Axis controls while moving to location.
11/3/2024 18:35:01 [Information] Time remaining: 00:00:01 targetEndTime = 06:35:08
11/3/2024 18:35:01 [Information] Stepper Motor Controller Disable Z Axis controls while moving to location.
11/3/2024 18:35:01 [Information] Time remaining: 00:00:01 targetEndTime = 06:35:08
11/3/2024 18:35:01 [Information] Stepper Motor Controller Disable Z Axis controls while moving to location.
11/3/2024 18:35:01 [Information] Time remaining: 00:00:01 targetEndTime = 06:35:08
11/3/2024 18:35:01 [Information] Stepper Motor Controller Disable Z Axis controls while moving to location.
11/3/2024 18:35:01 [Information] Time remaining: 00:00:01 targetEndTime = 06:35:08
11/3/2024 18:35:01 [Information] Stepper Motor Controller Disable Z Axis controls while moving to location.
11/3/2024 18:35:01 [Information] Time remaining: 00:00:01 targetEndTime = 06:35:08
11/3/2024 18:35:01 [Information] Stepper Motor Controller Disable Z Axis controls while moving to location.
11/3/2024 18:35:01 [Information] Time remaining: 00:00:01 targetEndTime = 06:35:08
11/3/2024 18:35:01 [Information] Stepper Motor Controller Disable Z Axis controls while moving to location.
11/3/2024 18:35:01 [Information] Time remaining: 00:00:01 targetEndTime = 06:35:08
11/3/2024 18:35:01 [Information] Stepper Motor Controller Disable Z Axis controls while moving to location.
11/3/2024 18:35:01 [Information] Time remaining: 00:00:01 targetEndTime = 06:35:08
11/3/2024 18:35:01 [Information] Stepper Motor Controller Disable Z Axis controls while moving to location.
11/3/2024 18:35:01 [Information] Time remaining: 00:00:01 targetEndTime = 06:35:08
11/3/2024 18:35:01 [Information] Stepper Motor Controller Disable Z Axis controls while moving to location.
11/3/2024 18:35:01 [Information] Time remaining: 00:00:01 targetEndTime = 06:35:08
11/3/2024 18:35:01 [Information] Stepper Motor Controller Disable Z Axis controls while moving to location.
11/3/2024 18:35:01 [Information] Time remaining: 00:00:01 targetEndTime = 06:35:08
11/3/2024 18:35:01 [Information] Stepper Motor Controller Disable Z Axis controls while moving to location.
11/3/2024 18:35:01 [Information] Time remaining: 00:00:01 targetEndTime = 06:35:08
11/3/2024 18:35:01 [Information] Stepper Motor Controller Disable Z Axis controls while moving to location.
11/3/2024 18:35:01 [Information] Time remaining: 00:00:01 targetEndTime = 06:35:08
11/3/2024 18:35:01 [Information] Stepper Motor Controller Disable Z Axis controls while moving to location.
11/3/2024 18:35:01 [Information] Time remaining: 00:00:01 targetEndTime = 06:35:08
11/3/2024 18:35:01 [Information] Stepper Motor Controller Disable Z Axis controls while moving to location.
11/3/2024 18:35:01 [Information] Time remaining: 00:00:01 targetEndTime = 06:35:08
11/3/2024 18:35:01 [Information] Stepper Motor Controller Disable Z Axis controls while moving to location.
11/3/2024 18:35:01 [Information] Time remaining: 00:00:01 targetEndTime = 06:35:08
11/3/2024 18:35:01 [Information] Stepper Motor Controller Disable Z Axis controls while moving to location.
11/3/2024 18:35:01 [Information] Time remaining: 00:00:01 targetEndTime = 06:35:08
11/3/2024 18:35:01 [Information] Stepper Motor Controller Disable Z Axis controls while moving to location.
11/3/2024 18:35:01 [Information] Time remaining: 00:00:01 targetEndTime = 06:35:08
11/3/2024 18:35:01 [Information] Stepper Motor Controller Disable Z Axis controls while moving to location.
11/3/2024 18:35:01 [Information] Time remaining: 00:00:01 targetEndTime = 06:35:08
11/3/2024 18:35:01 [Information] Stepper Motor Controller Disable Z Axis controls while moving to location.
11/3/2024 18:35:01 [Information] Time remaining: 00:00:01 targetEndTime = 06:35:08
11/3/2024 18:35:01 [Information] Stepper Motor Controller Disable Z Axis controls while moving to location.
11/3/2024 18:35:01 [Information] Time remaining: 00:00:01 targetEndTime = 06:35:08
11/3/2024 18:35:01 [Information] Stepper Motor Controller Disable Z Axis controls while moving to location.
11/3/2024 18:35:01 [Information] Time remaining: 00:00:01 targetEndTime = 06:35:08
11/3/2024 18:35:01 [Information] Stepper Motor Controller Disable Z Axis controls while moving to location.
11/3/2024 18:35:01 [Information] Time remaining: 00:00:01 targetEndTime = 06:35:08
11/3/2024 18:35:01 [Information] Stepper Motor Controller Disable Z Axis controls while moving to location.
11/3/2024 18:35:01 [Information] Time remaining: 00:00:01 targetEndTime = 06:35:08
11/3/2024 18:35:01 [Information] Stepper Motor Controller Disable Z Axis controls while moving to location.
11/3/2024 18:35:01 [Information] Time remaining: 00:00:01 targetEndTime = 06:35:08
11/3/2024 18:35:01 [Information] Stepper Motor Controller Disable Z Axis controls while moving to location.
11/3/2024 18:35:01 [Information] Time remaining: 00:00:01 targetEndTime = 06:35:08
11/3/2024 18:35:01 [Information] Stepper Motor Controller Disable Z Axis controls while moving to location.
11/3/2024 18:35:01 [Information] Time remaining: 00:00:01 targetEndTime = 06:35:08
11/3/2024 18:35:02 [Information] Stepper Motor Controller Disable Z Axis controls while moving to location.
11/3/2024 18:35:02 [Information] Time remaining: 00:00:01 targetEndTime = 06:35:08
11/3/2024 18:35:02 [Information] Stepper Motor Controller Disable Z Axis controls while moving to location.
11/3/2024 18:35:02 [Information] Time remaining: 00:00:01 targetEndTime = 06:35:08
11/3/2024 18:35:02 [Information] Stepper Motor Controller Disable Z Axis controls while moving to location.
11/3/2024 18:35:02 [Information] Time remaining: 00:00:01 targetEndTime = 06:35:08
11/3/2024 18:35:02 [Information] Stepper Motor Controller Disable Z Axis controls while moving to location.
11/3/2024 18:35:02 [Information] Time remaining: 00:00:01 targetEndTime = 06:35:08
11/3/2024 18:35:02 [Information] Stepper Motor Controller Disable Z Axis controls while moving to location.
11/3/2024 18:35:02 [Information] Time remaining: 00:00:01 targetEndTime = 06:35:08
11/3/2024 18:35:02 [Information] Stepper Motor Controller Disable Z Axis controls while moving to location.
11/3/2024 18:35:02 [Information] Time remaining: 00:00:01 targetEndTime = 06:35:08
11/3/2024 18:35:02 [Information] Stepper Motor Controller Disable Z Axis controls while moving to location.
11/3/2024 18:35:02 [Information] Time remaining: 00:00:01 targetEndTime = 06:35:08
11/3/2024 18:35:02 [Information] Stepper Motor Controller Disable Z Axis controls while moving to location.
11/3/2024 18:35:02 [Information] Time remaining: 00:00:01 targetEndTime = 06:35:08
11/3/2024 18:35:02 [Information] Stepper Motor Controller Disable Z Axis controls while moving to location.
11/3/2024 18:35:02 [Information] Time remaining: 00:00:01 targetEndTime = 06:35:08
11/3/2024 18:35:02 [Information] Stepper Motor Controller Disable Z Axis controls while moving to location.
11/3/2024 18:35:02 [Information] Time remaining: 00:00:01 targetEndTime = 06:35:08
11/3/2024 18:35:02 [Information] Stepper Motor Controller Disable Z Axis controls while moving to location.
11/3/2024 18:35:02 [Information] Time remaining: 00:00:01 targetEndTime = 06:35:08
11/3/2024 18:35:02 [Information] Stepper Motor Controller Disable Z Axis controls while moving to location.
11/3/2024 18:35:02 [Information] Time remaining: 00:00:01 targetEndTime = 06:35:08
11/3/2024 18:35:02 [Information] Stepper Motor Controller Disable Z Axis controls while moving to location.
11/3/2024 18:35:02 [Information] Time remaining: 00:00:01 targetEndTime = 06:35:08
11/3/2024 18:35:02 [Information] Stepper Motor Controller Disable Z Axis controls while moving to location.
11/3/2024 18:35:02 [Information] Time remaining: 00:00:01 targetEndTime = 06:35:08
11/3/2024 18:35:02 [Information] Stepper Motor Controller Disable Z Axis controls while moving to location.
11/3/2024 18:35:02 [Information] Time remaining: 00:00:01 targetEndTime = 06:35:08
11/3/2024 18:35:02 [Information] Stepper Motor Controller Disable Z Axis controls while moving to location.
11/3/2024 18:35:02 [Information] Time remaining: 00:00:01 targetEndTime = 06:35:08
11/3/2024 18:35:02 [Information] Stepper Motor Controller Disable Z Axis controls while moving to location.
11/3/2024 18:35:02 [Information] Time remaining: 00:00:01 targetEndTime = 06:35:08
11/3/2024 18:35:02 [Information] Stepper Motor Controller Disable Z Axis controls while moving to location.
11/3/2024 18:35:02 [Information] Time remaining: 00:00:01 targetEndTime = 06:35:08
11/3/2024 18:35:02 [Information] Stepper Motor Controller Disable Z Axis controls while moving to location.
11/3/2024 18:35:02 [Information] Time remaining: 00:00:01 targetEndTime = 06:35:08
11/3/2024 18:35:02 [Information] Stepper Motor Controller Disable Z Axis controls while moving to location.
11/3/2024 18:35:02 [Information] Time remaining: 00:00:01 targetEndTime = 06:35:08
11/3/2024 18:35:02 [Information] Stepper Motor Controller Disable Z Axis controls while moving to location.
11/3/2024 18:35:02 [Information] Time remaining: 00:00:02 targetEndTime = 06:35:08
11/3/2024 18:35:02 [Information] Stepper Motor Controller Disable Z Axis controls while moving to location.
11/3/2024 18:35:02 [Information] Time remaining: 00:00:02 targetEndTime = 06:35:08
11/3/2024 18:35:02 [Information] Stepper Motor Controller Disable Z Axis controls while moving to location.
11/3/2024 18:35:02 [Information] Time remaining: 00:00:02 targetEndTime = 06:35:08
11/3/2024 18:35:02 [Information] Stepper Motor Controller Disable Z Axis controls while moving to location.
11/3/2024 18:35:02 [Information] Time remaining: 00:00:02 targetEndTime = 06:35:08
11/3/2024 18:35:02 [Information] Stepper Motor Controller Disable Z Axis controls while moving to location.
11/3/2024 18:35:02 [Information] Time remaining: 00:00:02 targetEndTime = 06:35:08
11/3/2024 18:35:02 [Information] Stepper Motor Controller Disable Z Axis controls while moving to location.
11/3/2024 18:35:02 [Information] Time remaining: 00:00:02 targetEndTime = 06:35:08
11/3/2024 18:35:02 [Information] Stepper Motor Controller Disable Z Axis controls while moving to location.
11/3/2024 18:35:02 [Information] Time remaining: 00:00:02 targetEndTime = 06:35:08
11/3/2024 18:35:02 [Information] Stepper Motor Controller Disable Z Axis controls while moving to location.
11/3/2024 18:35:02 [Information] Time remaining: 00:00:02 targetEndTime = 06:35:08
11/3/2024 18:35:02 [Information] Stepper Motor Controller Disable Z Axis controls while moving to location.
11/3/2024 18:35:02 [Information] Time remaining: 00:00:02 targetEndTime = 06:35:08
11/3/2024 18:35:02 [Information] Stepper Motor Controller Disable Z Axis controls while moving to location.
11/3/2024 18:35:02 [Information] Time remaining: 00:00:02 targetEndTime = 06:35:08
11/3/2024 18:35:02 [Information] Stepper Motor Controller Disable Z Axis controls while moving to location.
11/3/2024 18:35:02 [Information] Time remaining: 00:00:02 targetEndTime = 06:35:08
11/3/2024 18:35:02 [Information] Stepper Motor Controller Disable Z Axis controls while moving to location.
11/3/2024 18:35:02 [Information] Time remaining: 00:00:02 targetEndTime = 06:35:08
11/3/2024 18:35:02 [Information] Stepper Motor Controller Disable Z Axis controls while moving to location.
11/3/2024 18:35:02 [Information] Time remaining: 00:00:02 targetEndTime = 06:35:08
11/3/2024 18:35:02 [Information] Stepper Motor Controller Disable Z Axis controls while moving to location.
11/3/2024 18:35:02 [Information] Time remaining: 00:00:02 targetEndTime = 06:35:08
11/3/2024 18:35:02 [Information] Stepper Motor Controller Disable Z Axis controls while moving to location.
11/3/2024 18:35:02 [Information] Time remaining: 00:00:02 targetEndTime = 06:35:08
11/3/2024 18:35:02 [Information] Stepper Motor Controller Disable Z Axis controls while moving to location.
11/3/2024 18:35:02 [Information] Time remaining: 00:00:02 targetEndTime = 06:35:08
11/3/2024 18:35:02 [Information] Stepper Motor Controller Disable Z Axis controls while moving to location.
11/3/2024 18:35:02 [Information] Time remaining: 00:00:02 targetEndTime = 06:35:08
11/3/2024 18:35:02 [Information] Stepper Motor Controller Disable Z Axis controls while moving to location.
11/3/2024 18:35:02 [Information] Time remaining: 00:00:02 targetEndTime = 06:35:08
11/3/2024 18:35:02 [Information] Stepper Motor Controller Disable Z Axis controls while moving to location.
11/3/2024 18:35:02 [Information] Time remaining: 00:00:02 targetEndTime = 06:35:08
11/3/2024 18:35:02 [Information] Stepper Motor Controller Disable Z Axis controls while moving to location.
11/3/2024 18:35:02 [Information] Time remaining: 00:00:02 targetEndTime = 06:35:08
11/3/2024 18:35:02 [Information] Stepper Motor Controller Disable Z Axis controls while moving to location.
11/3/2024 18:35:02 [Information] Time remaining: 00:00:02 targetEndTime = 06:35:08
11/3/2024 18:35:02 [Information] Stepper Motor Controller Disable Z Axis controls while moving to location.
11/3/2024 18:35:02 [Information] Time remaining: 00:00:02 targetEndTime = 06:35:08
11/3/2024 18:35:02 [Information] Stepper Motor Controller Disable Z Axis controls while moving to location.
11/3/2024 18:35:02 [Information] Time remaining: 00:00:02 targetEndTime = 06:35:08
11/3/2024 18:35:02 [Information] Stepper Motor Controller Disable Z Axis controls while moving to location.
11/3/2024 18:35:02 [Information] Time remaining: 00:00:02 targetEndTime = 06:35:08
11/3/2024 18:35:02 [Information] Stepper Motor Controller Disable Z Axis controls while moving to location.
11/3/2024 18:35:02 [Information] Time remaining: 00:00:02 targetEndTime = 06:35:08
11/3/2024 18:35:02 [Information] Stepper Motor Controller Disable Z Axis controls while moving to location.
11/3/2024 18:35:02 [Information] Time remaining: 00:00:02 targetEndTime = 06:35:08
11/3/2024 18:35:02 [Information] Stepper Motor Controller Disable Z Axis controls while moving to location.
11/3/2024 18:35:02 [Information] Time remaining: 00:00:02 targetEndTime = 06:35:08
11/3/2024 18:35:02 [Information] Stepper Motor Controller Disable Z Axis controls while moving to location.
11/3/2024 18:35:02 [Information] Time remaining: 00:00:02 targetEndTime = 06:35:08
11/3/2024 18:35:02 [Information] Stepper Motor Controller Disable Z Axis controls while moving to location.
11/3/2024 18:35:02 [Information] Time remaining: 00:00:02 targetEndTime = 06:35:08
11/3/2024 18:35:02 [Information] Stepper Motor Controller Disable Z Axis controls while moving to location.
11/3/2024 18:35:02 [Information] Time remaining: 00:00:02 targetEndTime = 06:35:08
11/3/2024 18:35:02 [Information] Stepper Motor Controller Disable Z Axis controls while moving to location.
11/3/2024 18:35:02 [Information] Time remaining: 00:00:02 targetEndTime = 06:35:08
11/3/2024 18:35:02 [Information] Stepper Motor Controller Disable Z Axis controls while moving to location.
11/3/2024 18:35:02 [Information] Time remaining: 00:00:02 targetEndTime = 06:35:08
11/3/2024 18:35:02 [Information] Stepper Motor Controller Disable Z Axis controls while moving to location.
11/3/2024 18:35:02 [Information] Time remaining: 00:00:02 targetEndTime = 06:35:08
11/3/2024 18:35:02 [Information] Stepper Motor Controller Disable Z Axis controls while moving to location.
11/3/2024 18:35:02 [Information] Time remaining: 00:00:02 targetEndTime = 06:35:08
11/3/2024 18:35:03 [Information] Stepper Motor Controller Disable Z Axis controls while moving to location.
11/3/2024 18:35:03 [Information] Time remaining: 00:00:02 targetEndTime = 06:35:08
11/3/2024 18:35:03 [Information] Stepper Motor Controller Disable Z Axis controls while moving to location.
11/3/2024 18:35:03 [Information] Time remaining: 00:00:02 targetEndTime = 06:35:08
11/3/2024 18:35:03 [Information] Stepper Motor Controller Disable Z Axis controls while moving to location.
11/3/2024 18:35:03 [Information] Time remaining: 00:00:02 targetEndTime = 06:35:08
11/3/2024 18:35:03 [Information] Stepper Motor Controller Disable Z Axis controls while moving to location.
11/3/2024 18:35:03 [Information] Time remaining: 00:00:02 targetEndTime = 06:35:08
11/3/2024 18:35:03 [Information] Stepper Motor Controller Disable Z Axis controls while moving to location.
11/3/2024 18:35:03 [Information] Time remaining: 00:00:02 targetEndTime = 06:35:08
11/3/2024 18:35:03 [Information] Stepper Motor Controller Disable Z Axis controls while moving to location.
11/3/2024 18:35:03 [Information] Time remaining: 00:00:02 targetEndTime = 06:35:08
11/3/2024 18:35:03 [Information] Stepper Motor Controller Disable Z Axis controls while moving to location.
11/3/2024 18:35:03 [Information] Time remaining: 00:00:02 targetEndTime = 06:35:08
11/3/2024 18:35:03 [Information] Stepper Motor Controller Disable Z Axis controls while moving to location.
11/3/2024 18:35:03 [Information] Time remaining: 00:00:02 targetEndTime = 06:35:08
11/3/2024 18:35:03 [Information] Stepper Motor Controller Disable Z Axis controls while moving to location.
11/3/2024 18:35:03 [Information] Time remaining: 00:00:02 targetEndTime = 06:35:08
11/3/2024 18:35:03 [Information] Stepper Motor Controller Disable Z Axis controls while moving to location.
11/3/2024 18:35:03 [Information] Time remaining: 00:00:02 targetEndTime = 06:35:08
11/3/2024 18:35:03 [Information] Stepper Motor Controller Disable Z Axis controls while moving to location.
11/3/2024 18:35:03 [Information] Time remaining: 00:00:02 targetEndTime = 06:35:08
11/3/2024 18:35:03 [Information] Stepper Motor Controller Disable Z Axis controls while moving to location.
11/3/2024 18:35:03 [Information] Time remaining: 00:00:02 targetEndTime = 06:35:08
11/3/2024 18:35:03 [Information] Stepper Motor Controller Disable Z Axis controls while moving to location.
11/3/2024 18:35:03 [Information] Time remaining: 00:00:02 targetEndTime = 06:35:08
11/3/2024 18:35:03 [Information] Stepper Motor Controller Disable Z Axis controls while moving to location.
11/3/2024 18:35:03 [Information] Time remaining: 00:00:02 targetEndTime = 06:35:08
11/3/2024 18:35:03 [Information] Stepper Motor Controller Disable Z Axis controls while moving to location.
11/3/2024 18:35:03 [Information] Time remaining: 00:00:02 targetEndTime = 06:35:08
11/3/2024 18:35:03 [Information] Stepper Motor Controller Disable Z Axis controls while moving to location.
11/3/2024 18:35:03 [Information] Time remaining: 00:00:02 targetEndTime = 06:35:08
11/3/2024 18:35:03 [Information] Stepper Motor Controller Disable Z Axis controls while moving to location.
11/3/2024 18:35:03 [Information] Time remaining: 00:00:02 targetEndTime = 06:35:08
11/3/2024 18:35:03 [Information] Stepper Motor Controller Disable Z Axis controls while moving to location.
11/3/2024 18:35:03 [Information] Time remaining: 00:00:02 targetEndTime = 06:35:08
11/3/2024 18:35:03 [Information] Stepper Motor Controller Disable Z Axis controls while moving to location.
11/3/2024 18:35:03 [Information] Time remaining: 00:00:02 targetEndTime = 06:35:08
11/3/2024 18:35:03 [Information] Stepper Motor Controller Disable Z Axis controls while moving to location.
11/3/2024 18:35:03 [Information] Time remaining: 00:00:02 targetEndTime = 06:35:08
11/3/2024 18:35:03 [Information] Stepper Motor Controller Disable Z Axis controls while moving to location.
11/3/2024 18:35:03 [Information] Time remaining: 00:00:02 targetEndTime = 06:35:08
11/3/2024 18:35:03 [Information] Stepper Motor Controller Disable Z Axis controls while moving to location.
11/3/2024 18:35:03 [Information] Time remaining: 00:00:02 targetEndTime = 06:35:08
11/3/2024 18:35:03 [Information] Stepper Motor Controller Disable Z Axis controls while moving to location.
11/3/2024 18:35:03 [Information] Time remaining: 00:00:02 targetEndTime = 06:35:08
11/3/2024 18:35:03 [Information] Stepper Motor Controller Disable Z Axis controls while moving to location.
11/3/2024 18:35:03 [Information] Time remaining: 00:00:03 targetEndTime = 06:35:08
11/3/2024 18:35:03 [Information] Stepper Motor Controller Disable Z Axis controls while moving to location.
11/3/2024 18:35:03 [Information] Time remaining: 00:00:03 targetEndTime = 06:35:08
11/3/2024 18:35:03 [Information] Stepper Motor Controller Disable Z Axis controls while moving to location.
11/3/2024 18:35:03 [Information] Time remaining: 00:00:03 targetEndTime = 06:35:08
11/3/2024 18:35:03 [Information] Stepper Motor Controller Disable Z Axis controls while moving to location.
11/3/2024 18:35:03 [Information] Time remaining: 00:00:03 targetEndTime = 06:35:08
11/3/2024 18:35:03 [Information] Stepper Motor Controller Disable Z Axis controls while moving to location.
11/3/2024 18:35:03 [Information] Time remaining: 00:00:03 targetEndTime = 06:35:08
11/3/2024 18:35:03 [Information] Stepper Motor Controller Disable Z Axis controls while moving to location.
11/3/2024 18:35:03 [Information] Time remaining: 00:00:03 targetEndTime = 06:35:08
11/3/2024 18:35:03 [Information] Stepper Motor Controller Disable Z Axis controls while moving to location.
11/3/2024 18:35:03 [Information] Time remaining: 00:00:03 targetEndTime = 06:35:08
11/3/2024 18:35:03 [Information] Stepper Motor Controller Disable Z Axis controls while moving to location.
11/3/2024 18:35:03 [Information] Time remaining: 00:00:03 targetEndTime = 06:35:08
11/3/2024 18:35:03 [Information] Stepper Motor Controller Disable Z Axis controls while moving to location.
11/3/2024 18:35:03 [Information] Time remaining: 00:00:03 targetEndTime = 06:35:08
11/3/2024 18:35:03 [Information] Stepper Motor Controller Disable Z Axis controls while moving to location.
11/3/2024 18:35:03 [Information] Time remaining: 00:00:03 targetEndTime = 06:35:08
11/3/2024 18:35:03 [Information] Stepper Motor Controller Disable Z Axis controls while moving to location.
11/3/2024 18:35:03 [Information] Time remaining: 00:00:03 targetEndTime = 06:35:08
11/3/2024 18:35:03 [Information] Stepper Motor Controller Disable Z Axis controls while moving to location.
11/3/2024 18:35:03 [Information] Time remaining: 00:00:03 targetEndTime = 06:35:08
11/3/2024 18:35:03 [Information] Stepper Motor Controller Disable Z Axis controls while moving to location.
11/3/2024 18:35:03 [Information] Time remaining: 00:00:03 targetEndTime = 06:35:08
11/3/2024 18:35:03 [Information] Stepper Motor Controller Disable Z Axis controls while moving to location.
11/3/2024 18:35:03 [Information] Time remaining: 00:00:03 targetEndTime = 06:35:08
11/3/2024 18:35:03 [Information] Stepper Motor Controller Disable Z Axis controls while moving to location.
11/3/2024 18:35:03 [Information] Time remaining: 00:00:03 targetEndTime = 06:35:08
11/3/2024 18:35:03 [Information] Stepper Motor Controller Disable Z Axis controls while moving to location.
11/3/2024 18:35:03 [Information] Time remaining: 00:00:03 targetEndTime = 06:35:08
11/3/2024 18:35:03 [Information] Stepper Motor Controller Disable Z Axis controls while moving to location.
11/3/2024 18:35:03 [Information] Time remaining: 00:00:03 targetEndTime = 06:35:08
11/3/2024 18:35:03 [Information] Stepper Motor Controller Disable Z Axis controls while moving to location.
11/3/2024 18:35:03 [Information] Time remaining: 00:00:03 targetEndTime = 06:35:08
11/3/2024 18:35:03 [Information] Stepper Motor Controller Disable Z Axis controls while moving to location.
11/3/2024 18:35:03 [Information] Time remaining: 00:00:03 targetEndTime = 06:35:08
11/3/2024 18:35:03 [Information] Stepper Motor Controller Disable Z Axis controls while moving to location.
11/3/2024 18:35:03 [Information] Time remaining: 00:00:03 targetEndTime = 06:35:08
11/3/2024 18:35:03 [Information] Stepper Motor Controller Disable Z Axis controls while moving to location.
11/3/2024 18:35:03 [Information] Time remaining: 00:00:03 targetEndTime = 06:35:08
11/3/2024 18:35:03 [Information] Stepper Motor Controller Disable Z Axis controls while moving to location.
11/3/2024 18:35:03 [Information] Time remaining: 00:00:03 targetEndTime = 06:35:08
11/3/2024 18:35:03 [Information] Stepper Motor Controller Disable Z Axis controls while moving to location.
11/3/2024 18:35:03 [Information] Time remaining: 00:00:03 targetEndTime = 06:35:08
11/3/2024 18:35:03 [Information] Stepper Motor Controller Disable Z Axis controls while moving to location.
11/3/2024 18:35:03 [Information] Time remaining: 00:00:03 targetEndTime = 06:35:08
11/3/2024 18:35:03 [Information] Stepper Motor Controller Disable Z Axis controls while moving to location.
11/3/2024 18:35:03 [Information] Time remaining: 00:00:03 targetEndTime = 06:35:08
11/3/2024 18:35:03 [Information] Stepper Motor Controller Disable Z Axis controls while moving to location.
11/3/2024 18:35:03 [Information] Time remaining: 00:00:03 targetEndTime = 06:35:08
11/3/2024 18:35:03 [Information] Stepper Motor Controller Disable Z Axis controls while moving to location.
11/3/2024 18:35:03 [Information] Time remaining: 00:00:03 targetEndTime = 06:35:08
11/3/2024 18:35:03 [Information] Stepper Motor Controller Disable Z Axis controls while moving to location.
11/3/2024 18:35:03 [Information] Time remaining: 00:00:03 targetEndTime = 06:35:08
11/3/2024 18:35:03 [Information] Stepper Motor Controller Disable Z Axis controls while moving to location.
11/3/2024 18:35:03 [Information] Time remaining: 00:00:03 targetEndTime = 06:35:08
11/3/2024 18:35:03 [Information] Stepper Motor Controller Disable Z Axis controls while moving to location.
11/3/2024 18:35:03 [Information] Time remaining: 00:00:03 targetEndTime = 06:35:08
11/3/2024 18:35:03 [Information] Stepper Motor Controller Disable Z Axis controls while moving to location.
11/3/2024 18:35:03 [Information] Time remaining: 00:00:03 targetEndTime = 06:35:08
11/3/2024 18:35:03 [Information] Stepper Motor Controller Disable Z Axis controls while moving to location.
11/3/2024 18:35:03 [Information] Time remaining: 00:00:03 targetEndTime = 06:35:08
11/3/2024 18:35:03 [Information] Stepper Motor Controller Disable Z Axis controls while moving to location.
11/3/2024 18:35:03 [Information] Time remaining: 00:00:03 targetEndTime = 06:35:08
11/3/2024 18:35:03 [Information] Stepper Motor Controller Disable Z Axis controls while moving to location.
11/3/2024 18:35:03 [Information] Time remaining: 00:00:03 targetEndTime = 06:35:08
11/3/2024 18:35:03 [Information] Stepper Motor Controller Disable Z Axis controls while moving to location.
11/3/2024 18:35:03 [Information] Time remaining: 00:00:03 targetEndTime = 06:35:08
11/3/2024 18:35:03 [Information] Stepper Motor Controller Disable Z Axis controls while moving to location.
11/3/2024 18:35:03 [Information] Time remaining: 00:00:03 targetEndTime = 06:35:08
11/3/2024 18:35:04 [Information] Stepper Motor Controller Disable Z Axis controls while moving to location.
11/3/2024 18:35:04 [Information] Time remaining: 00:00:03 targetEndTime = 06:35:08
11/3/2024 18:35:04 [Information] Stepper Motor Controller Disable Z Axis controls while moving to location.
11/3/2024 18:35:04 [Information] Time remaining: 00:00:03 targetEndTime = 06:35:08
11/3/2024 18:35:04 [Information] Stepper Motor Controller Disable Z Axis controls while moving to location.
11/3/2024 18:35:04 [Information] Time remaining: 00:00:03 targetEndTime = 06:35:08
11/3/2024 18:35:04 [Information] Stepper Motor Controller Disable Z Axis controls while moving to location.
11/3/2024 18:35:04 [Information] Time remaining: 00:00:03 targetEndTime = 06:35:08
11/3/2024 18:35:04 [Information] Stepper Motor Controller Disable Z Axis controls while moving to location.
11/3/2024 18:35:04 [Information] Time remaining: 00:00:03 targetEndTime = 06:35:08
11/3/2024 18:35:04 [Information] Stepper Motor Controller Disable Z Axis controls while moving to location.
11/3/2024 18:35:04 [Information] Time remaining: 00:00:03 targetEndTime = 06:35:08
11/3/2024 18:35:04 [Information] Stepper Motor Controller Disable Z Axis controls while moving to location.
11/3/2024 18:35:04 [Information] Time remaining: 00:00:03 targetEndTime = 06:35:08
11/3/2024 18:35:04 [Information] Stepper Motor Controller Disable Z Axis controls while moving to location.
11/3/2024 18:35:04 [Information] Time remaining: 00:00:03 targetEndTime = 06:35:08
11/3/2024 18:35:04 [Information] Stepper Motor Controller Disable Z Axis controls while moving to location.
11/3/2024 18:35:04 [Information] Time remaining: 00:00:03 targetEndTime = 06:35:08
11/3/2024 18:35:04 [Information] Stepper Motor Controller Disable Z Axis controls while moving to location.
11/3/2024 18:35:04 [Information] Time remaining: 00:00:03 targetEndTime = 06:35:08
11/3/2024 18:35:04 [Information] Stepper Motor Controller Disable Z Axis controls while moving to location.
11/3/2024 18:35:04 [Information] Time remaining: 00:00:03 targetEndTime = 06:35:08
11/3/2024 18:35:04 [Information] Stepper Motor Controller Disable Z Axis controls while moving to location.
11/3/2024 18:35:04 [Information] Time remaining: 00:00:03 targetEndTime = 06:35:08
11/3/2024 18:35:04 [Information] Stepper Motor Controller Disable Z Axis controls while moving to location.
11/3/2024 18:35:04 [Information] Time remaining: 00:00:03 targetEndTime = 06:35:08
11/3/2024 18:35:04 [Information] Stepper Motor Controller Disable Z Axis controls while moving to location.
11/3/2024 18:35:04 [Information] Time remaining: 00:00:03 targetEndTime = 06:35:08
11/3/2024 18:35:04 [Information] Stepper Motor Controller Disable Z Axis controls while moving to location.
11/3/2024 18:35:04 [Information] Time remaining: 00:00:03 targetEndTime = 06:35:08
11/3/2024 18:35:04 [Information] Stepper Motor Controller Disable Z Axis controls while moving to location.
11/3/2024 18:35:04 [Information] Time remaining: 00:00:03 targetEndTime = 06:35:08
11/3/2024 18:35:04 [Information] Stepper Motor Controller Disable Z Axis controls while moving to location.
11/3/2024 18:35:04 [Information] Time remaining: 00:00:03 targetEndTime = 06:35:08
11/3/2024 18:35:04 [Information] Stepper Motor Controller Disable Z Axis controls while moving to location.
11/3/2024 18:35:04 [Information] Time remaining: 00:00:03 targetEndTime = 06:35:08
11/3/2024 18:35:04 [Information] Stepper Motor Controller Disable Z Axis controls while moving to location.
11/3/2024 18:35:04 [Information] Time remaining: 00:00:03 targetEndTime = 06:35:08
11/3/2024 18:35:04 [Information] Stepper Motor Controller Disable Z Axis controls while moving to location.
11/3/2024 18:35:04 [Information] Time remaining: 00:00:03 targetEndTime = 06:35:08
11/3/2024 18:35:04 [Information] Stepper Motor Controller Disable Z Axis controls while moving to location.
11/3/2024 18:35:04 [Information] Time remaining: 00:00:04 targetEndTime = 06:35:08
11/3/2024 18:35:04 [Information] Stepper Motor Controller Disable Z Axis controls while moving to location.
11/3/2024 18:35:04 [Information] Time remaining: 00:00:04 targetEndTime = 06:35:08
11/3/2024 18:35:04 [Information] Stepper Motor Controller Disable Z Axis controls while moving to location.
11/3/2024 18:35:04 [Information] Time remaining: 00:00:04 targetEndTime = 06:35:08
11/3/2024 18:35:04 [Information] Stepper Motor Controller Disable Z Axis controls while moving to location.
11/3/2024 18:35:04 [Information] Time remaining: 00:00:04 targetEndTime = 06:35:08
11/3/2024 18:35:04 [Information] Stepper Motor Controller Disable Z Axis controls while moving to location.
11/3/2024 18:35:04 [Information] Time remaining: 00:00:04 targetEndTime = 06:35:08
11/3/2024 18:35:04 [Information] Stepper Motor Controller Disable Z Axis controls while moving to location.
11/3/2024 18:35:04 [Information] Time remaining: 00:00:04 targetEndTime = 06:35:08
11/3/2024 18:35:04 [Information] Stepper Motor Controller Disable Z Axis controls while moving to location.
11/3/2024 18:35:04 [Information] Time remaining: 00:00:04 targetEndTime = 06:35:08
11/3/2024 18:35:04 [Information] Stepper Motor Controller Disable Z Axis controls while moving to location.
11/3/2024 18:35:04 [Information] Time remaining: 00:00:04 targetEndTime = 06:35:08
11/3/2024 18:35:04 [Information] Stepper Motor Controller Disable Z Axis controls while moving to location.
11/3/2024 18:35:04 [Information] Time remaining: 00:00:04 targetEndTime = 06:35:08
11/3/2024 18:35:04 [Information] Stepper Motor Controller Disable Z Axis controls while moving to location.
11/3/2024 18:35:04 [Information] Time remaining: 00:00:04 targetEndTime = 06:35:08
11/3/2024 18:35:04 [Information] Stepper Motor Controller Disable Z Axis controls while moving to location.
11/3/2024 18:35:04 [Information] Time remaining: 00:00:04 targetEndTime = 06:35:08
11/3/2024 18:35:04 [Information] Stepper Motor Controller Disable Z Axis controls while moving to location.
11/3/2024 18:35:04 [Information] Time remaining: 00:00:04 targetEndTime = 06:35:08
11/3/2024 18:35:04 [Information] Stepper Motor Controller Disable Z Axis controls while moving to location.
11/3/2024 18:35:04 [Information] Time remaining: 00:00:04 targetEndTime = 06:35:08
11/3/2024 18:35:04 [Information] Stepper Motor Controller Disable Z Axis controls while moving to location.
11/3/2024 18:35:04 [Information] Time remaining: 00:00:04 targetEndTime = 06:35:08
11/3/2024 18:35:04 [Information] Stepper Motor Controller Disable Z Axis controls while moving to location.
11/3/2024 18:35:04 [Information] Time remaining: 00:00:04 targetEndTime = 06:35:08
11/3/2024 18:35:04 [Information] Stepper Motor Controller Disable Z Axis controls while moving to location.
11/3/2024 18:35:04 [Information] Time remaining: 00:00:04 targetEndTime = 06:35:08
11/3/2024 18:35:04 [Information] Stepper Motor Controller Disable Z Axis controls while moving to location.
11/3/2024 18:35:04 [Information] Time remaining: 00:00:04 targetEndTime = 06:35:08
11/3/2024 18:35:04 [Information] Stepper Motor Controller Disable Z Axis controls while moving to location.
11/3/2024 18:35:04 [Information] Time remaining: 00:00:04 targetEndTime = 06:35:08
11/3/2024 18:35:04 [Information] Stepper Motor Controller Disable Z Axis controls while moving to location.
11/3/2024 18:35:04 [Information] Time remaining: 00:00:04 targetEndTime = 06:35:08
11/3/2024 18:35:04 [Information] Stepper Motor Controller Disable Z Axis controls while moving to location.
11/3/2024 18:35:04 [Information] Time remaining: 00:00:04 targetEndTime = 06:35:08
11/3/2024 18:35:04 [Information] Stepper Motor Controller Disable Z Axis controls while moving to location.
11/3/2024 18:35:04 [Information] Time remaining: 00:00:04 targetEndTime = 06:35:08
11/3/2024 18:35:04 [Information] Stepper Motor Controller Disable Z Axis controls while moving to location.
11/3/2024 18:35:04 [Information] Time remaining: 00:00:04 targetEndTime = 06:35:08
11/3/2024 18:35:04 [Information] Stepper Motor Controller Disable Z Axis controls while moving to location.
11/3/2024 18:35:04 [Information] Time remaining: 00:00:04 targetEndTime = 06:35:08
11/3/2024 18:35:04 [Information] Stepper Motor Controller Disable Z Axis controls while moving to location.
11/3/2024 18:35:04 [Information] Time remaining: 00:00:04 targetEndTime = 06:35:08
11/3/2024 18:35:04 [Information] Stepper Motor Controller Disable Z Axis controls while moving to location.
11/3/2024 18:35:04 [Information] Time remaining: 00:00:04 targetEndTime = 06:35:08
11/3/2024 18:35:04 [Information] Stepper Motor Controller Disable Z Axis controls while moving to location.
11/3/2024 18:35:04 [Information] Time remaining: 00:00:04 targetEndTime = 06:35:08
11/3/2024 18:35:04 [Information] Stepper Motor Controller Disable Z Axis controls while moving to location.
11/3/2024 18:35:04 [Information] Time remaining: 00:00:04 targetEndTime = 06:35:08
11/3/2024 18:35:04 [Information] Stepper Motor Controller Disable Z Axis controls while moving to location.
11/3/2024 18:35:04 [Information] Time remaining: 00:00:04 targetEndTime = 06:35:08
11/3/2024 18:35:04 [Information] Stepper Motor Controller Disable Z Axis controls while moving to location.
11/3/2024 18:35:04 [Information] Time remaining: 00:00:04 targetEndTime = 06:35:08
11/3/2024 18:35:04 [Information] Stepper Motor Controller Disable Z Axis controls while moving to location.
11/3/2024 18:35:04 [Information] Time remaining: 00:00:04 targetEndTime = 06:35:08
11/3/2024 18:35:04 [Information] Stepper Motor Controller Disable Z Axis controls while moving to location.
11/3/2024 18:35:04 [Information] Time remaining: 00:00:04 targetEndTime = 06:35:08
11/3/2024 18:35:04 [Information] Stepper Motor Controller Disable Z Axis controls while moving to location.
11/3/2024 18:35:04 [Information] Time remaining: 00:00:04 targetEndTime = 06:35:08
11/3/2024 18:35:04 [Information] Stepper Motor Controller Disable Z Axis controls while moving to location.
11/3/2024 18:35:04 [Information] Time remaining: 00:00:04 targetEndTime = 06:35:08
11/3/2024 18:35:04 [Information] Stepper Motor Controller Disable Z Axis controls while moving to location.
11/3/2024 18:35:04 [Information] Time remaining: 00:00:04 targetEndTime = 06:35:08
11/3/2024 18:35:04 [Information] Stepper Motor Controller Disable Z Axis controls while moving to location.
11/3/2024 18:35:04 [Information] Time remaining: 00:00:04 targetEndTime = 06:35:08
11/3/2024 18:35:04 [Information] Stepper Motor Controller Disable Z Axis controls while moving to location.
11/3/2024 18:35:04 [Information] Time remaining: 00:00:04 targetEndTime = 06:35:08
11/3/2024 18:35:04 [Information] Stepper Motor Controller Disable Z Axis controls while moving to location.
11/3/2024 18:35:04 [Information] Time remaining: 00:00:04 targetEndTime = 06:35:08
11/3/2024 18:35:04 [Information] Stepper Motor Controller Disable Z Axis controls while moving to location.
11/3/2024 18:35:04 [Information] Time remaining: 00:00:04 targetEndTime = 06:35:08
11/3/2024 18:35:04 [Information] Stepper Motor Controller Disable Z Axis controls while moving to location.
11/3/2024 18:35:04 [Information] Time remaining: 00:00:04 targetEndTime = 06:35:08
11/3/2024 18:35:04 [Information] Stepper Motor Controller Disable Z Axis controls while moving to location.
11/3/2024 18:35:04 [Information] Time remaining: 00:00:04 targetEndTime = 06:35:08
11/3/2024 18:35:04 [Information] Stepper Motor Controller Disable Z Axis controls while moving to location.
11/3/2024 18:35:04 [Information] Time remaining: 00:00:04 targetEndTime = 06:35:08
11/3/2024 18:35:05 [Information] Stepper Motor Controller Disable Z Axis controls while moving to location.
11/3/2024 18:35:05 [Information] Time remaining: 00:00:04 targetEndTime = 06:35:08
11/3/2024 18:35:05 [Information] Stepper Motor Controller Disable Z Axis controls while moving to location.
11/3/2024 18:35:05 [Information] Time remaining: 00:00:04 targetEndTime = 06:35:08
11/3/2024 18:35:05 [Information] Stepper Motor Controller Disable Z Axis controls while moving to location.
11/3/2024 18:35:05 [Information] Time remaining: 00:00:04 targetEndTime = 06:35:08
11/3/2024 18:35:05 [Information] Stepper Motor Controller Disable Z Axis controls while moving to location.
11/3/2024 18:35:05 [Information] Time remaining: 00:00:04 targetEndTime = 06:35:08
11/3/2024 18:35:05 [Information] Stepper Motor Controller Disable Z Axis controls while moving to location.
11/3/2024 18:35:05 [Information] Time remaining: 00:00:04 targetEndTime = 06:35:08
11/3/2024 18:35:05 [Information] Stepper Motor Controller Disable Z Axis controls while moving to location.
11/3/2024 18:35:05 [Information] Time remaining: 00:00:04 targetEndTime = 06:35:08
11/3/2024 18:35:05 [Information] Stepper Motor Controller Disable Z Axis controls while moving to location.
11/3/2024 18:35:05 [Information] Time remaining: 00:00:04 targetEndTime = 06:35:08
11/3/2024 18:35:05 [Information] Stepper Motor Controller Disable Z Axis controls while moving to location.
11/3/2024 18:35:05 [Information] Time remaining: 00:00:04 targetEndTime = 06:35:08
11/3/2024 18:35:05 [Information] Stepper Motor Controller Disable Z Axis controls while moving to location.
11/3/2024 18:35:05 [Information] Time remaining: 00:00:04 targetEndTime = 06:35:08
11/3/2024 18:35:05 [Information] Stepper Motor Controller Disable Z Axis controls while moving to location.
11/3/2024 18:35:05 [Information] Time remaining: 00:00:04 targetEndTime = 06:35:08
11/3/2024 18:35:05 [Information] Stepper Motor Controller Disable Z Axis controls while moving to location.
11/3/2024 18:35:05 [Information] Time remaining: 00:00:04 targetEndTime = 06:35:08
11/3/2024 18:35:05 [Information] Stepper Motor Controller Disable Z Axis controls while moving to location.
11/3/2024 18:35:05 [Information] Time remaining: 00:00:04 targetEndTime = 06:35:08
11/3/2024 18:35:05 [Information] Stepper Motor Controller Disable Z Axis controls while moving to location.
11/3/2024 18:35:05 [Information] Time remaining: 00:00:04 targetEndTime = 06:35:08
11/3/2024 18:35:05 [Information] Stepper Motor Controller Disable Z Axis controls while moving to location.
11/3/2024 18:35:05 [Information] Time remaining: 00:00:04 targetEndTime = 06:35:08
11/3/2024 18:35:05 [Information] Stepper Motor Controller Disable Z Axis controls while moving to location.
11/3/2024 18:35:05 [Information] Time remaining: 00:00:04 targetEndTime = 06:35:08
11/3/2024 18:35:05 [Information] Stepper Motor Controller Disable Z Axis controls while moving to location.
11/3/2024 18:35:05 [Information] Time remaining: 00:00:04 targetEndTime = 06:35:08
11/3/2024 18:35:05 [Information] Stepper Motor Controller Disable Z Axis controls while moving to location.
11/3/2024 18:35:05 [Information] Time remaining: 00:00:04 targetEndTime = 06:35:08
11/3/2024 18:35:05 [Information] Stepper Motor Controller Disable Z Axis controls while moving to location.
11/3/2024 18:35:05 [Information] Time remaining: 00:00:04 targetEndTime = 06:35:08
11/3/2024 18:35:05 [Information] Stepper Motor Controller Disable Z Axis controls while moving to location.
11/3/2024 18:35:05 [Information] Time remaining: 00:00:04 targetEndTime = 06:35:08
11/3/2024 18:35:05 [Information] Stepper Motor Controller Disable Z Axis controls while moving to location.
11/3/2024 18:35:05 [Information] Time remaining: 00:00:04 targetEndTime = 06:35:08
11/3/2024 18:35:05 [Information] Stepper Motor Controller Disable Z Axis controls while moving to location.
11/3/2024 18:35:05 [Information] Time remaining: 00:00:04 targetEndTime = 06:35:08
11/3/2024 18:35:05 [Information] Stepper Motor Controller Disable Z Axis controls while moving to location.
11/3/2024 18:35:05 [Information] Time remaining: 00:00:05 targetEndTime = 06:35:08
11/3/2024 18:35:05 [Information] Stepper Motor Controller Disable Z Axis controls while moving to location.
11/3/2024 18:35:05 [Information] Time remaining: 00:00:05 targetEndTime = 06:35:08
11/3/2024 18:35:05 [Information] Stepper Motor Controller Disable Z Axis controls while moving to location.
11/3/2024 18:35:05 [Information] Time remaining: 00:00:05 targetEndTime = 06:35:08
11/3/2024 18:35:05 [Information] Stepper Motor Controller Disable Z Axis controls while moving to location.
11/3/2024 18:35:05 [Information] Time remaining: 00:00:05 targetEndTime = 06:35:08
11/3/2024 18:35:05 [Information] Stepper Motor Controller Disable Z Axis controls while moving to location.
11/3/2024 18:35:05 [Information] Time remaining: 00:00:05 targetEndTime = 06:35:08
11/3/2024 18:35:05 [Information] Stepper Motor Controller Disable Z Axis controls while moving to location.
11/3/2024 18:35:05 [Information] Time remaining: 00:00:05 targetEndTime = 06:35:08
11/3/2024 18:35:05 [Information] Stepper Motor Controller Disable Z Axis controls while moving to location.
11/3/2024 18:35:05 [Information] Time remaining: 00:00:05 targetEndTime = 06:35:08
11/3/2024 18:35:05 [Information] Stepper Motor Controller Disable Z Axis controls while moving to location.
11/3/2024 18:35:05 [Information] Time remaining: 00:00:05 targetEndTime = 06:35:08
11/3/2024 18:35:05 [Information] Stepper Motor Controller Disable Z Axis controls while moving to location.
11/3/2024 18:35:05 [Information] Time remaining: 00:00:05 targetEndTime = 06:35:08
11/3/2024 18:35:05 [Information] Stepper Motor Controller Disable Z Axis controls while moving to location.
11/3/2024 18:35:05 [Information] Time remaining: 00:00:05 targetEndTime = 06:35:08
11/3/2024 18:35:05 [Information] Stepper Motor Controller Disable Z Axis controls while moving to location.
11/3/2024 18:35:05 [Information] Time remaining: 00:00:05 targetEndTime = 06:35:08
11/3/2024 18:35:05 [Information] Stepper Motor Controller Disable Z Axis controls while moving to location.
11/3/2024 18:35:05 [Information] Time remaining: 00:00:05 targetEndTime = 06:35:08
11/3/2024 18:35:05 [Information] Stepper Motor Controller Disable Z Axis controls while moving to location.
11/3/2024 18:35:05 [Information] Time remaining: 00:00:05 targetEndTime = 06:35:08
11/3/2024 18:35:05 [Information] Stepper Motor Controller Disable Z Axis controls while moving to location.
11/3/2024 18:35:05 [Information] Time remaining: 00:00:05 targetEndTime = 06:35:08
11/3/2024 18:35:05 [Information] Stepper Motor Controller Disable Z Axis controls while moving to location.
11/3/2024 18:35:05 [Information] Time remaining: 00:00:05 targetEndTime = 06:35:08
11/3/2024 18:35:05 [Information] Stepper Motor Controller Disable Z Axis controls while moving to location.
11/3/2024 18:35:05 [Information] Time remaining: 00:00:05 targetEndTime = 06:35:08
11/3/2024 18:35:05 [Information] Stepper Motor Controller Disable Z Axis controls while moving to location.
11/3/2024 18:35:05 [Information] Time remaining: 00:00:05 targetEndTime = 06:35:08
11/3/2024 18:35:05 [Information] Stepper Motor Controller Disable Z Axis controls while moving to location.
11/3/2024 18:35:05 [Information] Time remaining: 00:00:05 targetEndTime = 06:35:08
11/3/2024 18:35:05 [Information] Stepper Motor Controller Disable Z Axis controls while moving to location.
11/3/2024 18:35:05 [Information] Time remaining: 00:00:05 targetEndTime = 06:35:08
11/3/2024 18:35:05 [Information] Stepper Motor Controller Disable Z Axis controls while moving to location.
11/3/2024 18:35:05 [Information] Time remaining: 00:00:05 targetEndTime = 06:35:08
11/3/2024 18:35:05 [Information] Stepper Motor Controller Disable Z Axis controls while moving to location.
11/3/2024 18:35:05 [Information] Time remaining: 00:00:05 targetEndTime = 06:35:08
11/3/2024 18:35:05 [Information] Stepper Motor Controller Disable Z Axis controls while moving to location.
11/3/2024 18:35:05 [Information] Time remaining: 00:00:05 targetEndTime = 06:35:08
11/3/2024 18:35:05 [Information] Stepper Motor Controller Disable Z Axis controls while moving to location.
11/3/2024 18:35:05 [Information] Time remaining: 00:00:05 targetEndTime = 06:35:08
11/3/2024 18:35:05 [Information] Stepper Motor Controller Disable Z Axis controls while moving to location.
11/3/2024 18:35:05 [Information] Time remaining: 00:00:05 targetEndTime = 06:35:08
11/3/2024 18:35:05 [Information] Stepper Motor Controller Disable Z Axis controls while moving to location.
11/3/2024 18:35:05 [Information] Time remaining: 00:00:05 targetEndTime = 06:35:08
11/3/2024 18:35:05 [Information] Stepper Motor Controller Disable Z Axis controls while moving to location.
11/3/2024 18:35:05 [Information] Time remaining: 00:00:05 targetEndTime = 06:35:08
11/3/2024 18:35:05 [Information] Stepper Motor Controller Disable Z Axis controls while moving to location.
11/3/2024 18:35:05 [Information] Time remaining: 00:00:05 targetEndTime = 06:35:08
11/3/2024 18:35:05 [Information] Stepper Motor Controller Disable Z Axis controls while moving to location.
11/3/2024 18:35:05 [Information] Time remaining: 00:00:05 targetEndTime = 06:35:08
11/3/2024 18:35:05 [Information] Stepper Motor Controller Disable Z Axis controls while moving to location.
11/3/2024 18:35:05 [Information] Time remaining: 00:00:05 targetEndTime = 06:35:08
11/3/2024 18:35:05 [Information] Stepper Motor Controller Disable Z Axis controls while moving to location.
11/3/2024 18:35:05 [Information] Time remaining: 00:00:05 targetEndTime = 06:35:08
11/3/2024 18:35:05 [Information] Stepper Motor Controller Disable Z Axis controls while moving to location.
11/3/2024 18:35:05 [Information] Time remaining: 00:00:05 targetEndTime = 06:35:08
11/3/2024 18:35:05 [Information] Stepper Motor Controller Disable Z Axis controls while moving to location.
11/3/2024 18:35:05 [Information] Time remaining: 00:00:05 targetEndTime = 06:35:08
11/3/2024 18:35:05 [Information] Stepper Motor Controller Disable Z Axis controls while moving to location.
11/3/2024 18:35:05 [Information] Time remaining: 00:00:05 targetEndTime = 06:35:08
11/3/2024 18:35:05 [Information] Stepper Motor Controller Disable Z Axis controls while moving to location.
11/3/2024 18:35:05 [Information] Time remaining: 00:00:05 targetEndTime = 06:35:08
11/3/2024 18:35:05 [Information] Stepper Motor Controller Disable Z Axis controls while moving to location.
11/3/2024 18:35:05 [Information] Time remaining: 00:00:05 targetEndTime = 06:35:08
11/3/2024 18:35:05 [Information] Stepper Motor Controller Disable Z Axis controls while moving to location.
11/3/2024 18:35:05 [Information] Time remaining: 00:00:05 targetEndTime = 06:35:08
11/3/2024 18:35:05 [Information] Stepper Motor Controller Disable Z Axis controls while moving to location.
11/3/2024 18:35:05 [Information] Time remaining: 00:00:05 targetEndTime = 06:35:08
11/3/2024 18:35:05 [Information] Stepper Motor Controller Disable Z Axis controls while moving to location.
11/3/2024 18:35:05 [Information] Time remaining: 00:00:05 targetEndTime = 06:35:08
11/3/2024 18:35:06 [Information] Stepper Motor Controller Disable Z Axis controls while moving to location.
11/3/2024 18:35:06 [Information] Time remaining: 00:00:05 targetEndTime = 06:35:08
11/3/2024 18:35:06 [Information] Stepper Motor Controller Disable Z Axis controls while moving to location.
11/3/2024 18:35:06 [Information] Time remaining: 00:00:05 targetEndTime = 06:35:08
11/3/2024 18:35:06 [Information] Stepper Motor Controller Disable Z Axis controls while moving to location.
11/3/2024 18:35:06 [Information] Time remaining: 00:00:05 targetEndTime = 06:35:08
11/3/2024 18:35:06 [Information] Stepper Motor Controller Disable Z Axis controls while moving to location.
11/3/2024 18:35:06 [Information] Time remaining: 00:00:05 targetEndTime = 06:35:08
11/3/2024 18:35:06 [Information] Stepper Motor Controller Disable Z Axis controls while moving to location.
11/3/2024 18:35:06 [Information] Time remaining: 00:00:05 targetEndTime = 06:35:08
11/3/2024 18:35:06 [Information] Stepper Motor Controller Disable Z Axis controls while moving to location.
11/3/2024 18:35:06 [Information] Time remaining: 00:00:05 targetEndTime = 06:35:08
11/3/2024 18:35:06 [Information] Stepper Motor Controller Disable Z Axis controls while moving to location.
11/3/2024 18:35:06 [Information] Time remaining: 00:00:05 targetEndTime = 06:35:08
11/3/2024 18:35:06 [Information] Stepper Motor Controller Disable Z Axis controls while moving to location.
11/3/2024 18:35:06 [Information] Time remaining: 00:00:05 targetEndTime = 06:35:08
11/3/2024 18:35:06 [Information] Stepper Motor Controller Disable Z Axis controls while moving to location.
11/3/2024 18:35:06 [Information] Time remaining: 00:00:05 targetEndTime = 06:35:08
11/3/2024 18:35:06 [Information] Stepper Motor Controller Disable Z Axis controls while moving to location.
11/3/2024 18:35:06 [Information] Time remaining: 00:00:05 targetEndTime = 06:35:08
11/3/2024 18:35:06 [Information] Stepper Motor Controller Disable Z Axis controls while moving to location.
11/3/2024 18:35:06 [Information] Time remaining: 00:00:05 targetEndTime = 06:35:08
11/3/2024 18:35:06 [Information] Stepper Motor Controller Disable Z Axis controls while moving to location.
11/3/2024 18:35:06 [Information] Time remaining: 00:00:05 targetEndTime = 06:35:08
11/3/2024 18:35:06 [Information] Stepper Motor Controller Disable Z Axis controls while moving to location.
11/3/2024 18:35:06 [Information] Time remaining: 00:00:05 targetEndTime = 06:35:08
11/3/2024 18:35:06 [Information] Stepper Motor Controller Disable Z Axis controls while moving to location.
11/3/2024 18:35:06 [Information] Time remaining: 00:00:05 targetEndTime = 06:35:08
11/3/2024 18:35:06 [Information] Stepper Motor Controller Disable Z Axis controls while moving to location.
11/3/2024 18:35:06 [Information] Time remaining: 00:00:05 targetEndTime = 06:35:08
11/3/2024 18:35:06 [Information] Stepper Motor Controller Disable Z Axis controls while moving to location.
11/3/2024 18:35:06 [Information] Time remaining: 00:00:05 targetEndTime = 06:35:08
11/3/2024 18:35:06 [Information] Stepper Motor Controller Disable Z Axis controls while moving to location.
11/3/2024 18:35:06 [Information] Time remaining: 00:00:05 targetEndTime = 06:35:08
11/3/2024 18:35:06 [Information] Stepper Motor Controller Disable Z Axis controls while moving to location.
11/3/2024 18:35:06 [Information] Time remaining: 00:00:05 targetEndTime = 06:35:08
11/3/2024 18:35:06 [Information] Stepper Motor Controller Disable Z Axis controls while moving to location.
11/3/2024 18:35:06 [Information] Time remaining: 00:00:05 targetEndTime = 06:35:08
11/3/2024 18:35:06 [Information] Stepper Motor Controller Disable Z Axis controls while moving to location.
11/3/2024 18:35:06 [Information] Time remaining: 00:00:05 targetEndTime = 06:35:08
11/3/2024 18:35:06 [Information] Stepper Motor Controller Disable Z Axis controls while moving to location.
11/3/2024 18:35:06 [Information] Time remaining: 00:00:06 targetEndTime = 06:35:08
11/3/2024 18:35:06 [Information] Stepper Motor Controller Disable Z Axis controls while moving to location.
11/3/2024 18:35:06 [Information] Time remaining: 00:00:06 targetEndTime = 06:35:08
11/3/2024 18:35:06 [Information] Stepper Motor Controller Disable Z Axis controls while moving to location.
11/3/2024 18:35:06 [Information] Time remaining: 00:00:06 targetEndTime = 06:35:08
11/3/2024 18:35:06 [Information] Stepper Motor Controller Disable Z Axis controls while moving to location.
11/3/2024 18:35:06 [Information] Time remaining: 00:00:06 targetEndTime = 06:35:08
11/3/2024 18:35:06 [Information] Stepper Motor Controller Disable Z Axis controls while moving to location.
11/3/2024 18:35:06 [Information] Time remaining: 00:00:06 targetEndTime = 06:35:08
11/3/2024 18:35:06 [Information] Stepper Motor Controller Disable Z Axis controls while moving to location.
11/3/2024 18:35:06 [Information] Time remaining: 00:00:06 targetEndTime = 06:35:08
11/3/2024 18:35:06 [Information] Stepper Motor Controller Disable Z Axis controls while moving to location.
11/3/2024 18:35:06 [Information] Time remaining: 00:00:06 targetEndTime = 06:35:08
11/3/2024 18:35:06 [Information] Stepper Motor Controller Disable Z Axis controls while moving to location.
11/3/2024 18:35:06 [Information] Time remaining: 00:00:06 targetEndTime = 06:35:08
11/3/2024 18:35:06 [Information] Stepper Motor Controller Disable Z Axis controls while moving to location.
11/3/2024 18:35:06 [Information] Time remaining: 00:00:06 targetEndTime = 06:35:08
11/3/2024 18:35:06 [Information] Stepper Motor Controller Disable Z Axis controls while moving to location.
11/3/2024 18:35:06 [Information] Time remaining: 00:00:06 targetEndTime = 06:35:08
11/3/2024 18:35:06 [Information] Stepper Motor Controller Disable Z Axis controls while moving to location.
11/3/2024 18:35:06 [Information] Time remaining: 00:00:06 targetEndTime = 06:35:08
11/3/2024 18:35:06 [Information] Stepper Motor Controller Disable Z Axis controls while moving to location.
11/3/2024 18:35:06 [Information] Time remaining: 00:00:06 targetEndTime = 06:35:08
11/3/2024 18:35:06 [Information] Stepper Motor Controller Disable Z Axis controls while moving to location.
11/3/2024 18:35:06 [Information] Time remaining: 00:00:06 targetEndTime = 06:35:08
11/3/2024 18:35:06 [Information] Stepper Motor Controller Disable Z Axis controls while moving to location.
11/3/2024 18:35:06 [Information] Time remaining: 00:00:06 targetEndTime = 06:35:08
11/3/2024 18:35:06 [Information] Stepper Motor Controller Disable Z Axis controls while moving to location.
11/3/2024 18:35:06 [Information] Time remaining: 00:00:06 targetEndTime = 06:35:08
11/3/2024 18:35:06 [Information] Stepper Motor Controller Disable Z Axis controls while moving to location.
11/3/2024 18:35:06 [Information] Time remaining: 00:00:06 targetEndTime = 06:35:08
11/3/2024 18:35:06 [Information] Stepper Motor Controller Disable Z Axis controls while moving to location.
11/3/2024 18:35:06 [Information] Time remaining: 00:00:06 targetEndTime = 06:35:08
11/3/2024 18:35:06 [Information] Stepper Motor Controller Disable Z Axis controls while moving to location.
11/3/2024 18:35:06 [Information] Time remaining: 00:00:06 targetEndTime = 06:35:08
11/3/2024 18:35:06 [Information] Stepper Motor Controller Disable Z Axis controls while moving to location.
11/3/2024 18:35:06 [Information] Time remaining: 00:00:06 targetEndTime = 06:35:08
11/3/2024 18:35:06 [Information] Stepper Motor Controller Disable Z Axis controls while moving to location.
11/3/2024 18:35:06 [Information] Time remaining: 00:00:06 targetEndTime = 06:35:08
11/3/2024 18:35:06 [Information] Stepper Motor Controller Disable Z Axis controls while moving to location.
11/3/2024 18:35:06 [Information] Time remaining: 00:00:06 targetEndTime = 06:35:08
11/3/2024 18:35:06 [Information] Stepper Motor Controller Disable Z Axis controls while moving to location.
11/3/2024 18:35:06 [Information] Time remaining: 00:00:06 targetEndTime = 06:35:08
11/3/2024 18:35:06 [Information] Stepper Motor Controller Disable Z Axis controls while moving to location.
11/3/2024 18:35:06 [Information] Time remaining: 00:00:06 targetEndTime = 06:35:08
11/3/2024 18:35:06 [Information] Stepper Motor Controller Disable Z Axis controls while moving to location.
11/3/2024 18:35:06 [Information] Time remaining: 00:00:06 targetEndTime = 06:35:08
11/3/2024 18:35:06 [Information] Stepper Motor Controller Disable Z Axis controls while moving to location.
11/3/2024 18:35:06 [Information] Time remaining: 00:00:06 targetEndTime = 06:35:08
11/3/2024 18:35:06 [Information] Stepper Motor Controller Disable Z Axis controls while moving to location.
11/3/2024 18:35:06 [Information] Time remaining: 00:00:06 targetEndTime = 06:35:08
11/3/2024 18:35:06 [Information] Stepper Motor Controller Disable Z Axis controls while moving to location.
11/3/2024 18:35:06 [Information] Time remaining: 00:00:06 targetEndTime = 06:35:08
11/3/2024 18:35:06 [Information] Stepper Motor Controller Disable Z Axis controls while moving to location.
11/3/2024 18:35:06 [Information] Time remaining: 00:00:06 targetEndTime = 06:35:08
11/3/2024 18:35:06 [Information] Stepper Motor Controller Disable Z Axis controls while moving to location.
11/3/2024 18:35:06 [Information] Time remaining: 00:00:06 targetEndTime = 06:35:08
11/3/2024 18:35:06 [Information] Stepper Motor Controller Disable Z Axis controls while moving to location.
11/3/2024 18:35:06 [Information] Time remaining: 00:00:06 targetEndTime = 06:35:08
11/3/2024 18:35:06 [Information] Stepper Motor Controller Disable Z Axis controls while moving to location.
11/3/2024 18:35:06 [Information] Time remaining: 00:00:06 targetEndTime = 06:35:08
11/3/2024 18:35:06 [Information] Stepper Motor Controller Disable Z Axis controls while moving to location.
11/3/2024 18:35:06 [Information] Time remaining: 00:00:06 targetEndTime = 06:35:08
11/3/2024 18:35:06 [Information] Stepper Motor Controller Disable Z Axis controls while moving to location.
11/3/2024 18:35:06 [Information] Time remaining: 00:00:06 targetEndTime = 06:35:08
11/3/2024 18:35:06 [Information] Stepper Motor Controller Disable Z Axis controls while moving to location.
11/3/2024 18:35:06 [Information] Time remaining: 00:00:06 targetEndTime = 06:35:08
11/3/2024 18:35:06 [Information] Stepper Motor Controller Disable Z Axis controls while moving to location.
11/3/2024 18:35:06 [Information] Time remaining: 00:00:06 targetEndTime = 06:35:08
11/3/2024 18:35:06 [Information] Stepper Motor Controller Disable Z Axis controls while moving to location.
11/3/2024 18:35:06 [Information] Time remaining: 00:00:06 targetEndTime = 06:35:08
11/3/2024 18:35:07 [Information] Stepper Motor Controller Disable Z Axis controls while moving to location.
11/3/2024 18:35:07 [Information] Time remaining: 00:00:06 targetEndTime = 06:35:08
11/3/2024 18:35:07 [Information] Stepper Motor Controller Disable Z Axis controls while moving to location.
11/3/2024 18:35:07 [Information] Time remaining: 00:00:06 targetEndTime = 06:35:08
11/3/2024 18:35:07 [Information] Stepper Motor Controller Disable Z Axis controls while moving to location.
11/3/2024 18:35:07 [Information] Time remaining: 00:00:06 targetEndTime = 06:35:08
11/3/2024 18:35:07 [Information] Stepper Motor Controller Disable Z Axis controls while moving to location.
11/3/2024 18:35:07 [Information] Time remaining: 00:00:06 targetEndTime = 06:35:08
11/3/2024 18:35:07 [Information] Stepper Motor Controller Disable Z Axis controls while moving to location.
11/3/2024 18:35:07 [Information] Time remaining: 00:00:06 targetEndTime = 06:35:08
11/3/2024 18:35:07 [Information] Stepper Motor Controller Disable Z Axis controls while moving to location.
11/3/2024 18:35:07 [Information] Time remaining: 00:00:06 targetEndTime = 06:35:08
11/3/2024 18:35:07 [Information] Stepper Motor Controller Disable Z Axis controls while moving to location.
11/3/2024 18:35:07 [Information] Time remaining: 00:00:06 targetEndTime = 06:35:08
11/3/2024 18:35:07 [Information] Stepper Motor Controller Disable Z Axis controls while moving to location.
11/3/2024 18:35:07 [Information] Time remaining: 00:00:06 targetEndTime = 06:35:08
11/3/2024 18:35:07 [Information] Stepper Motor Controller Disable Z Axis controls while moving to location.
11/3/2024 18:35:07 [Information] Time remaining: 00:00:06 targetEndTime = 06:35:08
11/3/2024 18:35:07 [Information] Stepper Motor Controller Disable Z Axis controls while moving to location.
11/3/2024 18:35:07 [Information] Time remaining: 00:00:06 targetEndTime = 06:35:08
11/3/2024 18:35:07 [Information] Stepper Motor Controller Disable Z Axis controls while moving to location.
11/3/2024 18:35:07 [Information] Time remaining: 00:00:06 targetEndTime = 06:35:08
11/3/2024 18:35:07 [Information] Stepper Motor Controller Disable Z Axis controls while moving to location.
11/3/2024 18:35:07 [Information] Time remaining: 00:00:06 targetEndTime = 06:35:08
11/3/2024 18:35:07 [Information] Stepper Motor Controller Disable Z Axis controls while moving to location.
11/3/2024 18:35:07 [Information] Time remaining: 00:00:06 targetEndTime = 06:35:08
11/3/2024 18:35:07 [Information] Stepper Motor Controller Disable Z Axis controls while moving to location.
11/3/2024 18:35:07 [Information] Time remaining: 00:00:06 targetEndTime = 06:35:08
11/3/2024 18:35:07 [Information] Stepper Motor Controller Disable Z Axis controls while moving to location.
11/3/2024 18:35:07 [Information] Time remaining: 00:00:06 targetEndTime = 06:35:08
11/3/2024 18:35:07 [Information] Stepper Motor Controller Disable Z Axis controls while moving to location.
11/3/2024 18:35:07 [Information] Time remaining: 00:00:06 targetEndTime = 06:35:08
11/3/2024 18:35:07 [Information] Stepper Motor Controller Disable Z Axis controls while moving to location.
11/3/2024 18:35:07 [Information] Time remaining: 00:00:06 targetEndTime = 06:35:08
11/3/2024 18:35:07 [Information] Stepper Motor Controller Disable Z Axis controls while moving to location.
11/3/2024 18:35:07 [Information] Time remaining: 00:00:06 targetEndTime = 06:35:08
11/3/2024 18:35:07 [Information] Stepper Motor Controller Disable Z Axis controls while moving to location.
11/3/2024 18:35:07 [Information] Time remaining: 00:00:06 targetEndTime = 06:35:08
11/3/2024 18:35:07 [Information] Stepper Motor Controller Disable Z Axis controls while moving to location.
11/3/2024 18:35:07 [Information] Time remaining: 00:00:06 targetEndTime = 06:35:08
11/3/2024 18:35:07 [Information] Stepper Motor Controller Disable Z Axis controls while moving to location.
11/3/2024 18:35:07 [Information] Time remaining: 00:00:06 targetEndTime = 06:35:08
11/3/2024 18:35:07 [Information] Stepper Motor Controller Disable Z Axis controls while moving to location.
11/3/2024 18:35:07 [Information] Time remaining: 00:00:06 targetEndTime = 06:35:08
11/3/2024 18:35:07 [Information] Stepper Motor Controller Disable Z Axis controls while moving to location.
11/3/2024 18:35:07 [Information] Time remaining: 00:00:06 targetEndTime = 06:35:08
11/3/2024 18:35:07 [Information] Stepper Motor Controller Disable Z Axis controls while moving to location.
11/3/2024 18:35:07 [Information] Time remaining: 00:00:07 targetEndTime = 06:35:08
11/3/2024 18:35:07 [Information] Stepper Motor Controller Disable Z Axis controls while moving to location.
11/3/2024 18:35:07 [Information] Time remaining: 00:00:07 targetEndTime = 06:35:08
11/3/2024 18:35:07 [Information] Stepper Motor Controller Disable Z Axis controls while moving to location.
11/3/2024 18:35:07 [Information] Time remaining: 00:00:07 targetEndTime = 06:35:08
11/3/2024 18:35:07 [Information] Stepper Motor Controller Disable Z Axis controls while moving to location.
11/3/2024 18:35:07 [Information] Time remaining: 00:00:07 targetEndTime = 06:35:08
11/3/2024 18:35:07 [Information] Stepper Motor Controller Disable Z Axis controls while moving to location.
11/3/2024 18:35:07 [Information] Time remaining: 00:00:07 targetEndTime = 06:35:08
11/3/2024 18:35:07 [Information] Stepper Motor Controller Disable Z Axis controls while moving to location.
11/3/2024 18:35:07 [Information] Time remaining: 00:00:07 targetEndTime = 06:35:08
11/3/2024 18:35:07 [Information] Stepper Motor Controller Disable Z Axis controls while moving to location.
11/3/2024 18:35:07 [Information] Time remaining: 00:00:07 targetEndTime = 06:35:08
11/3/2024 18:35:07 [Information] Stepper Motor Controller Disable Z Axis controls while moving to location.
11/3/2024 18:35:07 [Information] Time remaining: 00:00:07 targetEndTime = 06:35:08
11/3/2024 18:35:07 [Information] Stepper Motor Controller Disable Z Axis controls while moving to location.
11/3/2024 18:35:07 [Information] Time remaining: 00:00:07 targetEndTime = 06:35:08
11/3/2024 18:35:07 [Information] Stepper Motor Controller Disable Z Axis controls while moving to location.
11/3/2024 18:35:07 [Information] Time remaining: 00:00:07 targetEndTime = 06:35:08
11/3/2024 18:35:07 [Information] Stepper Motor Controller Disable Z Axis controls while moving to location.
11/3/2024 18:35:07 [Information] Time remaining: 00:00:07 targetEndTime = 06:35:08
11/3/2024 18:35:07 [Information] Stepper Motor Controller Disable Z Axis controls while moving to location.
11/3/2024 18:35:07 [Information] Time remaining: 00:00:07 targetEndTime = 06:35:08
11/3/2024 18:35:07 [Information] Stepper Motor Controller Disable Z Axis controls while moving to location.
11/3/2024 18:35:07 [Information] Time remaining: 00:00:07 targetEndTime = 06:35:08
11/3/2024 18:35:07 [Information] Stepper Motor Controller Disable Z Axis controls while moving to location.
11/3/2024 18:35:07 [Information] Time remaining: 00:00:07 targetEndTime = 06:35:08
11/3/2024 18:35:07 [Information] Stepper Motor Controller Disable Z Axis controls while moving to location.
11/3/2024 18:35:07 [Information] Time remaining: 00:00:07 targetEndTime = 06:35:08
11/3/2024 18:35:07 [Information] Stepper Motor Controller Disable Z Axis controls while moving to location.
11/3/2024 18:35:07 [Information] Time remaining: 00:00:07 targetEndTime = 06:35:08
11/3/2024 18:35:07 [Information] Stepper Motor Controller Disable Z Axis controls while moving to location.
11/3/2024 18:35:07 [Information] Time remaining: 00:00:07 targetEndTime = 06:35:08
11/3/2024 18:35:07 [Information] Stepper Motor Controller Disable Z Axis controls while moving to location.
11/3/2024 18:35:07 [Information] Time remaining: 00:00:07 targetEndTime = 06:35:08
11/3/2024 18:35:07 [Information] Stepper Motor Controller Disable Z Axis controls while moving to location.
11/3/2024 18:35:07 [Information] Time remaining: 00:00:07 targetEndTime = 06:35:08
11/3/2024 18:35:07 [Information] Stepper Motor Controller Disable Z Axis controls while moving to location.
11/3/2024 18:35:07 [Information] Time remaining: 00:00:07 targetEndTime = 06:35:08
11/3/2024 18:35:07 [Information] Stepper Motor Controller Disable Z Axis controls while moving to location.
11/3/2024 18:35:07 [Information] Time remaining: 00:00:07 targetEndTime = 06:35:08
11/3/2024 18:35:07 [Information] Stepper Motor Controller Disable Z Axis controls while moving to location.
11/3/2024 18:35:07 [Information] Time remaining: 00:00:07 targetEndTime = 06:35:08
11/3/2024 18:35:07 [Information] Stepper Motor Controller Disable Z Axis controls while moving to location.
11/3/2024 18:35:07 [Information] Time remaining: 00:00:07 targetEndTime = 06:35:08
11/3/2024 18:35:07 [Information] Stepper Motor Controller Disable Z Axis controls while moving to location.
11/3/2024 18:35:07 [Information] Time remaining: 00:00:07 targetEndTime = 06:35:08
11/3/2024 18:35:07 [Information] Stepper Motor Controller Disable Z Axis controls while moving to location.
11/3/2024 18:35:07 [Information] Time remaining: 00:00:07 targetEndTime = 06:35:08
11/3/2024 18:35:07 [Information] Stepper Motor Controller Disable Z Axis controls while moving to location.
11/3/2024 18:35:07 [Information] Time remaining: 00:00:07 targetEndTime = 06:35:08
11/3/2024 18:35:07 [Information] Stepper Motor Controller Disable Z Axis controls while moving to location.
11/3/2024 18:35:07 [Information] Time remaining: 00:00:07 targetEndTime = 06:35:08
11/3/2024 18:35:07 [Information] Stepper Motor Controller Disable Z Axis controls while moving to location.
11/3/2024 18:35:07 [Information] Time remaining: 00:00:07 targetEndTime = 06:35:08
11/3/2024 18:35:07 [Information] Stepper Motor Controller Disable Z Axis controls while moving to location.
11/3/2024 18:35:07 [Information] Time remaining: 00:00:07 targetEndTime = 06:35:08
11/3/2024 18:35:07 [Information] Stepper Motor Controller Disable Z Axis controls while moving to location.
11/3/2024 18:35:07 [Information] Time remaining: 00:00:07 targetEndTime = 06:35:08
11/3/2024 18:35:07 [Information] Stepper Motor Controller Disable Z Axis controls while moving to location.
11/3/2024 18:35:07 [Information] Time remaining: 00:00:07 targetEndTime = 06:35:08
11/3/2024 18:35:07 [Information] Stepper Motor Controller Disable Z Axis controls while moving to location.
11/3/2024 18:35:07 [Information] Time remaining: 00:00:07 targetEndTime = 06:35:08
11/3/2024 18:35:07 [Information] Stepper Motor Controller Disable Z Axis controls while moving to location.
11/3/2024 18:35:07 [Information] Time remaining: 00:00:07 targetEndTime = 06:35:08
11/3/2024 18:35:07 [Information] Stepper Motor Controller Disable Z Axis controls while moving to location.
11/3/2024 18:35:07 [Information] Time remaining: 00:00:07 targetEndTime = 06:35:08
11/3/2024 18:35:07 [Information] Stepper Motor Controller Disable Z Axis controls while moving to location.
11/3/2024 18:35:07 [Information] Time remaining: 00:00:07 targetEndTime = 06:35:08
11/3/2024 18:35:08 [Information] Stepper Motor Controller Disable Z Axis controls while moving to location.
11/3/2024 18:35:08 [Information] Time remaining: 00:00:07 targetEndTime = 06:35:08
11/3/2024 18:35:08 [Information] Stepper Motor Controller Disable Z Axis controls while moving to location.
11/3/2024 18:35:08 [Information] Time remaining: 00:00:07 targetEndTime = 06:35:08
11/3/2024 18:35:08 [Information] Stepper Motor Controller Disable Z Axis controls while moving to location.
11/3/2024 18:35:08 [Information] Time remaining: 00:00:07 targetEndTime = 06:35:08
11/3/2024 18:35:08 [Information] Stepper Motor Controller Disable Z Axis controls while moving to location.
11/3/2024 18:35:08 [Information] Time remaining: 00:00:07 targetEndTime = 06:35:08
11/3/2024 18:35:08 [Information] Stepper Motor Controller Disable Z Axis controls while moving to location.
11/3/2024 18:35:08 [Information] Time remaining: 00:00:07 targetEndTime = 06:35:08
11/3/2024 18:35:08 [Information] Stepper Motor Controller Disable Z Axis controls while moving to location.
11/3/2024 18:35:08 [Information] Time remaining: 00:00:07 targetEndTime = 06:35:08
11/3/2024 18:35:08 [Information] Stepper Motor Controller Disable Z Axis controls while moving to location.
11/3/2024 18:35:08 [Information] Time remaining: 00:00:07 targetEndTime = 06:35:08
11/3/2024 18:35:08 [Information] Stepper Motor Controller Disable Z Axis controls while moving to location.
11/3/2024 18:35:08 [Information] Time remaining: 00:00:07 targetEndTime = 06:35:08
11/3/2024 18:35:08 [Information] Stepper Motor Controller Disable Z Axis controls while moving to location.
11/3/2024 18:35:08 [Information] Time remaining: 00:00:07 targetEndTime = 06:35:08
11/3/2024 18:35:08 [Information] Stepper Motor Controller Disable Z Axis controls while moving to location.
11/3/2024 18:35:08 [Information] Time remaining: 00:00:07 targetEndTime = 06:35:08
11/3/2024 18:35:08 [Information] Stepper Motor Controller Disable Z Axis controls while moving to location.
11/3/2024 18:35:08 [Information] Time remaining: 00:00:07 targetEndTime = 06:35:08
11/3/2024 18:35:08 [Information] Stepper Motor Controller Disable Z Axis controls while moving to location.
11/3/2024 18:35:08 [Information] Time remaining: 00:00:07 targetEndTime = 06:35:08
11/3/2024 18:35:08 [Information] Stepper Motor Controller Disable Z Axis controls while moving to location.
11/3/2024 18:35:08 [Information] Time remaining: 00:00:07 targetEndTime = 06:35:08
11/3/2024 18:35:08 [Information] Stepper Motor Controller Disable Z Axis controls while moving to location.
11/3/2024 18:35:08 [Information] Time remaining: 00:00:07 targetEndTime = 06:35:08
11/3/2024 18:35:08 [Information] Stepper Motor Controller Disable Z Axis controls while moving to location.
11/3/2024 18:35:08 [Information] Time remaining: 00:00:07 targetEndTime = 06:35:08
11/3/2024 18:35:08 [Information] Stepper Motor Controller Disable Z Axis controls while moving to location.
11/3/2024 18:35:08 [Information] Time remaining: 00:00:07 targetEndTime = 06:35:08
11/3/2024 18:35:08 [Information] Stepper Motor Controller Disable Z Axis controls while moving to location.
11/3/2024 18:35:08 [Information] Time remaining: 00:00:07 targetEndTime = 06:35:08
11/3/2024 18:35:08 [Information] Stepper Motor Controller Disable Z Axis controls while moving to location.
11/3/2024 18:35:08 [Information] Time remaining: 00:00:07 targetEndTime = 06:35:08
11/3/2024 18:35:08 [Information] Stepper Motor Controller Disable Z Axis controls while moving to location.
11/3/2024 18:35:08 [Information] Time remaining: 00:00:07 targetEndTime = 06:35:08
11/3/2024 18:35:08 [Information] Stepper Motor Controller Disable Z Axis controls while moving to location.
11/3/2024 18:35:08 [Information] Time remaining: 00:00:07 targetEndTime = 06:35:08
11/3/2024 18:35:08 [Information] Stepper Motor Controller Disable Z Axis controls while moving to location.
11/3/2024 18:35:08 [Information] Time remaining: 00:00:07 targetEndTime = 06:35:08
11/3/2024 18:35:08 [Information] Stepper Motor Controller Enable Z Axis controls after moving to location.
11/3/2024 18:35:08 [Information] Stepper Motor Controller Stopwatch Stopped.
11/3/2024 18:35:08 [Information] Stepper Motor Controller Timer Stopped.
11/3/2024 18:35:08 [Information] Stepper Motor Controller Stopwatch Reset.
11/3/2024 18:35:14 [Information] ZAxisRun_Click button clicked:
11/3/2024 18:35:14 [Information] Z Axis MotorMovementSeconds decimal: (64.00 / 4) / 2 = 8.00
11/3/2024 18:35:14 [Information] Z Axis myMovementTimer int: 1000 * 8.00 = 8000
11/3/2024 18:35:15 [Information] Z Axis Run Event: Z,0.00,400.00,0,0.00,400.00,0,192.00,400.00,0
11/3/2024 18:35:15 [Information] Z Axis Current Time: 06:35:15 + 8000 = targetEndTime: 06:35:23
11/3/2024 18:35:15 [Information] Stepper Motor Controller Disable Z Axis controls while moving to location.
11/3/2024 18:35:15 [Information] Time remaining: 00:00:00 targetEndTime = 06:35:23
11/3/2024 18:35:15 [Information] Stepper Motor Controller Disable Z Axis controls while moving to location.
11/3/2024 18:35:15 [Information] Time remaining: 00:00:00 targetEndTime = 06:35:23
11/3/2024 18:35:15 [Information] Stepper Motor Controller Disable Z Axis controls while moving to location.
11/3/2024 18:35:15 [Information] Time remaining: 00:00:00 targetEndTime = 06:35:23
11/3/2024 18:35:15 [Information] Stepper Motor Controller Disable Z Axis controls while moving to location.
11/3/2024 18:35:15 [Information] Time remaining: 00:00:00 targetEndTime = 06:35:23
11/3/2024 18:35:15 [Information] Stepper Motor Controller Disable Z Axis controls while moving to location.
11/3/2024 18:35:15 [Information] Time remaining: 00:00:00 targetEndTime = 06:35:23
11/3/2024 18:35:15 [Information] Stepper Motor Controller Disable Z Axis controls while moving to location.
11/3/2024 18:35:15 [Information] Time remaining: 00:00:00 targetEndTime = 06:35:23
11/3/2024 18:35:15 [Information] Stepper Motor Controller Disable Z Axis controls while moving to location.
11/3/2024 18:35:15 [Information] Time remaining: 00:00:00 targetEndTime = 06:35:23
11/3/2024 18:35:15 [Information] Stepper Motor Controller Disable Z Axis controls while moving to location.
11/3/2024 18:35:15 [Information] Time remaining: 00:00:00 targetEndTime = 06:35:23
11/3/2024 18:35:15 [Information] Stepper Motor Controller Disable Z Axis controls while moving to location.
11/3/2024 18:35:15 [Information] Time remaining: 00:00:00 targetEndTime = 06:35:23
11/3/2024 18:35:15 [Information] Stepper Motor Controller Disable Z Axis controls while moving to location.
11/3/2024 18:35:15 [Information] Time remaining: 00:00:00 targetEndTime = 06:35:23
11/3/2024 18:35:15 [Information] Stepper Motor Controller Disable Z Axis controls while moving to location.
11/3/2024 18:35:15 [Information] Time remaining: 00:00:00 targetEndTime = 06:35:23
11/3/2024 18:35:15 [Information] Stepper Motor Controller Disable Z Axis controls while moving to location.
11/3/2024 18:35:15 [Information] Time remaining: 00:00:00 targetEndTime = 06:35:23
11/3/2024 18:35:15 [Information] Stepper Motor Controller Disable Z Axis controls while moving to location.
11/3/2024 18:35:15 [Information] Time remaining: 00:00:00 targetEndTime = 06:35:23
11/3/2024 18:35:15 [Information] Stepper Motor Controller Disable Z Axis controls while moving to location.
11/3/2024 18:35:15 [Information] Time remaining: 00:00:00 targetEndTime = 06:35:23
11/3/2024 18:35:15 [Information] Stepper Motor Controller Disable Z Axis controls while moving to location.
11/3/2024 18:35:15 [Information] Time remaining: 00:00:00 targetEndTime = 06:35:23
11/3/2024 18:35:15 [Information] Stepper Motor Controller Disable Z Axis controls while moving to location.
11/3/2024 18:35:15 [Information] Time remaining: 00:00:00 targetEndTime = 06:35:23
11/3/2024 18:35:15 [Information] Stepper Motor Controller Disable Z Axis controls while moving to location.
11/3/2024 18:35:15 [Information] Time remaining: 00:00:00 targetEndTime = 06:35:23
11/3/2024 18:35:15 [Information] Stepper Motor Controller Disable Z Axis controls while moving to location.
11/3/2024 18:35:15 [Information] Time remaining: 00:00:00 targetEndTime = 06:35:23
11/3/2024 18:35:15 [Information] Stepper Motor Controller Disable Z Axis controls while moving to location.
11/3/2024 18:35:15 [Information] Time remaining: 00:00:00 targetEndTime = 06:35:23
11/3/2024 18:35:15 [Information] Stepper Motor Controller Disable Z Axis controls while moving to location.
11/3/2024 18:35:15 [Information] Time remaining: 00:00:00 targetEndTime = 06:35:23
11/3/2024 18:35:15 [Information] Stepper Motor Controller Disable Z Axis controls while moving to location.
11/3/2024 18:35:15 [Information] Time remaining: 00:00:00 targetEndTime = 06:35:23
11/3/2024 18:35:15 [Information] Stepper Motor Controller Disable Z Axis controls while moving to location.
11/3/2024 18:35:15 [Information] Time remaining: 00:00:00 targetEndTime = 06:35:23
11/3/2024 18:35:15 [Information] Stepper Motor Controller Disable Z Axis controls while moving to location.
11/3/2024 18:35:15 [Information] Time remaining: 00:00:00 targetEndTime = 06:35:23
11/3/2024 18:35:15 [Information] Stepper Motor Controller Disable Z Axis controls while moving to location.
11/3/2024 18:35:15 [Information] Time remaining: 00:00:00 targetEndTime = 06:35:23
11/3/2024 18:35:15 [Information] Stepper Motor Controller Disable Z Axis controls while moving to location.
11/3/2024 18:35:15 [Information] Time remaining: 00:00:00 targetEndTime = 06:35:23
11/3/2024 18:35:15 [Information] Stepper Motor Controller Disable Z Axis controls while moving to location.
11/3/2024 18:35:15 [Information] Time remaining: 00:00:00 targetEndTime = 06:35:23
11/3/2024 18:35:15 [Information] Stepper Motor Controller Disable Z Axis controls while moving to location.
11/3/2024 18:35:15 [Information] Time remaining: 00:00:00 targetEndTime = 06:35:23
11/3/2024 18:35:15 [Information] Stepper Motor Controller Disable Z Axis controls while moving to location.
11/3/2024 18:35:15 [Information] Time remaining: 00:00:00 targetEndTime = 06:35:23
11/3/2024 18:35:15 [Information] Stepper Motor Controller Disable Z Axis controls while moving to location.
11/3/2024 18:35:15 [Information] Time remaining: 00:00:00 targetEndTime = 06:35:23
11/3/2024 18:35:15 [Information] Stepper Motor Controller Disable Z Axis controls while moving to location.
11/3/2024 18:35:15 [Information] Time remaining: 00:00:00 targetEndTime = 06:35:23
11/3/2024 18:35:15 [Information] Stepper Motor Controller Disable Z Axis controls while moving to location.
11/3/2024 18:35:15 [Information] Time remaining: 00:00:00 targetEndTime = 06:35:23
11/3/2024 18:35:15 [Information] Stepper Motor Controller Disable Z Axis controls while moving to location.
11/3/2024 18:35:15 [Information] Time remaining: 00:00:00 targetEndTime = 06:35:23
11/3/2024 18:35:15 [Information] Stepper Motor Controller Disable Z Axis controls while moving to location.
11/3/2024 18:35:15 [Information] Time remaining: 00:00:00 targetEndTime = 06:35:23
11/3/2024 18:35:15 [Information] Stepper Motor Controller Disable Z Axis controls while moving to location.
11/3/2024 18:35:15 [Information] Time remaining: 00:00:00 targetEndTime = 06:35:23
11/3/2024 18:35:15 [Information] Stepper Motor Controller Disable Z Axis controls while moving to location.
11/3/2024 18:35:15 [Information] Time remaining: 00:00:00 targetEndTime = 06:35:23
11/3/2024 18:35:15 [Information] Stepper Motor Controller Disable Z Axis controls while moving to location.
11/3/2024 18:35:15 [Information] Time remaining: 00:00:00 targetEndTime = 06:35:23
11/3/2024 18:35:15 [Information] Stepper Motor Controller Disable Z Axis controls while moving to location.
11/3/2024 18:35:15 [Information] Time remaining: 00:00:00 targetEndTime = 06:35:23
11/3/2024 18:35:15 [Information] Stepper Motor Controller Disable Z Axis controls while moving to location.
11/3/2024 18:35:15 [Information] Time remaining: 00:00:00 targetEndTime = 06:35:23
11/3/2024 18:35:15 [Information] Stepper Motor Controller Disable Z Axis controls while moving to location.
11/3/2024 18:35:15 [Information] Time remaining: 00:00:00 targetEndTime = 06:35:23
11/3/2024 18:35:15 [Information] Stepper Motor Controller Disable Z Axis controls while moving to location.
11/3/2024 18:35:15 [Information] Time remaining: 00:00:00 targetEndTime = 06:35:23
11/3/2024 18:35:15 [Information] Stepper Motor Controller Disable Z Axis controls while moving to location.
11/3/2024 18:35:15 [Information] Time remaining: 00:00:00 targetEndTime = 06:35:23
11/3/2024 18:35:16 [Information] Stepper Motor Controller Disable Z Axis controls while moving to location.
11/3/2024 18:35:16 [Information] Time remaining: 00:00:00 targetEndTime = 06:35:23
11/3/2024 18:35:16 [Information] Stepper Motor Controller Disable Z Axis controls while moving to location.
11/3/2024 18:35:16 [Information] Time remaining: 00:00:00 targetEndTime = 06:35:23
11/3/2024 18:35:16 [Information] Stepper Motor Controller Disable Z Axis controls while moving to location.
11/3/2024 18:35:16 [Information] Time remaining: 00:00:00 targetEndTime = 06:35:23
11/3/2024 18:35:16 [Information] Stepper Motor Controller Disable Z Axis controls while moving to location.
11/3/2024 18:35:16 [Information] Time remaining: 00:00:00 targetEndTime = 06:35:23
11/3/2024 18:35:16 [Information] Stepper Motor Controller Disable Z Axis controls while moving to location.
11/3/2024 18:35:16 [Information] Time remaining: 00:00:00 targetEndTime = 06:35:23
11/3/2024 18:35:16 [Information] Stepper Motor Controller Disable Z Axis controls while moving to location.
11/3/2024 18:35:16 [Information] Time remaining: 00:00:00 targetEndTime = 06:35:23
11/3/2024 18:35:16 [Information] Stepper Motor Controller Disable Z Axis controls while moving to location.
11/3/2024 18:35:16 [Information] Time remaining: 00:00:00 targetEndTime = 06:35:23
11/3/2024 18:35:16 [Information] Stepper Motor Controller Disable Z Axis controls while moving to location.
11/3/2024 18:35:16 [Information] Time remaining: 00:00:00 targetEndTime = 06:35:23
11/3/2024 18:35:16 [Information] Stepper Motor Controller Disable Z Axis controls while moving to location.
11/3/2024 18:35:16 [Information] Time remaining: 00:00:00 targetEndTime = 06:35:23
11/3/2024 18:35:16 [Information] Stepper Motor Controller Disable Z Axis controls while moving to location.
11/3/2024 18:35:16 [Information] Time remaining: 00:00:00 targetEndTime = 06:35:23
11/3/2024 18:35:16 [Information] Stepper Motor Controller Disable Z Axis controls while moving to location.
11/3/2024 18:35:16 [Information] Time remaining: 00:00:00 targetEndTime = 06:35:23
11/3/2024 18:35:16 [Information] Stepper Motor Controller Disable Z Axis controls while moving to location.
11/3/2024 18:35:16 [Information] Time remaining: 00:00:01 targetEndTime = 06:35:23
11/3/2024 18:35:16 [Information] Stepper Motor Controller Disable Z Axis controls while moving to location.
11/3/2024 18:35:16 [Information] Time remaining: 00:00:01 targetEndTime = 06:35:23
11/3/2024 18:35:16 [Information] Stepper Motor Controller Disable Z Axis controls while moving to location.
11/3/2024 18:35:16 [Information] Time remaining: 00:00:01 targetEndTime = 06:35:23
11/3/2024 18:35:16 [Information] Stepper Motor Controller Disable Z Axis controls while moving to location.
11/3/2024 18:35:16 [Information] Time remaining: 00:00:01 targetEndTime = 06:35:23
11/3/2024 18:35:16 [Information] Stepper Motor Controller Disable Z Axis controls while moving to location.
11/3/2024 18:35:16 [Information] Time remaining: 00:00:01 targetEndTime = 06:35:23
11/3/2024 18:35:16 [Information] Stepper Motor Controller Disable Z Axis controls while moving to location.
11/3/2024 18:35:16 [Information] Time remaining: 00:00:01 targetEndTime = 06:35:23
11/3/2024 18:35:16 [Information] Stepper Motor Controller Disable Z Axis controls while moving to location.
11/3/2024 18:35:16 [Information] Time remaining: 00:00:01 targetEndTime = 06:35:23
11/3/2024 18:35:16 [Information] Stepper Motor Controller Disable Z Axis controls while moving to location.
11/3/2024 18:35:16 [Information] Time remaining: 00:00:01 targetEndTime = 06:35:23
11/3/2024 18:35:16 [Information] Stepper Motor Controller Disable Z Axis controls while moving to location.
11/3/2024 18:35:16 [Information] Time remaining: 00:00:01 targetEndTime = 06:35:23
11/3/2024 18:35:16 [Information] Stepper Motor Controller Disable Z Axis controls while moving to location.
11/3/2024 18:35:16 [Information] Time remaining: 00:00:01 targetEndTime = 06:35:23
11/3/2024 18:35:16 [Information] Stepper Motor Controller Disable Z Axis controls while moving to location.
11/3/2024 18:35:16 [Information] Time remaining: 00:00:01 targetEndTime = 06:35:23
11/3/2024 18:35:16 [Information] Stepper Motor Controller Disable Z Axis controls while moving to location.
11/3/2024 18:35:16 [Information] Time remaining: 00:00:01 targetEndTime = 06:35:23
11/3/2024 18:35:16 [Information] Stepper Motor Controller Disable Z Axis controls while moving to location.
11/3/2024 18:35:16 [Information] Time remaining: 00:00:01 targetEndTime = 06:35:23
11/3/2024 18:35:16 [Information] Stepper Motor Controller Disable Z Axis controls while moving to location.
11/3/2024 18:35:16 [Information] Time remaining: 00:00:01 targetEndTime = 06:35:23
11/3/2024 18:35:16 [Information] Stepper Motor Controller Disable Z Axis controls while moving to location.
11/3/2024 18:35:16 [Information] Time remaining: 00:00:01 targetEndTime = 06:35:23
11/3/2024 18:35:16 [Information] Stepper Motor Controller Disable Z Axis controls while moving to location.
11/3/2024 18:35:16 [Information] Time remaining: 00:00:01 targetEndTime = 06:35:23
11/3/2024 18:35:16 [Information] Stepper Motor Controller Disable Z Axis controls while moving to location.
11/3/2024 18:35:16 [Information] Time remaining: 00:00:01 targetEndTime = 06:35:23
11/3/2024 18:35:16 [Information] Stepper Motor Controller Disable Z Axis controls while moving to location.
11/3/2024 18:35:16 [Information] Time remaining: 00:00:01 targetEndTime = 06:35:23
11/3/2024 18:35:16 [Information] Stepper Motor Controller Disable Z Axis controls while moving to location.
11/3/2024 18:35:16 [Information] Time remaining: 00:00:01 targetEndTime = 06:35:23
11/3/2024 18:35:16 [Information] Stepper Motor Controller Disable Z Axis controls while moving to location.
11/3/2024 18:35:16 [Information] Time remaining: 00:00:01 targetEndTime = 06:35:23
11/3/2024 18:35:16 [Information] Stepper Motor Controller Disable Z Axis controls while moving to location.
11/3/2024 18:35:16 [Information] Time remaining: 00:00:01 targetEndTime = 06:35:23
11/3/2024 18:35:16 [Information] Stepper Motor Controller Disable Z Axis controls while moving to location.
11/3/2024 18:35:16 [Information] Time remaining: 00:00:01 targetEndTime = 06:35:23
11/3/2024 18:35:16 [Information] Stepper Motor Controller Disable Z Axis controls while moving to location.
11/3/2024 18:35:16 [Information] Time remaining: 00:00:01 targetEndTime = 06:35:23
11/3/2024 18:35:16 [Information] Stepper Motor Controller Disable Z Axis controls while moving to location.
11/3/2024 18:35:16 [Information] Time remaining: 00:00:01 targetEndTime = 06:35:23
11/3/2024 18:35:16 [Information] Stepper Motor Controller Disable Z Axis controls while moving to location.
11/3/2024 18:35:16 [Information] Time remaining: 00:00:01 targetEndTime = 06:35:23
11/3/2024 18:35:16 [Information] Stepper Motor Controller Disable Z Axis controls while moving to location.
11/3/2024 18:35:16 [Information] Time remaining: 00:00:01 targetEndTime = 06:35:23
11/3/2024 18:35:16 [Information] Stepper Motor Controller Disable Z Axis controls while moving to location.
11/3/2024 18:35:16 [Information] Time remaining: 00:00:01 targetEndTime = 06:35:23
11/3/2024 18:35:16 [Information] Stepper Motor Controller Disable Z Axis controls while moving to location.
11/3/2024 18:35:16 [Information] Time remaining: 00:00:01 targetEndTime = 06:35:23
11/3/2024 18:35:16 [Information] Stepper Motor Controller Disable Z Axis controls while moving to location.
11/3/2024 18:35:16 [Information] Time remaining: 00:00:01 targetEndTime = 06:35:23
11/3/2024 18:35:16 [Information] Stepper Motor Controller Disable Z Axis controls while moving to location.
11/3/2024 18:35:16 [Information] Time remaining: 00:00:01 targetEndTime = 06:35:23
11/3/2024 18:35:16 [Information] Stepper Motor Controller Disable Z Axis controls while moving to location.
11/3/2024 18:35:16 [Information] Time remaining: 00:00:01 targetEndTime = 06:35:23
11/3/2024 18:35:16 [Information] Stepper Motor Controller Disable Z Axis controls while moving to location.
11/3/2024 18:35:16 [Information] Time remaining: 00:00:01 targetEndTime = 06:35:23
11/3/2024 18:35:16 [Information] Stepper Motor Controller Disable Z Axis controls while moving to location.
11/3/2024 18:35:16 [Information] Time remaining: 00:00:01 targetEndTime = 06:35:23
11/3/2024 18:35:16 [Information] Stepper Motor Controller Disable Z Axis controls while moving to location.
11/3/2024 18:35:16 [Information] Time remaining: 00:00:01 targetEndTime = 06:35:23
11/3/2024 18:35:16 [Information] Stepper Motor Controller Disable Z Axis controls while moving to location.
11/3/2024 18:35:16 [Information] Time remaining: 00:00:01 targetEndTime = 06:35:23
11/3/2024 18:35:17 [Information] Stepper Motor Controller Disable Z Axis controls while moving to location.
11/3/2024 18:35:17 [Information] Time remaining: 00:00:01 targetEndTime = 06:35:23
11/3/2024 18:35:17 [Information] Stepper Motor Controller Disable Z Axis controls while moving to location.
11/3/2024 18:35:17 [Information] Time remaining: 00:00:01 targetEndTime = 06:35:23
11/3/2024 18:35:17 [Information] Stepper Motor Controller Disable Z Axis controls while moving to location.
11/3/2024 18:35:17 [Information] Time remaining: 00:00:01 targetEndTime = 06:35:23
11/3/2024 18:35:17 [Information] Stepper Motor Controller Disable Z Axis controls while moving to location.
11/3/2024 18:35:17 [Information] Time remaining: 00:00:01 targetEndTime = 06:35:23
11/3/2024 18:35:17 [Information] Stepper Motor Controller Disable Z Axis controls while moving to location.
11/3/2024 18:35:17 [Information] Time remaining: 00:00:01 targetEndTime = 06:35:23
11/3/2024 18:35:17 [Information] Stepper Motor Controller Disable Z Axis controls while moving to location.
11/3/2024 18:35:17 [Information] Time remaining: 00:00:01 targetEndTime = 06:35:23
11/3/2024 18:35:17 [Information] Stepper Motor Controller Disable Z Axis controls while moving to location.
11/3/2024 18:35:17 [Information] Time remaining: 00:00:01 targetEndTime = 06:35:23
11/3/2024 18:35:17 [Information] Stepper Motor Controller Disable Z Axis controls while moving to location.
11/3/2024 18:35:17 [Information] Time remaining: 00:00:01 targetEndTime = 06:35:23
11/3/2024 18:35:17 [Information] Stepper Motor Controller Disable Z Axis controls while moving to location.
11/3/2024 18:35:17 [Information] Time remaining: 00:00:01 targetEndTime = 06:35:23
11/3/2024 18:35:17 [Information] Stepper Motor Controller Disable Z Axis controls while moving to location.
11/3/2024 18:35:17 [Information] Time remaining: 00:00:01 targetEndTime = 06:35:23
11/3/2024 18:35:17 [Information] Stepper Motor Controller Disable Z Axis controls while moving to location.
11/3/2024 18:35:17 [Information] Time remaining: 00:00:01 targetEndTime = 06:35:23
11/3/2024 18:35:17 [Information] Stepper Motor Controller Disable Z Axis controls while moving to location.
11/3/2024 18:35:17 [Information] Time remaining: 00:00:01 targetEndTime = 06:35:23
11/3/2024 18:35:17 [Information] Stepper Motor Controller Disable Z Axis controls while moving to location.
11/3/2024 18:35:17 [Information] Time remaining: 00:00:02 targetEndTime = 06:35:23
11/3/2024 18:35:17 [Information] Stepper Motor Controller Disable Z Axis controls while moving to location.
11/3/2024 18:35:17 [Information] Time remaining: 00:00:02 targetEndTime = 06:35:23
11/3/2024 18:35:17 [Information] Stepper Motor Controller Disable Z Axis controls while moving to location.
11/3/2024 18:35:17 [Information] Time remaining: 00:00:02 targetEndTime = 06:35:23
11/3/2024 18:35:17 [Information] Stepper Motor Controller Disable Z Axis controls while moving to location.
11/3/2024 18:35:17 [Information] Time remaining: 00:00:02 targetEndTime = 06:35:23
11/3/2024 18:35:17 [Information] Stepper Motor Controller Disable Z Axis controls while moving to location.
11/3/2024 18:35:17 [Information] Time remaining: 00:00:02 targetEndTime = 06:35:23
11/3/2024 18:35:17 [Information] Stepper Motor Controller Disable Z Axis controls while moving to location.
11/3/2024 18:35:17 [Information] Time remaining: 00:00:02 targetEndTime = 06:35:23
11/3/2024 18:35:17 [Information] Stepper Motor Controller Disable Z Axis controls while moving to location.
11/3/2024 18:35:17 [Information] Time remaining: 00:00:02 targetEndTime = 06:35:23
11/3/2024 18:35:17 [Information] Stepper Motor Controller Disable Z Axis controls while moving to location.
11/3/2024 18:35:17 [Information] Time remaining: 00:00:02 targetEndTime = 06:35:23
11/3/2024 18:35:17 [Information] Stepper Motor Controller Disable Z Axis controls while moving to location.
11/3/2024 18:35:17 [Information] Time remaining: 00:00:02 targetEndTime = 06:35:23
11/3/2024 18:35:17 [Information] Stepper Motor Controller Disable Z Axis controls while moving to location.
11/3/2024 18:35:17 [Information] Time remaining: 00:00:02 targetEndTime = 06:35:23
11/3/2024 18:35:17 [Information] Stepper Motor Controller Disable Z Axis controls while moving to location.
11/3/2024 18:35:17 [Information] Time remaining: 00:00:02 targetEndTime = 06:35:23
11/3/2024 18:35:17 [Information] Stepper Motor Controller Disable Z Axis controls while moving to location.
11/3/2024 18:35:17 [Information] Time remaining: 00:00:02 targetEndTime = 06:35:23
11/3/2024 18:35:17 [Information] Stepper Motor Controller Disable Z Axis controls while moving to location.
11/3/2024 18:35:17 [Information] Time remaining: 00:00:02 targetEndTime = 06:35:23
11/3/2024 18:35:17 [Information] Stepper Motor Controller Disable Z Axis controls while moving to location.
11/3/2024 18:35:17 [Information] Time remaining: 00:00:02 targetEndTime = 06:35:23
11/3/2024 18:35:17 [Information] Stepper Motor Controller Disable Z Axis controls while moving to location.
11/3/2024 18:35:17 [Information] Time remaining: 00:00:02 targetEndTime = 06:35:23
11/3/2024 18:35:17 [Information] Stepper Motor Controller Disable Z Axis controls while moving to location.
11/3/2024 18:35:17 [Information] Time remaining: 00:00:02 targetEndTime = 06:35:23
11/3/2024 18:35:17 [Information] Stepper Motor Controller Disable Z Axis controls while moving to location.
11/3/2024 18:35:17 [Information] Time remaining: 00:00:02 targetEndTime = 06:35:23
11/3/2024 18:35:17 [Information] Stepper Motor Controller Disable Z Axis controls while moving to location.
11/3/2024 18:35:17 [Information] Time remaining: 00:00:02 targetEndTime = 06:35:23
11/3/2024 18:35:17 [Information] Stepper Motor Controller Disable Z Axis controls while moving to location.
11/3/2024 18:35:17 [Information] Time remaining: 00:00:02 targetEndTime = 06:35:23
11/3/2024 18:35:17 [Information] Stepper Motor Controller Disable Z Axis controls while moving to location.
11/3/2024 18:35:17 [Information] Time remaining: 00:00:02 targetEndTime = 06:35:23
11/3/2024 18:35:17 [Information] Stepper Motor Controller Disable Z Axis controls while moving to location.
11/3/2024 18:35:17 [Information] Time remaining: 00:00:02 targetEndTime = 06:35:23
11/3/2024 18:35:17 [Information] Stepper Motor Controller Disable Z Axis controls while moving to location.
11/3/2024 18:35:17 [Information] Time remaining: 00:00:02 targetEndTime = 06:35:23
11/3/2024 18:35:17 [Information] Stepper Motor Controller Disable Z Axis controls while moving to location.
11/3/2024 18:35:17 [Information] Time remaining: 00:00:02 targetEndTime = 06:35:23
11/3/2024 18:35:17 [Information] Stepper Motor Controller Disable Z Axis controls while moving to location.
11/3/2024 18:35:17 [Information] Time remaining: 00:00:02 targetEndTime = 06:35:23
11/3/2024 18:35:17 [Information] Stepper Motor Controller Disable Z Axis controls while moving to location.
11/3/2024 18:35:17 [Information] Time remaining: 00:00:02 targetEndTime = 06:35:23
11/3/2024 18:35:17 [Information] Stepper Motor Controller Disable Z Axis controls while moving to location.
11/3/2024 18:35:17 [Information] Time remaining: 00:00:02 targetEndTime = 06:35:23
11/3/2024 18:35:17 [Information] Stepper Motor Controller Disable Z Axis controls while moving to location.
11/3/2024 18:35:17 [Information] Time remaining: 00:00:02 targetEndTime = 06:35:23
11/3/2024 18:35:17 [Information] Stepper Motor Controller Disable Z Axis controls while moving to location.
11/3/2024 18:35:17 [Information] Time remaining: 00:00:02 targetEndTime = 06:35:23
11/3/2024 18:35:17 [Information] Stepper Motor Controller Disable Z Axis controls while moving to location.
11/3/2024 18:35:17 [Information] Time remaining: 00:00:02 targetEndTime = 06:35:23
11/3/2024 18:35:17 [Information] Stepper Motor Controller Disable Z Axis controls while moving to location.
11/3/2024 18:35:17 [Information] Time remaining: 00:00:02 targetEndTime = 06:35:23
11/3/2024 18:35:17 [Information] Stepper Motor Controller Disable Z Axis controls while moving to location.
11/3/2024 18:35:17 [Information] Time remaining: 00:00:02 targetEndTime = 06:35:23
11/3/2024 18:35:17 [Information] Stepper Motor Controller Disable Z Axis controls while moving to location.
11/3/2024 18:35:17 [Information] Time remaining: 00:00:02 targetEndTime = 06:35:23
11/3/2024 18:35:17 [Information] Stepper Motor Controller Disable Z Axis controls while moving to location.
11/3/2024 18:35:17 [Information] Time remaining: 00:00:02 targetEndTime = 06:35:23
11/3/2024 18:35:17 [Information] Stepper Motor Controller Disable Z Axis controls while moving to location.
11/3/2024 18:35:17 [Information] Time remaining: 00:00:02 targetEndTime = 06:35:23
11/3/2024 18:35:17 [Information] Stepper Motor Controller Disable Z Axis controls while moving to location.
11/3/2024 18:35:17 [Information] Time remaining: 00:00:02 targetEndTime = 06:35:23
11/3/2024 18:35:17 [Information] Stepper Motor Controller Disable Z Axis controls while moving to location.
11/3/2024 18:35:17 [Information] Time remaining: 00:00:02 targetEndTime = 06:35:23
11/3/2024 18:35:17 [Information] Stepper Motor Controller Disable Z Axis controls while moving to location.
11/3/2024 18:35:17 [Information] Time remaining: 00:00:02 targetEndTime = 06:35:23
11/3/2024 18:35:17 [Information] Stepper Motor Controller Disable Z Axis controls while moving to location.
11/3/2024 18:35:17 [Information] Time remaining: 00:00:02 targetEndTime = 06:35:23
11/3/2024 18:35:17 [Information] Stepper Motor Controller Disable Z Axis controls while moving to location.
11/3/2024 18:35:17 [Information] Time remaining: 00:00:02 targetEndTime = 06:35:23
11/3/2024 18:35:17 [Information] Stepper Motor Controller Disable Z Axis controls while moving to location.
11/3/2024 18:35:17 [Information] Time remaining: 00:00:02 targetEndTime = 06:35:23
11/3/2024 18:35:17 [Information] Stepper Motor Controller Disable Z Axis controls while moving to location.
11/3/2024 18:35:17 [Information] Time remaining: 00:00:02 targetEndTime = 06:35:23
11/3/2024 18:35:17 [Information] Stepper Motor Controller Disable Z Axis controls while moving to location.
11/3/2024 18:35:17 [Information] Time remaining: 00:00:02 targetEndTime = 06:35:23
11/3/2024 18:35:17 [Information] Stepper Motor Controller Disable Z Axis controls while moving to location.
11/3/2024 18:35:17 [Information] Time remaining: 00:00:02 targetEndTime = 06:35:23
11/3/2024 18:35:17 [Information] Stepper Motor Controller Disable Z Axis controls while moving to location.
11/3/2024 18:35:17 [Information] Time remaining: 00:00:02 targetEndTime = 06:35:23
11/3/2024 18:35:17 [Information] Stepper Motor Controller Disable Z Axis controls while moving to location.
11/3/2024 18:35:17 [Information] Time remaining: 00:00:02 targetEndTime = 06:35:23
11/3/2024 18:35:17 [Information] Stepper Motor Controller Disable Z Axis controls while moving to location.
11/3/2024 18:35:17 [Information] Time remaining: 00:00:02 targetEndTime = 06:35:23
11/3/2024 18:35:17 [Information] Stepper Motor Controller Disable Z Axis controls while moving to location.
11/3/2024 18:35:17 [Information] Time remaining: 00:00:02 targetEndTime = 06:35:23
11/3/2024 18:35:17 [Information] Stepper Motor Controller Disable Z Axis controls while moving to location.
11/3/2024 18:35:17 [Information] Time remaining: 00:00:02 targetEndTime = 06:35:23
11/3/2024 18:35:17 [Information] Stepper Motor Controller Disable Z Axis controls while moving to location.
11/3/2024 18:35:17 [Information] Time remaining: 00:00:02 targetEndTime = 06:35:23
11/3/2024 18:35:18 [Information] Stepper Motor Controller Disable Z Axis controls while moving to location.
11/3/2024 18:35:18 [Information] Time remaining: 00:00:02 targetEndTime = 06:35:23
11/3/2024 18:35:18 [Information] Stepper Motor Controller Disable Z Axis controls while moving to location.
11/3/2024 18:35:18 [Information] Time remaining: 00:00:02 targetEndTime = 06:35:23
11/3/2024 18:35:18 [Information] Stepper Motor Controller Disable Z Axis controls while moving to location.
11/3/2024 18:35:18 [Information] Time remaining: 00:00:02 targetEndTime = 06:35:23
11/3/2024 18:35:18 [Information] Stepper Motor Controller Disable Z Axis controls while moving to location.
11/3/2024 18:35:18 [Information] Time remaining: 00:00:02 targetEndTime = 06:35:23
11/3/2024 18:35:18 [Information] Stepper Motor Controller Disable Z Axis controls while moving to location.
11/3/2024 18:35:18 [Information] Time remaining: 00:00:02 targetEndTime = 06:35:23
11/3/2024 18:35:18 [Information] Stepper Motor Controller Disable Z Axis controls while moving to location.
11/3/2024 18:35:18 [Information] Time remaining: 00:00:02 targetEndTime = 06:35:23
11/3/2024 18:35:18 [Information] Stepper Motor Controller Disable Z Axis controls while moving to location.
11/3/2024 18:35:18 [Information] Time remaining: 00:00:02 targetEndTime = 06:35:23
11/3/2024 18:35:18 [Information] Stepper Motor Controller Disable Z Axis controls while moving to location.
11/3/2024 18:35:18 [Information] Time remaining: 00:00:02 targetEndTime = 06:35:23
11/3/2024 18:35:18 [Information] Stepper Motor Controller Disable Z Axis controls while moving to location.
11/3/2024 18:35:18 [Information] Time remaining: 00:00:02 targetEndTime = 06:35:23
11/3/2024 18:35:18 [Information] Stepper Motor Controller Disable Z Axis controls while moving to location.
11/3/2024 18:35:18 [Information] Time remaining: 00:00:02 targetEndTime = 06:35:23
11/3/2024 18:35:18 [Information] Stepper Motor Controller Disable Z Axis controls while moving to location.
11/3/2024 18:35:18 [Information] Time remaining: 00:00:02 targetEndTime = 06:35:23
11/3/2024 18:35:18 [Information] Stepper Motor Controller Disable Z Axis controls while moving to location.
11/3/2024 18:35:18 [Information] Time remaining: 00:00:03 targetEndTime = 06:35:23
11/3/2024 18:35:18 [Information] Stepper Motor Controller Disable Z Axis controls while moving to location.
11/3/2024 18:35:18 [Information] Time remaining: 00:00:03 targetEndTime = 06:35:23
11/3/2024 18:35:18 [Information] Stepper Motor Controller Disable Z Axis controls while moving to location.
11/3/2024 18:35:18 [Information] Time remaining: 00:00:03 targetEndTime = 06:35:23
11/3/2024 18:35:18 [Information] Stepper Motor Controller Disable Z Axis controls while moving to location.
11/3/2024 18:35:18 [Information] Time remaining: 00:00:03 targetEndTime = 06:35:23
11/3/2024 18:35:18 [Information] Stepper Motor Controller Disable Z Axis controls while moving to location.
11/3/2024 18:35:18 [Information] Time remaining: 00:00:03 targetEndTime = 06:35:23
11/3/2024 18:35:18 [Information] Stepper Motor Controller Disable Z Axis controls while moving to location.
11/3/2024 18:35:18 [Information] Time remaining: 00:00:03 targetEndTime = 06:35:23
11/3/2024 18:35:18 [Information] Stepper Motor Controller Disable Z Axis controls while moving to location.
11/3/2024 18:35:18 [Information] Time remaining: 00:00:03 targetEndTime = 06:35:23
11/3/2024 18:35:18 [Information] Stepper Motor Controller Disable Z Axis controls while moving to location.
11/3/2024 18:35:18 [Information] Time remaining: 00:00:03 targetEndTime = 06:35:23
11/3/2024 18:35:18 [Information] Stepper Motor Controller Disable Z Axis controls while moving to location.
11/3/2024 18:35:18 [Information] Time remaining: 00:00:03 targetEndTime = 06:35:23
11/3/2024 18:35:18 [Information] Stepper Motor Controller Disable Z Axis controls while moving to location.
11/3/2024 18:35:18 [Information] Time remaining: 00:00:03 targetEndTime = 06:35:23
11/3/2024 18:35:18 [Information] Stepper Motor Controller Disable Z Axis controls while moving to location.
11/3/2024 18:35:18 [Information] Time remaining: 00:00:03 targetEndTime = 06:35:23
11/3/2024 18:35:18 [Information] Stepper Motor Controller Disable Z Axis controls while moving to location.
11/3/2024 18:35:18 [Information] Time remaining: 00:00:03 targetEndTime = 06:35:23
11/3/2024 18:35:18 [Information] Stepper Motor Controller Disable Z Axis controls while moving to location.
11/3/2024 18:35:18 [Information] Time remaining: 00:00:03 targetEndTime = 06:35:23
11/3/2024 18:35:18 [Information] Stepper Motor Controller Disable Z Axis controls while moving to location.
11/3/2024 18:35:18 [Information] Time remaining: 00:00:03 targetEndTime = 06:35:23
11/3/2024 18:35:18 [Information] Stepper Motor Controller Disable Z Axis controls while moving to location.
11/3/2024 18:35:18 [Information] Time remaining: 00:00:03 targetEndTime = 06:35:23
11/3/2024 18:35:18 [Information] Stepper Motor Controller Disable Z Axis controls while moving to location.
11/3/2024 18:35:18 [Information] Time remaining: 00:00:03 targetEndTime = 06:35:23
11/3/2024 18:35:18 [Information] Stepper Motor Controller Disable Z Axis controls while moving to location.
11/3/2024 18:35:18 [Information] Time remaining: 00:00:03 targetEndTime = 06:35:23
11/3/2024 18:35:18 [Information] Stepper Motor Controller Disable Z Axis controls while moving to location.
11/3/2024 18:35:18 [Information] Time remaining: 00:00:03 targetEndTime = 06:35:23
11/3/2024 18:35:18 [Information] Stepper Motor Controller Disable Z Axis controls while moving to location.
11/3/2024 18:35:18 [Information] Time remaining: 00:00:03 targetEndTime = 06:35:23
11/3/2024 18:35:18 [Information] Stepper Motor Controller Disable Z Axis controls while moving to location.
11/3/2024 18:35:18 [Information] Time remaining: 00:00:03 targetEndTime = 06:35:23
11/3/2024 18:35:18 [Information] Stepper Motor Controller Disable Z Axis controls while moving to location.
11/3/2024 18:35:18 [Information] Time remaining: 00:00:03 targetEndTime = 06:35:23
11/3/2024 18:35:18 [Information] Stepper Motor Controller Disable Z Axis controls while moving to location.
11/3/2024 18:35:18 [Information] Time remaining: 00:00:03 targetEndTime = 06:35:23
11/3/2024 18:35:18 [Information] Stepper Motor Controller Disable Z Axis controls while moving to location.
11/3/2024 18:35:18 [Information] Time remaining: 00:00:03 targetEndTime = 06:35:23
11/3/2024 18:35:18 [Information] Stepper Motor Controller Disable Z Axis controls while moving to location.
11/3/2024 18:35:18 [Information] Time remaining: 00:00:03 targetEndTime = 06:35:23
11/3/2024 18:35:18 [Information] Stepper Motor Controller Disable Z Axis controls while moving to location.
11/3/2024 18:35:18 [Information] Time remaining: 00:00:03 targetEndTime = 06:35:23
11/3/2024 18:35:18 [Information] Stepper Motor Controller Disable Z Axis controls while moving to location.
11/3/2024 18:35:18 [Information] Time remaining: 00:00:03 targetEndTime = 06:35:23
11/3/2024 18:35:18 [Information] Stepper Motor Controller Disable Z Axis controls while moving to location.
11/3/2024 18:35:18 [Information] Time remaining: 00:00:03 targetEndTime = 06:35:23
11/3/2024 18:35:18 [Information] Stepper Motor Controller Disable Z Axis controls while moving to location.
11/3/2024 18:35:18 [Information] Time remaining: 00:00:03 targetEndTime = 06:35:23
11/3/2024 18:35:18 [Information] Stepper Motor Controller Disable Z Axis controls while moving to location.
11/3/2024 18:35:18 [Information] Time remaining: 00:00:03 targetEndTime = 06:35:23
11/3/2024 18:35:18 [Information] Stepper Motor Controller Disable Z Axis controls while moving to location.
11/3/2024 18:35:18 [Information] Time remaining: 00:00:03 targetEndTime = 06:35:23
11/3/2024 18:35:18 [Information] Stepper Motor Controller Disable Z Axis controls while moving to location.
11/3/2024 18:35:18 [Information] Time remaining: 00:00:03 targetEndTime = 06:35:23
11/3/2024 18:35:18 [Information] Stepper Motor Controller Disable Z Axis controls while moving to location.
11/3/2024 18:35:18 [Information] Time remaining: 00:00:03 targetEndTime = 06:35:23
11/3/2024 18:35:18 [Information] Stepper Motor Controller Disable Z Axis controls while moving to location.
11/3/2024 18:35:18 [Information] Time remaining: 00:00:03 targetEndTime = 06:35:23
11/3/2024 18:35:18 [Information] Stepper Motor Controller Disable Z Axis controls while moving to location.
11/3/2024 18:35:18 [Information] Time remaining: 00:00:03 targetEndTime = 06:35:23
11/3/2024 18:35:18 [Information] Stepper Motor Controller Disable Z Axis controls while moving to location.
11/3/2024 18:35:18 [Information] Time remaining: 00:00:03 targetEndTime = 06:35:23
11/3/2024 18:35:18 [Information] Stepper Motor Controller Disable Z Axis controls while moving to location.
11/3/2024 18:35:18 [Information] Time remaining: 00:00:03 targetEndTime = 06:35:23
11/3/2024 18:35:18 [Information] Stepper Motor Controller Disable Z Axis controls while moving to location.
11/3/2024 18:35:18 [Information] Time remaining: 00:00:03 targetEndTime = 06:35:23
11/3/2024 18:35:18 [Information] Stepper Motor Controller Disable Z Axis controls while moving to location.
11/3/2024 18:35:18 [Information] Time remaining: 00:00:03 targetEndTime = 06:35:23
11/3/2024 18:35:18 [Information] Stepper Motor Controller Disable Z Axis controls while moving to location.
11/3/2024 18:35:18 [Information] Time remaining: 00:00:03 targetEndTime = 06:35:23
11/3/2024 18:35:18 [Information] Stepper Motor Controller Disable Z Axis controls while moving to location.
11/3/2024 18:35:18 [Information] Time remaining: 00:00:03 targetEndTime = 06:35:23
11/3/2024 18:35:18 [Information] Stepper Motor Controller Disable Z Axis controls while moving to location.
11/3/2024 18:35:18 [Information] Time remaining: 00:00:03 targetEndTime = 06:35:23
11/3/2024 18:35:18 [Information] Stepper Motor Controller Disable Z Axis controls while moving to location.
11/3/2024 18:35:18 [Information] Time remaining: 00:00:03 targetEndTime = 06:35:23
11/3/2024 18:35:18 [Information] Stepper Motor Controller Disable Z Axis controls while moving to location.
11/3/2024 18:35:18 [Information] Time remaining: 00:00:03 targetEndTime = 06:35:23
11/3/2024 18:35:18 [Information] Stepper Motor Controller Disable Z Axis controls while moving to location.
11/3/2024 18:35:18 [Information] Time remaining: 00:00:03 targetEndTime = 06:35:23
11/3/2024 18:35:18 [Information] Stepper Motor Controller Disable Z Axis controls while moving to location.
11/3/2024 18:35:18 [Information] Time remaining: 00:00:03 targetEndTime = 06:35:23
11/3/2024 18:35:18 [Information] Stepper Motor Controller Disable Z Axis controls while moving to location.
11/3/2024 18:35:18 [Information] Time remaining: 00:00:03 targetEndTime = 06:35:23
11/3/2024 18:35:18 [Information] Stepper Motor Controller Disable Z Axis controls while moving to location.
11/3/2024 18:35:18 [Information] Time remaining: 00:00:03 targetEndTime = 06:35:23
11/3/2024 18:35:18 [Information] Stepper Motor Controller Disable Z Axis controls while moving to location.
11/3/2024 18:35:18 [Information] Time remaining: 00:00:03 targetEndTime = 06:35:23
11/3/2024 18:35:19 [Information] Stepper Motor Controller Disable Z Axis controls while moving to location.
11/3/2024 18:35:19 [Information] Time remaining: 00:00:03 targetEndTime = 06:35:23
11/3/2024 18:35:19 [Information] Stepper Motor Controller Disable Z Axis controls while moving to location.
11/3/2024 18:35:19 [Information] Time remaining: 00:00:03 targetEndTime = 06:35:23
11/3/2024 18:35:19 [Information] Stepper Motor Controller Disable Z Axis controls while moving to location.
11/3/2024 18:35:19 [Information] Time remaining: 00:00:03 targetEndTime = 06:35:23
11/3/2024 18:35:19 [Information] Stepper Motor Controller Disable Z Axis controls while moving to location.
11/3/2024 18:35:19 [Information] Time remaining: 00:00:03 targetEndTime = 06:35:23
11/3/2024 18:35:19 [Information] Stepper Motor Controller Disable Z Axis controls while moving to location.
11/3/2024 18:35:19 [Information] Time remaining: 00:00:03 targetEndTime = 06:35:23
11/3/2024 18:35:19 [Information] Stepper Motor Controller Disable Z Axis controls while moving to location.
11/3/2024 18:35:19 [Information] Time remaining: 00:00:03 targetEndTime = 06:35:23
11/3/2024 18:35:19 [Information] Stepper Motor Controller Disable Z Axis controls while moving to location.
11/3/2024 18:35:19 [Information] Time remaining: 00:00:03 targetEndTime = 06:35:23
11/3/2024 18:35:19 [Information] Stepper Motor Controller Disable Z Axis controls while moving to location.
11/3/2024 18:35:19 [Information] Time remaining: 00:00:03 targetEndTime = 06:35:23
11/3/2024 18:35:19 [Information] Stepper Motor Controller Disable Z Axis controls while moving to location.
11/3/2024 18:35:19 [Information] Time remaining: 00:00:03 targetEndTime = 06:35:23
11/3/2024 18:35:19 [Information] Stepper Motor Controller Disable Z Axis controls while moving to location.
11/3/2024 18:35:19 [Information] Time remaining: 00:00:03 targetEndTime = 06:35:23
11/3/2024 18:35:19 [Information] Stepper Motor Controller Disable Z Axis controls while moving to location.
11/3/2024 18:35:19 [Information] Time remaining: 00:00:03 targetEndTime = 06:35:23
11/3/2024 18:35:19 [Information] Stepper Motor Controller Disable Z Axis controls while moving to location.
11/3/2024 18:35:19 [Information] Time remaining: 00:00:04 targetEndTime = 06:35:23
11/3/2024 18:35:19 [Information] Stepper Motor Controller Disable Z Axis controls while moving to location.
11/3/2024 18:35:19 [Information] Time remaining: 00:00:04 targetEndTime = 06:35:23
11/3/2024 18:35:19 [Information] Stepper Motor Controller Disable Z Axis controls while moving to location.
11/3/2024 18:35:19 [Information] Time remaining: 00:00:04 targetEndTime = 06:35:23
11/3/2024 18:35:19 [Information] Stepper Motor Controller Disable Z Axis controls while moving to location.
11/3/2024 18:35:19 [Information] Time remaining: 00:00:04 targetEndTime = 06:35:23
11/3/2024 18:35:19 [Information] Stepper Motor Controller Disable Z Axis controls while moving to location.
11/3/2024 18:35:19 [Information] Time remaining: 00:00:04 targetEndTime = 06:35:23
11/3/2024 18:35:19 [Information] Stepper Motor Controller Disable Z Axis controls while moving to location.
11/3/2024 18:35:19 [Information] Time remaining: 00:00:04 targetEndTime = 06:35:23
11/3/2024 18:35:19 [Information] Stepper Motor Controller Disable Z Axis controls while moving to location.
11/3/2024 18:35:19 [Information] Time remaining: 00:00:04 targetEndTime = 06:35:23
11/3/2024 18:35:19 [Information] Stepper Motor Controller Disable Z Axis controls while moving to location.
11/3/2024 18:35:19 [Information] Time remaining: 00:00:04 targetEndTime = 06:35:23
11/3/2024 18:35:19 [Information] Stepper Motor Controller Disable Z Axis controls while moving to location.
11/3/2024 18:35:19 [Information] Time remaining: 00:00:04 targetEndTime = 06:35:23
11/3/2024 18:35:19 [Information] Stepper Motor Controller Disable Z Axis controls while moving to location.
11/3/2024 18:35:19 [Information] Time remaining: 00:00:04 targetEndTime = 06:35:23
11/3/2024 18:35:19 [Information] Stepper Motor Controller Disable Z Axis controls while moving to location.
11/3/2024 18:35:19 [Information] Time remaining: 00:00:04 targetEndTime = 06:35:23
11/3/2024 18:35:19 [Information] Stepper Motor Controller Disable Z Axis controls while moving to location.
11/3/2024 18:35:19 [Information] Time remaining: 00:00:04 targetEndTime = 06:35:23
11/3/2024 18:35:19 [Information] Stepper Motor Controller Disable Z Axis controls while moving to location.
11/3/2024 18:35:19 [Information] Time remaining: 00:00:04 targetEndTime = 06:35:23
11/3/2024 18:35:19 [Information] Stepper Motor Controller Disable Z Axis controls while moving to location.
11/3/2024 18:35:19 [Information] Time remaining: 00:00:04 targetEndTime = 06:35:23
11/3/2024 18:35:19 [Information] Stepper Motor Controller Disable Z Axis controls while moving to location.
11/3/2024 18:35:19 [Information] Time remaining: 00:00:04 targetEndTime = 06:35:23
11/3/2024 18:35:19 [Information] Stepper Motor Controller Disable Z Axis controls while moving to location.
11/3/2024 18:35:19 [Information] Time remaining: 00:00:04 targetEndTime = 06:35:23
11/3/2024 18:35:19 [Information] Stepper Motor Controller Disable Z Axis controls while moving to location.
11/3/2024 18:35:19 [Information] Time remaining: 00:00:04 targetEndTime = 06:35:23
11/3/2024 18:35:19 [Information] Stepper Motor Controller Disable Z Axis controls while moving to location.
11/3/2024 18:35:19 [Information] Time remaining: 00:00:04 targetEndTime = 06:35:23
11/3/2024 18:35:19 [Information] Stepper Motor Controller Disable Z Axis controls while moving to location.
11/3/2024 18:35:19 [Information] Time remaining: 00:00:04 targetEndTime = 06:35:23
11/3/2024 18:35:19 [Information] Stepper Motor Controller Disable Z Axis controls while moving to location.
11/3/2024 18:35:19 [Information] Time remaining: 00:00:04 targetEndTime = 06:35:23
11/3/2024 18:35:19 [Information] Stepper Motor Controller Disable Z Axis controls while moving to location.
11/3/2024 18:35:19 [Information] Time remaining: 00:00:04 targetEndTime = 06:35:23
11/3/2024 18:35:19 [Information] Stepper Motor Controller Disable Z Axis controls while moving to location.
11/3/2024 18:35:19 [Information] Time remaining: 00:00:04 targetEndTime = 06:35:23
11/3/2024 18:35:19 [Information] Stepper Motor Controller Disable Z Axis controls while moving to location.
11/3/2024 18:35:19 [Information] Time remaining: 00:00:04 targetEndTime = 06:35:23
11/3/2024 18:35:19 [Information] Stepper Motor Controller Disable Z Axis controls while moving to location.
11/3/2024 18:35:19 [Information] Time remaining: 00:00:04 targetEndTime = 06:35:23
11/3/2024 18:35:19 [Information] Stepper Motor Controller Disable Z Axis controls while moving to location.
11/3/2024 18:35:19 [Information] Time remaining: 00:00:04 targetEndTime = 06:35:23
11/3/2024 18:35:19 [Information] Stepper Motor Controller Disable Z Axis controls while moving to location.
11/3/2024 18:35:19 [Information] Time remaining: 00:00:04 targetEndTime = 06:35:23
11/3/2024 18:35:19 [Information] Stepper Motor Controller Disable Z Axis controls while moving to location.
11/3/2024 18:35:19 [Information] Time remaining: 00:00:04 targetEndTime = 06:35:23
11/3/2024 18:35:19 [Information] Stepper Motor Controller Disable Z Axis controls while moving to location.
11/3/2024 18:35:19 [Information] Time remaining: 00:00:04 targetEndTime = 06:35:23
11/3/2024 18:35:19 [Information] Stepper Motor Controller Disable Z Axis controls while moving to location.
11/3/2024 18:35:19 [Information] Time remaining: 00:00:04 targetEndTime = 06:35:23
11/3/2024 18:35:19 [Information] Stepper Motor Controller Disable Z Axis controls while moving to location.
11/3/2024 18:35:19 [Information] Time remaining: 00:00:04 targetEndTime = 06:35:23
11/3/2024 18:35:19 [Information] Stepper Motor Controller Disable Z Axis controls while moving to location.
11/3/2024 18:35:19 [Information] Time remaining: 00:00:04 targetEndTime = 06:35:23
11/3/2024 18:35:19 [Information] Stepper Motor Controller Disable Z Axis controls while moving to location.
11/3/2024 18:35:19 [Information] Time remaining: 00:00:04 targetEndTime = 06:35:23
11/3/2024 18:35:19 [Information] Stepper Motor Controller Disable Z Axis controls while moving to location.
11/3/2024 18:35:19 [Information] Time remaining: 00:00:04 targetEndTime = 06:35:23
11/3/2024 18:35:19 [Information] Stepper Motor Controller Disable Z Axis controls while moving to location.
11/3/2024 18:35:19 [Information] Time remaining: 00:00:04 targetEndTime = 06:35:23
11/3/2024 18:35:19 [Information] Stepper Motor Controller Disable Z Axis controls while moving to location.
11/3/2024 18:35:19 [Information] Time remaining: 00:00:04 targetEndTime = 06:35:23
11/3/2024 18:35:19 [Information] Stepper Motor Controller Disable Z Axis controls while moving to location.
11/3/2024 18:35:19 [Information] Time remaining: 00:00:04 targetEndTime = 06:35:23
11/3/2024 18:35:19 [Information] Stepper Motor Controller Disable Z Axis controls while moving to location.
11/3/2024 18:35:19 [Information] Time remaining: 00:00:04 targetEndTime = 06:35:23
11/3/2024 18:35:19 [Information] Stepper Motor Controller Disable Z Axis controls while moving to location.
11/3/2024 18:35:19 [Information] Time remaining: 00:00:04 targetEndTime = 06:35:23
11/3/2024 18:35:19 [Information] Stepper Motor Controller Disable Z Axis controls while moving to location.
11/3/2024 18:35:19 [Information] Time remaining: 00:00:04 targetEndTime = 06:35:23
11/3/2024 18:35:19 [Information] Stepper Motor Controller Disable Z Axis controls while moving to location.
11/3/2024 18:35:19 [Information] Time remaining: 00:00:04 targetEndTime = 06:35:23
11/3/2024 18:35:19 [Information] Stepper Motor Controller Disable Z Axis controls while moving to location.
11/3/2024 18:35:19 [Information] Time remaining: 00:00:04 targetEndTime = 06:35:23
11/3/2024 18:35:19 [Information] Stepper Motor Controller Disable Z Axis controls while moving to location.
11/3/2024 18:35:19 [Information] Time remaining: 00:00:04 targetEndTime = 06:35:23
11/3/2024 18:35:19 [Information] Stepper Motor Controller Disable Z Axis controls while moving to location.
11/3/2024 18:35:19 [Information] Time remaining: 00:00:04 targetEndTime = 06:35:23
11/3/2024 18:35:19 [Information] Stepper Motor Controller Disable Z Axis controls while moving to location.
11/3/2024 18:35:19 [Information] Time remaining: 00:00:04 targetEndTime = 06:35:23
11/3/2024 18:35:19 [Information] Stepper Motor Controller Disable Z Axis controls while moving to location.
11/3/2024 18:35:19 [Information] Time remaining: 00:00:04 targetEndTime = 06:35:23
11/3/2024 18:35:19 [Information] Stepper Motor Controller Disable Z Axis controls while moving to location.
11/3/2024 18:35:19 [Information] Time remaining: 00:00:04 targetEndTime = 06:35:23
11/3/2024 18:35:19 [Information] Stepper Motor Controller Disable Z Axis controls while moving to location.
11/3/2024 18:35:19 [Information] Time remaining: 00:00:04 targetEndTime = 06:35:23
11/3/2024 18:35:20 [Information] Stepper Motor Controller Disable Z Axis controls while moving to location.
11/3/2024 18:35:20 [Information] Time remaining: 00:00:04 targetEndTime = 06:35:23
11/3/2024 18:35:20 [Information] Stepper Motor Controller Disable Z Axis controls while moving to location.
11/3/2024 18:35:20 [Information] Time remaining: 00:00:04 targetEndTime = 06:35:23
11/3/2024 18:35:20 [Information] Stepper Motor Controller Disable Z Axis controls while moving to location.
11/3/2024 18:35:20 [Information] Time remaining: 00:00:04 targetEndTime = 06:35:23
11/3/2024 18:35:20 [Information] Stepper Motor Controller Disable Z Axis controls while moving to location.
11/3/2024 18:35:20 [Information] Time remaining: 00:00:04 targetEndTime = 06:35:23
11/3/2024 18:35:20 [Information] Stepper Motor Controller Disable Z Axis controls while moving to location.
11/3/2024 18:35:20 [Information] Time remaining: 00:00:04 targetEndTime = 06:35:23
11/3/2024 18:35:20 [Information] Stepper Motor Controller Disable Z Axis controls while moving to location.
11/3/2024 18:35:20 [Information] Time remaining: 00:00:04 targetEndTime = 06:35:23
11/3/2024 18:35:20 [Information] Stepper Motor Controller Disable Z Axis controls while moving to location.
11/3/2024 18:35:20 [Information] Time remaining: 00:00:04 targetEndTime = 06:35:23
11/3/2024 18:35:20 [Information] Stepper Motor Controller Disable Z Axis controls while moving to location.
11/3/2024 18:35:20 [Information] Time remaining: 00:00:04 targetEndTime = 06:35:23
11/3/2024 18:35:20 [Information] Stepper Motor Controller Disable Z Axis controls while moving to location.
11/3/2024 18:35:20 [Information] Time remaining: 00:00:04 targetEndTime = 06:35:23
11/3/2024 18:35:20 [Information] Stepper Motor Controller Disable Z Axis controls while moving to location.
11/3/2024 18:35:20 [Information] Time remaining: 00:00:04 targetEndTime = 06:35:23
11/3/2024 18:35:20 [Information] Stepper Motor Controller Disable Z Axis controls while moving to location.
11/3/2024 18:35:20 [Information] Time remaining: 00:00:04 targetEndTime = 06:35:23
11/3/2024 18:35:20 [Information] Stepper Motor Controller Disable Z Axis controls while moving to location.
11/3/2024 18:35:20 [Information] Time remaining: 00:00:05 targetEndTime = 06:35:23
11/3/2024 18:35:20 [Information] Stepper Motor Controller Disable Z Axis controls while moving to location.
11/3/2024 18:35:20 [Information] Time remaining: 00:00:05 targetEndTime = 06:35:23
11/3/2024 18:35:20 [Information] Stepper Motor Controller Disable Z Axis controls while moving to location.
11/3/2024 18:35:20 [Information] Time remaining: 00:00:05 targetEndTime = 06:35:23
11/3/2024 18:35:20 [Information] Stepper Motor Controller Disable Z Axis controls while moving to location.
11/3/2024 18:35:20 [Information] Time remaining: 00:00:05 targetEndTime = 06:35:23
11/3/2024 18:35:20 [Information] Stepper Motor Controller Disable Z Axis controls while moving to location.
11/3/2024 18:35:20 [Information] Time remaining: 00:00:05 targetEndTime = 06:35:23
11/3/2024 18:35:20 [Information] Stepper Motor Controller Disable Z Axis controls while moving to location.
11/3/2024 18:35:20 [Information] Time remaining: 00:00:05 targetEndTime = 06:35:23
11/3/2024 18:35:20 [Information] Stepper Motor Controller Disable Z Axis controls while moving to location.
11/3/2024 18:35:20 [Information] Time remaining: 00:00:05 targetEndTime = 06:35:23
11/3/2024 18:35:20 [Information] Stepper Motor Controller Disable Z Axis controls while moving to location.
11/3/2024 18:35:20 [Information] Time remaining: 00:00:05 targetEndTime = 06:35:23
11/3/2024 18:35:20 [Information] Stepper Motor Controller Disable Z Axis controls while moving to location.
11/3/2024 18:35:20 [Information] Time remaining: 00:00:05 targetEndTime = 06:35:23
11/3/2024 18:35:20 [Information] Stepper Motor Controller Disable Z Axis controls while moving to location.
11/3/2024 18:35:20 [Information] Time remaining: 00:00:05 targetEndTime = 06:35:23
11/3/2024 18:35:20 [Information] Stepper Motor Controller Disable Z Axis controls while moving to location.
11/3/2024 18:35:20 [Information] Time remaining: 00:00:05 targetEndTime = 06:35:23
11/3/2024 18:35:20 [Information] Stepper Motor Controller Disable Z Axis controls while moving to location.
11/3/2024 18:35:20 [Information] Time remaining: 00:00:05 targetEndTime = 06:35:23
11/3/2024 18:35:20 [Information] Stepper Motor Controller Disable Z Axis controls while moving to location.
11/3/2024 18:35:20 [Information] Time remaining: 00:00:05 targetEndTime = 06:35:23
11/3/2024 18:35:20 [Information] Stepper Motor Controller Disable Z Axis controls while moving to location.
11/3/2024 18:35:20 [Information] Time remaining: 00:00:05 targetEndTime = 06:35:23
11/3/2024 18:35:20 [Information] Stepper Motor Controller Disable Z Axis controls while moving to location.
11/3/2024 18:35:20 [Information] Time remaining: 00:00:05 targetEndTime = 06:35:23
11/3/2024 18:35:20 [Information] Stepper Motor Controller Disable Z Axis controls while moving to location.
11/3/2024 18:35:20 [Information] Time remaining: 00:00:05 targetEndTime = 06:35:23
11/3/2024 18:35:20 [Information] Stepper Motor Controller Disable Z Axis controls while moving to location.
11/3/2024 18:35:20 [Information] Time remaining: 00:00:05 targetEndTime = 06:35:23
11/3/2024 18:35:20 [Information] Stepper Motor Controller Disable Z Axis controls while moving to location.
11/3/2024 18:35:20 [Information] Time remaining: 00:00:05 targetEndTime = 06:35:23
11/3/2024 18:35:20 [Information] Stepper Motor Controller Disable Z Axis controls while moving to location.
11/3/2024 18:35:20 [Information] Time remaining: 00:00:05 targetEndTime = 06:35:23
11/3/2024 18:35:20 [Information] Stepper Motor Controller Disable Z Axis controls while moving to location.
11/3/2024 18:35:20 [Information] Time remaining: 00:00:05 targetEndTime = 06:35:23
11/3/2024 18:35:20 [Information] Stepper Motor Controller Disable Z Axis controls while moving to location.
11/3/2024 18:35:20 [Information] Time remaining: 00:00:05 targetEndTime = 06:35:23
11/3/2024 18:35:20 [Information] Stepper Motor Controller Disable Z Axis controls while moving to location.
11/3/2024 18:35:20 [Information] Time remaining: 00:00:05 targetEndTime = 06:35:23
11/3/2024 18:35:20 [Information] Stepper Motor Controller Disable Z Axis controls while moving to location.
11/3/2024 18:35:20 [Information] Time remaining: 00:00:05 targetEndTime = 06:35:23
11/3/2024 18:35:20 [Information] Stepper Motor Controller Disable Z Axis controls while moving to location.
11/3/2024 18:35:20 [Information] Time remaining: 00:00:05 targetEndTime = 06:35:23
11/3/2024 18:35:20 [Information] Stepper Motor Controller Disable Z Axis controls while moving to location.
11/3/2024 18:35:20 [Information] Time remaining: 00:00:05 targetEndTime = 06:35:23
11/3/2024 18:35:20 [Information] Stepper Motor Controller Disable Z Axis controls while moving to location.
11/3/2024 18:35:20 [Information] Time remaining: 00:00:05 targetEndTime = 06:35:23
11/3/2024 18:35:20 [Information] Stepper Motor Controller Disable Z Axis controls while moving to location.
11/3/2024 18:35:20 [Information] Time remaining: 00:00:05 targetEndTime = 06:35:23
11/3/2024 18:35:20 [Information] Stepper Motor Controller Disable Z Axis controls while moving to location.
11/3/2024 18:35:20 [Information] Time remaining: 00:00:05 targetEndTime = 06:35:23
11/3/2024 18:35:20 [Information] Stepper Motor Controller Disable Z Axis controls while moving to location.
11/3/2024 18:35:20 [Information] Time remaining: 00:00:05 targetEndTime = 06:35:23
11/3/2024 18:35:20 [Information] Stepper Motor Controller Disable Z Axis controls while moving to location.
11/3/2024 18:35:20 [Information] Time remaining: 00:00:05 targetEndTime = 06:35:23
11/3/2024 18:35:20 [Information] Stepper Motor Controller Disable Z Axis controls while moving to location.
11/3/2024 18:35:20 [Information] Time remaining: 00:00:05 targetEndTime = 06:35:23
11/3/2024 18:35:20 [Information] Stepper Motor Controller Disable Z Axis controls while moving to location.
11/3/2024 18:35:20 [Information] Time remaining: 00:00:05 targetEndTime = 06:35:23
11/3/2024 18:35:20 [Information] Stepper Motor Controller Disable Z Axis controls while moving to location.
11/3/2024 18:35:20 [Information] Time remaining: 00:00:05 targetEndTime = 06:35:23
11/3/2024 18:35:20 [Information] Stepper Motor Controller Disable Z Axis controls while moving to location.
11/3/2024 18:35:20 [Information] Time remaining: 00:00:05 targetEndTime = 06:35:23
11/3/2024 18:35:20 [Information] Stepper Motor Controller Disable Z Axis controls while moving to location.
11/3/2024 18:35:20 [Information] Time remaining: 00:00:05 targetEndTime = 06:35:23
11/3/2024 18:35:20 [Information] Stepper Motor Controller Disable Z Axis controls while moving to location.
11/3/2024 18:35:20 [Information] Time remaining: 00:00:05 targetEndTime = 06:35:23
11/3/2024 18:35:20 [Information] Stepper Motor Controller Disable Z Axis controls while moving to location.
11/3/2024 18:35:20 [Information] Time remaining: 00:00:05 targetEndTime = 06:35:23
11/3/2024 18:35:20 [Information] Stepper Motor Controller Disable Z Axis controls while moving to location.
11/3/2024 18:35:20 [Information] Time remaining: 00:00:05 targetEndTime = 06:35:23
11/3/2024 18:35:20 [Information] Stepper Motor Controller Disable Z Axis controls while moving to location.
11/3/2024 18:35:20 [Information] Time remaining: 00:00:05 targetEndTime = 06:35:23
11/3/2024 18:35:20 [Information] Stepper Motor Controller Disable Z Axis controls while moving to location.
11/3/2024 18:35:20 [Information] Time remaining: 00:00:05 targetEndTime = 06:35:23
11/3/2024 18:35:20 [Information] Stepper Motor Controller Disable Z Axis controls while moving to location.
11/3/2024 18:35:20 [Information] Time remaining: 00:00:05 targetEndTime = 06:35:23
11/3/2024 18:35:20 [Information] Stepper Motor Controller Disable Z Axis controls while moving to location.
11/3/2024 18:35:20 [Information] Time remaining: 00:00:05 targetEndTime = 06:35:23
11/3/2024 18:35:20 [Information] Stepper Motor Controller Disable Z Axis controls while moving to location.
11/3/2024 18:35:20 [Information] Time remaining: 00:00:05 targetEndTime = 06:35:23
11/3/2024 18:35:20 [Information] Stepper Motor Controller Disable Z Axis controls while moving to location.
11/3/2024 18:35:20 [Information] Time remaining: 00:00:05 targetEndTime = 06:35:23
11/3/2024 18:35:20 [Information] Stepper Motor Controller Disable Z Axis controls while moving to location.
11/3/2024 18:35:20 [Information] Time remaining: 00:00:05 targetEndTime = 06:35:23
11/3/2024 18:35:20 [Information] Stepper Motor Controller Disable Z Axis controls while moving to location.
11/3/2024 18:35:20 [Information] Time remaining: 00:00:05 targetEndTime = 06:35:23
11/3/2024 18:35:20 [Information] Stepper Motor Controller Disable Z Axis controls while moving to location.
11/3/2024 18:35:20 [Information] Time remaining: 00:00:05 targetEndTime = 06:35:23
11/3/2024 18:35:20 [Information] Stepper Motor Controller Disable Z Axis controls while moving to location.
11/3/2024 18:35:20 [Information] Time remaining: 00:00:05 targetEndTime = 06:35:23
11/3/2024 18:35:21 [Information] Stepper Motor Controller Disable Z Axis controls while moving to location.
11/3/2024 18:35:21 [Information] Time remaining: 00:00:05 targetEndTime = 06:35:23
11/3/2024 18:35:21 [Information] Stepper Motor Controller Disable Z Axis controls while moving to location.
11/3/2024 18:35:21 [Information] Time remaining: 00:00:05 targetEndTime = 06:35:23
11/3/2024 18:35:21 [Information] Stepper Motor Controller Disable Z Axis controls while moving to location.
11/3/2024 18:35:21 [Information] Time remaining: 00:00:05 targetEndTime = 06:35:23
11/3/2024 18:35:21 [Information] Stepper Motor Controller Disable Z Axis controls while moving to location.
11/3/2024 18:35:21 [Information] Time remaining: 00:00:05 targetEndTime = 06:35:23
11/3/2024 18:35:21 [Information] Stepper Motor Controller Disable Z Axis controls while moving to location.
11/3/2024 18:35:21 [Information] Time remaining: 00:00:05 targetEndTime = 06:35:23
11/3/2024 18:35:21 [Information] Stepper Motor Controller Disable Z Axis controls while moving to location.
11/3/2024 18:35:21 [Information] Time remaining: 00:00:05 targetEndTime = 06:35:23
11/3/2024 18:35:21 [Information] Stepper Motor Controller Disable Z Axis controls while moving to location.
11/3/2024 18:35:21 [Information] Time remaining: 00:00:05 targetEndTime = 06:35:23
11/3/2024 18:35:21 [Information] Stepper Motor Controller Disable Z Axis controls while moving to location.
11/3/2024 18:35:21 [Information] Time remaining: 00:00:05 targetEndTime = 06:35:23
11/3/2024 18:35:21 [Information] Stepper Motor Controller Disable Z Axis controls while moving to location.
11/3/2024 18:35:21 [Information] Time remaining: 00:00:05 targetEndTime = 06:35:23
11/3/2024 18:35:21 [Information] Stepper Motor Controller Disable Z Axis controls while moving to location.
11/3/2024 18:35:21 [Information] Time remaining: 00:00:05 targetEndTime = 06:35:23
11/3/2024 18:35:21 [Information] Stepper Motor Controller Disable Z Axis controls while moving to location.
11/3/2024 18:35:21 [Information] Time remaining: 00:00:05 targetEndTime = 06:35:23
11/3/2024 18:35:21 [Information] Stepper Motor Controller Disable Z Axis controls while moving to location.
11/3/2024 18:35:21 [Information] Time remaining: 00:00:06 targetEndTime = 06:35:23
11/3/2024 18:35:21 [Information] Stepper Motor Controller Disable Z Axis controls while moving to location.
11/3/2024 18:35:21 [Information] Time remaining: 00:00:06 targetEndTime = 06:35:23
11/3/2024 18:35:21 [Information] Stepper Motor Controller Disable Z Axis controls while moving to location.
11/3/2024 18:35:21 [Information] Time remaining: 00:00:06 targetEndTime = 06:35:23
11/3/2024 18:35:21 [Information] Stepper Motor Controller Disable Z Axis controls while moving to location.
11/3/2024 18:35:21 [Information] Time remaining: 00:00:06 targetEndTime = 06:35:23
11/3/2024 18:35:21 [Information] Stepper Motor Controller Disable Z Axis controls while moving to location.
11/3/2024 18:35:21 [Information] Time remaining: 00:00:06 targetEndTime = 06:35:23
11/3/2024 18:35:21 [Information] Stepper Motor Controller Disable Z Axis controls while moving to location.
11/3/2024 18:35:21 [Information] Time remaining: 00:00:06 targetEndTime = 06:35:23
11/3/2024 18:35:21 [Information] Stepper Motor Controller Disable Z Axis controls while moving to location.
11/3/2024 18:35:21 [Information] Time remaining: 00:00:06 targetEndTime = 06:35:23
11/3/2024 18:35:21 [Information] Stepper Motor Controller Disable Z Axis controls while moving to location.
11/3/2024 18:35:21 [Information] Time remaining: 00:00:06 targetEndTime = 06:35:23
11/3/2024 18:35:21 [Information] Stepper Motor Controller Disable Z Axis controls while moving to location.
11/3/2024 18:35:21 [Information] Time remaining: 00:00:06 targetEndTime = 06:35:23
11/3/2024 18:35:21 [Information] Stepper Motor Controller Disable Z Axis controls while moving to location.
11/3/2024 18:35:21 [Information] Time remaining: 00:00:06 targetEndTime = 06:35:23
11/3/2024 18:35:21 [Information] Stepper Motor Controller Disable Z Axis controls while moving to location.
11/3/2024 18:35:21 [Information] Time remaining: 00:00:06 targetEndTime = 06:35:23
11/3/2024 18:35:21 [Information] Stepper Motor Controller Disable Z Axis controls while moving to location.
11/3/2024 18:35:21 [Information] Time remaining: 00:00:06 targetEndTime = 06:35:23
11/3/2024 18:35:21 [Information] Stepper Motor Controller Disable Z Axis controls while moving to location.
11/3/2024 18:35:21 [Information] Time remaining: 00:00:06 targetEndTime = 06:35:23
11/3/2024 18:35:21 [Information] Stepper Motor Controller Disable Z Axis controls while moving to location.
11/3/2024 18:35:21 [Information] Time remaining: 00:00:06 targetEndTime = 06:35:23
11/3/2024 18:35:21 [Information] Stepper Motor Controller Disable Z Axis controls while moving to location.
11/3/2024 18:35:21 [Information] Time remaining: 00:00:06 targetEndTime = 06:35:23
11/3/2024 18:35:21 [Information] Stepper Motor Controller Disable Z Axis controls while moving to location.
11/3/2024 18:35:21 [Information] Time remaining: 00:00:06 targetEndTime = 06:35:23
11/3/2024 18:35:21 [Information] Stepper Motor Controller Disable Z Axis controls while moving to location.
11/3/2024 18:35:21 [Information] Time remaining: 00:00:06 targetEndTime = 06:35:23
11/3/2024 18:35:21 [Information] Stepper Motor Controller Disable Z Axis controls while moving to location.
11/3/2024 18:35:21 [Information] Time remaining: 00:00:06 targetEndTime = 06:35:23
11/3/2024 18:35:21 [Information] Stepper Motor Controller Disable Z Axis controls while moving to location.
11/3/2024 18:35:21 [Information] Time remaining: 00:00:06 targetEndTime = 06:35:23
11/3/2024 18:35:21 [Information] Stepper Motor Controller Disable Z Axis controls while moving to location.
11/3/2024 18:35:21 [Information] Time remaining: 00:00:06 targetEndTime = 06:35:23
11/3/2024 18:35:21 [Information] Stepper Motor Controller Disable Z Axis controls while moving to location.
11/3/2024 18:35:21 [Information] Time remaining: 00:00:06 targetEndTime = 06:35:23
11/3/2024 18:35:21 [Information] Stepper Motor Controller Disable Z Axis controls while moving to location.
11/3/2024 18:35:21 [Information] Time remaining: 00:00:06 targetEndTime = 06:35:23
11/3/2024 18:35:21 [Information] Stepper Motor Controller Disable Z Axis controls while moving to location.
11/3/2024 18:35:21 [Information] Time remaining: 00:00:06 targetEndTime = 06:35:23
11/3/2024 18:35:21 [Information] Stepper Motor Controller Disable Z Axis controls while moving to location.
11/3/2024 18:35:21 [Information] Time remaining: 00:00:06 targetEndTime = 06:35:23
11/3/2024 18:35:21 [Information] Stepper Motor Controller Disable Z Axis controls while moving to location.
11/3/2024 18:35:21 [Information] Time remaining: 00:00:06 targetEndTime = 06:35:23
11/3/2024 18:35:21 [Information] Stepper Motor Controller Disable Z Axis controls while moving to location.
11/3/2024 18:35:21 [Information] Time remaining: 00:00:06 targetEndTime = 06:35:23
11/3/2024 18:35:21 [Information] Stepper Motor Controller Disable Z Axis controls while moving to location.
11/3/2024 18:35:21 [Information] Time remaining: 00:00:06 targetEndTime = 06:35:23
11/3/2024 18:35:21 [Information] Stepper Motor Controller Disable Z Axis controls while moving to location.
11/3/2024 18:35:21 [Information] Time remaining: 00:00:06 targetEndTime = 06:35:23
11/3/2024 18:35:21 [Information] Stepper Motor Controller Disable Z Axis controls while moving to location.
11/3/2024 18:35:21 [Information] Time remaining: 00:00:06 targetEndTime = 06:35:23
11/3/2024 18:35:21 [Information] Stepper Motor Controller Disable Z Axis controls while moving to location.
11/3/2024 18:35:21 [Information] Time remaining: 00:00:06 targetEndTime = 06:35:23
11/3/2024 18:35:21 [Information] Stepper Motor Controller Disable Z Axis controls while moving to location.
11/3/2024 18:35:21 [Information] Time remaining: 00:00:06 targetEndTime = 06:35:23
11/3/2024 18:35:21 [Information] Stepper Motor Controller Disable Z Axis controls while moving to location.
11/3/2024 18:35:21 [Information] Time remaining: 00:00:06 targetEndTime = 06:35:23
11/3/2024 18:35:21 [Information] Stepper Motor Controller Disable Z Axis controls while moving to location.
11/3/2024 18:35:21 [Information] Time remaining: 00:00:06 targetEndTime = 06:35:23
11/3/2024 18:35:21 [Information] Stepper Motor Controller Disable Z Axis controls while moving to location.
11/3/2024 18:35:21 [Information] Time remaining: 00:00:06 targetEndTime = 06:35:23
11/3/2024 18:35:21 [Information] Stepper Motor Controller Disable Z Axis controls while moving to location.
11/3/2024 18:35:21 [Information] Time remaining: 00:00:06 targetEndTime = 06:35:23
11/3/2024 18:35:21 [Information] Stepper Motor Controller Disable Z Axis controls while moving to location.
11/3/2024 18:35:21 [Information] Time remaining: 00:00:06 targetEndTime = 06:35:23
11/3/2024 18:35:21 [Information] Stepper Motor Controller Disable Z Axis controls while moving to location.
11/3/2024 18:35:21 [Information] Time remaining: 00:00:06 targetEndTime = 06:35:23
11/3/2024 18:35:21 [Information] Stepper Motor Controller Disable Z Axis controls while moving to location.
11/3/2024 18:35:21 [Information] Time remaining: 00:00:06 targetEndTime = 06:35:23
11/3/2024 18:35:22 [Information] Stepper Motor Controller Disable Z Axis controls while moving to location.
11/3/2024 18:35:22 [Information] Time remaining: 00:00:06 targetEndTime = 06:35:23
11/3/2024 18:35:22 [Information] Stepper Motor Controller Disable Z Axis controls while moving to location.
11/3/2024 18:35:22 [Information] Time remaining: 00:00:06 targetEndTime = 06:35:23
11/3/2024 18:35:22 [Information] Stepper Motor Controller Disable Z Axis controls while moving to location.
11/3/2024 18:35:22 [Information] Time remaining: 00:00:06 targetEndTime = 06:35:23
11/3/2024 18:35:22 [Information] Stepper Motor Controller Disable Z Axis controls while moving to location.
11/3/2024 18:35:22 [Information] Time remaining: 00:00:06 targetEndTime = 06:35:23
11/3/2024 18:35:22 [Information] Stepper Motor Controller Disable Z Axis controls while moving to location.
11/3/2024 18:35:22 [Information] Time remaining: 00:00:06 targetEndTime = 06:35:23
11/3/2024 18:35:22 [Information] Stepper Motor Controller Disable Z Axis controls while moving to location.
11/3/2024 18:35:22 [Information] Time remaining: 00:00:06 targetEndTime = 06:35:23
11/3/2024 18:35:22 [Information] Stepper Motor Controller Disable Z Axis controls while moving to location.
11/3/2024 18:35:22 [Information] Time remaining: 00:00:06 targetEndTime = 06:35:23
11/3/2024 18:35:22 [Information] Stepper Motor Controller Disable Z Axis controls while moving to location.
11/3/2024 18:35:22 [Information] Time remaining: 00:00:06 targetEndTime = 06:35:23
11/3/2024 18:35:22 [Information] Stepper Motor Controller Disable Z Axis controls while moving to location.
11/3/2024 18:35:22 [Information] Time remaining: 00:00:06 targetEndTime = 06:35:23
11/3/2024 18:35:22 [Information] Stepper Motor Controller Disable Z Axis controls while moving to location.
11/3/2024 18:35:22 [Information] Time remaining: 00:00:06 targetEndTime = 06:35:23
11/3/2024 18:35:22 [Information] Stepper Motor Controller Disable Z Axis controls while moving to location.
11/3/2024 18:35:22 [Information] Time remaining: 00:00:06 targetEndTime = 06:35:23
11/3/2024 18:35:22 [Information] Stepper Motor Controller Disable Z Axis controls while moving to location.
11/3/2024 18:35:22 [Information] Time remaining: 00:00:06 targetEndTime = 06:35:23
11/3/2024 18:35:22 [Information] Stepper Motor Controller Disable Z Axis controls while moving to location.
11/3/2024 18:35:22 [Information] Time remaining: 00:00:07 targetEndTime = 06:35:23
11/3/2024 18:35:22 [Information] Stepper Motor Controller Disable Z Axis controls while moving to location.
11/3/2024 18:35:22 [Information] Time remaining: 00:00:07 targetEndTime = 06:35:23
11/3/2024 18:35:22 [Information] Stepper Motor Controller Disable Z Axis controls while moving to location.
11/3/2024 18:35:22 [Information] Time remaining: 00:00:07 targetEndTime = 06:35:23
11/3/2024 18:35:22 [Information] Stepper Motor Controller Disable Z Axis controls while moving to location.
11/3/2024 18:35:22 [Information] Time remaining: 00:00:07 targetEndTime = 06:35:23
11/3/2024 18:35:22 [Information] Stepper Motor Controller Disable Z Axis controls while moving to location.
11/3/2024 18:35:22 [Information] Time remaining: 00:00:07 targetEndTime = 06:35:23
11/3/2024 18:35:22 [Information] Stepper Motor Controller Disable Z Axis controls while moving to location.
11/3/2024 18:35:22 [Information] Time remaining: 00:00:07 targetEndTime = 06:35:23
11/3/2024 18:35:22 [Information] Stepper Motor Controller Disable Z Axis controls while moving to location.
11/3/2024 18:35:22 [Information] Time remaining: 00:00:07 targetEndTime = 06:35:23
11/3/2024 18:35:22 [Information] Stepper Motor Controller Disable Z Axis controls while moving to location.
11/3/2024 18:35:22 [Information] Time remaining: 00:00:07 targetEndTime = 06:35:23
11/3/2024 18:35:22 [Information] Stepper Motor Controller Disable Z Axis controls while moving to location.
11/3/2024 18:35:22 [Information] Time remaining: 00:00:07 targetEndTime = 06:35:23
11/3/2024 18:35:22 [Information] Stepper Motor Controller Disable Z Axis controls while moving to location.
11/3/2024 18:35:22 [Information] Time remaining: 00:00:07 targetEndTime = 06:35:23
11/3/2024 18:35:22 [Information] Stepper Motor Controller Disable Z Axis controls while moving to location.
11/3/2024 18:35:22 [Information] Time remaining: 00:00:07 targetEndTime = 06:35:23
11/3/2024 18:35:22 [Information] Stepper Motor Controller Disable Z Axis controls while moving to location.
11/3/2024 18:35:22 [Information] Time remaining: 00:00:07 targetEndTime = 06:35:23
11/3/2024 18:35:22 [Information] Stepper Motor Controller Disable Z Axis controls while moving to location.
11/3/2024 18:35:22 [Information] Time remaining: 00:00:07 targetEndTime = 06:35:23
11/3/2024 18:35:22 [Information] Stepper Motor Controller Disable Z Axis controls while moving to location.
11/3/2024 18:35:22 [Information] Time remaining: 00:00:07 targetEndTime = 06:35:23
11/3/2024 18:35:22 [Information] Stepper Motor Controller Disable Z Axis controls while moving to location.
11/3/2024 18:35:22 [Information] Time remaining: 00:00:07 targetEndTime = 06:35:23
11/3/2024 18:35:22 [Information] Stepper Motor Controller Disable Z Axis controls while moving to location.
11/3/2024 18:35:22 [Information] Time remaining: 00:00:07 targetEndTime = 06:35:23
11/3/2024 18:35:22 [Information] Stepper Motor Controller Disable Z Axis controls while moving to location.
11/3/2024 18:35:22 [Information] Time remaining: 00:00:07 targetEndTime = 06:35:23
11/3/2024 18:35:22 [Information] Stepper Motor Controller Disable Z Axis controls while moving to location.
11/3/2024 18:35:22 [Information] Time remaining: 00:00:07 targetEndTime = 06:35:23
11/3/2024 18:35:22 [Information] Stepper Motor Controller Disable Z Axis controls while moving to location.
11/3/2024 18:35:22 [Information] Time remaining: 00:00:07 targetEndTime = 06:35:23
11/3/2024 18:35:22 [Information] Stepper Motor Controller Disable Z Axis controls while moving to location.
11/3/2024 18:35:22 [Information] Time remaining: 00:00:07 targetEndTime = 06:35:23
11/3/2024 18:35:22 [Information] Stepper Motor Controller Disable Z Axis controls while moving to location.
11/3/2024 18:35:22 [Information] Time remaining: 00:00:07 targetEndTime = 06:35:23
11/3/2024 18:35:22 [Information] Stepper Motor Controller Disable Z Axis controls while moving to location.
11/3/2024 18:35:22 [Information] Time remaining: 00:00:07 targetEndTime = 06:35:23
11/3/2024 18:35:22 [Information] Stepper Motor Controller Disable Z Axis controls while moving to location.
11/3/2024 18:35:22 [Information] Time remaining: 00:00:07 targetEndTime = 06:35:23
11/3/2024 18:35:22 [Information] Stepper Motor Controller Disable Z Axis controls while moving to location.
11/3/2024 18:35:22 [Information] Time remaining: 00:00:07 targetEndTime = 06:35:23
11/3/2024 18:35:22 [Information] Stepper Motor Controller Disable Z Axis controls while moving to location.
11/3/2024 18:35:22 [Information] Time remaining: 00:00:07 targetEndTime = 06:35:23
11/3/2024 18:35:22 [Information] Stepper Motor Controller Disable Z Axis controls while moving to location.
11/3/2024 18:35:22 [Information] Time remaining: 00:00:07 targetEndTime = 06:35:23
11/3/2024 18:35:22 [Information] Stepper Motor Controller Disable Z Axis controls while moving to location.
11/3/2024 18:35:22 [Information] Time remaining: 00:00:07 targetEndTime = 06:35:23
11/3/2024 18:35:22 [Information] Stepper Motor Controller Disable Z Axis controls while moving to location.
11/3/2024 18:35:22 [Information] Time remaining: 00:00:07 targetEndTime = 06:35:23
11/3/2024 18:35:22 [Information] Stepper Motor Controller Disable Z Axis controls while moving to location.
11/3/2024 18:35:22 [Information] Time remaining: 00:00:07 targetEndTime = 06:35:23
11/3/2024 18:35:22 [Information] Stepper Motor Controller Disable Z Axis controls while moving to location.
11/3/2024 18:35:22 [Information] Time remaining: 00:00:07 targetEndTime = 06:35:23
11/3/2024 18:35:22 [Information] Stepper Motor Controller Disable Z Axis controls while moving to location.
11/3/2024 18:35:22 [Information] Time remaining: 00:00:07 targetEndTime = 06:35:23
11/3/2024 18:35:22 [Information] Stepper Motor Controller Disable Z Axis controls while moving to location.
11/3/2024 18:35:22 [Information] Time remaining: 00:00:07 targetEndTime = 06:35:23
11/3/2024 18:35:22 [Information] Stepper Motor Controller Disable Z Axis controls while moving to location.
11/3/2024 18:35:22 [Information] Time remaining: 00:00:07 targetEndTime = 06:35:23
11/3/2024 18:35:22 [Information] Stepper Motor Controller Disable Z Axis controls while moving to location.
11/3/2024 18:35:22 [Information] Time remaining: 00:00:07 targetEndTime = 06:35:23
11/3/2024 18:35:22 [Information] Stepper Motor Controller Disable Z Axis controls while moving to location.
11/3/2024 18:35:22 [Information] Time remaining: 00:00:07 targetEndTime = 06:35:23
11/3/2024 18:35:22 [Information] Stepper Motor Controller Disable Z Axis controls while moving to location.
11/3/2024 18:35:22 [Information] Time remaining: 00:00:07 targetEndTime = 06:35:23
11/3/2024 18:35:22 [Information] Stepper Motor Controller Disable Z Axis controls while moving to location.
11/3/2024 18:35:22 [Information] Time remaining: 00:00:07 targetEndTime = 06:35:23
11/3/2024 18:35:22 [Information] Stepper Motor Controller Disable Z Axis controls while moving to location.
11/3/2024 18:35:22 [Information] Time remaining: 00:00:07 targetEndTime = 06:35:23
11/3/2024 18:35:22 [Information] Stepper Motor Controller Disable Z Axis controls while moving to location.
11/3/2024 18:35:22 [Information] Time remaining: 00:00:07 targetEndTime = 06:35:23
11/3/2024 18:35:22 [Information] Stepper Motor Controller Disable Z Axis controls while moving to location.
11/3/2024 18:35:22 [Information] Time remaining: 00:00:07 targetEndTime = 06:35:23
11/3/2024 18:35:22 [Information] Stepper Motor Controller Disable Z Axis controls while moving to location.
11/3/2024 18:35:22 [Information] Time remaining: 00:00:07 targetEndTime = 06:35:23
11/3/2024 18:35:22 [Information] Stepper Motor Controller Disable Z Axis controls while moving to location.
11/3/2024 18:35:22 [Information] Time remaining: 00:00:07 targetEndTime = 06:35:23
11/3/2024 18:35:22 [Information] Stepper Motor Controller Disable Z Axis controls while moving to location.
11/3/2024 18:35:22 [Information] Time remaining: 00:00:07 targetEndTime = 06:35:23
11/3/2024 18:35:22 [Information] Stepper Motor Controller Disable Z Axis controls while moving to location.
11/3/2024 18:35:22 [Information] Time remaining: 00:00:07 targetEndTime = 06:35:23
11/3/2024 18:35:22 [Information] Stepper Motor Controller Disable Z Axis controls while moving to location.
11/3/2024 18:35:22 [Information] Time remaining: 00:00:07 targetEndTime = 06:35:23
11/3/2024 18:35:22 [Information] Stepper Motor Controller Disable Z Axis controls while moving to location.
11/3/2024 18:35:22 [Information] Time remaining: 00:00:07 targetEndTime = 06:35:23
11/3/2024 18:35:22 [Information] Stepper Motor Controller Disable Z Axis controls while moving to location.
11/3/2024 18:35:22 [Information] Time remaining: 00:00:07 targetEndTime = 06:35:23
11/3/2024 18:35:23 [Information] Stepper Motor Controller Disable Z Axis controls while moving to location.
11/3/2024 18:35:23 [Information] Time remaining: 00:00:07 targetEndTime = 06:35:23
11/3/2024 18:35:23 [Information] Stepper Motor Controller Disable Z Axis controls while moving to location.
11/3/2024 18:35:23 [Information] Time remaining: 00:00:07 targetEndTime = 06:35:23
11/3/2024 18:35:23 [Information] Stepper Motor Controller Disable Z Axis controls while moving to location.
11/3/2024 18:35:23 [Information] Time remaining: 00:00:07 targetEndTime = 06:35:23
11/3/2024 18:35:23 [Information] Stepper Motor Controller Disable Z Axis controls while moving to location.
11/3/2024 18:35:23 [Information] Time remaining: 00:00:07 targetEndTime = 06:35:23
11/3/2024 18:35:23 [Information] Stepper Motor Controller Disable Z Axis controls while moving to location.
11/3/2024 18:35:23 [Information] Time remaining: 00:00:07 targetEndTime = 06:35:23
11/3/2024 18:35:23 [Information] Stepper Motor Controller Disable Z Axis controls while moving to location.
11/3/2024 18:35:23 [Information] Time remaining: 00:00:07 targetEndTime = 06:35:23
11/3/2024 18:35:23 [Information] Stepper Motor Controller Disable Z Axis controls while moving to location.
11/3/2024 18:35:23 [Information] Time remaining: 00:00:07 targetEndTime = 06:35:23
11/3/2024 18:35:23 [Information] Stepper Motor Controller Disable Z Axis controls while moving to location.
11/3/2024 18:35:23 [Information] Time remaining: 00:00:07 targetEndTime = 06:35:23
11/3/2024 18:35:23 [Information] Stepper Motor Controller Disable Z Axis controls while moving to location.
11/3/2024 18:35:23 [Information] Time remaining: 00:00:07 targetEndTime = 06:35:23
11/3/2024 18:35:23 [Information] Stepper Motor Controller Disable Z Axis controls while moving to location.
11/3/2024 18:35:23 [Information] Time remaining: 00:00:07 targetEndTime = 06:35:23
11/3/2024 18:35:23 [Information] Stepper Motor Controller Disable Z Axis controls while moving to location.
11/3/2024 18:35:23 [Information] Time remaining: 00:00:07 targetEndTime = 06:35:23
11/3/2024 18:35:23 [Information] Stepper Motor Controller Enable Z Axis controls after moving to location.
11/3/2024 18:35:23 [Information] Stepper Motor Controller Stopwatch Stopped.
11/3/2024 18:35:23 [Information] Stepper Motor Controller Timer Stopped.
11/3/2024 18:35:23 [Information] Stepper Motor Controller Stopwatch Reset.
11/3/2024 18:35:24 [Information] Updated X,Y Zero.IsChecked status to 0 and Z Zero.IsChecked status to 1.
11/3/2024 18:35:26 [Information] ZAxisRun_Click button clicked:
11/3/2024 18:35:26 [Information] Z Axis Run Event to reset Axis to zero: Z,0.00,400.00,0,0.00,400.00,0,0.00,400.00,1
11/3/2024 18:35:26 [Information] Setting Z Axis Current Location Set to Zero on DRO
11/3/2024 18:35:27 [Information] Updated X,Y,Z Zero.IsChecked status to 0.
11/3/2024 18:35:27 [Information] Z Axis Current Location Set to Zero
11/3/2024 18:35:32 [Information] Stepper Motor Controller MainWindow Closing.
11/3/2024 18:35:32 [Information] Stepper Motor Controller Serial Ports closed.
11/3/2024 18:35:32 [Information] Properties Settings Saved.
11/3/2024 18:35:32 [Information] Properties Settings Form Closed.
11/3/2024 18:35:32 [Information] Stepper Motor Controller Form Closed.
