11/8/2024 14:39:15 [Information] Stepper Motor Controller Application Started.
11/8/2024 14:39:15 [Information] Version: 3.0.9078.26373 (11/8/2024 14:39:15)
11/8/2024 14:39:15 [Information] SerialPort COM7 not connected.
11/8/2024 14:39:15 [Information] SerialPort COM8 not connected.
11/8/2024 14:39:15 [Information] Stepper Motor Controller Application Started.
11/8/2024 14:39:15 [Information] Version: 3.0.9078.26373 (11/8/2024 14:39:15)
11/8/2024 14:39:15 [Information] Version: 3.1.0.26374 (11/8/2024 14:39:15)
11/8/2024 14:39:15 [Information] Version: 3.1.0.26374 (11/8/2024 14:39:15)
11/8/2024 14:39:15 [Information] Stepper Motor Controller Application Settings Window Opened.
11/8/2024 14:39:15 [Information] Stepper Motor Controller Application Settings form is rebuilt each and every time it is opened.
11/8/2024 14:39:15 [Information] int: 9600 BaudRate added to the Settings Form.
11/8/2024 14:39:15 [Information] bool: False ckbXaxisResetToZeroIsChecked added to the Settings Form.
11/8/2024 14:39:15 [Information] bool: False ckbYaxisResetToZeroIsChecked added to the Settings Form.
11/8/2024 14:39:15 [Information] bool: False ckbZaxisResetToZeroIsChecked added to the Settings Form.
11/8/2024 14:39:15 [Information] COM1: ComPort added to the Settings Form.
11/8/2024 14:39:15 [Information] COM2: ComPort added to the Settings Form.
11/8/2024 14:39:15 [Information] COM3: ComPort added to the Settings Form.
11/8/2024 14:39:15 [Information] COM4: ComPort added to the Settings Form.
11/8/2024 14:39:15 [Information] COM5: ComPort added to the Settings Form.
11/8/2024 14:39:15 [Information] COM6: ComPort added to the Settings Form.
11/8/2024 14:39:15 [Information] COM7: ComPort added to the Settings Form.
11/8/2024 14:39:15 [Information] COM8: ComPort added to the Settings Form.
11/8/2024 14:39:15 [Information] COM9: ComPort added to the Settings Form.
11/8/2024 14:39:15 [Information] COM10: ComPort added to the Settings Form.
11/8/2024 14:39:15 [Information] decimal: 4.00 Divider4_00 added to the Settings Form.
11/8/2024 14:39:15 [Information] decimal: 0.00 MathPart2Initlz added to the Settings Form.
11/8/2024 14:39:15 [Information] decimal: 1.00 MilisecondTimerInterval added to the Settings Form.
11/8/2024 14:39:15 [Information] decimal: 1000.00 MillisecondDelay added to the Settings Form.
11/8/2024 14:39:15 [Information] int: 1000 Milliseconds added to the Settings Form.
11/8/2024 14:39:15 [Information] int: 4 mmPerRevolution added to the Settings Form.
11/8/2024 14:39:15 [Information] int: 2000 ThreadSleep added to the Settings Form.
11/8/2024 14:39:15 [Information] decimal: 0.00 Value_0_00 added to the Settings Form.
11/8/2024 14:39:15 [Information] decimal: 50.00 XaxisAcceleration added to the Settings Form.
11/8/2024 14:39:15 [Information] bool: False XaxisChanged added to the Settings Form.
11/8/2024 14:39:15 [Information] decimal: 400.00 XaxisMotorSpeed added to the Settings Form.
11/8/2024 14:39:15 [Information] decimal: 0.00 XaxisStepperCurrent added to the Settings Form.
11/8/2024 14:39:15 [Information] decimal: 0.00 XaxisStepperMove added to the Settings Form.
11/8/2024 14:39:15 [Information] XCOM1: XComPort added to the Settings Form.
11/8/2024 14:39:15 [Information] XCOM2: XComPort added to the Settings Form.
11/8/2024 14:39:15 [Information] XCOM3: XComPort added to the Settings Form.
11/8/2024 14:39:15 [Information] XCOM4: XComPort added to the Settings Form.
11/8/2024 14:39:15 [Information] XCOM5: XComPort added to the Settings Form.
11/8/2024 14:39:15 [Information] XCOM6: XComPort added to the Settings Form.
11/8/2024 14:39:15 [Information] XCOM7: XComPort added to the Settings Form.
11/8/2024 14:39:15 [Information] XCOM8: XComPort added to the Settings Form.
11/8/2024 14:39:15 [Information] XCOM9: XComPort added to the Settings Form.
11/8/2024 14:39:15 [Information] XCOM10: XComPort added to the Settings Form.
11/8/2024 14:39:15 [Information] decimal: 50.00 YaxisAcceleration added to the Settings Form.
11/8/2024 14:39:15 [Information] bool: False YaxisChanged added to the Settings Form.
11/8/2024 14:39:15 [Information] decimal: 400.00 YaxisMotorSpeed added to the Settings Form.
11/8/2024 14:39:15 [Information] decimal: 0.00 YaxisStepperCurrent added to the Settings Form.
11/8/2024 14:39:15 [Information] decimal: 0.00 YaxisStepperMove added to the Settings Form.
11/8/2024 14:39:15 [Information] YCOM1: YComPort added to the Settings Form.
11/8/2024 14:39:15 [Information] YCOM2: YComPort added to the Settings Form.
11/8/2024 14:39:15 [Information] YCOM3: YComPort added to the Settings Form.
11/8/2024 14:39:15 [Information] YCOM4: YComPort added to the Settings Form.
11/8/2024 14:39:15 [Information] YCOM5: YComPort added to the Settings Form.
11/8/2024 14:39:15 [Information] YCOM6: YComPort added to the Settings Form.
11/8/2024 14:39:15 [Information] YCOM7: YComPort added to the Settings Form.
11/8/2024 14:39:15 [Information] YCOM8: YComPort added to the Settings Form.
11/8/2024 14:39:15 [Information] YCOM9: YComPort added to the Settings Form.
11/8/2024 14:39:15 [Information] YCOM10: YComPort added to the Settings Form.
11/8/2024 14:39:15 [Information] decimal: 50.00 ZaxisAcceleration added to the Settings Form.
11/8/2024 14:39:15 [Information] bool: False ZaxisChanged added to the Settings Form.
11/8/2024 14:39:15 [Information] decimal: 400.00 ZaxisMotorSpeed added to the Settings Form.
11/8/2024 14:39:15 [Information] decimal: 0.00 ZaxisStepperCurrent added to the Settings Form.
11/8/2024 14:39:15 [Information] decimal: 0.00 ZaxisStepperMove added to the Settings Form.
11/8/2024 14:39:15 [Information] ZCOM1: ZComPort added to the Settings Form.
11/8/2024 14:39:15 [Information] ZCOM2: ZComPort added to the Settings Form.
11/8/2024 14:39:15 [Information] ZCOM3: ZComPort added to the Settings Form.
11/8/2024 14:39:15 [Information] ZCOM4: ZComPort added to the Settings Form.
11/8/2024 14:39:15 [Information] ZCOM5: ZComPort added to the Settings Form.
11/8/2024 14:39:15 [Information] ZCOM6: ZComPort added to the Settings Form.
11/8/2024 14:39:15 [Information] ZCOM7: ZComPort added to the Settings Form.
11/8/2024 14:39:15 [Information] ZCOM8: ZComPort added to the Settings Form.
11/8/2024 14:39:15 [Information] ZCOM9: ZComPort added to the Settings Form.
11/8/2024 14:39:15 [Information] ZCOM10: ZComPort added to the Settings Form.
11/8/2024 14:39:15 [Information] int: 0 zeroXaxis added to the Settings Form.
11/8/2024 14:39:15 [Information] int: 0 zeroYaxis added to the Settings Form.
11/8/2024 14:39:15 [Information] int: 0 zeroZaxis added to the Settings Form.
11/8/2024 14:39:16 [Information] Stepper Motor Controller MainWindow loaded
11/8/2024 14:39:16 [Information] Set MainWindow Media Brushes to White.
11/8/2024 14:39:22 [Information] Z Axis mouse controlled Keypad returned: 4.00
11/8/2024 14:39:25 [Information] Z Axis Run button clicked:
11/8/2024 14:39:29 [Information] Z Axis MotorMovementSeconds decimal: (4.00 / 4) / 2 = 0.50
11/8/2024 14:39:30 [Information] Z Axis Run Event: Z,0.00,400.00,0,0.00,400.00,0,4.00,400.00,0
11/8/2024 14:39:30 [Information] Z Axis Current Time: 02:39:30 + 0 = 02:39:30
11/8/2024 14:39:30 [Information] Stepper Motor Controller Enable Z Axis controls after moving to location.
11/8/2024 14:39:30 [Information] Stepper Motor Controller Stopwatch Stopped.
11/8/2024 14:39:30 [Information] Stepper Motor Controller Timer Stopped.
11/8/2024 14:39:30 [Information] Stepper Motor Controller Stopwatch Reset.
11/8/2024 14:39:33 [Information] Z Axis Run button clicked:
11/8/2024 14:39:33 [Information] Z Axis MotorMovementSeconds decimal: (4.00 / 4) / 2 = 0.50
11/8/2024 14:39:34 [Information] Z Axis Run Event: Z,0.00,400.00,0,0.00,400.00,0,4.00,400.00,0
11/8/2024 14:39:34 [Information] Z Axis Current Time: 02:39:34 + 0 = 02:39:34
11/8/2024 14:39:34 [Information] Stepper Motor Controller Enable Z Axis controls after moving to location.
11/8/2024 14:39:34 [Information] Stepper Motor Controller Stopwatch Stopped.
11/8/2024 14:39:34 [Information] Stepper Motor Controller Timer Stopped.
11/8/2024 14:39:34 [Information] Stepper Motor Controller Stopwatch Reset.
11/8/2024 14:39:36 [Information] Z Axis Run button clicked:
11/8/2024 14:39:36 [Information] Z Axis MotorMovementSeconds decimal: (4.00 / 4) / 2 = 0.50
11/8/2024 14:39:37 [Information] Z Axis Run Event: Z,0.00,400.00,0,0.00,400.00,0,4.00,400.00,0
11/8/2024 14:39:37 [Information] Z Axis Current Time: 02:39:37 + 0 = 02:39:37
11/8/2024 14:39:37 [Information] Stepper Motor Controller Enable Z Axis controls after moving to location.
11/8/2024 14:39:37 [Information] Stepper Motor Controller Stopwatch Stopped.
11/8/2024 14:39:37 [Information] Stepper Motor Controller Timer Stopped.
11/8/2024 14:39:37 [Information] Stepper Motor Controller Stopwatch Reset.
11/8/2024 14:39:39 [Information] Z Axis Run button clicked:
11/8/2024 14:39:39 [Information] Z Axis MotorMovementSeconds decimal: (4.00 / 4) / 2 = 0.50
11/8/2024 14:39:40 [Information] Z Axis Run Event: Z,0.00,400.00,0,0.00,400.00,0,4.00,400.00,0
11/8/2024 14:39:40 [Information] Z Axis Current Time: 02:39:40 + 0 = 02:39:40
11/8/2024 14:39:40 [Information] Stepper Motor Controller Enable Z Axis controls after moving to location.
11/8/2024 14:39:40 [Information] Stepper Motor Controller Stopwatch Stopped.
11/8/2024 14:39:40 [Information] Stepper Motor Controller Timer Stopped.
11/8/2024 14:39:40 [Information] Stepper Motor Controller Stopwatch Reset.
11/8/2024 14:39:46 [Information] Z Axis mouse controlled Keypad returned: 2.00
11/8/2024 14:39:49 [Information] Z Axis Run button clicked:
11/8/2024 14:39:49 [Information] Z Axis MotorMovementSeconds decimal: (2.00 / 4) / 2 = 0.25
11/8/2024 14:39:50 [Information] Z Axis Run Event: Z,0.00,400.00,0,0.00,400.00,0,2.00,400.00,0
11/8/2024 14:39:50 [Information] Z Axis Current Time: 02:39:50 + 0 = 02:39:50
11/8/2024 14:39:50 [Information] Stepper Motor Controller Enable Z Axis controls after moving to location.
11/8/2024 14:39:50 [Information] Stepper Motor Controller Stopwatch Stopped.
11/8/2024 14:39:50 [Information] Stepper Motor Controller Timer Stopped.
11/8/2024 14:39:50 [Information] Stepper Motor Controller Stopwatch Reset.
11/8/2024 14:39:52 [Information] Z Axis Run button clicked:
11/8/2024 14:39:52 [Information] Z Axis MotorMovementSeconds decimal: (2.00 / 4) / 2 = 0.25
11/8/2024 14:39:53 [Information] Z Axis Run Event: Z,0.00,400.00,0,0.00,400.00,0,2.00,400.00,0
11/8/2024 14:39:53 [Information] Z Axis Current Time: 02:39:53 + 0 = 02:39:53
11/8/2024 14:39:53 [Information] Stepper Motor Controller Enable Z Axis controls after moving to location.
11/8/2024 14:39:53 [Information] Stepper Motor Controller Stopwatch Stopped.
11/8/2024 14:39:53 [Information] Stepper Motor Controller Timer Stopped.
11/8/2024 14:39:53 [Information] Stepper Motor Controller Stopwatch Reset.
11/8/2024 14:40:05 [Information] Z Axis error occurred: The input string '64..0' was not in a correct format.
11/8/2024 14:40:08 [Information] Z Axis mouse controlled Keypad returned: 64..0
11/8/2024 14:40:14 [Information] Z Axis mouse controlled Keypad returned: 64.00
11/8/2024 14:40:15 [Information] Z Axis Run button clicked:
11/8/2024 14:40:15 [Information] Z Axis MotorMovementSeconds decimal: (64.00 / 4) / 2 = 8.00
11/8/2024 14:40:16 [Information] Z Axis Run Event: Z,0.00,400.00,0,0.00,400.00,0,64.00,400.00,0
11/8/2024 14:40:16 [Information] Z Axis Current Time: 02:40:16 + 8000 = 02:40:24
11/8/2024 14:40:16 [Information] Stepper Motor Controller Disable Z Axis controls while moving to location.
11/8/2024 14:40:16 [Information] Time remaining: 00:00:00 targetEndTime = 02:40:24
11/8/2024 14:40:16 [Information] Stepper Motor Controller Disable Z Axis controls while moving to location.
11/8/2024 14:40:16 [Information] Time remaining: 00:00:00 targetEndTime = 02:40:24
11/8/2024 14:40:16 [Information] Stepper Motor Controller Disable Z Axis controls while moving to location.
11/8/2024 14:40:16 [Information] Time remaining: 00:00:00 targetEndTime = 02:40:24
11/8/2024 14:40:16 [Information] Stepper Motor Controller Disable Z Axis controls while moving to location.
11/8/2024 14:40:16 [Information] Time remaining: 00:00:00 targetEndTime = 02:40:24
11/8/2024 14:40:16 [Information] Stepper Motor Controller Disable Z Axis controls while moving to location.
11/8/2024 14:40:16 [Information] Time remaining: 00:00:00 targetEndTime = 02:40:24
11/8/2024 14:40:16 [Information] Stepper Motor Controller Disable Z Axis controls while moving to location.
11/8/2024 14:40:16 [Information] Time remaining: 00:00:00 targetEndTime = 02:40:24
11/8/2024 14:40:16 [Information] Stepper Motor Controller Disable Z Axis controls while moving to location.
11/8/2024 14:40:16 [Information] Time remaining: 00:00:00 targetEndTime = 02:40:24
11/8/2024 14:40:16 [Information] Stepper Motor Controller Disable Z Axis controls while moving to location.
11/8/2024 14:40:16 [Information] Time remaining: 00:00:00 targetEndTime = 02:40:24
11/8/2024 14:40:16 [Information] Stepper Motor Controller Disable Z Axis controls while moving to location.
11/8/2024 14:40:16 [Information] Time remaining: 00:00:00 targetEndTime = 02:40:24
11/8/2024 14:40:16 [Information] Stepper Motor Controller Disable Z Axis controls while moving to location.
11/8/2024 14:40:16 [Information] Time remaining: 00:00:00 targetEndTime = 02:40:24
11/8/2024 14:40:16 [Information] Stepper Motor Controller Disable Z Axis controls while moving to location.
11/8/2024 14:40:16 [Information] Time remaining: 00:00:00 targetEndTime = 02:40:24
11/8/2024 14:40:16 [Information] Stepper Motor Controller Disable Z Axis controls while moving to location.
11/8/2024 14:40:16 [Information] Time remaining: 00:00:00 targetEndTime = 02:40:24
11/8/2024 14:40:16 [Information] Stepper Motor Controller Disable Z Axis controls while moving to location.
11/8/2024 14:40:16 [Information] Time remaining: 00:00:00 targetEndTime = 02:40:24
11/8/2024 14:40:16 [Information] Stepper Motor Controller Disable Z Axis controls while moving to location.
11/8/2024 14:40:16 [Information] Time remaining: 00:00:00 targetEndTime = 02:40:24
11/8/2024 14:40:16 [Information] Stepper Motor Controller Disable Z Axis controls while moving to location.
11/8/2024 14:40:16 [Information] Time remaining: 00:00:00 targetEndTime = 02:40:24
11/8/2024 14:40:16 [Information] Stepper Motor Controller Disable Z Axis controls while moving to location.
11/8/2024 14:40:16 [Information] Time remaining: 00:00:00 targetEndTime = 02:40:24
11/8/2024 14:40:16 [Information] Stepper Motor Controller Disable Z Axis controls while moving to location.
11/8/2024 14:40:16 [Information] Time remaining: 00:00:00 targetEndTime = 02:40:24
11/8/2024 14:40:16 [Information] Stepper Motor Controller Disable Z Axis controls while moving to location.
11/8/2024 14:40:16 [Information] Time remaining: 00:00:00 targetEndTime = 02:40:24
11/8/2024 14:40:16 [Information] Stepper Motor Controller Disable Z Axis controls while moving to location.
11/8/2024 14:40:16 [Information] Time remaining: 00:00:00 targetEndTime = 02:40:24
11/8/2024 14:40:16 [Information] Stepper Motor Controller Disable Z Axis controls while moving to location.
11/8/2024 14:40:16 [Information] Time remaining: 00:00:00 targetEndTime = 02:40:24
11/8/2024 14:40:16 [Information] Stepper Motor Controller Disable Z Axis controls while moving to location.
11/8/2024 14:40:16 [Information] Time remaining: 00:00:00 targetEndTime = 02:40:24
11/8/2024 14:40:16 [Information] Stepper Motor Controller Disable Z Axis controls while moving to location.
11/8/2024 14:40:16 [Information] Time remaining: 00:00:00 targetEndTime = 02:40:24
11/8/2024 14:40:16 [Information] Stepper Motor Controller Disable Z Axis controls while moving to location.
11/8/2024 14:40:16 [Information] Time remaining: 00:00:00 targetEndTime = 02:40:24
11/8/2024 14:40:16 [Information] Stepper Motor Controller Disable Z Axis controls while moving to location.
11/8/2024 14:40:16 [Information] Time remaining: 00:00:00 targetEndTime = 02:40:24
11/8/2024 14:40:16 [Information] Stepper Motor Controller Disable Z Axis controls while moving to location.
11/8/2024 14:40:16 [Information] Time remaining: 00:00:00 targetEndTime = 02:40:24
11/8/2024 14:40:16 [Information] Stepper Motor Controller Disable Z Axis controls while moving to location.
11/8/2024 14:40:16 [Information] Time remaining: 00:00:00 targetEndTime = 02:40:24
11/8/2024 14:40:16 [Information] Stepper Motor Controller Disable Z Axis controls while moving to location.
11/8/2024 14:40:16 [Information] Time remaining: 00:00:00 targetEndTime = 02:40:24
11/8/2024 14:40:16 [Information] Stepper Motor Controller Disable Z Axis controls while moving to location.
11/8/2024 14:40:16 [Information] Time remaining: 00:00:00 targetEndTime = 02:40:24
11/8/2024 14:40:16 [Information] Stepper Motor Controller Disable Z Axis controls while moving to location.
11/8/2024 14:40:16 [Information] Time remaining: 00:00:00 targetEndTime = 02:40:24
11/8/2024 14:40:16 [Information] Stepper Motor Controller Disable Z Axis controls while moving to location.
11/8/2024 14:40:16 [Information] Time remaining: 00:00:00 targetEndTime = 02:40:24
11/8/2024 14:40:16 [Information] Stepper Motor Controller Disable Z Axis controls while moving to location.
11/8/2024 14:40:16 [Information] Time remaining: 00:00:00 targetEndTime = 02:40:24
11/8/2024 14:40:16 [Information] Stepper Motor Controller Disable Z Axis controls while moving to location.
11/8/2024 14:40:16 [Information] Time remaining: 00:00:00 targetEndTime = 02:40:24
11/8/2024 14:40:17 [Information] Stepper Motor Controller Disable Z Axis controls while moving to location.
11/8/2024 14:40:17 [Information] Time remaining: 00:00:00 targetEndTime = 02:40:24
11/8/2024 14:40:17 [Information] Stepper Motor Controller Disable Z Axis controls while moving to location.
11/8/2024 14:40:17 [Information] Time remaining: 00:00:00 targetEndTime = 02:40:24
11/8/2024 14:40:17 [Information] Stepper Motor Controller Disable Z Axis controls while moving to location.
11/8/2024 14:40:17 [Information] Time remaining: 00:00:00 targetEndTime = 02:40:24
11/8/2024 14:40:17 [Information] Stepper Motor Controller Disable Z Axis controls while moving to location.
11/8/2024 14:40:17 [Information] Time remaining: 00:00:00 targetEndTime = 02:40:24
11/8/2024 14:40:17 [Information] Stepper Motor Controller Disable Z Axis controls while moving to location.
11/8/2024 14:40:17 [Information] Time remaining: 00:00:00 targetEndTime = 02:40:24
11/8/2024 14:40:17 [Information] Stepper Motor Controller Disable Z Axis controls while moving to location.
11/8/2024 14:40:17 [Information] Time remaining: 00:00:00 targetEndTime = 02:40:24
11/8/2024 14:40:17 [Information] Stepper Motor Controller Disable Z Axis controls while moving to location.
11/8/2024 14:40:17 [Information] Time remaining: 00:00:00 targetEndTime = 02:40:24
11/8/2024 14:40:17 [Information] Stepper Motor Controller Disable Z Axis controls while moving to location.
11/8/2024 14:40:17 [Information] Time remaining: 00:00:00 targetEndTime = 02:40:24
11/8/2024 14:40:17 [Information] Stepper Motor Controller Disable Z Axis controls while moving to location.
11/8/2024 14:40:17 [Information] Time remaining: 00:00:00 targetEndTime = 02:40:24
11/8/2024 14:40:17 [Information] Stepper Motor Controller Disable Z Axis controls while moving to location.
11/8/2024 14:40:17 [Information] Time remaining: 00:00:00 targetEndTime = 02:40:24
11/8/2024 14:40:17 [Information] Stepper Motor Controller Disable Z Axis controls while moving to location.
11/8/2024 14:40:17 [Information] Time remaining: 00:00:00 targetEndTime = 02:40:24
11/8/2024 14:40:17 [Information] Stepper Motor Controller Disable Z Axis controls while moving to location.
11/8/2024 14:40:17 [Information] Time remaining: 00:00:00 targetEndTime = 02:40:24
11/8/2024 14:40:17 [Information] Stepper Motor Controller Disable Z Axis controls while moving to location.
11/8/2024 14:40:17 [Information] Time remaining: 00:00:00 targetEndTime = 02:40:24
11/8/2024 14:40:17 [Information] Stepper Motor Controller Disable Z Axis controls while moving to location.
11/8/2024 14:40:17 [Information] Time remaining: 00:00:00 targetEndTime = 02:40:24
11/8/2024 14:40:17 [Information] Stepper Motor Controller Disable Z Axis controls while moving to location.
11/8/2024 14:40:17 [Information] Time remaining: 00:00:00 targetEndTime = 02:40:24
11/8/2024 14:40:17 [Information] Stepper Motor Controller Disable Z Axis controls while moving to location.
11/8/2024 14:40:17 [Information] Time remaining: 00:00:00 targetEndTime = 02:40:24
11/8/2024 14:40:17 [Information] Stepper Motor Controller Disable Z Axis controls while moving to location.
11/8/2024 14:40:17 [Information] Time remaining: 00:00:00 targetEndTime = 02:40:24
11/8/2024 14:40:17 [Information] Stepper Motor Controller Disable Z Axis controls while moving to location.
11/8/2024 14:40:17 [Information] Time remaining: 00:00:00 targetEndTime = 02:40:24
11/8/2024 14:40:17 [Information] Stepper Motor Controller Disable Z Axis controls while moving to location.
11/8/2024 14:40:17 [Information] Time remaining: 00:00:00 targetEndTime = 02:40:24
11/8/2024 14:40:17 [Information] Stepper Motor Controller Disable Z Axis controls while moving to location.
11/8/2024 14:40:17 [Information] Time remaining: 00:00:00 targetEndTime = 02:40:24
11/8/2024 14:40:17 [Information] Stepper Motor Controller Disable Z Axis controls while moving to location.
11/8/2024 14:40:17 [Information] Time remaining: 00:00:00 targetEndTime = 02:40:24
11/8/2024 14:40:17 [Information] Stepper Motor Controller Disable Z Axis controls while moving to location.
11/8/2024 14:40:17 [Information] Time remaining: 00:00:00 targetEndTime = 02:40:24
11/8/2024 14:40:17 [Information] Stepper Motor Controller Disable Z Axis controls while moving to location.
11/8/2024 14:40:17 [Information] Time remaining: 00:00:00 targetEndTime = 02:40:24
11/8/2024 14:40:17 [Information] Stepper Motor Controller Disable Z Axis controls while moving to location.
11/8/2024 14:40:17 [Information] Time remaining: 00:00:00 targetEndTime = 02:40:24
11/8/2024 14:40:17 [Information] Stepper Motor Controller Disable Z Axis controls while moving to location.
11/8/2024 14:40:17 [Information] Z Axis Data Received: Z Axis CW Motor Stopped
Z Axis CW Motor Current Position: 359
11/8/2024 14:40:17 [Information] Time remaining: 00:00:01 targetEndTime = 02:40:24
11/8/2024 14:40:17 [Information] Updated X,Y Zero.IsChecked status to 0 and Z Zero.IsChecked status to 1.
11/8/2024 14:40:19 [Information] Updated X,Y,Z Zero.IsChecked status to 0.
11/8/2024 14:40:19 [Information] Z Axis Motor Current Position: 7.18
11/8/2024 14:40:46 [Information] Z Axis mouse controlled Keypad returned: 64.00
11/8/2024 14:41:02 [Information] Z Axis Run button clicked:
11/8/2024 14:41:02 [Information] Z Axis MotorMovementSeconds decimal: (64.00 / 4) / 2 = 8.00
11/8/2024 14:41:03 [Information] Z Axis Run Event: Z,0.00,400.00,0,0.00,400.00,0,64.00,400.00,0
11/8/2024 14:41:03 [Information] Z Axis Current Time: 02:41:03 + 8000 = 02:41:11
11/8/2024 14:41:03 [Information] Stepper Motor Controller Disable Z Axis controls while moving to location.
11/8/2024 14:41:03 [Information] Time remaining: 00:00:01 targetEndTime = 02:41:11
11/8/2024 14:41:03 [Information] Stepper Motor Controller Disable Z Axis controls while moving to location.
11/8/2024 14:41:03 [Information] Time remaining: 00:00:01 targetEndTime = 02:41:11
11/8/2024 14:41:03 [Information] Stepper Motor Controller Disable Z Axis controls while moving to location.
11/8/2024 14:41:03 [Information] Time remaining: 00:00:01 targetEndTime = 02:41:11
11/8/2024 14:41:03 [Information] Stepper Motor Controller Disable Z Axis controls while moving to location.
11/8/2024 14:41:03 [Information] Time remaining: 00:00:01 targetEndTime = 02:41:11
11/8/2024 14:41:03 [Information] Stepper Motor Controller Disable Z Axis controls while moving to location.
11/8/2024 14:41:03 [Information] Time remaining: 00:00:01 targetEndTime = 02:41:11
11/8/2024 14:41:03 [Information] Stepper Motor Controller Disable Z Axis controls while moving to location.
11/8/2024 14:41:03 [Information] Time remaining: 00:00:01 targetEndTime = 02:41:11
11/8/2024 14:41:03 [Information] Stepper Motor Controller Disable Z Axis controls while moving to location.
11/8/2024 14:41:03 [Information] Time remaining: 00:00:01 targetEndTime = 02:41:11
11/8/2024 14:41:03 [Information] Stepper Motor Controller Disable Z Axis controls while moving to location.
11/8/2024 14:41:03 [Information] Time remaining: 00:00:01 targetEndTime = 02:41:11
11/8/2024 14:41:03 [Information] Stepper Motor Controller Disable Z Axis controls while moving to location.
11/8/2024 14:41:03 [Information] Time remaining: 00:00:01 targetEndTime = 02:41:11
11/8/2024 14:41:03 [Information] Stepper Motor Controller Disable Z Axis controls while moving to location.
11/8/2024 14:41:03 [Information] Time remaining: 00:00:01 targetEndTime = 02:41:11
11/8/2024 14:41:03 [Information] Stepper Motor Controller Disable Z Axis controls while moving to location.
11/8/2024 14:41:03 [Information] Time remaining: 00:00:01 targetEndTime = 02:41:11
11/8/2024 14:41:03 [Information] Stepper Motor Controller Disable Z Axis controls while moving to location.
11/8/2024 14:41:03 [Information] Time remaining: 00:00:01 targetEndTime = 02:41:11
11/8/2024 14:41:03 [Information] Stepper Motor Controller Disable Z Axis controls while moving to location.
11/8/2024 14:41:03 [Information] Time remaining: 00:00:01 targetEndTime = 02:41:11
11/8/2024 14:41:03 [Information] Stepper Motor Controller Disable Z Axis controls while moving to location.
11/8/2024 14:41:03 [Information] Time remaining: 00:00:01 targetEndTime = 02:41:11
11/8/2024 14:41:03 [Information] Stepper Motor Controller Disable Z Axis controls while moving to location.
11/8/2024 14:41:03 [Information] Time remaining: 00:00:01 targetEndTime = 02:41:11
11/8/2024 14:41:03 [Information] Stepper Motor Controller Disable Z Axis controls while moving to location.
11/8/2024 14:41:03 [Information] Time remaining: 00:00:01 targetEndTime = 02:41:11
11/8/2024 14:41:03 [Information] Stepper Motor Controller Disable Z Axis controls while moving to location.
11/8/2024 14:41:03 [Information] Time remaining: 00:00:01 targetEndTime = 02:41:11
11/8/2024 14:41:03 [Information] Stepper Motor Controller Disable Z Axis controls while moving to location.
11/8/2024 14:41:03 [Information] Time remaining: 00:00:01 targetEndTime = 02:41:11
11/8/2024 14:41:03 [Information] Stepper Motor Controller Disable Z Axis controls while moving to location.
11/8/2024 14:41:03 [Information] Time remaining: 00:00:01 targetEndTime = 02:41:11
11/8/2024 14:41:03 [Information] Stepper Motor Controller Disable Z Axis controls while moving to location.
11/8/2024 14:41:03 [Information] Time remaining: 00:00:01 targetEndTime = 02:41:11
11/8/2024 14:41:04 [Information] Stepper Motor Controller Disable Z Axis controls while moving to location.
11/8/2024 14:41:04 [Information] Time remaining: 00:00:01 targetEndTime = 02:41:11
11/8/2024 14:41:04 [Information] Stepper Motor Controller Disable Z Axis controls while moving to location.
11/8/2024 14:41:04 [Information] Time remaining: 00:00:01 targetEndTime = 02:41:11
11/8/2024 14:41:04 [Information] Stepper Motor Controller Disable Z Axis controls while moving to location.
11/8/2024 14:41:04 [Information] Time remaining: 00:00:01 targetEndTime = 02:41:11
11/8/2024 14:41:04 [Information] Stepper Motor Controller Disable Z Axis controls while moving to location.
11/8/2024 14:41:04 [Information] Time remaining: 00:00:01 targetEndTime = 02:41:11
11/8/2024 14:41:04 [Information] Stepper Motor Controller Disable Z Axis controls while moving to location.
11/8/2024 14:41:04 [Information] Time remaining: 00:00:01 targetEndTime = 02:41:11
11/8/2024 14:41:04 [Information] Stepper Motor Controller Disable Z Axis controls while moving to location.
11/8/2024 14:41:04 [Information] Time remaining: 00:00:01 targetEndTime = 02:41:11
11/8/2024 14:41:04 [Information] Stepper Motor Controller Disable Z Axis controls while moving to location.
11/8/2024 14:41:04 [Information] Time remaining: 00:00:01 targetEndTime = 02:41:11
11/8/2024 14:41:04 [Information] Stepper Motor Controller Disable Z Axis controls while moving to location.
11/8/2024 14:41:04 [Information] Time remaining: 00:00:01 targetEndTime = 02:41:11
11/8/2024 14:41:04 [Information] Stepper Motor Controller Disable Z Axis controls while moving to location.
11/8/2024 14:41:04 [Information] Time remaining: 00:00:01 targetEndTime = 02:41:11
11/8/2024 14:41:04 [Information] Stepper Motor Controller Disable Z Axis controls while moving to location.
11/8/2024 14:41:04 [Information] Time remaining: 00:00:01 targetEndTime = 02:41:11
11/8/2024 14:41:04 [Information] Stepper Motor Controller Disable Z Axis controls while moving to location.
11/8/2024 14:41:04 [Information] Time remaining: 00:00:01 targetEndTime = 02:41:11
11/8/2024 14:41:04 [Information] Stepper Motor Controller Disable Z Axis controls while moving to location.
11/8/2024 14:41:04 [Information] Time remaining: 00:00:01 targetEndTime = 02:41:11
11/8/2024 14:41:04 [Information] Stepper Motor Controller Disable Z Axis controls while moving to location.
11/8/2024 14:41:04 [Information] Time remaining: 00:00:01 targetEndTime = 02:41:11
11/8/2024 14:41:04 [Information] Stepper Motor Controller Disable Z Axis controls while moving to location.
11/8/2024 14:41:04 [Information] Time remaining: 00:00:01 targetEndTime = 02:41:11
11/8/2024 14:41:04 [Information] Stepper Motor Controller Disable Z Axis controls while moving to location.
11/8/2024 14:41:04 [Information] Time remaining: 00:00:01 targetEndTime = 02:41:11
11/8/2024 14:41:04 [Information] Stepper Motor Controller Disable Z Axis controls while moving to location.
11/8/2024 14:41:04 [Information] Time remaining: 00:00:01 targetEndTime = 02:41:11
11/8/2024 14:41:04 [Information] Stepper Motor Controller Disable Z Axis controls while moving to location.
11/8/2024 14:41:04 [Information] Time remaining: 00:00:01 targetEndTime = 02:41:11
11/8/2024 14:41:04 [Information] Stepper Motor Controller Disable Z Axis controls while moving to location.
11/8/2024 14:41:04 [Information] Time remaining: 00:00:01 targetEndTime = 02:41:11
11/8/2024 14:41:04 [Information] Stepper Motor Controller Disable Z Axis controls while moving to location.
11/8/2024 14:41:04 [Information] Time remaining: 00:00:01 targetEndTime = 02:41:11
11/8/2024 14:41:04 [Information] Stepper Motor Controller Disable Z Axis controls while moving to location.
11/8/2024 14:41:04 [Information] Time remaining: 00:00:01 targetEndTime = 02:41:11
11/8/2024 14:41:04 [Information] Stepper Motor Controller Disable Z Axis controls while moving to location.
11/8/2024 14:41:04 [Information] Time remaining: 00:00:01 targetEndTime = 02:41:11
11/8/2024 14:41:04 [Information] Stepper Motor Controller Disable Z Axis controls while moving to location.
11/8/2024 14:41:04 [Information] Time remaining: 00:00:02 targetEndTime = 02:41:11
11/8/2024 14:41:04 [Information] Stepper Motor Controller Disable Z Axis controls while moving to location.
11/8/2024 14:41:04 [Information] Time remaining: 00:00:02 targetEndTime = 02:41:11
11/8/2024 14:41:04 [Information] Stepper Motor Controller Disable Z Axis controls while moving to location.
11/8/2024 14:41:04 [Information] Time remaining: 00:00:02 targetEndTime = 02:41:11
11/8/2024 14:41:04 [Information] Stepper Motor Controller Disable Z Axis controls while moving to location.
11/8/2024 14:41:04 [Information] Time remaining: 00:00:02 targetEndTime = 02:41:11
11/8/2024 14:41:04 [Information] Stepper Motor Controller Disable Z Axis controls while moving to location.
11/8/2024 14:41:04 [Information] Time remaining: 00:00:02 targetEndTime = 02:41:11
11/8/2024 14:41:04 [Information] Stepper Motor Controller Disable Z Axis controls while moving to location.
11/8/2024 14:41:04 [Information] Time remaining: 00:00:02 targetEndTime = 02:41:11
11/8/2024 14:41:04 [Information] Stepper Motor Controller Disable Z Axis controls while moving to location.
11/8/2024 14:41:04 [Information] Time remaining: 00:00:02 targetEndTime = 02:41:11
11/8/2024 14:41:04 [Information] Stepper Motor Controller Disable Z Axis controls while moving to location.
11/8/2024 14:41:04 [Information] Time remaining: 00:00:02 targetEndTime = 02:41:11
11/8/2024 14:41:04 [Information] Z Axis Data Received: Z Axis CW Motor Stopped
Z Axis CW Motor Current Position: 413
11/8/2024 14:41:04 [Information] Updated X,Y Zero.IsChecked status to 0 and Z Zero.IsChecked status to 1.
11/8/2024 14:41:06 [Information] Updated X,Y,Z Zero.IsChecked status to 0.
11/8/2024 14:41:06 [Information] Z Axis Motor Current Position: 15.44
11/8/2024 14:41:17 [Information] Z Axis mouse controlled Keypad returned: 64.00
11/8/2024 14:41:19 [Information] Z Axis Run button clicked:
11/8/2024 14:41:19 [Information] Z Axis MotorMovementSeconds decimal: (64.00 / 4) / 2 = 8.00
11/8/2024 14:41:20 [Information] Z Axis Run Event: Z,0.00,400.00,0,0.00,400.00,0,64.00,400.00,0
11/8/2024 14:41:20 [Information] Z Axis Current Time: 02:41:20 + 8000 = 02:41:28
11/8/2024 14:41:20 [Information] Stepper Motor Controller Disable Z Axis controls while moving to location.
11/8/2024 14:41:20 [Information] Time remaining: 00:00:02 targetEndTime = 02:41:28
11/8/2024 14:41:21 [Information] Stepper Motor Controller Disable Z Axis controls while moving to location.
11/8/2024 14:41:21 [Information] Time remaining: 00:00:02 targetEndTime = 02:41:28
11/8/2024 14:41:21 [Information] Stepper Motor Controller Disable Z Axis controls while moving to location.
11/8/2024 14:41:21 [Information] Time remaining: 00:00:02 targetEndTime = 02:41:28
11/8/2024 14:41:21 [Information] Stepper Motor Controller Disable Z Axis controls while moving to location.
11/8/2024 14:41:21 [Information] Time remaining: 00:00:02 targetEndTime = 02:41:28
11/8/2024 14:41:21 [Information] Stepper Motor Controller Disable Z Axis controls while moving to location.
11/8/2024 14:41:21 [Information] Time remaining: 00:00:02 targetEndTime = 02:41:28
11/8/2024 14:41:21 [Information] Stepper Motor Controller Disable Z Axis controls while moving to location.
11/8/2024 14:41:21 [Information] Time remaining: 00:00:02 targetEndTime = 02:41:28
11/8/2024 14:41:21 [Information] Stepper Motor Controller Disable Z Axis controls while moving to location.
11/8/2024 14:41:21 [Information] Time remaining: 00:00:02 targetEndTime = 02:41:28
11/8/2024 14:41:21 [Information] Stepper Motor Controller Disable Z Axis controls while moving to location.
11/8/2024 14:41:21 [Information] Time remaining: 00:00:02 targetEndTime = 02:41:28
11/8/2024 14:41:21 [Information] Stepper Motor Controller Disable Z Axis controls while moving to location.
11/8/2024 14:41:21 [Information] Time remaining: 00:00:02 targetEndTime = 02:41:28
11/8/2024 14:41:21 [Information] Stepper Motor Controller Disable Z Axis controls while moving to location.
11/8/2024 14:41:21 [Information] Time remaining: 00:00:02 targetEndTime = 02:41:28
11/8/2024 14:41:21 [Information] Stepper Motor Controller Disable Z Axis controls while moving to location.
11/8/2024 14:41:21 [Information] Time remaining: 00:00:02 targetEndTime = 02:41:28
11/8/2024 14:41:21 [Information] Stepper Motor Controller Disable Z Axis controls while moving to location.
11/8/2024 14:41:21 [Information] Time remaining: 00:00:02 targetEndTime = 02:41:28
11/8/2024 14:41:21 [Information] Stepper Motor Controller Disable Z Axis controls while moving to location.
11/8/2024 14:41:21 [Information] Time remaining: 00:00:02 targetEndTime = 02:41:28
11/8/2024 14:41:21 [Information] Stepper Motor Controller Disable Z Axis controls while moving to location.
11/8/2024 14:41:21 [Information] Time remaining: 00:00:02 targetEndTime = 02:41:28
11/8/2024 14:41:21 [Information] Stepper Motor Controller Disable Z Axis controls while moving to location.
11/8/2024 14:41:21 [Information] Time remaining: 00:00:02 targetEndTime = 02:41:28
11/8/2024 14:41:21 [Information] Stepper Motor Controller Disable Z Axis controls while moving to location.
11/8/2024 14:41:21 [Information] Time remaining: 00:00:02 targetEndTime = 02:41:28
11/8/2024 14:41:21 [Information] Stepper Motor Controller Disable Z Axis controls while moving to location.
11/8/2024 14:41:21 [Information] Time remaining: 00:00:02 targetEndTime = 02:41:28
11/8/2024 14:41:21 [Information] Stepper Motor Controller Disable Z Axis controls while moving to location.
11/8/2024 14:41:21 [Information] Time remaining: 00:00:02 targetEndTime = 02:41:28
11/8/2024 14:41:21 [Information] Stepper Motor Controller Disable Z Axis controls while moving to location.
11/8/2024 14:41:21 [Information] Time remaining: 00:00:02 targetEndTime = 02:41:28
11/8/2024 14:41:21 [Information] Stepper Motor Controller Disable Z Axis controls while moving to location.
11/8/2024 14:41:21 [Information] Time remaining: 00:00:02 targetEndTime = 02:41:28
11/8/2024 14:41:21 [Information] Z Axis Data Received: Z Axis CW Motor Stopped
Z Axis CW Motor Current Position: 118
11/8/2024 14:41:21 [Information] Stepper Motor Controller Disable Z Axis controls while moving to location.
11/8/2024 14:41:21 [Information] Time remaining: 00:00:02 targetEndTime = 02:41:28
11/8/2024 14:41:21 [Information] Updated X,Y Zero.IsChecked status to 0 and Z Zero.IsChecked status to 1.
11/8/2024 14:41:23 [Information] Updated X,Y,Z Zero.IsChecked status to 0.
11/8/2024 14:41:23 [Information] Z Axis Motor Current Position: 17.80
11/8/2024 14:41:35 [Information] Z Axis mouse controlled Keypad returned: 64.00
11/8/2024 14:41:37 [Information] Z Axis Run button clicked:
11/8/2024 14:41:37 [Information] Z Axis MotorMovementSeconds decimal: (64.00 / 4) / 2 = 8.00
11/8/2024 14:41:38 [Information] Z Axis Run Event: Z,0.00,400.00,0,0.00,400.00,0,64.00,400.00,0
11/8/2024 14:41:38 [Information] Z Axis Current Time: 02:41:38 + 8000 = 02:41:46
11/8/2024 14:41:38 [Information] Stepper Motor Controller Disable Z Axis controls while moving to location.
11/8/2024 14:41:38 [Information] Time remaining: 00:00:02 targetEndTime = 02:41:46
11/8/2024 14:41:38 [Information] Stepper Motor Controller Disable Z Axis controls while moving to location.
11/8/2024 14:41:38 [Information] Time remaining: 00:00:02 targetEndTime = 02:41:46
11/8/2024 14:41:38 [Information] Stepper Motor Controller Disable Z Axis controls while moving to location.
11/8/2024 14:41:38 [Information] Time remaining: 00:00:02 targetEndTime = 02:41:46
11/8/2024 14:41:38 [Information] Stepper Motor Controller Disable Z Axis controls while moving to location.
11/8/2024 14:41:38 [Information] Time remaining: 00:00:02 targetEndTime = 02:41:46
11/8/2024 14:41:38 [Information] Stepper Motor Controller Disable Z Axis controls while moving to location.
11/8/2024 14:41:38 [Information] Time remaining: 00:00:02 targetEndTime = 02:41:46
11/8/2024 14:41:38 [Information] Stepper Motor Controller Disable Z Axis controls while moving to location.
11/8/2024 14:41:38 [Information] Time remaining: 00:00:02 targetEndTime = 02:41:46
11/8/2024 14:41:38 [Information] Stepper Motor Controller Disable Z Axis controls while moving to location.
11/8/2024 14:41:38 [Information] Time remaining: 00:00:02 targetEndTime = 02:41:46
11/8/2024 14:41:38 [Information] Stepper Motor Controller Disable Z Axis controls while moving to location.
11/8/2024 14:41:38 [Information] Time remaining: 00:00:02 targetEndTime = 02:41:46
11/8/2024 14:41:38 [Information] Stepper Motor Controller Disable Z Axis controls while moving to location.
11/8/2024 14:41:38 [Information] Time remaining: 00:00:02 targetEndTime = 02:41:46
11/8/2024 14:41:38 [Information] Stepper Motor Controller Disable Z Axis controls while moving to location.
11/8/2024 14:41:38 [Information] Time remaining: 00:00:02 targetEndTime = 02:41:46
11/8/2024 14:41:38 [Information] Stepper Motor Controller Disable Z Axis controls while moving to location.
11/8/2024 14:41:38 [Information] Time remaining: 00:00:02 targetEndTime = 02:41:46
11/8/2024 14:41:38 [Information] Stepper Motor Controller Disable Z Axis controls while moving to location.
11/8/2024 14:41:38 [Information] Time remaining: 00:00:02 targetEndTime = 02:41:46
11/8/2024 14:41:38 [Information] Stepper Motor Controller Disable Z Axis controls while moving to location.
11/8/2024 14:41:38 [Information] Time remaining: 00:00:02 targetEndTime = 02:41:46
11/8/2024 14:41:38 [Information] Stepper Motor Controller Disable Z Axis controls while moving to location.
11/8/2024 14:41:38 [Information] Time remaining: 00:00:02 targetEndTime = 02:41:46
11/8/2024 14:41:38 [Information] Stepper Motor Controller Disable Z Axis controls while moving to location.
11/8/2024 14:41:38 [Information] Time remaining: 00:00:02 targetEndTime = 02:41:46
11/8/2024 14:41:38 [Information] Stepper Motor Controller Disable Z Axis controls while moving to location.
11/8/2024 14:41:38 [Information] Time remaining: 00:00:02 targetEndTime = 02:41:46
11/8/2024 14:41:38 [Information] Stepper Motor Controller Disable Z Axis controls while moving to location.
11/8/2024 14:41:38 [Information] Time remaining: 00:00:02 targetEndTime = 02:41:46
11/8/2024 14:41:38 [Information] Stepper Motor Controller Disable Z Axis controls while moving to location.
11/8/2024 14:41:38 [Information] Time remaining: 00:00:02 targetEndTime = 02:41:46
11/8/2024 14:41:38 [Information] Stepper Motor Controller Disable Z Axis controls while moving to location.
11/8/2024 14:41:38 [Information] Time remaining: 00:00:03 targetEndTime = 02:41:46
11/8/2024 14:41:38 [Information] Stepper Motor Controller Disable Z Axis controls while moving to location.
11/8/2024 14:41:38 [Information] Time remaining: 00:00:03 targetEndTime = 02:41:46
11/8/2024 14:41:38 [Information] Stepper Motor Controller Disable Z Axis controls while moving to location.
11/8/2024 14:41:38 [Information] Time remaining: 00:00:03 targetEndTime = 02:41:46
11/8/2024 14:41:38 [Information] Stepper Motor Controller Disable Z Axis controls while moving to location.
11/8/2024 14:41:38 [Information] Time remaining: 00:00:03 targetEndTime = 02:41:46
11/8/2024 14:41:38 [Information] Stepper Motor Controller Disable Z Axis controls while moving to location.
11/8/2024 14:41:38 [Information] Time remaining: 00:00:03 targetEndTime = 02:41:46
11/8/2024 14:41:39 [Information] Stepper Motor Controller Disable Z Axis controls while moving to location.
11/8/2024 14:41:39 [Information] Z Axis Data Received: Z Axis CW Motor Stopped
Z Axis CW Motor Current Position: 132
11/8/2024 14:41:39 [Information] Time remaining: 00:00:03 targetEndTime = 02:41:46
11/8/2024 14:41:39 [Information] Updated X,Y Zero.IsChecked status to 0 and Z Zero.IsChecked status to 1.
11/8/2024 14:41:41 [Information] Updated X,Y,Z Zero.IsChecked status to 0.
11/8/2024 14:41:41 [Information] Z Axis CW Motor Current Position: 20.44
11/8/2024 14:41:49 [Information] Z Axis mouse controlled Keypad returned: 64.00
11/8/2024 14:41:51 [Information] Z Axis Run button clicked:
11/8/2024 14:41:51 [Information] Z Axis MotorMovementSeconds decimal: (64.00 / 4) / 2 = 8.00
11/8/2024 14:41:52 [Information] Z Axis Run Event: Z,0.00,400.00,0,0.00,400.00,0,64.00,400.00,0
11/8/2024 14:41:52 [Information] Z Axis Current Time: 02:41:52 + 8000 = 02:42:00
11/8/2024 14:41:52 [Information] Stepper Motor Controller Disable Z Axis controls while moving to location.
11/8/2024 14:41:52 [Information] Time remaining: 00:00:03 targetEndTime = 02:42:00
11/8/2024 14:41:52 [Information] Stepper Motor Controller Disable Z Axis controls while moving to location.
11/8/2024 14:41:52 [Information] Time remaining: 00:00:03 targetEndTime = 02:42:00
11/8/2024 14:41:52 [Information] Stepper Motor Controller Disable Z Axis controls while moving to location.
11/8/2024 14:41:52 [Information] Time remaining: 00:00:03 targetEndTime = 02:42:00
11/8/2024 14:41:52 [Information] Stepper Motor Controller Disable Z Axis controls while moving to location.
11/8/2024 14:41:52 [Information] Time remaining: 00:00:03 targetEndTime = 02:42:00
11/8/2024 14:41:52 [Information] Stepper Motor Controller Disable Z Axis controls while moving to location.
11/8/2024 14:41:52 [Information] Time remaining: 00:00:03 targetEndTime = 02:42:00
11/8/2024 14:41:52 [Information] Stepper Motor Controller Disable Z Axis controls while moving to location.
11/8/2024 14:41:52 [Information] Time remaining: 00:00:03 targetEndTime = 02:42:00
11/8/2024 14:41:52 [Information] Stepper Motor Controller Disable Z Axis controls while moving to location.
11/8/2024 14:41:52 [Information] Time remaining: 00:00:03 targetEndTime = 02:42:00
11/8/2024 14:41:52 [Information] Stepper Motor Controller Disable Z Axis controls while moving to location.
11/8/2024 14:41:52 [Information] Time remaining: 00:00:03 targetEndTime = 02:42:00
11/8/2024 14:41:52 [Information] Stepper Motor Controller Disable Z Axis controls while moving to location.
11/8/2024 14:41:52 [Information] Time remaining: 00:00:03 targetEndTime = 02:42:00
11/8/2024 14:41:52 [Information] Stepper Motor Controller Disable Z Axis controls while moving to location.
11/8/2024 14:41:52 [Information] Time remaining: 00:00:03 targetEndTime = 02:42:00
11/8/2024 14:41:52 [Information] Stepper Motor Controller Disable Z Axis controls while moving to location.
11/8/2024 14:41:52 [Information] Time remaining: 00:00:03 targetEndTime = 02:42:00
11/8/2024 14:41:52 [Information] Stepper Motor Controller Disable Z Axis controls while moving to location.
11/8/2024 14:41:52 [Information] Time remaining: 00:00:03 targetEndTime = 02:42:00
11/8/2024 14:41:52 [Information] Stepper Motor Controller Disable Z Axis controls while moving to location.
11/8/2024 14:41:52 [Information] Time remaining: 00:00:03 targetEndTime = 02:42:00
11/8/2024 14:41:52 [Information] Stepper Motor Controller Disable Z Axis controls while moving to location.
11/8/2024 14:41:52 [Information] Time remaining: 00:00:03 targetEndTime = 02:42:00
11/8/2024 14:41:52 [Information] Stepper Motor Controller Disable Z Axis controls while moving to location.
11/8/2024 14:41:52 [Information] Time remaining: 00:00:03 targetEndTime = 02:42:00
11/8/2024 14:41:52 [Information] Stepper Motor Controller Disable Z Axis controls while moving to location.
11/8/2024 14:41:52 [Information] Time remaining: 00:00:03 targetEndTime = 02:42:00
11/8/2024 14:41:52 [Information] Stepper Motor Controller Disable Z Axis controls while moving to location.
11/8/2024 14:41:52 [Information] Time remaining: 00:00:03 targetEndTime = 02:42:00
11/8/2024 14:41:52 [Information] Stepper Motor Controller Disable Z Axis controls while moving to location.
11/8/2024 14:41:52 [Information] Time remaining: 00:00:03 targetEndTime = 02:42:00
11/8/2024 14:41:52 [Information] Stepper Motor Controller Disable Z Axis controls while moving to location.
11/8/2024 14:41:52 [Information] Time remaining: 00:00:03 targetEndTime = 02:42:00
11/8/2024 14:41:52 [Information] Stepper Motor Controller Disable Z Axis controls while moving to location.
11/8/2024 14:41:52 [Information] Time remaining: 00:00:03 targetEndTime = 02:42:00
11/8/2024 14:41:52 [Information] Stepper Motor Controller Disable Z Axis controls while moving to location.
11/8/2024 14:41:52 [Information] Time remaining: 00:00:03 targetEndTime = 02:42:00
11/8/2024 14:41:52 [Information] Stepper Motor Controller Disable Z Axis controls while moving to location.
11/8/2024 14:41:52 [Information] Time remaining: 00:00:03 targetEndTime = 02:42:00
11/8/2024 14:41:52 [Information] Stepper Motor Controller Disable Z Axis controls while moving to location.
11/8/2024 14:41:52 [Information] Time remaining: 00:00:03 targetEndTime = 02:42:00
11/8/2024 14:41:52 [Information] Stepper Motor Controller Disable Z Axis controls while moving to location.
11/8/2024 14:41:52 [Information] Time remaining: 00:00:03 targetEndTime = 02:42:00
11/8/2024 14:41:52 [Information] Stepper Motor Controller Disable Z Axis controls while moving to location.
11/8/2024 14:41:52 [Information] Time remaining: 00:00:03 targetEndTime = 02:42:00
11/8/2024 14:41:52 [Information] Stepper Motor Controller Disable Z Axis controls while moving to location.
11/8/2024 14:41:52 [Information] Time remaining: 00:00:03 targetEndTime = 02:42:00
11/8/2024 14:41:52 [Information] Stepper Motor Controller Disable Z Axis controls while moving to location.
11/8/2024 14:41:53 [Information] Time remaining: 00:00:03 targetEndTime = 02:42:00
11/8/2024 14:41:53 [Information] Stepper Motor Controller Disable Z Axis controls while moving to location.
11/8/2024 14:41:53 [Information] Time remaining: 00:00:03 targetEndTime = 02:42:00
11/8/2024 14:41:53 [Information] Stepper Motor Controller Disable Z Axis controls while moving to location.
11/8/2024 14:41:53 [Information] Time remaining: 00:00:03 targetEndTime = 02:42:00
11/8/2024 14:41:53 [Information] Stepper Motor Controller Disable Z Axis controls while moving to location.
11/8/2024 14:41:53 [Information] Time remaining: 00:00:03 targetEndTime = 02:42:00
11/8/2024 14:41:53 [Information] Stepper Motor Controller Disable Z Axis controls while moving to location.
11/8/2024 14:41:53 [Information] Time remaining: 00:00:03 targetEndTime = 02:42:00
11/8/2024 14:41:53 [Information] Stepper Motor Controller Disable Z Axis controls while moving to location.
11/8/2024 14:41:53 [Information] Time remaining: 00:00:03 targetEndTime = 02:42:00
11/8/2024 14:41:53 [Information] Stepper Motor Controller Disable Z Axis controls while moving to location.
11/8/2024 14:41:53 [Information] Time remaining: 00:00:03 targetEndTime = 02:42:00
11/8/2024 14:41:53 [Information] Stepper Motor Controller Disable Z Axis controls while moving to location.
11/8/2024 14:41:53 [Information] Time remaining: 00:00:03 targetEndTime = 02:42:00
11/8/2024 14:41:53 [Information] Stepper Motor Controller Disable Z Axis controls while moving to location.
11/8/2024 14:41:53 [Information] Time remaining: 00:00:03 targetEndTime = 02:42:00
11/8/2024 14:41:53 [Information] Stepper Motor Controller Disable Z Axis controls while moving to location.
11/8/2024 14:41:53 [Information] Time remaining: 00:00:03 targetEndTime = 02:42:00
11/8/2024 14:41:53 [Information] Stepper Motor Controller Disable Z Axis controls while moving to location.
11/8/2024 14:41:53 [Information] Time remaining: 00:00:03 targetEndTime = 02:42:00
11/8/2024 14:41:53 [Information] Stepper Motor Controller Disable Z Axis controls while moving to location.
11/8/2024 14:41:53 [Information] Time remaining: 00:00:03 targetEndTime = 02:42:00
11/8/2024 14:41:53 [Information] Stepper Motor Controller Disable Z Axis controls while moving to location.
11/8/2024 14:41:53 [Information] Time remaining: 00:00:03 targetEndTime = 02:42:00
11/8/2024 14:41:53 [Information] Stepper Motor Controller Disable Z Axis controls while moving to location.
11/8/2024 14:41:53 [Information] Time remaining: 00:00:03 targetEndTime = 02:42:00
11/8/2024 14:41:53 [Information] Stepper Motor Controller Disable Z Axis controls while moving to location.
11/8/2024 14:41:53 [Information] Time remaining: 00:00:03 targetEndTime = 02:42:00
11/8/2024 14:41:53 [Information] Stepper Motor Controller Disable Z Axis controls while moving to location.
11/8/2024 14:41:53 [Information] Time remaining: 00:00:03 targetEndTime = 02:42:00
11/8/2024 14:41:53 [Information] Stepper Motor Controller Disable Z Axis controls while moving to location.
11/8/2024 14:41:53 [Information] Time remaining: 00:00:03 targetEndTime = 02:42:00
11/8/2024 14:41:53 [Information] Stepper Motor Controller Disable Z Axis controls while moving to location.
11/8/2024 14:41:53 [Information] Time remaining: 00:00:03 targetEndTime = 02:42:00
11/8/2024 14:41:53 [Information] Stepper Motor Controller Disable Z Axis controls while moving to location.
11/8/2024 14:41:53 [Information] Time remaining: 00:00:03 targetEndTime = 02:42:00
11/8/2024 14:41:53 [Information] Stepper Motor Controller Disable Z Axis controls while moving to location.
11/8/2024 14:41:53 [Information] Time remaining: 00:00:04 targetEndTime = 02:42:00
11/8/2024 14:41:53 [Information] Stepper Motor Controller Disable Z Axis controls while moving to location.
11/8/2024 14:41:53 [Information] Time remaining: 00:00:04 targetEndTime = 02:42:00
11/8/2024 14:41:53 [Information] Stepper Motor Controller Disable Z Axis controls while moving to location.
11/8/2024 14:41:53 [Information] Time remaining: 00:00:04 targetEndTime = 02:42:00
11/8/2024 14:41:53 [Information] Stepper Motor Controller Disable Z Axis controls while moving to location.
11/8/2024 14:41:53 [Information] Time remaining: 00:00:04 targetEndTime = 02:42:00
11/8/2024 14:41:53 [Information] Stepper Motor Controller Disable Z Axis controls while moving to location.
11/8/2024 14:41:53 [Information] Time remaining: 00:00:04 targetEndTime = 02:42:00
11/8/2024 14:41:53 [Information] Stepper Motor Controller Disable Z Axis controls while moving to location.
11/8/2024 14:41:53 [Information] Time remaining: 00:00:04 targetEndTime = 02:42:00
11/8/2024 14:41:53 [Information] Stepper Motor Controller Disable Z Axis controls while moving to location.
11/8/2024 14:41:53 [Information] Time remaining: 00:00:04 targetEndTime = 02:42:00
11/8/2024 14:41:53 [Information] Stepper Motor Controller Disable Z Axis controls while moving to location.
11/8/2024 14:41:53 [Information] Time remaining: 00:00:04 targetEndTime = 02:42:00
11/8/2024 14:41:53 [Information] Stepper Motor Controller Disable Z Axis controls while moving to location.
11/8/2024 14:41:53 [Information] Time remaining: 00:00:04 targetEndTime = 02:42:00
11/8/2024 14:41:53 [Information] Stepper Motor Controller Disable Z Axis controls while moving to location.
11/8/2024 14:41:53 [Information] Time remaining: 00:00:04 targetEndTime = 02:42:00
11/8/2024 14:41:53 [Information] Stepper Motor Controller Disable Z Axis controls while moving to location.
11/8/2024 14:41:53 [Information] Time remaining: 00:00:04 targetEndTime = 02:42:00
11/8/2024 14:41:53 [Information] Stepper Motor Controller Disable Z Axis controls while moving to location.
11/8/2024 14:41:53 [Information] Time remaining: 00:00:04 targetEndTime = 02:42:00
11/8/2024 14:41:53 [Information] Stepper Motor Controller Disable Z Axis controls while moving to location.
11/8/2024 14:41:53 [Information] Time remaining: 00:00:04 targetEndTime = 02:42:00
11/8/2024 14:41:53 [Information] Stepper Motor Controller Disable Z Axis controls while moving to location.
11/8/2024 14:41:53 [Information] Time remaining: 00:00:04 targetEndTime = 02:42:00
11/8/2024 14:41:53 [Information] Stepper Motor Controller Disable Z Axis controls while moving to location.
11/8/2024 14:41:53 [Information] Time remaining: 00:00:04 targetEndTime = 02:42:00
11/8/2024 14:41:53 [Information] Stepper Motor Controller Disable Z Axis controls while moving to location.
11/8/2024 14:41:53 [Information] Time remaining: 00:00:04 targetEndTime = 02:42:00
11/8/2024 14:41:53 [Information] Stepper Motor Controller Disable Z Axis controls while moving to location.
11/8/2024 14:41:53 [Information] Time remaining: 00:00:04 targetEndTime = 02:42:00
11/8/2024 14:41:53 [Information] Stepper Motor Controller Disable Z Axis controls while moving to location.
11/8/2024 14:41:53 [Information] Time remaining: 00:00:04 targetEndTime = 02:42:00
11/8/2024 14:41:53 [Information] Stepper Motor Controller Disable Z Axis controls while moving to location.
11/8/2024 14:41:53 [Information] Time remaining: 00:00:04 targetEndTime = 02:42:00
11/8/2024 14:41:53 [Information] Stepper Motor Controller Disable Z Axis controls while moving to location.
11/8/2024 14:41:53 [Information] Time remaining: 00:00:04 targetEndTime = 02:42:00
11/8/2024 14:41:53 [Information] Stepper Motor Controller Disable Z Axis controls while moving to location.
11/8/2024 14:41:53 [Information] Time remaining: 00:00:04 targetEndTime = 02:42:00
11/8/2024 14:41:53 [Information] Stepper Motor Controller Disable Z Axis controls while moving to location.
11/8/2024 14:41:53 [Information] Time remaining: 00:00:04 targetEndTime = 02:42:00
11/8/2024 14:41:53 [Information] Stepper Motor Controller Disable Z Axis controls while moving to location.
11/8/2024 14:41:53 [Information] Time remaining: 00:00:04 targetEndTime = 02:42:00
11/8/2024 14:41:53 [Information] Stepper Motor Controller Disable Z Axis controls while moving to location.
11/8/2024 14:41:53 [Information] Time remaining: 00:00:04 targetEndTime = 02:42:00
11/8/2024 14:41:53 [Information] Stepper Motor Controller Disable Z Axis controls while moving to location.
11/8/2024 14:41:53 [Information] Time remaining: 00:00:04 targetEndTime = 02:42:00
11/8/2024 14:41:53 [Information] Stepper Motor Controller Disable Z Axis controls while moving to location.
11/8/2024 14:41:53 [Information] Time remaining: 00:00:04 targetEndTime = 02:42:00
11/8/2024 14:41:53 [Information] Stepper Motor Controller Disable Z Axis controls while moving to location.
11/8/2024 14:41:53 [Information] Time remaining: 00:00:04 targetEndTime = 02:42:00
11/8/2024 14:41:53 [Information] Stepper Motor Controller Disable Z Axis controls while moving to location.
11/8/2024 14:41:53 [Information] Time remaining: 00:00:04 targetEndTime = 02:42:00
11/8/2024 14:41:53 [Information] Stepper Motor Controller Disable Z Axis controls while moving to location.
11/8/2024 14:41:53 [Information] Time remaining: 00:00:04 targetEndTime = 02:42:00
11/8/2024 14:41:53 [Information] Stepper Motor Controller Disable Z Axis controls while moving to location.
11/8/2024 14:41:53 [Information] Time remaining: 00:00:04 targetEndTime = 02:42:00
11/8/2024 14:41:53 [Information] Stepper Motor Controller Disable Z Axis controls while moving to location.
11/8/2024 14:41:53 [Information] Time remaining: 00:00:04 targetEndTime = 02:42:00
11/8/2024 14:41:53 [Information] Stepper Motor Controller Disable Z Axis controls while moving to location.
11/8/2024 14:41:53 [Information] Time remaining: 00:00:04 targetEndTime = 02:42:00
11/8/2024 14:41:53 [Information] Stepper Motor Controller Disable Z Axis controls while moving to location.
11/8/2024 14:41:53 [Information] Time remaining: 00:00:04 targetEndTime = 02:42:00
11/8/2024 14:41:53 [Information] Stepper Motor Controller Disable Z Axis controls while moving to location.
11/8/2024 14:41:53 [Information] Time remaining: 00:00:04 targetEndTime = 02:42:00
11/8/2024 14:41:53 [Information] Stepper Motor Controller Disable Z Axis controls while moving to location.
11/8/2024 14:41:53 [Information] Time remaining: 00:00:04 targetEndTime = 02:42:00
11/8/2024 14:41:53 [Information] Stepper Motor Controller Disable Z Axis controls while moving to location.
11/8/2024 14:41:53 [Information] Time remaining: 00:00:04 targetEndTime = 02:42:00
11/8/2024 14:41:53 [Information] Stepper Motor Controller Disable Z Axis controls while moving to location.
11/8/2024 14:41:53 [Information] Time remaining: 00:00:04 targetEndTime = 02:42:00
11/8/2024 14:41:53 [Information] Stepper Motor Controller Disable Z Axis controls while moving to location.
11/8/2024 14:41:53 [Information] Time remaining: 00:00:04 targetEndTime = 02:42:00
11/8/2024 14:41:53 [Information] Stepper Motor Controller Disable Z Axis controls while moving to location.
11/8/2024 14:41:53 [Information] Time remaining: 00:00:04 targetEndTime = 02:42:00
11/8/2024 14:41:53 [Information] Stepper Motor Controller Disable Z Axis controls while moving to location.
11/8/2024 14:41:53 [Information] Time remaining: 00:00:04 targetEndTime = 02:42:00
11/8/2024 14:41:53 [Information] Stepper Motor Controller Disable Z Axis controls while moving to location.
11/8/2024 14:41:53 [Information] Time remaining: 00:00:04 targetEndTime = 02:42:00
11/8/2024 14:41:54 [Information] Stepper Motor Controller Disable Z Axis controls while moving to location.
11/8/2024 14:41:54 [Information] Time remaining: 00:00:04 targetEndTime = 02:42:00
11/8/2024 14:41:54 [Information] Stepper Motor Controller Disable Z Axis controls while moving to location.
11/8/2024 14:41:54 [Information] Time remaining: 00:00:04 targetEndTime = 02:42:00
11/8/2024 14:41:54 [Information] Stepper Motor Controller Disable Z Axis controls while moving to location.
11/8/2024 14:41:54 [Information] Time remaining: 00:00:04 targetEndTime = 02:42:00
11/8/2024 14:41:54 [Information] Stepper Motor Controller Disable Z Axis controls while moving to location.
11/8/2024 14:41:54 [Information] Time remaining: 00:00:04 targetEndTime = 02:42:00
11/8/2024 14:41:54 [Information] Stepper Motor Controller Disable Z Axis controls while moving to location.
11/8/2024 14:41:54 [Information] Time remaining: 00:00:04 targetEndTime = 02:42:00
11/8/2024 14:41:54 [Information] Stepper Motor Controller Disable Z Axis controls while moving to location.
11/8/2024 14:41:54 [Information] Time remaining: 00:00:04 targetEndTime = 02:42:00
11/8/2024 14:41:54 [Information] Stepper Motor Controller Disable Z Axis controls while moving to location.
11/8/2024 14:41:54 [Information] Time remaining: 00:00:04 targetEndTime = 02:42:00
11/8/2024 14:41:54 [Information] Stepper Motor Controller Disable Z Axis controls while moving to location.
11/8/2024 14:41:54 [Information] Time remaining: 00:00:04 targetEndTime = 02:42:00
11/8/2024 14:41:54 [Information] Stepper Motor Controller Disable Z Axis controls while moving to location.
11/8/2024 14:41:54 [Information] Time remaining: 00:00:04 targetEndTime = 02:42:00
11/8/2024 14:41:54 [Information] Stepper Motor Controller Disable Z Axis controls while moving to location.
11/8/2024 14:41:54 [Information] Time remaining: 00:00:04 targetEndTime = 02:42:00
11/8/2024 14:41:54 [Information] Stepper Motor Controller Disable Z Axis controls while moving to location.
11/8/2024 14:41:54 [Information] Time remaining: 00:00:04 targetEndTime = 02:42:00
11/8/2024 14:41:54 [Information] Stepper Motor Controller Disable Z Axis controls while moving to location.
11/8/2024 14:41:54 [Information] Time remaining: 00:00:04 targetEndTime = 02:42:00
11/8/2024 14:41:54 [Information] Stepper Motor Controller Disable Z Axis controls while moving to location.
11/8/2024 14:41:54 [Information] Time remaining: 00:00:04 targetEndTime = 02:42:00
11/8/2024 14:41:54 [Information] Stepper Motor Controller Disable Z Axis controls while moving to location.
11/8/2024 14:41:54 [Information] Time remaining: 00:00:04 targetEndTime = 02:42:00
11/8/2024 14:41:54 [Information] Stepper Motor Controller Disable Z Axis controls while moving to location.
11/8/2024 14:41:54 [Information] Time remaining: 00:00:04 targetEndTime = 02:42:00
11/8/2024 14:41:54 [Information] Stepper Motor Controller Disable Z Axis controls while moving to location.
11/8/2024 14:41:54 [Information] Time remaining: 00:00:04 targetEndTime = 02:42:00
11/8/2024 14:41:54 [Information] Stepper Motor Controller Disable Z Axis controls while moving to location.
11/8/2024 14:41:54 [Information] Time remaining: 00:00:04 targetEndTime = 02:42:00
11/8/2024 14:41:54 [Information] Stepper Motor Controller Disable Z Axis controls while moving to location.
11/8/2024 14:41:54 [Information] Time remaining: 00:00:05 targetEndTime = 02:42:00
11/8/2024 14:41:54 [Information] Stepper Motor Controller Disable Z Axis controls while moving to location.
11/8/2024 14:41:54 [Information] Time remaining: 00:00:05 targetEndTime = 02:42:00
11/8/2024 14:41:54 [Information] Stepper Motor Controller Disable Z Axis controls while moving to location.
11/8/2024 14:41:54 [Information] Time remaining: 00:00:05 targetEndTime = 02:42:00
11/8/2024 14:41:54 [Information] Stepper Motor Controller Disable Z Axis controls while moving to location.
11/8/2024 14:41:54 [Information] Time remaining: 00:00:05 targetEndTime = 02:42:00
11/8/2024 14:41:54 [Information] Stepper Motor Controller Disable Z Axis controls while moving to location.
11/8/2024 14:41:54 [Information] Time remaining: 00:00:05 targetEndTime = 02:42:00
11/8/2024 14:41:54 [Information] Stepper Motor Controller Disable Z Axis controls while moving to location.
11/8/2024 14:41:54 [Information] Time remaining: 00:00:05 targetEndTime = 02:42:00
11/8/2024 14:41:54 [Information] Stepper Motor Controller Disable Z Axis controls while moving to location.
11/8/2024 14:41:54 [Information] Time remaining: 00:00:05 targetEndTime = 02:42:00
11/8/2024 14:41:54 [Information] Stepper Motor Controller Disable Z Axis controls while moving to location.
11/8/2024 14:41:54 [Information] Time remaining: 00:00:05 targetEndTime = 02:42:00
11/8/2024 14:41:54 [Information] Stepper Motor Controller Disable Z Axis controls while moving to location.
11/8/2024 14:41:54 [Information] Time remaining: 00:00:05 targetEndTime = 02:42:00
11/8/2024 14:41:54 [Information] Stepper Motor Controller Disable Z Axis controls while moving to location.
11/8/2024 14:41:54 [Information] Time remaining: 00:00:05 targetEndTime = 02:42:00
11/8/2024 14:41:54 [Information] Stepper Motor Controller Disable Z Axis controls while moving to location.
11/8/2024 14:41:54 [Information] Time remaining: 00:00:05 targetEndTime = 02:42:00
11/8/2024 14:41:54 [Information] Stepper Motor Controller Disable Z Axis controls while moving to location.
11/8/2024 14:41:54 [Information] Time remaining: 00:00:05 targetEndTime = 02:42:00
11/8/2024 14:41:54 [Information] Stepper Motor Controller Disable Z Axis controls while moving to location.
11/8/2024 14:41:54 [Information] Time remaining: 00:00:05 targetEndTime = 02:42:00
11/8/2024 14:41:54 [Information] Stepper Motor Controller Disable Z Axis controls while moving to location.
11/8/2024 14:41:54 [Information] Time remaining: 00:00:05 targetEndTime = 02:42:00
11/8/2024 14:41:54 [Information] Stepper Motor Controller Disable Z Axis controls while moving to location.
11/8/2024 14:41:54 [Information] Time remaining: 00:00:05 targetEndTime = 02:42:00
11/8/2024 14:41:54 [Information] Stepper Motor Controller Disable Z Axis controls while moving to location.
11/8/2024 14:41:54 [Information] Time remaining: 00:00:05 targetEndTime = 02:42:00
11/8/2024 14:41:54 [Information] Stepper Motor Controller Disable Z Axis controls while moving to location.
11/8/2024 14:41:54 [Information] Time remaining: 00:00:05 targetEndTime = 02:42:00
11/8/2024 14:41:54 [Information] Stepper Motor Controller Disable Z Axis controls while moving to location.
11/8/2024 14:41:54 [Information] Time remaining: 00:00:05 targetEndTime = 02:42:00
11/8/2024 14:41:54 [Information] Stepper Motor Controller Disable Z Axis controls while moving to location.
11/8/2024 14:41:54 [Information] Time remaining: 00:00:05 targetEndTime = 02:42:00
11/8/2024 14:41:54 [Information] Stepper Motor Controller Disable Z Axis controls while moving to location.
11/8/2024 14:41:54 [Information] Time remaining: 00:00:05 targetEndTime = 02:42:00
11/8/2024 14:41:54 [Information] Stepper Motor Controller Disable Z Axis controls while moving to location.
11/8/2024 14:41:54 [Information] Time remaining: 00:00:05 targetEndTime = 02:42:00
11/8/2024 14:41:54 [Information] Stepper Motor Controller Disable Z Axis controls while moving to location.
11/8/2024 14:41:54 [Information] Time remaining: 00:00:05 targetEndTime = 02:42:00
11/8/2024 14:41:54 [Information] Stepper Motor Controller Disable Z Axis controls while moving to location.
11/8/2024 14:41:54 [Information] Time remaining: 00:00:05 targetEndTime = 02:42:00
11/8/2024 14:41:54 [Information] Stepper Motor Controller Disable Z Axis controls while moving to location.
11/8/2024 14:41:54 [Information] Time remaining: 00:00:05 targetEndTime = 02:42:00
11/8/2024 14:41:54 [Information] Stepper Motor Controller Disable Z Axis controls while moving to location.
11/8/2024 14:41:54 [Information] Time remaining: 00:00:05 targetEndTime = 02:42:00
11/8/2024 14:41:54 [Information] Stepper Motor Controller Disable Z Axis controls while moving to location.
11/8/2024 14:41:54 [Information] Time remaining: 00:00:05 targetEndTime = 02:42:00
11/8/2024 14:41:54 [Information] Stepper Motor Controller Disable Z Axis controls while moving to location.
11/8/2024 14:41:54 [Information] Time remaining: 00:00:05 targetEndTime = 02:42:00
11/8/2024 14:41:54 [Information] Stepper Motor Controller Disable Z Axis controls while moving to location.
11/8/2024 14:41:54 [Information] Time remaining: 00:00:05 targetEndTime = 02:42:00
11/8/2024 14:41:54 [Information] Stepper Motor Controller Disable Z Axis controls while moving to location.
11/8/2024 14:41:54 [Information] Time remaining: 00:00:05 targetEndTime = 02:42:00
11/8/2024 14:41:54 [Information] Stepper Motor Controller Disable Z Axis controls while moving to location.
11/8/2024 14:41:54 [Information] Time remaining: 00:00:05 targetEndTime = 02:42:00
11/8/2024 14:41:54 [Information] Stepper Motor Controller Disable Z Axis controls while moving to location.
11/8/2024 14:41:54 [Information] Time remaining: 00:00:05 targetEndTime = 02:42:00
11/8/2024 14:41:54 [Information] Stepper Motor Controller Disable Z Axis controls while moving to location.
11/8/2024 14:41:54 [Information] Time remaining: 00:00:05 targetEndTime = 02:42:00
11/8/2024 14:41:54 [Information] Stepper Motor Controller Disable Z Axis controls while moving to location.
11/8/2024 14:41:54 [Information] Time remaining: 00:00:05 targetEndTime = 02:42:00
11/8/2024 14:41:54 [Information] Stepper Motor Controller Disable Z Axis controls while moving to location.
11/8/2024 14:41:54 [Information] Time remaining: 00:00:05 targetEndTime = 02:42:00
11/8/2024 14:41:54 [Information] Stepper Motor Controller Disable Z Axis controls while moving to location.
11/8/2024 14:41:54 [Information] Time remaining: 00:00:05 targetEndTime = 02:42:00
11/8/2024 14:41:54 [Information] Stepper Motor Controller Disable Z Axis controls while moving to location.
11/8/2024 14:41:54 [Information] Time remaining: 00:00:05 targetEndTime = 02:42:00
11/8/2024 14:41:54 [Information] Stepper Motor Controller Disable Z Axis controls while moving to location.
11/8/2024 14:41:54 [Information] Time remaining: 00:00:05 targetEndTime = 02:42:00
11/8/2024 14:41:54 [Information] Stepper Motor Controller Disable Z Axis controls while moving to location.
11/8/2024 14:41:54 [Information] Time remaining: 00:00:05 targetEndTime = 02:42:00
11/8/2024 14:41:54 [Information] Stepper Motor Controller Disable Z Axis controls while moving to location.
11/8/2024 14:41:54 [Information] Time remaining: 00:00:05 targetEndTime = 02:42:00
11/8/2024 14:41:54 [Information] Stepper Motor Controller Disable Z Axis controls while moving to location.
11/8/2024 14:41:54 [Information] Time remaining: 00:00:05 targetEndTime = 02:42:00
11/8/2024 14:41:54 [Information] Stepper Motor Controller Disable Z Axis controls while moving to location.
11/8/2024 14:41:54 [Information] Time remaining: 00:00:05 targetEndTime = 02:42:00
11/8/2024 14:41:55 [Information] Stepper Motor Controller Disable Z Axis controls while moving to location.
11/8/2024 14:41:55 [Information] Time remaining: 00:00:05 targetEndTime = 02:42:00
11/8/2024 14:41:55 [Information] Stepper Motor Controller Disable Z Axis controls while moving to location.
11/8/2024 14:41:55 [Information] Time remaining: 00:00:05 targetEndTime = 02:42:00
11/8/2024 14:41:55 [Information] Stepper Motor Controller Disable Z Axis controls while moving to location.
11/8/2024 14:41:55 [Information] Time remaining: 00:00:05 targetEndTime = 02:42:00
11/8/2024 14:41:55 [Information] Stepper Motor Controller Disable Z Axis controls while moving to location.
11/8/2024 14:41:55 [Information] Time remaining: 00:00:05 targetEndTime = 02:42:00
11/8/2024 14:41:55 [Information] Stepper Motor Controller Disable Z Axis controls while moving to location.
11/8/2024 14:41:55 [Information] Time remaining: 00:00:05 targetEndTime = 02:42:00
11/8/2024 14:41:55 [Information] Stepper Motor Controller Disable Z Axis controls while moving to location.
11/8/2024 14:41:55 [Information] Time remaining: 00:00:05 targetEndTime = 02:42:00
11/8/2024 14:41:55 [Information] Stepper Motor Controller Disable Z Axis controls while moving to location.
11/8/2024 14:41:55 [Information] Time remaining: 00:00:05 targetEndTime = 02:42:00
11/8/2024 14:41:55 [Information] Stepper Motor Controller Disable Z Axis controls while moving to location.
11/8/2024 14:41:55 [Information] Time remaining: 00:00:05 targetEndTime = 02:42:00
11/8/2024 14:41:55 [Information] Stepper Motor Controller Disable Z Axis controls while moving to location.
11/8/2024 14:41:55 [Information] Time remaining: 00:00:05 targetEndTime = 02:42:00
11/8/2024 14:41:55 [Information] Stepper Motor Controller Disable Z Axis controls while moving to location.
11/8/2024 14:41:55 [Information] Time remaining: 00:00:05 targetEndTime = 02:42:00
11/8/2024 14:41:55 [Information] Stepper Motor Controller Disable Z Axis controls while moving to location.
11/8/2024 14:41:55 [Information] Time remaining: 00:00:05 targetEndTime = 02:42:00
11/8/2024 14:41:55 [Information] Stepper Motor Controller Disable Z Axis controls while moving to location.
11/8/2024 14:41:55 [Information] Time remaining: 00:00:05 targetEndTime = 02:42:00
11/8/2024 14:41:55 [Information] Stepper Motor Controller Disable Z Axis controls while moving to location.
11/8/2024 14:41:55 [Information] Time remaining: 00:00:05 targetEndTime = 02:42:00
11/8/2024 14:41:55 [Information] Stepper Motor Controller Disable Z Axis controls while moving to location.
11/8/2024 14:41:55 [Information] Time remaining: 00:00:05 targetEndTime = 02:42:00
11/8/2024 14:41:55 [Information] Stepper Motor Controller Disable Z Axis controls while moving to location.
11/8/2024 14:41:55 [Information] Time remaining: 00:00:05 targetEndTime = 02:42:00
11/8/2024 14:41:55 [Information] Stepper Motor Controller Disable Z Axis controls while moving to location.
11/8/2024 14:41:55 [Information] Time remaining: 00:00:05 targetEndTime = 02:42:00
11/8/2024 14:41:55 [Information] Stepper Motor Controller Disable Z Axis controls while moving to location.
11/8/2024 14:41:55 [Information] Time remaining: 00:00:05 targetEndTime = 02:42:00
11/8/2024 14:41:55 [Information] Stepper Motor Controller Disable Z Axis controls while moving to location.
11/8/2024 14:41:55 [Information] Time remaining: 00:00:05 targetEndTime = 02:42:00
11/8/2024 14:41:55 [Information] Stepper Motor Controller Disable Z Axis controls while moving to location.
11/8/2024 14:41:55 [Information] Time remaining: 00:00:05 targetEndTime = 02:42:00
11/8/2024 14:41:55 [Information] Stepper Motor Controller Disable Z Axis controls while moving to location.
11/8/2024 14:41:55 [Information] Time remaining: 00:00:06 targetEndTime = 02:42:00
11/8/2024 14:41:55 [Information] Stepper Motor Controller Disable Z Axis controls while moving to location.
11/8/2024 14:41:55 [Information] Time remaining: 00:00:06 targetEndTime = 02:42:00
11/8/2024 14:41:55 [Information] Stepper Motor Controller Disable Z Axis controls while moving to location.
11/8/2024 14:41:55 [Information] Time remaining: 00:00:06 targetEndTime = 02:42:00
11/8/2024 14:41:55 [Information] Stepper Motor Controller Disable Z Axis controls while moving to location.
11/8/2024 14:41:55 [Information] Time remaining: 00:00:06 targetEndTime = 02:42:00
11/8/2024 14:41:55 [Information] Stepper Motor Controller Disable Z Axis controls while moving to location.
11/8/2024 14:41:55 [Information] Time remaining: 00:00:06 targetEndTime = 02:42:00
11/8/2024 14:41:55 [Information] Stepper Motor Controller Disable Z Axis controls while moving to location.
11/8/2024 14:41:55 [Information] Time remaining: 00:00:06 targetEndTime = 02:42:00
11/8/2024 14:41:55 [Information] Stepper Motor Controller Disable Z Axis controls while moving to location.
11/8/2024 14:41:55 [Information] Time remaining: 00:00:06 targetEndTime = 02:42:00
11/8/2024 14:41:55 [Information] Stepper Motor Controller Disable Z Axis controls while moving to location.
11/8/2024 14:41:55 [Information] Time remaining: 00:00:06 targetEndTime = 02:42:00
11/8/2024 14:41:55 [Information] Stepper Motor Controller Disable Z Axis controls while moving to location.
11/8/2024 14:41:55 [Information] Time remaining: 00:00:06 targetEndTime = 02:42:00
11/8/2024 14:41:55 [Information] Stepper Motor Controller Disable Z Axis controls while moving to location.
11/8/2024 14:41:55 [Information] Time remaining: 00:00:06 targetEndTime = 02:42:00
11/8/2024 14:41:55 [Information] Stepper Motor Controller Disable Z Axis controls while moving to location.
11/8/2024 14:41:55 [Information] Time remaining: 00:00:06 targetEndTime = 02:42:00
11/8/2024 14:41:55 [Information] Stepper Motor Controller Disable Z Axis controls while moving to location.
11/8/2024 14:41:55 [Information] Time remaining: 00:00:06 targetEndTime = 02:42:00
11/8/2024 14:41:55 [Information] Stepper Motor Controller Disable Z Axis controls while moving to location.
11/8/2024 14:41:55 [Information] Time remaining: 00:00:06 targetEndTime = 02:42:00
11/8/2024 14:41:55 [Information] Stepper Motor Controller Disable Z Axis controls while moving to location.
11/8/2024 14:41:55 [Information] Time remaining: 00:00:06 targetEndTime = 02:42:00
11/8/2024 14:41:55 [Information] Stepper Motor Controller Disable Z Axis controls while moving to location.
11/8/2024 14:41:55 [Information] Time remaining: 00:00:06 targetEndTime = 02:42:00
11/8/2024 14:41:55 [Information] Stepper Motor Controller Disable Z Axis controls while moving to location.
11/8/2024 14:41:55 [Information] Time remaining: 00:00:06 targetEndTime = 02:42:00
11/8/2024 14:41:55 [Information] Stepper Motor Controller Disable Z Axis controls while moving to location.
11/8/2024 14:41:55 [Information] Time remaining: 00:00:06 targetEndTime = 02:42:00
11/8/2024 14:41:55 [Information] Stepper Motor Controller Disable Z Axis controls while moving to location.
11/8/2024 14:41:55 [Information] Time remaining: 00:00:06 targetEndTime = 02:42:00
11/8/2024 14:41:55 [Information] Stepper Motor Controller Disable Z Axis controls while moving to location.
11/8/2024 14:41:55 [Information] Time remaining: 00:00:06 targetEndTime = 02:42:00
11/8/2024 14:41:55 [Information] Stepper Motor Controller Disable Z Axis controls while moving to location.
11/8/2024 14:41:55 [Information] Time remaining: 00:00:06 targetEndTime = 02:42:00
11/8/2024 14:41:55 [Information] Stepper Motor Controller Disable Z Axis controls while moving to location.
11/8/2024 14:41:55 [Information] Time remaining: 00:00:06 targetEndTime = 02:42:00
11/8/2024 14:41:55 [Information] Stepper Motor Controller Disable Z Axis controls while moving to location.
11/8/2024 14:41:55 [Information] Time remaining: 00:00:06 targetEndTime = 02:42:00
11/8/2024 14:41:55 [Information] Stepper Motor Controller Disable Z Axis controls while moving to location.
11/8/2024 14:41:55 [Information] Time remaining: 00:00:06 targetEndTime = 02:42:00
11/8/2024 14:41:55 [Information] Stepper Motor Controller Disable Z Axis controls while moving to location.
11/8/2024 14:41:55 [Information] Time remaining: 00:00:06 targetEndTime = 02:42:00
11/8/2024 14:41:55 [Information] Stepper Motor Controller Disable Z Axis controls while moving to location.
11/8/2024 14:41:55 [Information] Time remaining: 00:00:06 targetEndTime = 02:42:00
11/8/2024 14:41:55 [Information] Stepper Motor Controller Disable Z Axis controls while moving to location.
11/8/2024 14:41:55 [Information] Time remaining: 00:00:06 targetEndTime = 02:42:00
11/8/2024 14:41:55 [Information] Stepper Motor Controller Disable Z Axis controls while moving to location.
11/8/2024 14:41:55 [Information] Time remaining: 00:00:06 targetEndTime = 02:42:00
11/8/2024 14:41:55 [Information] Stepper Motor Controller Disable Z Axis controls while moving to location.
11/8/2024 14:41:55 [Information] Time remaining: 00:00:06 targetEndTime = 02:42:00
11/8/2024 14:41:55 [Information] Stepper Motor Controller Disable Z Axis controls while moving to location.
11/8/2024 14:41:55 [Information] Time remaining: 00:00:06 targetEndTime = 02:42:00
11/8/2024 14:41:55 [Information] Stepper Motor Controller Disable Z Axis controls while moving to location.
11/8/2024 14:41:55 [Information] Time remaining: 00:00:06 targetEndTime = 02:42:00
11/8/2024 14:41:55 [Information] Stepper Motor Controller Disable Z Axis controls while moving to location.
11/8/2024 14:41:55 [Information] Time remaining: 00:00:06 targetEndTime = 02:42:00
11/8/2024 14:41:55 [Information] Stepper Motor Controller Disable Z Axis controls while moving to location.
11/8/2024 14:41:55 [Information] Time remaining: 00:00:06 targetEndTime = 02:42:00
11/8/2024 14:41:55 [Information] Stepper Motor Controller Disable Z Axis controls while moving to location.
11/8/2024 14:41:55 [Information] Time remaining: 00:00:06 targetEndTime = 02:42:00
11/8/2024 14:41:55 [Information] Stepper Motor Controller Disable Z Axis controls while moving to location.
11/8/2024 14:41:55 [Information] Time remaining: 00:00:06 targetEndTime = 02:42:00
11/8/2024 14:41:55 [Information] Stepper Motor Controller Disable Z Axis controls while moving to location.
11/8/2024 14:41:55 [Information] Time remaining: 00:00:06 targetEndTime = 02:42:00
11/8/2024 14:41:55 [Information] Stepper Motor Controller Disable Z Axis controls while moving to location.
11/8/2024 14:41:55 [Information] Time remaining: 00:00:06 targetEndTime = 02:42:00
11/8/2024 14:41:55 [Information] Stepper Motor Controller Disable Z Axis controls while moving to location.
11/8/2024 14:41:55 [Information] Time remaining: 00:00:06 targetEndTime = 02:42:00
11/8/2024 14:41:55 [Information] Stepper Motor Controller Disable Z Axis controls while moving to location.
11/8/2024 14:41:55 [Information] Time remaining: 00:00:06 targetEndTime = 02:42:00
11/8/2024 14:41:55 [Information] Stepper Motor Controller Disable Z Axis controls while moving to location.
11/8/2024 14:41:55 [Information] Time remaining: 00:00:06 targetEndTime = 02:42:00
11/8/2024 14:41:55 [Information] Stepper Motor Controller Disable Z Axis controls while moving to location.
11/8/2024 14:41:55 [Information] Time remaining: 00:00:06 targetEndTime = 02:42:00
11/8/2024 14:41:55 [Information] Stepper Motor Controller Disable Z Axis controls while moving to location.
11/8/2024 14:41:55 [Information] Time remaining: 00:00:06 targetEndTime = 02:42:00
11/8/2024 14:41:55 [Information] Stepper Motor Controller Disable Z Axis controls while moving to location.
11/8/2024 14:41:55 [Information] Time remaining: 00:00:06 targetEndTime = 02:42:00
11/8/2024 14:41:56 [Information] Stepper Motor Controller Disable Z Axis controls while moving to location.
11/8/2024 14:41:56 [Information] Time remaining: 00:00:06 targetEndTime = 02:42:00
11/8/2024 14:41:56 [Information] Stepper Motor Controller Disable Z Axis controls while moving to location.
11/8/2024 14:41:56 [Information] Time remaining: 00:00:06 targetEndTime = 02:42:00
11/8/2024 14:41:56 [Information] Stepper Motor Controller Disable Z Axis controls while moving to location.
11/8/2024 14:41:56 [Information] Time remaining: 00:00:06 targetEndTime = 02:42:00
11/8/2024 14:41:56 [Information] Stepper Motor Controller Disable Z Axis controls while moving to location.
11/8/2024 14:41:56 [Information] Time remaining: 00:00:06 targetEndTime = 02:42:00
11/8/2024 14:41:56 [Information] Stepper Motor Controller Disable Z Axis controls while moving to location.
11/8/2024 14:41:56 [Information] Time remaining: 00:00:06 targetEndTime = 02:42:00
11/8/2024 14:41:56 [Information] Stepper Motor Controller Disable Z Axis controls while moving to location.
11/8/2024 14:41:56 [Information] Time remaining: 00:00:06 targetEndTime = 02:42:00
11/8/2024 14:41:56 [Information] Stepper Motor Controller Disable Z Axis controls while moving to location.
11/8/2024 14:41:56 [Information] Time remaining: 00:00:06 targetEndTime = 02:42:00
11/8/2024 14:41:56 [Information] Stepper Motor Controller Disable Z Axis controls while moving to location.
11/8/2024 14:41:56 [Information] Time remaining: 00:00:06 targetEndTime = 02:42:00
11/8/2024 14:41:56 [Information] Stepper Motor Controller Disable Z Axis controls while moving to location.
11/8/2024 14:41:56 [Information] Time remaining: 00:00:06 targetEndTime = 02:42:00
11/8/2024 14:41:56 [Information] Stepper Motor Controller Disable Z Axis controls while moving to location.
11/8/2024 14:41:56 [Information] Time remaining: 00:00:06 targetEndTime = 02:42:00
11/8/2024 14:41:56 [Information] Stepper Motor Controller Disable Z Axis controls while moving to location.
11/8/2024 14:41:56 [Information] Time remaining: 00:00:06 targetEndTime = 02:42:00
11/8/2024 14:41:56 [Information] Stepper Motor Controller Disable Z Axis controls while moving to location.
11/8/2024 14:41:56 [Information] Time remaining: 00:00:06 targetEndTime = 02:42:00
11/8/2024 14:41:56 [Information] Stepper Motor Controller Disable Z Axis controls while moving to location.
11/8/2024 14:41:56 [Information] Time remaining: 00:00:06 targetEndTime = 02:42:00
11/8/2024 14:41:56 [Information] Stepper Motor Controller Disable Z Axis controls while moving to location.
11/8/2024 14:41:56 [Information] Time remaining: 00:00:06 targetEndTime = 02:42:00
11/8/2024 14:41:56 [Information] Stepper Motor Controller Disable Z Axis controls while moving to location.
11/8/2024 14:41:56 [Information] Time remaining: 00:00:06 targetEndTime = 02:42:00
11/8/2024 14:41:56 [Information] Stepper Motor Controller Disable Z Axis controls while moving to location.
11/8/2024 14:41:56 [Information] Time remaining: 00:00:06 targetEndTime = 02:42:00
11/8/2024 14:41:56 [Information] Stepper Motor Controller Disable Z Axis controls while moving to location.
11/8/2024 14:41:56 [Information] Time remaining: 00:00:06 targetEndTime = 02:42:00
11/8/2024 14:41:56 [Information] Stepper Motor Controller Disable Z Axis controls while moving to location.
11/8/2024 14:41:56 [Information] Time remaining: 00:00:06 targetEndTime = 02:42:00
11/8/2024 14:41:56 [Information] Stepper Motor Controller Disable Z Axis controls while moving to location.
11/8/2024 14:41:56 [Information] Time remaining: 00:00:07 targetEndTime = 02:42:00
11/8/2024 14:41:56 [Information] Stepper Motor Controller Disable Z Axis controls while moving to location.
11/8/2024 14:41:56 [Information] Time remaining: 00:00:07 targetEndTime = 02:42:00
11/8/2024 14:41:56 [Information] Stepper Motor Controller Disable Z Axis controls while moving to location.
11/8/2024 14:41:56 [Information] Time remaining: 00:00:07 targetEndTime = 02:42:00
11/8/2024 14:41:56 [Information] Stepper Motor Controller Disable Z Axis controls while moving to location.
11/8/2024 14:41:56 [Information] Time remaining: 00:00:07 targetEndTime = 02:42:00
11/8/2024 14:41:56 [Information] Stepper Motor Controller Disable Z Axis controls while moving to location.
11/8/2024 14:41:56 [Information] Time remaining: 00:00:07 targetEndTime = 02:42:00
11/8/2024 14:41:56 [Information] Stepper Motor Controller Disable Z Axis controls while moving to location.
11/8/2024 14:41:56 [Information] Time remaining: 00:00:07 targetEndTime = 02:42:00
11/8/2024 14:41:56 [Information] Stepper Motor Controller Disable Z Axis controls while moving to location.
11/8/2024 14:41:56 [Information] Time remaining: 00:00:07 targetEndTime = 02:42:00
11/8/2024 14:41:56 [Information] Stepper Motor Controller Disable Z Axis controls while moving to location.
11/8/2024 14:41:56 [Information] Time remaining: 00:00:07 targetEndTime = 02:42:00
11/8/2024 14:41:56 [Information] Stepper Motor Controller Disable Z Axis controls while moving to location.
11/8/2024 14:41:56 [Information] Time remaining: 00:00:07 targetEndTime = 02:42:00
11/8/2024 14:41:56 [Information] Stepper Motor Controller Disable Z Axis controls while moving to location.
11/8/2024 14:41:56 [Information] Time remaining: 00:00:07 targetEndTime = 02:42:00
11/8/2024 14:41:56 [Information] Stepper Motor Controller Disable Z Axis controls while moving to location.
11/8/2024 14:41:56 [Information] Time remaining: 00:00:07 targetEndTime = 02:42:00
11/8/2024 14:41:56 [Information] Stepper Motor Controller Disable Z Axis controls while moving to location.
11/8/2024 14:41:56 [Information] Time remaining: 00:00:07 targetEndTime = 02:42:00
11/8/2024 14:41:56 [Information] Stepper Motor Controller Disable Z Axis controls while moving to location.
11/8/2024 14:41:56 [Information] Time remaining: 00:00:07 targetEndTime = 02:42:00
11/8/2024 14:41:56 [Information] Stepper Motor Controller Disable Z Axis controls while moving to location.
11/8/2024 14:41:56 [Information] Time remaining: 00:00:07 targetEndTime = 02:42:00
11/8/2024 14:41:56 [Information] Stepper Motor Controller Disable Z Axis controls while moving to location.
11/8/2024 14:41:56 [Information] Time remaining: 00:00:07 targetEndTime = 02:42:00
11/8/2024 14:41:56 [Information] Stepper Motor Controller Disable Z Axis controls while moving to location.
11/8/2024 14:41:56 [Information] Time remaining: 00:00:07 targetEndTime = 02:42:00
11/8/2024 14:41:56 [Information] Stepper Motor Controller Disable Z Axis controls while moving to location.
11/8/2024 14:41:56 [Information] Time remaining: 00:00:07 targetEndTime = 02:42:00
11/8/2024 14:41:56 [Information] Stepper Motor Controller Disable Z Axis controls while moving to location.
11/8/2024 14:41:56 [Information] Time remaining: 00:00:07 targetEndTime = 02:42:00
11/8/2024 14:41:56 [Information] Stepper Motor Controller Disable Z Axis controls while moving to location.
11/8/2024 14:41:56 [Information] Time remaining: 00:00:07 targetEndTime = 02:42:00
11/8/2024 14:41:56 [Information] Stepper Motor Controller Disable Z Axis controls while moving to location.
11/8/2024 14:41:56 [Information] Time remaining: 00:00:07 targetEndTime = 02:42:00
11/8/2024 14:41:56 [Information] Stepper Motor Controller Disable Z Axis controls while moving to location.
11/8/2024 14:41:56 [Information] Time remaining: 00:00:07 targetEndTime = 02:42:00
11/8/2024 14:41:56 [Information] Stepper Motor Controller Disable Z Axis controls while moving to location.
11/8/2024 14:41:56 [Information] Time remaining: 00:00:07 targetEndTime = 02:42:00
11/8/2024 14:41:56 [Information] Stepper Motor Controller Disable Z Axis controls while moving to location.
11/8/2024 14:41:56 [Information] Time remaining: 00:00:07 targetEndTime = 02:42:00
11/8/2024 14:41:56 [Information] Stepper Motor Controller Disable Z Axis controls while moving to location.
11/8/2024 14:41:56 [Information] Time remaining: 00:00:07 targetEndTime = 02:42:00
11/8/2024 14:41:56 [Information] Stepper Motor Controller Disable Z Axis controls while moving to location.
11/8/2024 14:41:56 [Information] Time remaining: 00:00:07 targetEndTime = 02:42:00
11/8/2024 14:41:56 [Information] Stepper Motor Controller Disable Z Axis controls while moving to location.
11/8/2024 14:41:56 [Information] Time remaining: 00:00:07 targetEndTime = 02:42:00
11/8/2024 14:41:56 [Information] Stepper Motor Controller Disable Z Axis controls while moving to location.
11/8/2024 14:41:56 [Information] Time remaining: 00:00:07 targetEndTime = 02:42:00
11/8/2024 14:41:56 [Information] Stepper Motor Controller Disable Z Axis controls while moving to location.
11/8/2024 14:41:56 [Information] Time remaining: 00:00:07 targetEndTime = 02:42:00
11/8/2024 14:41:56 [Information] Stepper Motor Controller Disable Z Axis controls while moving to location.
11/8/2024 14:41:56 [Information] Time remaining: 00:00:07 targetEndTime = 02:42:00
11/8/2024 14:41:56 [Information] Stepper Motor Controller Disable Z Axis controls while moving to location.
11/8/2024 14:41:56 [Information] Time remaining: 00:00:07 targetEndTime = 02:42:00
11/8/2024 14:41:56 [Information] Stepper Motor Controller Disable Z Axis controls while moving to location.
11/8/2024 14:41:56 [Information] Time remaining: 00:00:07 targetEndTime = 02:42:00
11/8/2024 14:41:56 [Information] Stepper Motor Controller Disable Z Axis controls while moving to location.
11/8/2024 14:41:56 [Information] Time remaining: 00:00:07 targetEndTime = 02:42:00
11/8/2024 14:41:56 [Information] Stepper Motor Controller Disable Z Axis controls while moving to location.
11/8/2024 14:41:56 [Information] Time remaining: 00:00:07 targetEndTime = 02:42:00
11/8/2024 14:41:56 [Information] Stepper Motor Controller Disable Z Axis controls while moving to location.
11/8/2024 14:41:56 [Information] Time remaining: 00:00:07 targetEndTime = 02:42:00
11/8/2024 14:41:56 [Information] Stepper Motor Controller Disable Z Axis controls while moving to location.
11/8/2024 14:41:56 [Information] Time remaining: 00:00:07 targetEndTime = 02:42:00
11/8/2024 14:41:56 [Information] Stepper Motor Controller Disable Z Axis controls while moving to location.
11/8/2024 14:41:56 [Information] Time remaining: 00:00:07 targetEndTime = 02:42:00
11/8/2024 14:41:56 [Information] Stepper Motor Controller Disable Z Axis controls while moving to location.
11/8/2024 14:41:56 [Information] Time remaining: 00:00:07 targetEndTime = 02:42:00
11/8/2024 14:41:56 [Information] Stepper Motor Controller Disable Z Axis controls while moving to location.
11/8/2024 14:41:56 [Information] Time remaining: 00:00:07 targetEndTime = 02:42:00
11/8/2024 14:41:56 [Information] Stepper Motor Controller Disable Z Axis controls while moving to location.
11/8/2024 14:41:56 [Information] Time remaining: 00:00:07 targetEndTime = 02:42:00
11/8/2024 14:41:56 [Information] Stepper Motor Controller Disable Z Axis controls while moving to location.
11/8/2024 14:41:57 [Information] Time remaining: 00:00:07 targetEndTime = 02:42:00
11/8/2024 14:41:57 [Information] Stepper Motor Controller Disable Z Axis controls while moving to location.
11/8/2024 14:41:57 [Information] Time remaining: 00:00:07 targetEndTime = 02:42:00
11/8/2024 14:41:57 [Information] Stepper Motor Controller Disable Z Axis controls while moving to location.
11/8/2024 14:41:57 [Information] Time remaining: 00:00:07 targetEndTime = 02:42:00
11/8/2024 14:41:57 [Information] Stepper Motor Controller Disable Z Axis controls while moving to location.
11/8/2024 14:41:57 [Information] Time remaining: 00:00:07 targetEndTime = 02:42:00
11/8/2024 14:41:57 [Information] Stepper Motor Controller Disable Z Axis controls while moving to location.
11/8/2024 14:41:57 [Information] Time remaining: 00:00:07 targetEndTime = 02:42:00
11/8/2024 14:41:57 [Information] Stepper Motor Controller Disable Z Axis controls while moving to location.
11/8/2024 14:41:57 [Information] Time remaining: 00:00:07 targetEndTime = 02:42:00
11/8/2024 14:41:57 [Information] Stepper Motor Controller Disable Z Axis controls while moving to location.
11/8/2024 14:41:57 [Information] Time remaining: 00:00:07 targetEndTime = 02:42:00
11/8/2024 14:41:57 [Information] Stepper Motor Controller Disable Z Axis controls while moving to location.
11/8/2024 14:41:57 [Information] Time remaining: 00:00:07 targetEndTime = 02:42:00
11/8/2024 14:41:57 [Information] Stepper Motor Controller Disable Z Axis controls while moving to location.
11/8/2024 14:41:57 [Information] Time remaining: 00:00:07 targetEndTime = 02:42:00
11/8/2024 14:41:57 [Information] Stepper Motor Controller Disable Z Axis controls while moving to location.
11/8/2024 14:41:57 [Information] Time remaining: 00:00:07 targetEndTime = 02:42:00
11/8/2024 14:41:57 [Information] Stepper Motor Controller Disable Z Axis controls while moving to location.
11/8/2024 14:41:57 [Information] Time remaining: 00:00:07 targetEndTime = 02:42:00
11/8/2024 14:41:57 [Information] Stepper Motor Controller Disable Z Axis controls while moving to location.
11/8/2024 14:41:57 [Information] Time remaining: 00:00:07 targetEndTime = 02:42:00
11/8/2024 14:41:57 [Information] Stepper Motor Controller Disable Z Axis controls while moving to location.
11/8/2024 14:41:57 [Information] Time remaining: 00:00:07 targetEndTime = 02:42:00
11/8/2024 14:41:57 [Information] Stepper Motor Controller Disable Z Axis controls while moving to location.
11/8/2024 14:41:57 [Information] Time remaining: 00:00:07 targetEndTime = 02:42:00
11/8/2024 14:41:57 [Information] Stepper Motor Controller Disable Z Axis controls while moving to location.
11/8/2024 14:41:57 [Information] Time remaining: 00:00:07 targetEndTime = 02:42:00
11/8/2024 14:41:57 [Information] Stepper Motor Controller Disable Z Axis controls while moving to location.
11/8/2024 14:41:57 [Information] Time remaining: 00:00:07 targetEndTime = 02:42:00
11/8/2024 14:41:57 [Information] Stepper Motor Controller Disable Z Axis controls while moving to location.
11/8/2024 14:41:57 [Information] Time remaining: 00:00:07 targetEndTime = 02:42:00
11/8/2024 14:41:57 [Information] Stepper Motor Controller Disable Z Axis controls while moving to location.
11/8/2024 14:41:57 [Information] Time remaining: 00:00:07 targetEndTime = 02:42:00
11/8/2024 14:41:57 [Information] Stepper Motor Controller Disable Z Axis controls while moving to location.
11/8/2024 14:41:57 [Information] Time remaining: 00:00:08 targetEndTime = 02:42:00
11/8/2024 14:41:57 [Information] Stepper Motor Controller Disable Z Axis controls while moving to location.
11/8/2024 14:41:57 [Information] Time remaining: 00:00:08 targetEndTime = 02:42:00
11/8/2024 14:41:57 [Information] Stepper Motor Controller Disable Z Axis controls while moving to location.
11/8/2024 14:41:57 [Information] Time remaining: 00:00:08 targetEndTime = 02:42:00
11/8/2024 14:41:57 [Information] Stepper Motor Controller Disable Z Axis controls while moving to location.
11/8/2024 14:41:57 [Information] Time remaining: 00:00:08 targetEndTime = 02:42:00
11/8/2024 14:41:57 [Information] Stepper Motor Controller Disable Z Axis controls while moving to location.
11/8/2024 14:41:57 [Information] Time remaining: 00:00:08 targetEndTime = 02:42:00
11/8/2024 14:41:57 [Information] Stepper Motor Controller Disable Z Axis controls while moving to location.
11/8/2024 14:41:57 [Information] Time remaining: 00:00:08 targetEndTime = 02:42:00
11/8/2024 14:41:57 [Information] Stepper Motor Controller Disable Z Axis controls while moving to location.
11/8/2024 14:41:57 [Information] Time remaining: 00:00:08 targetEndTime = 02:42:00
11/8/2024 14:41:57 [Information] Stepper Motor Controller Disable Z Axis controls while moving to location.
11/8/2024 14:41:57 [Information] Time remaining: 00:00:08 targetEndTime = 02:42:00
11/8/2024 14:41:57 [Information] Stepper Motor Controller Disable Z Axis controls while moving to location.
11/8/2024 14:41:57 [Information] Time remaining: 00:00:08 targetEndTime = 02:42:00
11/8/2024 14:41:57 [Information] Stepper Motor Controller Disable Z Axis controls while moving to location.
11/8/2024 14:41:57 [Information] Time remaining: 00:00:08 targetEndTime = 02:42:00
11/8/2024 14:41:57 [Information] Stepper Motor Controller Disable Z Axis controls while moving to location.
11/8/2024 14:41:57 [Information] Time remaining: 00:00:08 targetEndTime = 02:42:00
11/8/2024 14:41:57 [Information] Stepper Motor Controller Disable Z Axis controls while moving to location.
11/8/2024 14:41:57 [Information] Time remaining: 00:00:08 targetEndTime = 02:42:00
11/8/2024 14:41:57 [Information] Stepper Motor Controller Disable Z Axis controls while moving to location.
11/8/2024 14:41:57 [Information] Time remaining: 00:00:08 targetEndTime = 02:42:00
11/8/2024 14:41:57 [Information] Stepper Motor Controller Disable Z Axis controls while moving to location.
11/8/2024 14:41:57 [Information] Time remaining: 00:00:08 targetEndTime = 02:42:00
11/8/2024 14:41:57 [Information] Stepper Motor Controller Disable Z Axis controls while moving to location.
11/8/2024 14:41:57 [Information] Time remaining: 00:00:08 targetEndTime = 02:42:00
11/8/2024 14:41:57 [Information] Stepper Motor Controller Disable Z Axis controls while moving to location.
11/8/2024 14:41:57 [Information] Time remaining: 00:00:08 targetEndTime = 02:42:00
11/8/2024 14:41:57 [Information] Stepper Motor Controller Disable Z Axis controls while moving to location.
11/8/2024 14:41:57 [Information] Time remaining: 00:00:08 targetEndTime = 02:42:00
11/8/2024 14:41:57 [Information] Stepper Motor Controller Disable Z Axis controls while moving to location.
11/8/2024 14:41:57 [Information] Time remaining: 00:00:08 targetEndTime = 02:42:00
11/8/2024 14:41:57 [Information] Stepper Motor Controller Disable Z Axis controls while moving to location.
11/8/2024 14:41:57 [Information] Time remaining: 00:00:08 targetEndTime = 02:42:00
11/8/2024 14:41:57 [Information] Stepper Motor Controller Disable Z Axis controls while moving to location.
11/8/2024 14:41:57 [Information] Time remaining: 00:00:08 targetEndTime = 02:42:00
11/8/2024 14:41:57 [Information] Stepper Motor Controller Disable Z Axis controls while moving to location.
11/8/2024 14:41:57 [Information] Time remaining: 00:00:08 targetEndTime = 02:42:00
11/8/2024 14:41:57 [Information] Stepper Motor Controller Disable Z Axis controls while moving to location.
11/8/2024 14:41:57 [Information] Time remaining: 00:00:08 targetEndTime = 02:42:00
11/8/2024 14:41:57 [Information] Stepper Motor Controller Disable Z Axis controls while moving to location.
11/8/2024 14:41:57 [Information] Time remaining: 00:00:08 targetEndTime = 02:42:00
11/8/2024 14:41:57 [Information] Stepper Motor Controller Disable Z Axis controls while moving to location.
11/8/2024 14:41:57 [Information] Time remaining: 00:00:08 targetEndTime = 02:42:00
11/8/2024 14:41:57 [Information] Stepper Motor Controller Disable Z Axis controls while moving to location.
11/8/2024 14:41:57 [Information] Time remaining: 00:00:08 targetEndTime = 02:42:00
11/8/2024 14:41:57 [Information] Stepper Motor Controller Disable Z Axis controls while moving to location.
11/8/2024 14:41:57 [Information] Time remaining: 00:00:08 targetEndTime = 02:42:00
11/8/2024 14:41:57 [Information] Stepper Motor Controller Disable Z Axis controls while moving to location.
11/8/2024 14:41:57 [Information] Time remaining: 00:00:08 targetEndTime = 02:42:00
11/8/2024 14:41:57 [Information] Stepper Motor Controller Disable Z Axis controls while moving to location.
11/8/2024 14:41:57 [Information] Time remaining: 00:00:08 targetEndTime = 02:42:00
11/8/2024 14:41:57 [Information] Stepper Motor Controller Disable Z Axis controls while moving to location.
11/8/2024 14:41:57 [Information] Time remaining: 00:00:08 targetEndTime = 02:42:00
11/8/2024 14:41:57 [Information] Stepper Motor Controller Disable Z Axis controls while moving to location.
11/8/2024 14:41:57 [Information] Time remaining: 00:00:08 targetEndTime = 02:42:00
11/8/2024 14:41:57 [Information] Stepper Motor Controller Disable Z Axis controls while moving to location.
11/8/2024 14:41:57 [Information] Time remaining: 00:00:08 targetEndTime = 02:42:00
11/8/2024 14:41:57 [Information] Stepper Motor Controller Disable Z Axis controls while moving to location.
11/8/2024 14:41:57 [Information] Time remaining: 00:00:08 targetEndTime = 02:42:00
11/8/2024 14:41:57 [Information] Stepper Motor Controller Disable Z Axis controls while moving to location.
11/8/2024 14:41:57 [Information] Time remaining: 00:00:08 targetEndTime = 02:42:00
11/8/2024 14:41:57 [Information] Stepper Motor Controller Disable Z Axis controls while moving to location.
11/8/2024 14:41:57 [Information] Time remaining: 00:00:08 targetEndTime = 02:42:00
11/8/2024 14:41:57 [Information] Stepper Motor Controller Disable Z Axis controls while moving to location.
11/8/2024 14:41:57 [Information] Time remaining: 00:00:08 targetEndTime = 02:42:00
11/8/2024 14:41:57 [Information] Stepper Motor Controller Disable Z Axis controls while moving to location.
11/8/2024 14:41:57 [Information] Time remaining: 00:00:08 targetEndTime = 02:42:00
11/8/2024 14:41:57 [Information] Stepper Motor Controller Disable Z Axis controls while moving to location.
11/8/2024 14:41:57 [Information] Time remaining: 00:00:08 targetEndTime = 02:42:00
11/8/2024 14:41:57 [Information] Stepper Motor Controller Disable Z Axis controls while moving to location.
11/8/2024 14:41:57 [Information] Time remaining: 00:00:08 targetEndTime = 02:42:00
11/8/2024 14:41:57 [Information] Stepper Motor Controller Disable Z Axis controls while moving to location.
11/8/2024 14:41:57 [Information] Time remaining: 00:00:08 targetEndTime = 02:42:00
11/8/2024 14:41:57 [Information] Stepper Motor Controller Disable Z Axis controls while moving to location.
11/8/2024 14:41:57 [Information] Time remaining: 00:00:08 targetEndTime = 02:42:00
11/8/2024 14:41:57 [Information] Stepper Motor Controller Disable Z Axis controls while moving to location.
11/8/2024 14:41:57 [Information] Time remaining: 00:00:08 targetEndTime = 02:42:00
11/8/2024 14:41:58 [Information] Stepper Motor Controller Disable Z Axis controls while moving to location.
11/8/2024 14:41:58 [Information] Time remaining: 00:00:08 targetEndTime = 02:42:00
11/8/2024 14:41:58 [Information] Stepper Motor Controller Disable Z Axis controls while moving to location.
11/8/2024 14:41:58 [Information] Time remaining: 00:00:08 targetEndTime = 02:42:00
11/8/2024 14:41:58 [Information] Stepper Motor Controller Disable Z Axis controls while moving to location.
11/8/2024 14:41:58 [Information] Time remaining: 00:00:08 targetEndTime = 02:42:00
11/8/2024 14:41:58 [Information] Stepper Motor Controller Disable Z Axis controls while moving to location.
11/8/2024 14:41:58 [Information] Time remaining: 00:00:08 targetEndTime = 02:42:00
11/8/2024 14:41:58 [Information] Stepper Motor Controller Disable Z Axis controls while moving to location.
11/8/2024 14:41:58 [Information] Time remaining: 00:00:08 targetEndTime = 02:42:00
11/8/2024 14:41:58 [Information] Stepper Motor Controller Disable Z Axis controls while moving to location.
11/8/2024 14:41:58 [Information] Time remaining: 00:00:08 targetEndTime = 02:42:00
11/8/2024 14:41:58 [Information] Stepper Motor Controller Disable Z Axis controls while moving to location.
11/8/2024 14:41:58 [Information] Time remaining: 00:00:08 targetEndTime = 02:42:00
11/8/2024 14:41:58 [Information] Stepper Motor Controller Disable Z Axis controls while moving to location.
11/8/2024 14:41:58 [Information] Time remaining: 00:00:08 targetEndTime = 02:42:00
11/8/2024 14:41:58 [Information] Stepper Motor Controller Disable Z Axis controls while moving to location.
11/8/2024 14:41:58 [Information] Time remaining: 00:00:08 targetEndTime = 02:42:00
11/8/2024 14:41:58 [Information] Stepper Motor Controller Disable Z Axis controls while moving to location.
11/8/2024 14:41:58 [Information] Time remaining: 00:00:08 targetEndTime = 02:42:00
11/8/2024 14:41:58 [Information] Stepper Motor Controller Disable Z Axis controls while moving to location.
11/8/2024 14:41:58 [Information] Time remaining: 00:00:08 targetEndTime = 02:42:00
11/8/2024 14:41:58 [Information] Stepper Motor Controller Disable Z Axis controls while moving to location.
11/8/2024 14:41:58 [Information] Time remaining: 00:00:08 targetEndTime = 02:42:00
11/8/2024 14:41:58 [Information] Stepper Motor Controller Disable Z Axis controls while moving to location.
11/8/2024 14:41:58 [Information] Time remaining: 00:00:08 targetEndTime = 02:42:00
11/8/2024 14:41:58 [Information] Stepper Motor Controller Disable Z Axis controls while moving to location.
11/8/2024 14:41:58 [Information] Time remaining: 00:00:08 targetEndTime = 02:42:00
11/8/2024 14:41:58 [Information] Stepper Motor Controller Disable Z Axis controls while moving to location.
11/8/2024 14:41:58 [Information] Time remaining: 00:00:08 targetEndTime = 02:42:00
11/8/2024 14:41:58 [Information] Stepper Motor Controller Disable Z Axis controls while moving to location.
11/8/2024 14:41:58 [Information] Time remaining: 00:00:08 targetEndTime = 02:42:00
11/8/2024 14:41:58 [Information] Stepper Motor Controller Disable Z Axis controls while moving to location.
11/8/2024 14:41:58 [Information] Time remaining: 00:00:08 targetEndTime = 02:42:00
11/8/2024 14:41:58 [Information] Stepper Motor Controller Disable Z Axis controls while moving to location.
11/8/2024 14:41:58 [Information] Time remaining: 00:00:08 targetEndTime = 02:42:00
11/8/2024 14:41:58 [Information] Stepper Motor Controller Disable Z Axis controls while moving to location.
11/8/2024 14:41:58 [Information] Time remaining: 00:00:09 targetEndTime = 02:42:00
11/8/2024 14:41:58 [Information] Stepper Motor Controller Disable Z Axis controls while moving to location.
11/8/2024 14:41:58 [Information] Time remaining: 00:00:09 targetEndTime = 02:42:00
11/8/2024 14:41:58 [Information] Stepper Motor Controller Disable Z Axis controls while moving to location.
11/8/2024 14:41:58 [Information] Time remaining: 00:00:09 targetEndTime = 02:42:00
11/8/2024 14:41:58 [Information] Stepper Motor Controller Disable Z Axis controls while moving to location.
11/8/2024 14:41:58 [Information] Time remaining: 00:00:09 targetEndTime = 02:42:00
11/8/2024 14:41:58 [Information] Stepper Motor Controller Disable Z Axis controls while moving to location.
11/8/2024 14:41:58 [Information] Time remaining: 00:00:09 targetEndTime = 02:42:00
11/8/2024 14:41:58 [Information] Stepper Motor Controller Disable Z Axis controls while moving to location.
11/8/2024 14:41:58 [Information] Time remaining: 00:00:09 targetEndTime = 02:42:00
11/8/2024 14:41:58 [Information] Stepper Motor Controller Disable Z Axis controls while moving to location.
11/8/2024 14:41:58 [Information] Time remaining: 00:00:09 targetEndTime = 02:42:00
11/8/2024 14:41:58 [Information] Stepper Motor Controller Disable Z Axis controls while moving to location.
11/8/2024 14:41:58 [Information] Time remaining: 00:00:09 targetEndTime = 02:42:00
11/8/2024 14:41:58 [Information] Stepper Motor Controller Disable Z Axis controls while moving to location.
11/8/2024 14:41:58 [Information] Time remaining: 00:00:09 targetEndTime = 02:42:00
11/8/2024 14:41:58 [Information] Stepper Motor Controller Disable Z Axis controls while moving to location.
11/8/2024 14:41:58 [Information] Time remaining: 00:00:09 targetEndTime = 02:42:00
11/8/2024 14:41:58 [Information] Stepper Motor Controller Disable Z Axis controls while moving to location.
11/8/2024 14:41:58 [Information] Time remaining: 00:00:09 targetEndTime = 02:42:00
11/8/2024 14:41:58 [Information] Stepper Motor Controller Disable Z Axis controls while moving to location.
11/8/2024 14:41:58 [Information] Time remaining: 00:00:09 targetEndTime = 02:42:00
11/8/2024 14:41:58 [Information] Stepper Motor Controller Disable Z Axis controls while moving to location.
11/8/2024 14:41:58 [Information] Time remaining: 00:00:09 targetEndTime = 02:42:00
11/8/2024 14:41:58 [Information] Stepper Motor Controller Disable Z Axis controls while moving to location.
11/8/2024 14:41:58 [Information] Time remaining: 00:00:09 targetEndTime = 02:42:00
11/8/2024 14:41:58 [Information] Stepper Motor Controller Disable Z Axis controls while moving to location.
11/8/2024 14:41:58 [Information] Time remaining: 00:00:09 targetEndTime = 02:42:00
11/8/2024 14:41:58 [Information] Stepper Motor Controller Disable Z Axis controls while moving to location.
11/8/2024 14:41:58 [Information] Time remaining: 00:00:09 targetEndTime = 02:42:00
11/8/2024 14:41:58 [Information] Stepper Motor Controller Disable Z Axis controls while moving to location.
11/8/2024 14:41:58 [Information] Time remaining: 00:00:09 targetEndTime = 02:42:00
11/8/2024 14:41:58 [Information] Stepper Motor Controller Disable Z Axis controls while moving to location.
11/8/2024 14:41:58 [Information] Time remaining: 00:00:09 targetEndTime = 02:42:00
11/8/2024 14:41:58 [Information] Stepper Motor Controller Disable Z Axis controls while moving to location.
11/8/2024 14:41:58 [Information] Time remaining: 00:00:09 targetEndTime = 02:42:00
11/8/2024 14:41:58 [Information] Stepper Motor Controller Disable Z Axis controls while moving to location.
11/8/2024 14:41:58 [Information] Time remaining: 00:00:09 targetEndTime = 02:42:00
11/8/2024 14:41:58 [Information] Stepper Motor Controller Disable Z Axis controls while moving to location.
11/8/2024 14:41:58 [Information] Time remaining: 00:00:09 targetEndTime = 02:42:00
11/8/2024 14:41:58 [Information] Stepper Motor Controller Disable Z Axis controls while moving to location.
11/8/2024 14:41:58 [Information] Time remaining: 00:00:09 targetEndTime = 02:42:00
11/8/2024 14:41:58 [Information] Stepper Motor Controller Disable Z Axis controls while moving to location.
11/8/2024 14:41:58 [Information] Time remaining: 00:00:09 targetEndTime = 02:42:00
11/8/2024 14:41:58 [Information] Stepper Motor Controller Disable Z Axis controls while moving to location.
11/8/2024 14:41:58 [Information] Time remaining: 00:00:09 targetEndTime = 02:42:00
11/8/2024 14:41:58 [Information] Stepper Motor Controller Disable Z Axis controls while moving to location.
11/8/2024 14:41:58 [Information] Time remaining: 00:00:09 targetEndTime = 02:42:00
11/8/2024 14:41:58 [Information] Stepper Motor Controller Disable Z Axis controls while moving to location.
11/8/2024 14:41:58 [Information] Time remaining: 00:00:09 targetEndTime = 02:42:00
11/8/2024 14:41:58 [Information] Stepper Motor Controller Disable Z Axis controls while moving to location.
11/8/2024 14:41:58 [Information] Time remaining: 00:00:09 targetEndTime = 02:42:00
11/8/2024 14:41:58 [Information] Stepper Motor Controller Disable Z Axis controls while moving to location.
11/8/2024 14:41:58 [Information] Time remaining: 00:00:09 targetEndTime = 02:42:00
11/8/2024 14:41:58 [Information] Stepper Motor Controller Disable Z Axis controls while moving to location.
11/8/2024 14:41:58 [Information] Time remaining: 00:00:09 targetEndTime = 02:42:00
11/8/2024 14:41:58 [Information] Stepper Motor Controller Disable Z Axis controls while moving to location.
11/8/2024 14:41:58 [Information] Time remaining: 00:00:09 targetEndTime = 02:42:00
11/8/2024 14:41:58 [Information] Stepper Motor Controller Disable Z Axis controls while moving to location.
11/8/2024 14:41:58 [Information] Time remaining: 00:00:09 targetEndTime = 02:42:00
11/8/2024 14:41:58 [Information] Stepper Motor Controller Disable Z Axis controls while moving to location.
11/8/2024 14:41:58 [Information] Time remaining: 00:00:09 targetEndTime = 02:42:00
11/8/2024 14:41:58 [Information] Stepper Motor Controller Disable Z Axis controls while moving to location.
11/8/2024 14:41:58 [Information] Time remaining: 00:00:09 targetEndTime = 02:42:00
11/8/2024 14:41:58 [Information] Stepper Motor Controller Disable Z Axis controls while moving to location.
11/8/2024 14:41:58 [Information] Time remaining: 00:00:09 targetEndTime = 02:42:00
11/8/2024 14:41:58 [Information] Stepper Motor Controller Disable Z Axis controls while moving to location.
11/8/2024 14:41:58 [Information] Time remaining: 00:00:09 targetEndTime = 02:42:00
11/8/2024 14:41:58 [Information] Stepper Motor Controller Disable Z Axis controls while moving to location.
11/8/2024 14:41:58 [Information] Time remaining: 00:00:09 targetEndTime = 02:42:00
11/8/2024 14:41:58 [Information] Stepper Motor Controller Disable Z Axis controls while moving to location.
11/8/2024 14:41:58 [Information] Time remaining: 00:00:09 targetEndTime = 02:42:00
11/8/2024 14:41:58 [Information] Stepper Motor Controller Disable Z Axis controls while moving to location.
11/8/2024 14:41:58 [Information] Time remaining: 00:00:09 targetEndTime = 02:42:00
11/8/2024 14:41:58 [Information] Stepper Motor Controller Disable Z Axis controls while moving to location.
11/8/2024 14:41:58 [Information] Time remaining: 00:00:09 targetEndTime = 02:42:00
11/8/2024 14:41:58 [Information] Stepper Motor Controller Disable Z Axis controls while moving to location.
11/8/2024 14:41:58 [Information] Time remaining: 00:00:09 targetEndTime = 02:42:00
11/8/2024 14:41:58 [Information] Stepper Motor Controller Disable Z Axis controls while moving to location.
11/8/2024 14:41:58 [Information] Time remaining: 00:00:09 targetEndTime = 02:42:00
11/8/2024 14:41:58 [Information] Stepper Motor Controller Disable Z Axis controls while moving to location.
11/8/2024 14:41:58 [Information] Time remaining: 00:00:09 targetEndTime = 02:42:00
11/8/2024 14:41:58 [Information] Stepper Motor Controller Disable Z Axis controls while moving to location.
11/8/2024 14:41:58 [Information] Time remaining: 00:00:09 targetEndTime = 02:42:00
11/8/2024 14:41:59 [Information] Stepper Motor Controller Disable Z Axis controls while moving to location.
11/8/2024 14:41:59 [Information] Time remaining: 00:00:09 targetEndTime = 02:42:00
11/8/2024 14:41:59 [Information] Stepper Motor Controller Disable Z Axis controls while moving to location.
11/8/2024 14:41:59 [Information] Time remaining: 00:00:09 targetEndTime = 02:42:00
11/8/2024 14:41:59 [Information] Stepper Motor Controller Disable Z Axis controls while moving to location.
11/8/2024 14:41:59 [Information] Time remaining: 00:00:09 targetEndTime = 02:42:00
11/8/2024 14:41:59 [Information] Stepper Motor Controller Disable Z Axis controls while moving to location.
11/8/2024 14:41:59 [Information] Time remaining: 00:00:09 targetEndTime = 02:42:00
11/8/2024 14:41:59 [Information] Stepper Motor Controller Disable Z Axis controls while moving to location.
11/8/2024 14:41:59 [Information] Time remaining: 00:00:09 targetEndTime = 02:42:00
11/8/2024 14:41:59 [Information] Stepper Motor Controller Disable Z Axis controls while moving to location.
11/8/2024 14:41:59 [Information] Time remaining: 00:00:09 targetEndTime = 02:42:00
11/8/2024 14:41:59 [Information] Stepper Motor Controller Disable Z Axis controls while moving to location.
11/8/2024 14:41:59 [Information] Time remaining: 00:00:09 targetEndTime = 02:42:00
11/8/2024 14:41:59 [Information] Stepper Motor Controller Disable Z Axis controls while moving to location.
11/8/2024 14:41:59 [Information] Time remaining: 00:00:09 targetEndTime = 02:42:00
11/8/2024 14:41:59 [Information] Stepper Motor Controller Disable Z Axis controls while moving to location.
11/8/2024 14:41:59 [Information] Time remaining: 00:00:09 targetEndTime = 02:42:00
11/8/2024 14:41:59 [Information] Stepper Motor Controller Disable Z Axis controls while moving to location.
11/8/2024 14:41:59 [Information] Time remaining: 00:00:09 targetEndTime = 02:42:00
11/8/2024 14:41:59 [Information] Stepper Motor Controller Disable Z Axis controls while moving to location.
11/8/2024 14:41:59 [Information] Time remaining: 00:00:09 targetEndTime = 02:42:00
11/8/2024 14:41:59 [Information] Stepper Motor Controller Disable Z Axis controls while moving to location.
11/8/2024 14:41:59 [Information] Time remaining: 00:00:09 targetEndTime = 02:42:00
11/8/2024 14:41:59 [Information] Stepper Motor Controller Disable Z Axis controls while moving to location.
11/8/2024 14:41:59 [Information] Time remaining: 00:00:09 targetEndTime = 02:42:00
11/8/2024 14:41:59 [Information] Stepper Motor Controller Disable Z Axis controls while moving to location.
11/8/2024 14:41:59 [Information] Time remaining: 00:00:09 targetEndTime = 02:42:00
11/8/2024 14:41:59 [Information] Stepper Motor Controller Disable Z Axis controls while moving to location.
11/8/2024 14:41:59 [Information] Time remaining: 00:00:09 targetEndTime = 02:42:00
11/8/2024 14:41:59 [Information] Stepper Motor Controller Disable Z Axis controls while moving to location.
11/8/2024 14:41:59 [Information] Time remaining: 00:00:09 targetEndTime = 02:42:00
11/8/2024 14:41:59 [Information] Stepper Motor Controller Disable Z Axis controls while moving to location.
11/8/2024 14:41:59 [Information] Time remaining: 00:00:09 targetEndTime = 02:42:00
11/8/2024 14:41:59 [Information] Stepper Motor Controller Disable Z Axis controls while moving to location.
11/8/2024 14:41:59 [Information] Time remaining: 00:00:09 targetEndTime = 02:42:00
11/8/2024 14:41:59 [Information] Stepper Motor Controller Disable Z Axis controls while moving to location.
11/8/2024 14:41:59 [Information] Time remaining: 00:00:09 targetEndTime = 02:42:00
11/8/2024 14:41:59 [Information] Stepper Motor Controller Disable Z Axis controls while moving to location.
11/8/2024 14:41:59 [Information] Time remaining: 00:00:10 targetEndTime = 02:42:00
11/8/2024 14:41:59 [Information] Stepper Motor Controller Disable Z Axis controls while moving to location.
11/8/2024 14:41:59 [Information] Time remaining: 00:00:10 targetEndTime = 02:42:00
11/8/2024 14:41:59 [Information] Stepper Motor Controller Disable Z Axis controls while moving to location.
11/8/2024 14:41:59 [Information] Time remaining: 00:00:10 targetEndTime = 02:42:00
11/8/2024 14:41:59 [Information] Stepper Motor Controller Disable Z Axis controls while moving to location.
11/8/2024 14:41:59 [Information] Time remaining: 00:00:10 targetEndTime = 02:42:00
11/8/2024 14:41:59 [Information] Stepper Motor Controller Disable Z Axis controls while moving to location.
11/8/2024 14:41:59 [Information] Time remaining: 00:00:10 targetEndTime = 02:42:00
11/8/2024 14:41:59 [Information] Stepper Motor Controller Disable Z Axis controls while moving to location.
11/8/2024 14:41:59 [Information] Time remaining: 00:00:10 targetEndTime = 02:42:00
11/8/2024 14:41:59 [Information] Stepper Motor Controller Disable Z Axis controls while moving to location.
11/8/2024 14:41:59 [Information] Time remaining: 00:00:10 targetEndTime = 02:42:00
11/8/2024 14:41:59 [Information] Stepper Motor Controller Disable Z Axis controls while moving to location.
11/8/2024 14:41:59 [Information] Time remaining: 00:00:10 targetEndTime = 02:42:00
11/8/2024 14:41:59 [Information] Stepper Motor Controller Disable Z Axis controls while moving to location.
11/8/2024 14:41:59 [Information] Time remaining: 00:00:10 targetEndTime = 02:42:00
11/8/2024 14:41:59 [Information] Stepper Motor Controller Disable Z Axis controls while moving to location.
11/8/2024 14:41:59 [Information] Time remaining: 00:00:10 targetEndTime = 02:42:00
11/8/2024 14:41:59 [Information] Stepper Motor Controller Disable Z Axis controls while moving to location.
11/8/2024 14:41:59 [Information] Time remaining: 00:00:10 targetEndTime = 02:42:00
11/8/2024 14:41:59 [Information] Stepper Motor Controller Disable Z Axis controls while moving to location.
11/8/2024 14:41:59 [Information] Time remaining: 00:00:10 targetEndTime = 02:42:00
11/8/2024 14:41:59 [Information] Stepper Motor Controller Disable Z Axis controls while moving to location.
11/8/2024 14:41:59 [Information] Time remaining: 00:00:10 targetEndTime = 02:42:00
11/8/2024 14:41:59 [Information] Stepper Motor Controller Disable Z Axis controls while moving to location.
11/8/2024 14:41:59 [Information] Time remaining: 00:00:10 targetEndTime = 02:42:00
11/8/2024 14:41:59 [Information] Stepper Motor Controller Disable Z Axis controls while moving to location.
11/8/2024 14:41:59 [Information] Time remaining: 00:00:10 targetEndTime = 02:42:00
11/8/2024 14:41:59 [Information] Stepper Motor Controller Disable Z Axis controls while moving to location.
11/8/2024 14:41:59 [Information] Time remaining: 00:00:10 targetEndTime = 02:42:00
11/8/2024 14:41:59 [Information] Stepper Motor Controller Disable Z Axis controls while moving to location.
11/8/2024 14:41:59 [Information] Time remaining: 00:00:10 targetEndTime = 02:42:00
11/8/2024 14:41:59 [Information] Stepper Motor Controller Disable Z Axis controls while moving to location.
11/8/2024 14:41:59 [Information] Time remaining: 00:00:10 targetEndTime = 02:42:00
11/8/2024 14:41:59 [Information] Stepper Motor Controller Disable Z Axis controls while moving to location.
11/8/2024 14:41:59 [Information] Time remaining: 00:00:10 targetEndTime = 02:42:00
11/8/2024 14:41:59 [Information] Stepper Motor Controller Disable Z Axis controls while moving to location.
11/8/2024 14:41:59 [Information] Time remaining: 00:00:10 targetEndTime = 02:42:00
11/8/2024 14:41:59 [Information] Stepper Motor Controller Disable Z Axis controls while moving to location.
11/8/2024 14:41:59 [Information] Time remaining: 00:00:10 targetEndTime = 02:42:00
11/8/2024 14:41:59 [Information] Stepper Motor Controller Disable Z Axis controls while moving to location.
11/8/2024 14:41:59 [Information] Time remaining: 00:00:10 targetEndTime = 02:42:00
11/8/2024 14:41:59 [Information] Stepper Motor Controller Disable Z Axis controls while moving to location.
11/8/2024 14:41:59 [Information] Time remaining: 00:00:10 targetEndTime = 02:42:00
11/8/2024 14:41:59 [Information] Stepper Motor Controller Disable Z Axis controls while moving to location.
11/8/2024 14:41:59 [Information] Time remaining: 00:00:10 targetEndTime = 02:42:00
11/8/2024 14:41:59 [Information] Stepper Motor Controller Disable Z Axis controls while moving to location.
11/8/2024 14:41:59 [Information] Time remaining: 00:00:10 targetEndTime = 02:42:00
11/8/2024 14:41:59 [Information] Stepper Motor Controller Disable Z Axis controls while moving to location.
11/8/2024 14:41:59 [Information] Time remaining: 00:00:10 targetEndTime = 02:42:00
11/8/2024 14:41:59 [Information] Stepper Motor Controller Disable Z Axis controls while moving to location.
11/8/2024 14:41:59 [Information] Time remaining: 00:00:10 targetEndTime = 02:42:00
11/8/2024 14:41:59 [Information] Stepper Motor Controller Disable Z Axis controls while moving to location.
11/8/2024 14:41:59 [Information] Time remaining: 00:00:10 targetEndTime = 02:42:00
11/8/2024 14:41:59 [Information] Stepper Motor Controller Disable Z Axis controls while moving to location.
11/8/2024 14:41:59 [Information] Time remaining: 00:00:10 targetEndTime = 02:42:00
11/8/2024 14:41:59 [Information] Stepper Motor Controller Disable Z Axis controls while moving to location.
11/8/2024 14:41:59 [Information] Time remaining: 00:00:10 targetEndTime = 02:42:00
11/8/2024 14:41:59 [Information] Stepper Motor Controller Disable Z Axis controls while moving to location.
11/8/2024 14:41:59 [Information] Time remaining: 00:00:10 targetEndTime = 02:42:00
11/8/2024 14:41:59 [Information] Stepper Motor Controller Disable Z Axis controls while moving to location.
11/8/2024 14:41:59 [Information] Time remaining: 00:00:10 targetEndTime = 02:42:00
11/8/2024 14:41:59 [Information] Stepper Motor Controller Disable Z Axis controls while moving to location.
11/8/2024 14:41:59 [Information] Time remaining: 00:00:10 targetEndTime = 02:42:00
11/8/2024 14:41:59 [Information] Stepper Motor Controller Disable Z Axis controls while moving to location.
11/8/2024 14:41:59 [Information] Time remaining: 00:00:10 targetEndTime = 02:42:00
11/8/2024 14:41:59 [Information] Stepper Motor Controller Disable Z Axis controls while moving to location.
11/8/2024 14:41:59 [Information] Time remaining: 00:00:10 targetEndTime = 02:42:00
11/8/2024 14:41:59 [Information] Stepper Motor Controller Disable Z Axis controls while moving to location.
11/8/2024 14:41:59 [Information] Time remaining: 00:00:10 targetEndTime = 02:42:00
11/8/2024 14:41:59 [Information] Stepper Motor Controller Disable Z Axis controls while moving to location.
11/8/2024 14:41:59 [Information] Time remaining: 00:00:10 targetEndTime = 02:42:00
11/8/2024 14:41:59 [Information] Stepper Motor Controller Disable Z Axis controls while moving to location.
11/8/2024 14:41:59 [Information] Time remaining: 00:00:10 targetEndTime = 02:42:00
11/8/2024 14:41:59 [Information] Stepper Motor Controller Disable Z Axis controls while moving to location.
11/8/2024 14:41:59 [Information] Time remaining: 00:00:10 targetEndTime = 02:42:00
11/8/2024 14:41:59 [Information] Stepper Motor Controller Disable Z Axis controls while moving to location.
11/8/2024 14:41:59 [Information] Time remaining: 00:00:10 targetEndTime = 02:42:00
11/8/2024 14:41:59 [Information] Stepper Motor Controller Disable Z Axis controls while moving to location.
11/8/2024 14:41:59 [Information] Time remaining: 00:00:10 targetEndTime = 02:42:00
11/8/2024 14:41:59 [Information] Stepper Motor Controller Disable Z Axis controls while moving to location.
11/8/2024 14:41:59 [Information] Time remaining: 00:00:10 targetEndTime = 02:42:00
11/8/2024 14:42:00 [Information] Stepper Motor Controller Disable Z Axis controls while moving to location.
11/8/2024 14:42:00 [Information] Time remaining: 00:00:10 targetEndTime = 02:42:00
11/8/2024 14:42:00 [Information] Stepper Motor Controller Disable Z Axis controls while moving to location.
11/8/2024 14:42:00 [Information] Time remaining: 00:00:10 targetEndTime = 02:42:00
11/8/2024 14:42:00 [Information] Stepper Motor Controller Disable Z Axis controls while moving to location.
11/8/2024 14:42:00 [Information] Time remaining: 00:00:10 targetEndTime = 02:42:00
11/8/2024 14:42:00 [Information] Stepper Motor Controller Disable Z Axis controls while moving to location.
11/8/2024 14:42:00 [Information] Time remaining: 00:00:10 targetEndTime = 02:42:00
11/8/2024 14:42:00 [Information] Stepper Motor Controller Disable Z Axis controls while moving to location.
11/8/2024 14:42:00 [Information] Time remaining: 00:00:10 targetEndTime = 02:42:00
11/8/2024 14:42:00 [Information] Stepper Motor Controller Disable Z Axis controls while moving to location.
11/8/2024 14:42:00 [Information] Time remaining: 00:00:10 targetEndTime = 02:42:00
11/8/2024 14:42:00 [Information] Stepper Motor Controller Disable Z Axis controls while moving to location.
11/8/2024 14:42:00 [Information] Time remaining: 00:00:10 targetEndTime = 02:42:00
11/8/2024 14:42:00 [Information] Stepper Motor Controller Disable Z Axis controls while moving to location.
11/8/2024 14:42:00 [Information] Time remaining: 00:00:10 targetEndTime = 02:42:00
11/8/2024 14:42:00 [Information] Stepper Motor Controller Disable Z Axis controls while moving to location.
11/8/2024 14:42:00 [Information] Time remaining: 00:00:10 targetEndTime = 02:42:00
11/8/2024 14:42:00 [Information] Stepper Motor Controller Disable Z Axis controls while moving to location.
11/8/2024 14:42:00 [Information] Time remaining: 00:00:10 targetEndTime = 02:42:00
11/8/2024 14:42:00 [Information] Stepper Motor Controller Disable Z Axis controls while moving to location.
11/8/2024 14:42:00 [Information] Time remaining: 00:00:10 targetEndTime = 02:42:00
11/8/2024 14:42:00 [Information] Stepper Motor Controller Disable Z Axis controls while moving to location.
11/8/2024 14:42:00 [Information] Time remaining: 00:00:10 targetEndTime = 02:42:00
11/8/2024 14:42:00 [Information] Stepper Motor Controller Disable Z Axis controls while moving to location.
11/8/2024 14:42:00 [Information] Time remaining: 00:00:10 targetEndTime = 02:42:00
11/8/2024 14:42:00 [Information] Stepper Motor Controller Disable Z Axis controls while moving to location.
11/8/2024 14:42:00 [Information] Time remaining: 00:00:10 targetEndTime = 02:42:00
11/8/2024 14:42:00 [Information] Stepper Motor Controller Disable Z Axis controls while moving to location.
11/8/2024 14:42:00 [Information] Time remaining: 00:00:10 targetEndTime = 02:42:00
11/8/2024 14:42:00 [Information] Stepper Motor Controller Disable Z Axis controls while moving to location.
11/8/2024 14:42:00 [Information] Time remaining: 00:00:10 targetEndTime = 02:42:00
11/8/2024 14:42:00 [Information] Stepper Motor Controller Disable Z Axis controls while moving to location.
11/8/2024 14:42:00 [Information] Time remaining: 00:00:10 targetEndTime = 02:42:00
11/8/2024 14:42:00 [Information] Stepper Motor Controller Disable Z Axis controls while moving to location.
11/8/2024 14:42:00 [Information] Time remaining: 00:00:10 targetEndTime = 02:42:00
11/8/2024 14:42:00 [Information] Stepper Motor Controller Disable Z Axis controls while moving to location.
11/8/2024 14:42:00 [Information] Time remaining: 00:00:10 targetEndTime = 02:42:00
11/8/2024 14:42:00 [Information] Stepper Motor Controller Disable Z Axis controls while moving to location.
11/8/2024 14:42:00 [Information] Time remaining: 00:00:10 targetEndTime = 02:42:00
11/8/2024 14:42:00 [Information] Stepper Motor Controller Disable Z Axis controls while moving to location.
11/8/2024 14:42:00 [Information] Time remaining: 00:00:11 targetEndTime = 02:42:00
11/8/2024 14:42:00 [Information] Stepper Motor Controller Disable Z Axis controls while moving to location.
11/8/2024 14:42:00 [Information] Time remaining: 00:00:11 targetEndTime = 02:42:00
11/8/2024 14:42:00 [Information] Stepper Motor Controller Disable Z Axis controls while moving to location.
11/8/2024 14:42:00 [Information] Time remaining: 00:00:11 targetEndTime = 02:42:00
11/8/2024 14:42:00 [Information] Stepper Motor Controller Disable Z Axis controls while moving to location.
11/8/2024 14:42:00 [Information] Time remaining: 00:00:11 targetEndTime = 02:42:00
11/8/2024 14:42:00 [Information] Stepper Motor Controller Disable Z Axis controls while moving to location.
11/8/2024 14:42:00 [Information] Time remaining: 00:00:11 targetEndTime = 02:42:00
11/8/2024 14:42:00 [Information] Stepper Motor Controller Enable Z Axis controls after moving to location.
11/8/2024 14:42:00 [Information] Stepper Motor Controller Stopwatch Stopped.
11/8/2024 14:42:00 [Information] Stepper Motor Controller Timer Stopped.
11/8/2024 14:42:00 [Information] Stepper Motor Controller Stopwatch Reset.
11/8/2024 14:42:12 [Information] Z Axis mouse controlled Keypad returned: 64.00
11/8/2024 14:42:13 [Information] Z Axis Run button clicked:
11/8/2024 14:42:13 [Information] Z Axis MotorMovementSeconds decimal: (64.00 / 4) / 2 = 8.00
11/8/2024 14:42:14 [Information] Z Axis Run Event: Z,0.00,400.00,0,0.00,400.00,0,64.00,400.00,0
11/8/2024 14:42:14 [Information] Z Axis Current Time: 02:42:14 + 8000 = 02:42:22
11/8/2024 14:42:14 [Information] Stepper Motor Controller Disable Z Axis controls while moving to location.
11/8/2024 14:42:14 [Information] Time remaining: 00:00:00 targetEndTime = 02:42:22
11/8/2024 14:42:14 [Information] Stepper Motor Controller Disable Z Axis controls while moving to location.
11/8/2024 14:42:14 [Information] Time remaining: 00:00:00 targetEndTime = 02:42:22
11/8/2024 14:42:14 [Information] Stepper Motor Controller Disable Z Axis controls while moving to location.
11/8/2024 14:42:14 [Information] Time remaining: 00:00:00 targetEndTime = 02:42:22
11/8/2024 14:42:14 [Information] Stepper Motor Controller Disable Z Axis controls while moving to location.
11/8/2024 14:42:14 [Information] Time remaining: 00:00:00 targetEndTime = 02:42:22
11/8/2024 14:42:14 [Information] Stepper Motor Controller Disable Z Axis controls while moving to location.
11/8/2024 14:42:14 [Information] Time remaining: 00:00:00 targetEndTime = 02:42:22
11/8/2024 14:42:14 [Information] Stepper Motor Controller Disable Z Axis controls while moving to location.
11/8/2024 14:42:14 [Information] Time remaining: 00:00:00 targetEndTime = 02:42:22
11/8/2024 14:42:14 [Information] Stepper Motor Controller Disable Z Axis controls while moving to location.
11/8/2024 14:42:14 [Information] Time remaining: 00:00:00 targetEndTime = 02:42:22
11/8/2024 14:42:14 [Information] Stepper Motor Controller Disable Z Axis controls while moving to location.
11/8/2024 14:42:14 [Information] Time remaining: 00:00:00 targetEndTime = 02:42:22
11/8/2024 14:42:14 [Information] Stepper Motor Controller Disable Z Axis controls while moving to location.
11/8/2024 14:42:14 [Information] Time remaining: 00:00:00 targetEndTime = 02:42:22
11/8/2024 14:42:14 [Information] Stepper Motor Controller Disable Z Axis controls while moving to location.
11/8/2024 14:42:14 [Information] Time remaining: 00:00:00 targetEndTime = 02:42:22
11/8/2024 14:42:14 [Information] Stepper Motor Controller Disable Z Axis controls while moving to location.
11/8/2024 14:42:14 [Information] Time remaining: 00:00:00 targetEndTime = 02:42:22
11/8/2024 14:42:14 [Information] Stepper Motor Controller Disable Z Axis controls while moving to location.
11/8/2024 14:42:14 [Information] Time remaining: 00:00:00 targetEndTime = 02:42:22
11/8/2024 14:42:14 [Information] Stepper Motor Controller Disable Z Axis controls while moving to location.
11/8/2024 14:42:14 [Information] Time remaining: 00:00:00 targetEndTime = 02:42:22
11/8/2024 14:42:14 [Information] Stepper Motor Controller Disable Z Axis controls while moving to location.
11/8/2024 14:42:14 [Information] Time remaining: 00:00:00 targetEndTime = 02:42:22
11/8/2024 14:42:14 [Information] Stepper Motor Controller Disable Z Axis controls while moving to location.
11/8/2024 14:42:14 [Information] Time remaining: 00:00:00 targetEndTime = 02:42:22
11/8/2024 14:42:14 [Information] Stepper Motor Controller Disable Z Axis controls while moving to location.
11/8/2024 14:42:14 [Information] Time remaining: 00:00:00 targetEndTime = 02:42:22
11/8/2024 14:42:14 [Information] Stepper Motor Controller Disable Z Axis controls while moving to location.
11/8/2024 14:42:14 [Information] Time remaining: 00:00:00 targetEndTime = 02:42:22
11/8/2024 14:42:14 [Information] Stepper Motor Controller Disable Z Axis controls while moving to location.
11/8/2024 14:42:14 [Information] Time remaining: 00:00:00 targetEndTime = 02:42:22
11/8/2024 14:42:14 [Information] Stepper Motor Controller Disable Z Axis controls while moving to location.
11/8/2024 14:42:14 [Information] Time remaining: 00:00:00 targetEndTime = 02:42:22
11/8/2024 14:42:15 [Information] Stepper Motor Controller Disable Z Axis controls while moving to location.
11/8/2024 14:42:15 [Information] Time remaining: 00:00:00 targetEndTime = 02:42:22
11/8/2024 14:42:15 [Information] Stepper Motor Controller Disable Z Axis controls while moving to location.
11/8/2024 14:42:15 [Information] Time remaining: 00:00:00 targetEndTime = 02:42:22
11/8/2024 14:42:15 [Information] Stepper Motor Controller Disable Z Axis controls while moving to location.
11/8/2024 14:42:15 [Information] Time remaining: 00:00:00 targetEndTime = 02:42:22
11/8/2024 14:42:15 [Information] Stepper Motor Controller Disable Z Axis controls while moving to location.
11/8/2024 14:42:15 [Information] Time remaining: 00:00:00 targetEndTime = 02:42:22
11/8/2024 14:42:15 [Information] Stepper Motor Controller Disable Z Axis controls while moving to location.
11/8/2024 14:42:15 [Information] Time remaining: 00:00:00 targetEndTime = 02:42:22
11/8/2024 14:42:15 [Information] Stepper Motor Controller Disable Z Axis controls while moving to location.
11/8/2024 14:42:15 [Information] Time remaining: 00:00:00 targetEndTime = 02:42:22
11/8/2024 14:42:15 [Information] Updated X,Y Zero.IsChecked status to 0 and Z Zero.IsChecked status to 1.
11/8/2024 14:42:17 [Information] Updated X,Y,Z Zero.IsChecked status to 0.
11/8/2024 14:42:17 [Information] Z Axis Motor Current Position: 23.74
11/8/2024 14:42:20 [Information] Stepper Motor Controller MainWindow Closing.
11/8/2024 14:42:20 [Information] Stepper Motor Controller Serial Ports closed.
11/8/2024 14:42:20 [Information] Properties Settings Saved.
11/8/2024 14:42:20 [Information] Properties Settings Form Closed.
11/8/2024 14:42:20 [Information] Stepper Motor Controller Form Closed.
