17:23:48.428     0>Property reassignment: $(MSBuildExtensionsPath)="C:\Program Files\Microsoft Visual Studio\2022\Community\MSBuild" (previous value: "C:\Program Files (x86)\MSBuild") at 
                   Property reassignment: $(MSBuildExtensionsPath32)="C:\Program Files\Microsoft Visual Studio\2022\Community\MSBuild" (previous value: "C:\Program Files (x86)\MSBuild") at 
                   Search paths being used for $(MSBuildExtensionsPath) are C:\Program Files\Microsoft Visual Studio\2022\Community\MSBuild;$(MSBuildProgramFiles32)\MSBuild
                   Trying to import C:\Program Files\Microsoft Visual Studio\2022\Community\MSBuild\$(MSBuildToolsVersion)\Microsoft.Common.props using extensions path C:\Program Files\Microsoft Visual Studio\2022\Community\MSBuild
                   Property reassignment: $(MSBuildProjectExtensionsPath)="C:\Users\sfcsarge\source\repos\Stepper\zAxisStepperBoard\obj\" (previous value: "obj\") at C:\Program Files\Microsoft Visual Studio\2022\Community\MSBuild\Current\Microsoft.Common.props (60,5)
                   C:\Program Files\Microsoft Visual Studio\2022\Community\MSBuild\Current\Microsoft.Common.props(84,119): message : Property 'MSBuildUserExtensionsPath' with value 'C:\Users\sfcsarge\AppData\Local\Microsoft\MSBuild' expanded from the environment.
                   Search paths being used for $(MSBuildExtensionsPath) are C:\Program Files\Microsoft Visual Studio\2022\Community\MSBuild;$(MSBuildProgramFiles32)\MSBuild
                   Trying to import C:\Program Files\Microsoft Visual Studio\2022\Community\MSBuild\$(MSBuildToolsVersion)\Imports\Microsoft.Common.props\ImportBefore\* using extensions path C:\Program Files\Microsoft Visual Studio\2022\Community\MSBuild
                   C:\Program Files\Microsoft Visual Studio\2022\Community\MSBuild\Current\Imports\Microsoft.Common.props\ImportBefore\Microsoft.NuGet.ImportBefore.props(14,5): message : Property 'VisualStudioVersion' with value '17.0' expanded from the environment.
                   The "Configuration" property is a global property, and cannot be modified.
                   Search paths being used for $(MSBuildExtensionsPath) are C:\Program Files\Microsoft Visual Studio\2022\Community\MSBuild;$(MSBuildProgramFiles32)\MSBuild
                   Search paths being used for $(MSBuildExtensionsPath) are C:\Program Files\Microsoft Visual Studio\2022\Community\MSBuild;$(MSBuildProgramFiles32)\MSBuild
                   Property reassignment: $(_RelativeApplicationTypeFolder)="Application Type\Linux\" (previous value: "") at C:\Program Files\Microsoft Visual Studio\2022\Community\MSBuild\Microsoft\VC\v170\Microsoft.Cpp.Default.props (111,5)
                   Property reassignment: $(_RelativeApplicationTypeRevisionFolder)="Application Type\Linux\1.0\" (previous value: "") at C:\Program Files\Microsoft Visual Studio\2022\Community\MSBuild\Microsoft\VC\v170\Microsoft.Cpp.Default.props (112,5)
                   The "Configuration" property is a global property, and cannot be modified.
                   The "LangID" property is a global property, and cannot be modified.
                   The "SolutionDir" property is a global property, and cannot be modified.
                   C:\Program Files\Microsoft Visual Studio\2022\Community\MSBuild\Microsoft\VC\v170\Microsoft.Cpp.Default.props(218,5): message : Property 'LOCALAPPDATA' with value 'C:\Users\sfcsarge\AppData\Local' expanded from the environment.
                   C:\Program Files\Microsoft Visual Studio\2022\Community\MSBuild\Microsoft\VC\v170\Microsoft.Cpp.ToolsetLocation.props(73,32): message : Property 'PROCESSOR_ARCHITECTURE' with value 'AMD64' expanded from the environment.
                   Property reassignment: $(CharacterSet)="Unicode" (previous value: "NotSet") at C:\Program Files\Microsoft Visual Studio\2022\Community\MSBuild\Microsoft\VC\v170\Application Type\Linux\1.0\Linux.props (49,5)
                   Property reassignment: $(TargetExt)=".out" (previous value: "") at C:\Program Files\Microsoft Visual Studio\2022\Community\MSBuild\Microsoft\VC\v170\Application Type\Linux\1.0\Linux.props (106,5)
                   C:\Program Files\Microsoft Visual Studio\2022\Community\MSBuild\Microsoft\VC\v170\Application Type\Linux\1.0\Platforms\x64\PlatformToolsets\Remote_GCC_1_0\Toolset.props(29,5): message : Property 'Path' with value 'C:\Program Files\Common Files\Oracle\Java\javapath;C:\Program Files\Microsoft\jdk-11.0.12.7-hotspot\bin;C:\Program Files\Microsoft\jdk-11.0.16.101-hotspot\bin;C:\Windows\system32;C:\Windows;C:\Windows\System32\Wbem;C:\Windows\System32\WindowsPowerShell\v1.0\;C:\Windows\System32\OpenSSH\;C:\Program Files\Microsoft SQL Server\150\Tools\Binn\;C:\Program Files\LINQPad7;C:\WINDOWS\system32;C:\WINDOWS;C:\WINDOWS\System32\Wbem;C:\WINDOWS\System32\WindowsPowerShell\v1.0\;C:\WINDOWS\System32\OpenSSH\;C:\Program Files\dotnet\;C:\Program Files (x86)\Windows Kits\10\Windows Performance Toolkit\;C:\Program Files\LINQPad8;C:\Program Files\Microsoft SQL Server\Client SDK\ODBC\170\Tools\Binn\;C:\Program Files (x86)\Windows Kits\10\Microsoft Application Virtualization\Sequencer\;C:\Program Files (x86)\Microsoft SQL Server\160\Tools\Binn\;C:\Program Files\Microsoft SQL Server\160\Tools\Binn\;C:\Program Files\Microsoft SQL Server\160\DTS\Binn\;C:\Program Files (x86)\Microsoft SQL Server\160\DTS\Binn\;C:\Program Files\Git\cmd;C:\Program Files\CMake\bin;C:\Users\sfcsarge\AppData\Local\Microsoft\WindowsApps;C:\Users\sfcsarge\AppData\Local\GitHubDesktop\bin;C:\Users\sfcsarge\.dotnet\tools;C:\Users\sfcsarge\AppData\Local\Programs\Microsoft VS Code Insiders\bin;C:\Users\sfcsarge\AppData\Local\Programs\Microsoft VS Code\bin;' expanded from the environment.
                   Property reassignment: $(UseDebugLibraries)="true" (previous value: "false") at C:\Users\sfcsarge\source\repos\Stepper\zAxisStepperBoard\zAxisStepperBoard.vcxproj (63,5)
                   Property reassignment: $(TargetOSAndVersion)="Arduino" (previous value: "Linux") at C:\Users\sfcsarge\source\repos\Stepper\zAxisStepperBoard\zAxisStepperBoard.vcxproj (80,5)
                   Property reassignment: $(DebuggerFlavor)="VisualMicroDebugger" (previous value: "LinuxDebugger") at C:\Users\sfcsarge\source\repos\Stepper\zAxisStepperBoard\zAxisStepperBoard.vcxproj (99,5)
                   Property reassignment: $(RemoteCCompileToolExe)="C:\Users\sfcsarge\source\repos\Stepper\zAxisStepperBoard\..\..\..\..\AppData\Local\arduino15\packages\arduino\tools\arm-none-eabi-gcc\7-2017q4\bin\arm-none-eabi-g++" (previous value: "g++") at C:\Users\sfcsarge\source\repos\Stepper\zAxisStepperBoard\zAxisStepperBoard.vcxproj (103,5)
                   Property reassignment: $(RemoteCppCompileToolExe)="C:\Users\sfcsarge\source\repos\Stepper\zAxisStepperBoard\..\..\..\..\AppData\Local\arduino15\packages\arduino\tools\arm-none-eabi-gcc\7-2017q4\bin\arm-none-eabi-g++" (previous value: "g++") at C:\Users\sfcsarge\source\repos\Stepper\zAxisStepperBoard\zAxisStepperBoard.vcxproj (104,5)
                   Property reassignment: $(ValidateArchitecture)="false" (previous value: "True") at C:\Users\sfcsarge\source\repos\Stepper\zAxisStepperBoard\zAxisStepperBoard.vcxproj (105,5)
                   The "SolutionExt" property is a global property, and cannot be modified.
                   Property reassignment: $(ExtensionsToDeleteOnClean)="*.d;*.tlog;;C:\Users\sfcsarge\source\repos\Stepper\zAxisStepperBoard\bin\x64\Debug\zAxisStepperBoard.out.manifest;C:\Users\sfcsarge\source\repos\Stepper\zAxisStepperBoard\bin\x64\Debug\zAxisStepperBoard.tlb;C:\Users\sfcsarge\source\repos\Stepper\zAxisStepperBoard\bin\x64\Debug\zAxisStepperBoard.pdb;C:\Users\sfcsarge\source\repos\Stepper\zAxisStepperBoard\bin\x64\Debug\zAxisStepperBoard.out;C:\Users\sfcsarge\source\repos\Stepper\zAxisStepperBoard\bin\x64\Debug\zAxisStepperBoard.bsc;C:\Users\sfcsarge\source\repos\Stepper\zAxisStepperBoard\bin\x64\Debug\zAxisStepperBoard.ilk;C:\Users\sfcsarge\source\repos\Stepper\zAxisStepperBoard\bin\x64\Debug\zAxisStepperBoard.out.intermediate.manifest;C:\Users\sfcsarge\source\repos\Stepper\zAxisStepperBoard\obj\x64\Debug\zAxisStepperBoard.vcxproj.FileListAbsolute.txt" (previous value: "*.d;*.tlog;") at C:\Program Files\Microsoft Visual Studio\2022\Community\MSBuild\Microsoft\VC\v170\Microsoft.CppCommon.targets (40,5)
                   Property reassignment: $(DebugType)="none" (previous value: "") at C:\Program Files\Microsoft Visual Studio\2022\Community\MSBuild\Microsoft\VC\v170\Microsoft.BuildSteps.Targets (32,5)
                   Search paths being used for $(MSBuildExtensionsPath) are C:\Program Files\Microsoft Visual Studio\2022\Community\MSBuild;$(MSBuildProgramFiles32)\MSBuild
                   Search paths being used for $(MSBuildExtensionsPath) are C:\Program Files\Microsoft Visual Studio\2022\Community\MSBuild;$(MSBuildProgramFiles32)\MSBuild
                   Trying to import C:\Program Files\Microsoft Visual Studio\2022\Community\MSBuild\$(MSBuildToolsVersion)\Microsoft.Common.targets\ImportBefore\* using extensions path C:\Program Files\Microsoft Visual Studio\2022\Community\MSBuild
                   The "Configuration" property is a global property, and cannot be modified.
                   Property reassignment: $(_DocumentationFileProduced)="false" (previous value: "true") at C:\Program Files\Microsoft Visual Studio\2022\Community\MSBuild\Current\Bin\amd64\Microsoft.Common.CurrentVersion.targets (185,5)
                   The "DevEnvDir" property is a global property, and cannot be modified.
                   The "SolutionName" property is a global property, and cannot be modified.
                   The "SolutionFileName" property is a global property, and cannot be modified.
                   The "SolutionPath" property is a global property, and cannot be modified.
                   The "SolutionDir" property is a global property, and cannot be modified.
                   The "SolutionExt" property is a global property, and cannot be modified.
                   Property reassignment: $(AutoUnifyAssemblyReferences)="false" (previous value: "true") at C:\Program Files\Microsoft Visual Studio\2022\Community\MSBuild\Current\Bin\amd64\Microsoft.Common.CurrentVersion.targets (369,5)
                   Property reassignment: $(MSBuildCopyMarkerName)="zAxisSte.E958E4A3" (previous value: "zAxisStepperBoard.vcxproj") at C:\Program Files\Microsoft Visual Studio\2022\Community\MSBuild\Current\Bin\amd64\Microsoft.Common.CurrentVersion.targets (392,5)
                   Property reassignment: $(MSBuildCopyMarkerName)="zAxisSte.E958E4A3.Up2Date" (previous value: "zAxisSte.E958E4A3") at C:\Program Files\Microsoft Visual Studio\2022\Community\MSBuild\Current\Bin\amd64\Microsoft.Common.CurrentVersion.targets (393,5)
                   Property reassignment: $(ProcessorArchitecture)="amd64" (previous value: "x64") at C:\Program Files\Microsoft Visual Studio\2022\Community\MSBuild\Current\Bin\amd64\Microsoft.Common.CurrentVersion.targets (528,5)
                   C:\Program Files\Microsoft Visual Studio\2022\Community\MSBuild\Current\Bin\amd64\Microsoft.Common.CurrentVersion.targets(562,42): message : Property 'MSBuildExtensionsPath64' with value 'C:\Program Files\MSBuild' expanded from the environment.
                   Property reassignment: $(DelaySign)="" (previous value: "false") at C:\Program Files\Microsoft Visual Studio\2022\Community\MSBuild\Current\Bin\amd64\Microsoft.Common.CurrentVersion.targets (580,5)
                   Property reassignment: $(AssemblySearchPaths)="{CandidateAssemblyFiles};" (previous value: "{CandidateAssemblyFiles}") at C:\Program Files\Microsoft Visual Studio\2022\Community\MSBuild\Current\Bin\amd64\Microsoft.Common.CurrentVersion.targets (649,5)
                   Property reassignment: $(AssemblySearchPaths)="{CandidateAssemblyFiles};;{HintPathFromItem}" (previous value: "{CandidateAssemblyFiles};") at C:\Program Files\Microsoft Visual Studio\2022\Community\MSBuild\Current\Bin\amd64\Microsoft.Common.CurrentVersion.targets (650,5)
                   Property reassignment: $(AssemblySearchPaths)="{CandidateAssemblyFiles};;{HintPathFromItem};{TargetFrameworkDirectory}" (previous value: "{CandidateAssemblyFiles};;{HintPathFromItem}") at C:\Program Files\Microsoft Visual Studio\2022\Community\MSBuild\Current\Bin\amd64\Microsoft.Common.CurrentVersion.targets (651,5)
                   Property reassignment: $(AssemblySearchPaths)="{CandidateAssemblyFiles};;{HintPathFromItem};{TargetFrameworkDirectory};{AssemblyFoldersFromConfig:C:\Program Files\Microsoft Visual Studio\2022\Community\MSBuild\Current\Bin\AssemblyFolders.config,};" (previous value: "{CandidateAssemblyFiles};;{HintPathFromItem};{TargetFrameworkDirectory}") at C:\Program Files\Microsoft Visual Studio\2022\Community\MSBuild\Current\Bin\amd64\Microsoft.Common.CurrentVersion.targets (652,5)
                   Property reassignment: $(AssemblySearchPaths)="{CandidateAssemblyFiles};;{HintPathFromItem};{TargetFrameworkDirectory};{AssemblyFoldersFromConfig:C:\Program Files\Microsoft Visual Studio\2022\Community\MSBuild\Current\Bin\AssemblyFolders.config,};;{Registry:Software\Microsoft\,,AssemblyFoldersEx}" (previous value: "{CandidateAssemblyFiles};;{HintPathFromItem};{TargetFrameworkDirectory};{AssemblyFoldersFromConfig:C:\Program Files\Microsoft Visual Studio\2022\Community\MSBuild\Current\Bin\AssemblyFolders.config,};") at C:\Program Files\Microsoft Visual Studio\2022\Community\MSBuild\Current\Bin\amd64\Microsoft.Common.CurrentVersion.targets (653,5)
                   Property reassignment: $(AssemblySearchPaths)="{CandidateAssemblyFiles};;{HintPathFromItem};{TargetFrameworkDirectory};{AssemblyFoldersFromConfig:C:\Program Files\Microsoft Visual Studio\2022\Community\MSBuild\Current\Bin\AssemblyFolders.config,};;{Registry:Software\Microsoft\,,AssemblyFoldersEx};{AssemblyFolders}" (previous value: "{CandidateAssemblyFiles};;{HintPathFromItem};{TargetFrameworkDirectory};{AssemblyFoldersFromConfig:C:\Program Files\Microsoft Visual Studio\2022\Community\MSBuild\Current\Bin\AssemblyFolders.config,};;{Registry:Software\Microsoft\,,AssemblyFoldersEx}") at C:\Program Files\Microsoft Visual Studio\2022\Community\MSBuild\Current\Bin\amd64\Microsoft.Common.CurrentVersion.targets (654,5)
                   Property reassignment: $(AssemblySearchPaths)="{CandidateAssemblyFiles};;{HintPathFromItem};{TargetFrameworkDirectory};{AssemblyFoldersFromConfig:C:\Program Files\Microsoft Visual Studio\2022\Community\MSBuild\Current\Bin\AssemblyFolders.config,};;{Registry:Software\Microsoft\,,AssemblyFoldersEx};{AssemblyFolders};{GAC}" (previous value: "{CandidateAssemblyFiles};;{HintPathFromItem};{TargetFrameworkDirectory};{AssemblyFoldersFromConfig:C:\Program Files\Microsoft Visual Studio\2022\Community\MSBuild\Current\Bin\AssemblyFolders.config,};;{Registry:Software\Microsoft\,,AssemblyFoldersEx};{AssemblyFolders}") at C:\Program Files\Microsoft Visual Studio\2022\Community\MSBuild\Current\Bin\amd64\Microsoft.Common.CurrentVersion.targets (655,5)
                   Property reassignment: $(AssemblySearchPaths)="{CandidateAssemblyFiles};;{HintPathFromItem};{TargetFrameworkDirectory};{AssemblyFoldersFromConfig:C:\Program Files\Microsoft Visual Studio\2022\Community\MSBuild\Current\Bin\AssemblyFolders.config,};;{Registry:Software\Microsoft\,,AssemblyFoldersEx};{AssemblyFolders};{GAC};{RawFileName}" (previous value: "{CandidateAssemblyFiles};;{HintPathFromItem};{TargetFrameworkDirectory};{AssemblyFoldersFromConfig:C:\Program Files\Microsoft Visual Studio\2022\Community\MSBuild\Current\Bin\AssemblyFolders.config,};;{Registry:Software\Microsoft\,,AssemblyFoldersEx};{AssemblyFolders};{GAC}") at C:\Program Files\Microsoft Visual Studio\2022\Community\MSBuild\Current\Bin\amd64\Microsoft.Common.CurrentVersion.targets (656,5)
                   Property reassignment: $(AssemblySearchPaths)="{CandidateAssemblyFiles};;{HintPathFromItem};{TargetFrameworkDirectory};{AssemblyFoldersFromConfig:C:\Program Files\Microsoft Visual Studio\2022\Community\MSBuild\Current\Bin\AssemblyFolders.config,};;{Registry:Software\Microsoft\,,AssemblyFoldersEx};{AssemblyFolders};{GAC};{RawFileName};C:\Users\sfcsarge\source\repos\Stepper\zAxisStepperBoard\bin\x64\Debug\" (previous value: "{CandidateAssemblyFiles};;{HintPathFromItem};{TargetFrameworkDirectory};{AssemblyFoldersFromConfig:C:\Program Files\Microsoft Visual Studio\2022\Community\MSBuild\Current\Bin\AssemblyFolders.config,};;{Registry:Software\Microsoft\,,AssemblyFoldersEx};{AssemblyFolders};{GAC};{RawFileName}") at C:\Program Files\Microsoft Visual Studio\2022\Community\MSBuild\Current\Bin\amd64\Microsoft.Common.CurrentVersion.targets (657,5)
                   Property reassignment: $(_SGenGenerateSerializationAssembliesConfig)="Auto" (previous value: "") at C:\Program Files\Microsoft Visual Studio\2022\Community\MSBuild\Current\Bin\amd64\Microsoft.Common.CurrentVersion.targets (3897,5)
                   Property reassignment: $(_SGenGenerateSerializationAssembliesConfig)="Off" (previous value: "Auto") at C:\Program Files\Microsoft Visual Studio\2022\Community\MSBuild\Current\Bin\amd64\Microsoft.Common.CurrentVersion.targets (3898,5)
                   Property reassignment: $(_TargetsThatPrepareProjectReferences)="
                         AssignProjectConfiguration;
                         _SplitProjectReferencesByFileExistence
                       " (previous value: "_SplitProjectReferencesByFileExistence") at C:\Program Files\Microsoft Visual Studio\2022\Community\MSBuild\Current\Bin\amd64\Microsoft.Common.CurrentVersion.targets (5100,5)
                   Property reassignment: $(_CodeAnalysisTreatWarningsAsErrors)="false" (previous value: "") at C:\Program Files\Microsoft Visual Studio\2022\Community\MSBuild\Microsoft\VisualStudio\v17.0\CodeAnalysis\Microsoft.CodeAnalysis.targets (125,5)
                   Property reassignment: $(PrepareForBuildDependsOn)=";GetFrameworkPaths;GetReferenceAssemblyPaths;AssignLinkMetadata;SetCABuildNativeEnvironmentVariables" (previous value: ";GetFrameworkPaths;GetReferenceAssemblyPaths;AssignLinkMetadata") at C:\Program Files\Microsoft Visual Studio\2022\Community\MSBuild\Microsoft\VisualStudio\v17.0\CodeAnalysis\Microsoft.CodeAnalysis.targets (240,5)
                   Property reassignment: $(PrepareResourcesDependsOn)="
                         XamlMarkupCompilePass1;
                         XamlMarkupCompilePass2;
                         
                         ;
                         PrepareResourceNames;
                         ResGen;
                         CompileLicxFiles
                        
                       " (previous value: "
                         ;
                         PrepareResourceNames;
                         ResGen;
                         CompileLicxFiles
                       ") at C:\WINDOWS\Microsoft.NET\Framework\v4.0.30319\Microsoft.Xaml.targets (35,5)
                   Property reassignment: $(ResolveReferencesDependsOn)="
                         
                         BeforeResolveReferences;
                         AssignProjectConfiguration;
                         ResolveProjectReferences;
                         FindInvalidProjectReferences;
                         ResolveNativeReferences;
                         ResolveAssemblyReferences;
                         GenerateBindingRedirects;
                         GenerateBindingRedirectsUpdateAppConfig;
                         ResolveComReferences;
                         AfterResolveReferences
                       ;
                         ResolveTestReferences
                       " (previous value: "
                         BeforeResolveReferences;
                         AssignProjectConfiguration;
                         ResolveProjectReferences;
                         FindInvalidProjectReferences;
                         ResolveNativeReferences;
                         ResolveAssemblyReferences;
                         GenerateBindingRedirects;
                         GenerateBindingRedirectsUpdateAppConfig;
                         ResolveComReferences;
                         AfterResolveReferences
                       ") at C:\Program Files\Microsoft Visual Studio\2022\Community\MSBuild\Microsoft\VisualStudio\v17.0\TeamTest\Microsoft.TeamTest.targets (4,5)
                   Search paths being used for $(MSBuildExtensionsPath) are C:\Program Files\Microsoft Visual Studio\2022\Community\MSBuild;$(MSBuildProgramFiles32)\MSBuild
                   Trying to import C:\Program Files\Microsoft Visual Studio\2022\Community\MSBuild\$(MSBuildToolsVersion)\Microsoft.Common.targets\ImportAfter\* using extensions path C:\Program Files\Microsoft Visual Studio\2022\Community\MSBuild
                   Search paths being used for $(MSBuildExtensionsPath) are C:\Program Files\Microsoft Visual Studio\2022\Community\MSBuild;$(MSBuildProgramFiles32)\MSBuild
                   Trying to import C:\Program Files\Microsoft Visual Studio\2022\Community\MSBuild\Sdks\Microsoft.Docker.Sdk\build\Microsoft.Docker.targets using extensions path C:\Program Files\Microsoft Visual Studio\2022\Community\MSBuild
                   Property reassignment: $(ProjectLockFile)="obj\project.assets.json" (previous value: "C:\Users\sfcsarge\source\repos\Stepper\zAxisStepperBoard\obj\project.assets.json") at C:\Program Files\Microsoft Visual Studio\2022\Community\MSBuild\Microsoft\NuGet\17.0\Microsoft.NuGet.targets (74,5)
                   Property reassignment: $(ResolveAssemblyReferencesDependsOn)="
                         ResolveProjectReferences;
                         FindInvalidProjectReferences;
                         GetFrameworkPaths;
                         GetReferenceAssemblyPaths;
                         PrepareForBuild;
                         ResolveSDKReferences;
                         ExpandSDKReferences;
                       ;ResolveNuGetPackageAssets" (previous value: "
                         ResolveProjectReferences;
                         FindInvalidProjectReferences;
                         GetFrameworkPaths;
                         GetReferenceAssemblyPaths;
                         PrepareForBuild;
                         ResolveSDKReferences;
                         ExpandSDKReferences;
                       ") at C:\Program Files\Microsoft Visual Studio\2022\Community\MSBuild\Microsoft\NuGet\17.0\Microsoft.NuGet.targets (185,5)
                   Property reassignment: $(PrepareResourcesDependsOn)="ResolveNuGetPackageAssets;
                         XamlMarkupCompilePass1;
                         XamlMarkupCompilePass2;
                         
                         ;
                         PrepareResourceNames;
                         ResGen;
                         CompileLicxFiles
                        
                       " (previous value: "
                         XamlMarkupCompilePass1;
                         XamlMarkupCompilePass2;
                         
                         ;
                         PrepareResourceNames;
                         ResGen;
                         CompileLicxFiles
                        
                       ") at C:\Program Files\Microsoft Visual Studio\2022\Community\MSBuild\Microsoft\NuGet\17.0\Microsoft.NuGet.targets (186,5)
                   Search paths being used for $(MSBuildExtensionsPath) are C:\Program Files\Microsoft Visual Studio\2022\Community\MSBuild;$(MSBuildProgramFiles32)\MSBuild
                   Search paths being used for $(MSBuildExtensionsPath) are C:\Program Files\Microsoft Visual Studio\2022\Community\MSBuild;$(MSBuildProgramFiles32)\MSBuild
                   Trying to import C:\Program Files\Microsoft Visual Studio\2022\Community\MSBuild\Microsoft\VisualStudio\WebTools.Aspire\Microsoft.WebTools.Aspire.targets using extensions path C:\Program Files\Microsoft Visual Studio\2022\Community\MSBuild
                   Property reassignment: $(JsonSchemaCombinedFilePath)="C:\Users\sfcsarge\source\repos\Stepper\zAxisStepperBoard\obj\x64\Debug\CombinedComponentSchema.json" (previous value: "C:\Users\sfcsarge\source\repos\Stepper\zAxisStepperBoard\obj\x64\Debug\\CombinedComponentSchema.json") at C:\Program Files\Microsoft Visual Studio\2022\Community\MSBuild\Microsoft\VisualStudio\WebTools.Aspire\Microsoft.WebTools.Aspire.targets (25,5)
                   Property reassignment: $(AppSettingsJsonSchemaCombinedFilePath)="C:\Users\sfcsarge\source\repos\Stepper\zAxisStepperBoard\obj\x64\Debug\AppSettingsSchema.json" (previous value: "C:\Users\sfcsarge\source\repos\Stepper\zAxisStepperBoard\obj\x64\Debug\\AppSettingsSchema.json") at C:\Program Files\Microsoft Visual Studio\2022\Community\MSBuild\Microsoft\VisualStudio\WebTools.Aspire\Microsoft.WebTools.Aspire.targets (27,5)
                   Property reassignment: $(PrepareForRunDependsOn)="
                               _CalculatePostXamarinTelemetry;
                               _PostXamarinTelemetry;
                               
                         CopyFilesToOutputDirectory
                       
                           " (previous value: "
                         CopyFilesToOutputDirectory
                       ") at C:\Program Files\Microsoft Visual Studio\2022\Community\MSBuild\Xamarin\Xamarin.Sdk.targets (9,9)
                   Property reassignment: $(DebugType)="" (previous value: "none") at C:\Program Files\Microsoft Visual Studio\2022\Community\MSBuild\Microsoft\VC\v170\Microsoft.BuildSteps.Targets (39,5)
                   Property reassignment: $(BuildDependsOn)="
                         _PrepareForBuild;
                         
                         ResolveReferences;
                         PrepareForBuild;
                         InitializeBuildStatus;
                         BuildGenerateSources;
                         BuildCompile;
                         BuildLink;
                       ;
                         AfterBuild;
                         IncrementalClean;
                         TlogCleanup;
                         FinalizeBuildStatus;
                       " (previous value: "
                         BeforeBuild;
                         CoreBuild;
                         AfterBuild
                       ") at C:\Program Files\Microsoft Visual Studio\2022\Community\MSBuild\Microsoft\VC\v170\Microsoft.BuildSteps.Targets (122,5)
                   Property reassignment: $(RebuildDependsOn)="
                         _PrepareForRebuild;
                         
                         BeforeRebuild;
                         Clean;
                         Build;
                         AfterRebuild;
                       ;
                       " (previous value: "
                         BeforeRebuild;
                         Clean;
                         Build;
                         AfterRebuild;
                       ") at C:\Program Files\Microsoft Visual Studio\2022\Community\MSBuild\Microsoft\VC\v170\Microsoft.BuildSteps.Targets (131,5)
                   Property reassignment: $(CleanDependsOn)="
                         _PrepareForClean;
                         
                         BeforeClean;
                         UnmanagedUnregistration;
                         CoreClean;
                         CleanReferencedProjects;
                         CleanPublishFolder;
                         AfterClean
                       ;
                       " (previous value: "
                         BeforeClean;
                         UnmanagedUnregistration;
                         CoreClean;
                         CleanReferencedProjects;
                         CleanPublishFolder;
                         AfterClean
                       ") at C:\Program Files\Microsoft Visual Studio\2022\Community\MSBuild\Microsoft\VC\v170\Microsoft.BuildSteps.Targets (136,5)
                   Property reassignment: $(_TLogProjectName)="zAxisSte.355f2809" (previous value: "zAxisStepperBoard") at C:\Program Files\Microsoft Visual Studio\2022\Community\MSBuild\Microsoft\VC\v170\Microsoft.BuildSteps.Targets (218,5)
                   Property reassignment: $(BeforeBuildGenerateSourcesTargets)="
                         
                         ;
                         BeforeBuildGenerateSources;
                       ;
                       " (previous value: "
                         ;
                         BeforeBuildGenerateSources;
                       ") at C:\Program Files\Microsoft Visual Studio\2022\Community\MSBuild\Microsoft\VC\v170\Microsoft.CppBuild.targets (60,5)
                   Property reassignment: $(AfterBuildGenerateSourcesTargets)="
                         
                         ;
                         AfterBuildGenerateSources;
                       ;
                         AfterBuildGenerateSourcesEvent;
                       " (previous value: "
                         ;
                         AfterBuildGenerateSources;
                       ") at C:\Program Files\Microsoft Visual Studio\2022\Community\MSBuild\Microsoft\VC\v170\Microsoft.CppBuild.targets (71,5)
                   Property reassignment: $(BuildGenerateSourcesAction)="_BuildGenerateSourcesAction" (previous value: "Build") at C:\Program Files\Microsoft Visual Studio\2022\Community\MSBuild\Microsoft\VC\v170\Microsoft.CppBuild.targets (140,5)
                   Property reassignment: $(BuildCompileAction)="_BuildCompileAction" (previous value: "Build") at C:\Program Files\Microsoft Visual Studio\2022\Community\MSBuild\Microsoft\VC\v170\Microsoft.CppBuild.targets (141,5)
                   Property reassignment: $(BuildLinkAction)="_BuildLinkAction" (previous value: "Build") at C:\Program Files\Microsoft Visual Studio\2022\Community\MSBuild\Microsoft\VC\v170\Microsoft.CppBuild.targets (142,5)
                   Property reassignment: $(DetermineProjectTypeTargets)="_PrepareForReferenceResolution;
                         ;
                         AddExternalIncludDirectoriesToPaths
                       " (previous value: "
                         ;
                         AddExternalIncludDirectoriesToPaths
                       ") at C:\Program Files\Microsoft Visual Studio\2022\Community\MSBuild\Microsoft\VC\v170\Microsoft.CppBuild.targets (249,5)
                   Property reassignment: $(ResolveReferencesDependsOn)="_PrepareForReferenceResolution;ComputeCrtSDKReference;
                         
                         BeforeResolveReferences;
                         AssignProjectConfiguration;
                         ResolveProjectReferences;
                         FindInvalidProjectReferences;
                         ResolveNativeReferences;
                         ResolveAssemblyReferences;
                         GenerateBindingRedirects;
                         GenerateBindingRedirectsUpdateAppConfig;
                         ResolveComReferences;
                         AfterResolveReferences
                       ;
                         ResolveTestReferences
                       " (previous value: "
                         
                         BeforeResolveReferences;
                         AssignProjectConfiguration;
                         ResolveProjectReferences;
                         FindInvalidProjectReferences;
                         ResolveNativeReferences;
                         ResolveAssemblyReferences;
                         GenerateBindingRedirects;
                         GenerateBindingRedirectsUpdateAppConfig;
                         ResolveComReferences;
                         AfterResolveReferences
                       ;
                         ResolveTestReferences
                       ") at C:\Program Files\Microsoft Visual Studio\2022\Community\MSBuild\Microsoft\VC\v170\Microsoft.CppBuild.targets (311,5)
                   Property reassignment: $(ResolveAssemblyReferencesDependsOn)="_PrepareForReferenceResolution;
                         ResolveProjectReferences;
                         FindInvalidProjectReferences;
                         GetFrameworkPaths;
                         GetReferenceAssemblyPaths;
                         PrepareForBuild;
                         ResolveSDKReferences;
                         ExpandSDKReferences;
                       ;ResolveNuGetPackageAssets" (previous value: "
                         ResolveProjectReferences;
                         FindInvalidProjectReferences;
                         GetFrameworkPaths;
                         GetReferenceAssemblyPaths;
                         PrepareForBuild;
                         ResolveSDKReferences;
                         ExpandSDKReferences;
                       ;ResolveNuGetPackageAssets") at C:\Program Files\Microsoft Visual Studio\2022\Community\MSBuild\Microsoft\VC\v170\Microsoft.CppBuild.targets (312,5)
                   Property reassignment: $(ResolveSDKReferencesDependsOn)="_PrepareForReferenceResolution;ComputeCrtSDKReference;
                         GetInstalledSDKLocations
                       " (previous value: "
                         GetInstalledSDKLocations
                       ") at C:\Program Files\Microsoft Visual Studio\2022\Community\MSBuild\Microsoft\VC\v170\Microsoft.CppBuild.targets (313,5)
                   Property reassignment: $(ComputeCompileInputsTargets)="
                         
                         ;
                         GenerateTargetFrameworkMonikerAttribute;
                       ;
                         ComputeMIDLGeneratedCompileInputs;
                       " (previous value: "
                         ;
                         GenerateTargetFrameworkMonikerAttribute;
                       ") at C:\Program Files\Microsoft Visual Studio\2022\Community\MSBuild\Microsoft\VC\v170\Microsoft.CppBuild.targets (639,5)
                   Property reassignment: $(ComputeLinkInputsTargets)="
                         
                         ;
                         ComputeRCGeneratedLinkInputs;
                       ;
                         ComputeManifestGeneratedLinkerInputs;
                       " (previous value: "
                         ;
                         ComputeRCGeneratedLinkInputs;
                       ") at C:\Program Files\Microsoft Visual Studio\2022\Community\MSBuild\Microsoft\VC\v170\Microsoft.CppBuild.targets (952,5)
                   Property reassignment: $(ComputeCompileInputsTargets)="
                         
                         
                         ;
                         GenerateTargetFrameworkMonikerAttribute;
                       ;
                         ComputeMIDLGeneratedCompileInputs;
                       ;
                         ComputeCLInputPDBName;
                         ComputeReferenceCLInput;
                         WarnCompileDuplicatedFilename
                       " (previous value: "
                         
                         ;
                         GenerateTargetFrameworkMonikerAttribute;
                       ;
                         ComputeMIDLGeneratedCompileInputs;
                       ") at C:\Program Files\Microsoft Visual Studio\2022\Community\MSBuild\Microsoft\VC\v170\Microsoft.CppBuild.targets (1149,5)
                   Property reassignment: $(ComputeLinkInputsTargets)="
                         
                         
                         ;
                         ComputeRCGeneratedLinkInputs;
                       ;
                         ComputeManifestGeneratedLinkerInputs;
                       ;
                         ComputeCustomBuildOutput;
                       " (previous value: "
                         
                         ;
                         ComputeRCGeneratedLinkInputs;
                       ;
                         ComputeManifestGeneratedLinkerInputs;
                       ") at C:\Program Files\Microsoft Visual Studio\2022\Community\MSBuild\Microsoft\VC\v170\Microsoft.CppBuild.targets (1201,5)
                   Property reassignment: $(ComputeLibInputsTargets)="
                         
                         ;
                         ComputeRCGeneratedLibInputs;
                       ;
                         ComputeCustomBuildOutput;
                       " (previous value: "
                         ;
                         ComputeRCGeneratedLibInputs;
                       ") at C:\Program Files\Microsoft Visual Studio\2022\Community\MSBuild\Microsoft\VC\v170\Microsoft.CppBuild.targets (1208,5)
                   Property reassignment: $(ComputeImpLibInputsTargets)="
                         
                         
                         ;
                         ComputeRCGeneratedLibInputs;
                       ;
                         ComputeRCGeneratedImpLibInputs;
                       ;
                         ComputeCustomBuildOutput;
                       " (previous value: "
                         
                         ;
                         ComputeRCGeneratedLibInputs;
                       ;
                         ComputeRCGeneratedImpLibInputs;
                       ") at C:\Program Files\Microsoft Visual Studio\2022\Community\MSBuild\Microsoft\VC\v170\Microsoft.CppBuild.targets (1215,5)
                   Property reassignment: $(ComputeLinkInputsTargets)="
                         
                         
                         
                         ;
                         ComputeRCGeneratedLinkInputs;
                       ;
                         ComputeManifestGeneratedLinkerInputs;
                       ;
                         ComputeCustomBuildOutput;
                       ;
                         ComputeCLGeneratedLinkInputs;
                       " (previous value: "
                         
                         
                         ;
                         ComputeRCGeneratedLinkInputs;
                       ;
                         ComputeManifestGeneratedLinkerInputs;
                       ;
                         ComputeCustomBuildOutput;
                       ") at C:\Program Files\Microsoft Visual Studio\2022\Community\MSBuild\Microsoft\VC\v170\Microsoft.CppBuild.targets (1276,5)
                   Property reassignment: $(ComputeLibInputsTargets)="
                         
                         
                         ;
                         ComputeRCGeneratedLibInputs;
                       ;
                         ComputeCustomBuildOutput;
                       ;
                         ComputeCLGeneratedLibInputs;
                       " (previous value: "
                         
                         ;
                         ComputeRCGeneratedLibInputs;
                       ;
                         ComputeCustomBuildOutput;
                       ") at C:\Program Files\Microsoft Visual Studio\2022\Community\MSBuild\Microsoft\VC\v170\Microsoft.CppBuild.targets (1291,5)
                   Property reassignment: $(ComputeImpLibInputsTargets)="
                         
                         
                         
                         ;
                         ComputeRCGeneratedLibInputs;
                       ;
                         ComputeRCGeneratedImpLibInputs;
                       ;
                         ComputeCustomBuildOutput;
                       ;
                         ComputeCLGeneratedImpLibInputs;
                       " (previous value: "
                         
                         
                         ;
                         ComputeRCGeneratedLibInputs;
                       ;
                         ComputeRCGeneratedImpLibInputs;
                       ;
                         ComputeCustomBuildOutput;
                       ") at C:\Program Files\Microsoft Visual Studio\2022\Community\MSBuild\Microsoft\VC\v170\Microsoft.CppBuild.targets (1306,5)
                   Property reassignment: $(ComputeLinkInputsTargets)="
                         
                         
                         
                         
                         ;
                         ComputeRCGeneratedLinkInputs;
                       ;
                         ComputeManifestGeneratedLinkerInputs;
                       ;
                         ComputeCustomBuildOutput;
                       ;
                         ComputeCLGeneratedLinkInputs;
                       ;
                         ComputeLinkInputsFromProject;
                       " (previous value: "
                         
                         
                         
                         ;
                         ComputeRCGeneratedLinkInputs;
                       ;
                         ComputeManifestGeneratedLinkerInputs;
                       ;
                         ComputeCustomBuildOutput;
                       ;
                         ComputeCLGeneratedLinkInputs;
                       ") at C:\Program Files\Microsoft Visual Studio\2022\Community\MSBuild\Microsoft\VC\v170\Microsoft.CppBuild.targets (1337,5)
                   Property reassignment: $(ComputeLibInputsTargets)="
                         
                         
                         
                         ;
                         ComputeRCGeneratedLibInputs;
                       ;
                         ComputeCustomBuildOutput;
                       ;
                         ComputeCLGeneratedLibInputs;
                       ;
                         ComputeLibInputsFromProject;
                       " (previous value: "
                         
                         
                         ;
                         ComputeRCGeneratedLibInputs;
                       ;
                         ComputeCustomBuildOutput;
                       ;
                         ComputeCLGeneratedLibInputs;
                       ") at C:\Program Files\Microsoft Visual Studio\2022\Community\MSBuild\Microsoft\VC\v170\Microsoft.CppBuild.targets (1355,5)
                   Property reassignment: $(ComputeImpLibInputsTargets)="
                         
                         
                         
                         
                         ;
                         ComputeRCGeneratedLibInputs;
                       ;
                         ComputeRCGeneratedImpLibInputs;
                       ;
                         ComputeCustomBuildOutput;
                       ;
                         ComputeCLGeneratedImpLibInputs;
                       ;
                         ComputeImpLibInputsFromProject;
                       " (previous value: "
                         
                         
                         
                         ;
                         ComputeRCGeneratedLibInputs;
                       ;
                         ComputeRCGeneratedImpLibInputs;
                       ;
                         ComputeCustomBuildOutput;
                       ;
                         ComputeCLGeneratedImpLibInputs;
                       ") at C:\Program Files\Microsoft Visual Studio\2022\Community\MSBuild\Microsoft\VC\v170\Microsoft.CppBuild.targets (1373,5)
                   Property reassignment: $(ComputeLinkInputsTargets)="
                         
                         
                         
                         
                         
                         ;
                         ComputeRCGeneratedLinkInputs;
                       ;
                         ComputeManifestGeneratedLinkerInputs;
                       ;
                         ComputeCustomBuildOutput;
                       ;
                         ComputeCLGeneratedLinkInputs;
                       ;
                         ComputeLinkInputsFromProject;
                       ;
                         ComputeReferenceLinkInputs;
                       " (previous value: "
                         
                         
                         
                         
                         ;
                         ComputeRCGeneratedLinkInputs;
                       ;
                         ComputeManifestGeneratedLinkerInputs;
                       ;
                         ComputeCustomBuildOutput;
                       ;
                         ComputeCLGeneratedLinkInputs;
                       ;
                         ComputeLinkInputsFromProject;
                       ") at C:\Program Files\Microsoft Visual Studio\2022\Community\MSBuild\Microsoft\VC\v170\Microsoft.CppBuild.targets (1497,5)
                   Property reassignment: $(ComputeLibInputsTargets)="
                         
                         
                         
                         
                         ;
                         ComputeRCGeneratedLibInputs;
                       ;
                         ComputeCustomBuildOutput;
                       ;
                         ComputeCLGeneratedLibInputs;
                       ;
                         ComputeLibInputsFromProject;
                       ;
                         ComputeReferenceLibInputs;
                       " (previous value: "
                         
                         
                         
                         ;
                         ComputeRCGeneratedLibInputs;
                       ;
                         ComputeCustomBuildOutput;
                       ;
                         ComputeCLGeneratedLibInputs;
                       ;
                         ComputeLibInputsFromProject;
                       ") at C:\Program Files\Microsoft Visual Studio\2022\Community\MSBuild\Microsoft\VC\v170\Microsoft.CppBuild.targets (1535,5)
                   Property reassignment: $(ComputeLibInputsTargets)="
                         ComputeLibAdditionalOptions;
                         
                         
                         
                         
                         
                         ;
                         ComputeRCGeneratedLibInputs;
                       ;
                         ComputeCustomBuildOutput;
                       ;
                         ComputeCLGeneratedLibInputs;
                       ;
                         ComputeLibInputsFromProject;
                       ;
                         ComputeReferenceLibInputs;
                       
                       " (previous value: "
                         
                         
                         
                         
                         ;
                         ComputeRCGeneratedLibInputs;
                       ;
                         ComputeCustomBuildOutput;
                       ;
                         ComputeCLGeneratedLibInputs;
                       ;
                         ComputeLibInputsFromProject;
                       ;
                         ComputeReferenceLibInputs;
                       ") at C:\Program Files\Microsoft Visual Studio\2022\Community\MSBuild\Microsoft\VC\v170\Microsoft.CppBuild.targets (1592,5)
                   Property reassignment: $(GetProjectInfoForReferenceDependsOn)="
                         
                         ;
                         AddPublicIncludeDirectoriesToProjectsInfoForReference;
                       ;
                         AddPublicBMIsToProjectsInfoForReference;
                         AddDeployRecipeFileToProjectsInfoForReference;
                         AddLibrariesToProjectsInfoForReference;
                       " (previous value: "
                         ;
                         AddPublicIncludeDirectoriesToProjectsInfoForReference;
                       ") at C:\Program Files\Microsoft Visual Studio\2022\Community\MSBuild\Microsoft\VC\v170\Microsoft.CppBuild.targets (1780,5)
                   Property reassignment: $(DocumentationProjectOutputGroupDependsOn)="ResolvedXDCMake;ComputeCLCompileGeneratedXDCFiles" (previous value: "") at C:\Program Files\Microsoft Visual Studio\2022\Community\MSBuild\Microsoft\VC\v170\Microsoft.CppBuild.targets (2180,5)
                   Property reassignment: $(ContentFilesProjectOutputGroupDependsOn)="PrepareForBuild;AssignTargetPaths;PrepareForBuild;AssignTargetPaths;MakeDirsForFxc" (previous value: "PrepareForBuild;AssignTargetPaths") at C:\Program Files\Microsoft Visual Studio\2022\Community\MSBuild\Microsoft\VC\v170\Microsoft.CppBuild.targets (2246,5)
                   Property reassignment: $(ComputeCompileInputsTargets)="
                         
                         
                         
                         ;
                         GenerateTargetFrameworkMonikerAttribute;
                       ;
                         ComputeMIDLGeneratedCompileInputs;
                       ;
                         ComputeCLInputPDBName;
                         ComputeReferenceCLInput;
                         WarnCompileDuplicatedFilename
                       ;
                         ;
                         ComputeStdModulesCompileInputs;
                         FixupCLCompileOptions;
                         SetModuleDependencies;
                       " (previous value: "
                         
                         
                         ;
                         GenerateTargetFrameworkMonikerAttribute;
                       ;
                         ComputeMIDLGeneratedCompileInputs;
                       ;
                         ComputeCLInputPDBName;
                         ComputeReferenceCLInput;
                         WarnCompileDuplicatedFilename
                       ") at C:\Program Files\Microsoft Visual Studio\2022\Community\MSBuild\Microsoft\VC\v170\Microsoft.CppCommon.targets (315,5)
                   Property reassignment: $(BuildingProject)="true" (previous value: "false") at C:\Program Files\Microsoft Visual Studio\2022\Community\MSBuild\Microsoft\VC\v170\Microsoft.CppCommon.targets (2075,5)
                   Property reassignment: $(ContentFilesProjectOutputGroupDependsOn)="PrepareForBuild;AssignTargetPaths;PrepareForBuild;AssignTargetPaths;MakeDirsForFxc;_CreateCopyFileItems;" (previous value: "PrepareForBuild;AssignTargetPaths;PrepareForBuild;AssignTargetPaths;MakeDirsForFxc") at C:\Program Files\Microsoft Visual Studio\2022\Community\MSBuild\Microsoft\VC\v170\Microsoft.CppCommon.targets (2621,5)
                   Property reassignment: $(RemoteDebuggerWorkingDirectory)="~/projects/zAxisStepperBoard/bin/x64/Debug/" (previous value: "") at C:\Program Files\Microsoft Visual Studio\2022\Community\MSBuild\Microsoft\VC\v170\Application Type\Linux\1.0\Linux.targets (64,5)
                   Property reassignment: $(BeforeBuildCompileTargets)="
                         
                         ;
                       ;
                         _PrepareForClCompile;
                       " (previous value: "
                         ;
                       ") at C:\Program Files\Microsoft Visual Studio\2022\Community\MSBuild\Microsoft\VC\v170\Application Type\Linux\1.0\Linux.targets (321,5)
                   Property reassignment: $(BuildLinkTargets)="
                         
                         ;
                         ComputeLegacyManifestEmbedding;
                         _Link;
                         _ALink;
                         _Manifest;
                         RegisterOutput;
                         _XdcMake;
                         _BscMake;
                       ;
                       " (previous value: "
                         ;
                         ComputeLegacyManifestEmbedding;
                         _Link;
                         _ALink;
                         _Manifest;
                         RegisterOutput;
                         _XdcMake;
                         _BscMake;
                       ") at C:\Program Files\Microsoft Visual Studio\2022\Community\MSBuild\Microsoft\VC\v170\Application Type\Linux\1.0\Linux.targets (326,5)
                   Property reassignment: $(AfterBuildLinkTargets)="
                         RemotePostBuildEvent
                         
                         ;
                         CreateRecipeFile;
                         CreateSatelliteAssemblies;
                         CopyLocalNativeReference;
                         _Appverifier;
                         _Deploy;
                         PrepareForRun;
                         PostBuildEvent;
                       ;
                         _WriteRemoteTarget;
                       " (previous value: "
                         ;
                         CreateRecipeFile;
                         CreateSatelliteAssemblies;
                         CopyLocalNativeReference;
                         _Appverifier;
                         _Deploy;
                         PrepareForRun;
                         PostBuildEvent;
                       ") at C:\Program Files\Microsoft Visual Studio\2022\Community\MSBuild\Microsoft\VC\v170\Application Type\Linux\1.0\Linux.targets (330,5)
                   Property reassignment: $(BuildGenerateSourcesTargets)="
                         
                         ;
                         PreBuildEvent;
                         _Xsd;
                         _Midl;
                       ;
                         RemotePreBuildEvent;
                       " (previous value: "
                         ;
                         PreBuildEvent;
                         _Xsd;
                         _Midl;
                       ") at C:\Program Files\Microsoft Visual Studio\2022\Community\MSBuild\Microsoft\VC\v170\Application Type\Linux\1.0\Linux.targets (342,5)
                   Property reassignment: $(DetermineProjectTypeTargets)="_SetLinuxISenseIdentifier;_PrepareForReferenceResolution;
                         ;
                         AddExternalIncludDirectoriesToPaths
                       " (previous value: "_PrepareForReferenceResolution;
                         ;
                         AddExternalIncludDirectoriesToPaths
                       ") at C:\Program Files\Microsoft Visual Studio\2022\Community\MSBuild\Microsoft\VC\v170\Application Type\Linux\1.0\Linux.targets (728,5)
                   Property reassignment: $(BeforeBuildCompileTargets)="
                         CreateRecipeFile;
                         MergeRecipeFiles;
                         ComputeIncludePathsFromRecipes;
                         
                         
                         ;
                       ;
                         _PrepareForClCompile;
                       ;
                       " (previous value: "
                         
                         ;
                       ;
                         _PrepareForClCompile;
                       ") at C:\Program Files\Microsoft Visual Studio\2022\Community\MSBuild\Microsoft\VC\v170\Application Type\Linux\1.0\Linux.Common.targets (17,5)
                   Property reassignment: $(DetermineProjectTypeTargets)="
                         _SetLinuxISenseIdentifier;_PrepareForReferenceResolution;
                         ;
                         AddExternalIncludDirectoriesToPaths
                       ;
                         ComputeIncludePathsFromRecipes
                       " (previous value: "_SetLinuxISenseIdentifier;_PrepareForReferenceResolution;
                         ;
                         AddExternalIncludDirectoriesToPaths
                       ") at C:\Program Files\Microsoft Visual Studio\2022\Community\MSBuild\Microsoft\VC\v170\Application Type\Linux\1.0\Linux.Common.targets (24,5)
                   Property reassignment: $(CleanDependsOn)="
                         
                         _PrepareForClean;
                         
                         BeforeClean;
                         UnmanagedUnregistration;
                         CoreClean;
                         CleanReferencedProjects;
                         CleanPublishFolder;
                         AfterClean
                       ;
                       ;
                         CppClean
                       " (previous value: "
                         _PrepareForClean;
                         
                         BeforeClean;
                         UnmanagedUnregistration;
                         CoreClean;
                         CleanReferencedProjects;
                         CleanPublishFolder;
                         AfterClean
                       ;
                       ") at C:\Program Files\Microsoft Visual Studio\2022\Community\MSBuild\Microsoft\VC\v170\Microsoft.CppClean.targets (22,5)
                   Property reassignment: $(CppCleanDependsOn)="
                         BeforeCppClean;
                         
                         ;
                         _RemoteClean;
                       ;
                         CoreCppClean;
                         AfterCppClean;
                       " (previous value: "
                         ;
                         _RemoteClean;
                       ") at C:\Program Files\Microsoft Visual Studio\2022\Community\MSBuild\Microsoft\VC\v170\Microsoft.CppClean.targets (27,5)
                   Property reassignment: $(CppCleanDependsOn)="
                         BeforeCppClean;
                         
                         ;
                         _RemoteClean;
                       ;
                         CoreCppClean;
                         AfterCppClean;
                       ;PGInstrumentedClean" (previous value: "
                         BeforeCppClean;
                         
                         ;
                         _RemoteClean;
                       ;
                         CoreCppClean;
                         AfterCppClean;
                       ") at C:\Program Files\Microsoft Visual Studio\2022\Community\MSBuild\Microsoft\VC\v170\Microsoft.CppClean.targets (92,5)
                   Property reassignment: $(BuildDependsOn)="SetTelemetryEnvironmentVariables;
                         _PrepareForBuild;
                         
                         ResolveReferences;
                         PrepareForBuild;
                         InitializeBuildStatus;
                         BuildGenerateSources;
                         BuildCompile;
                         BuildLink;
                       ;
                         AfterBuild;
                         IncrementalClean;
                         TlogCleanup;
                         FinalizeBuildStatus;
                       " (previous value: "
                         _PrepareForBuild;
                         
                         ResolveReferences;
                         PrepareForBuild;
                         InitializeBuildStatus;
                         BuildGenerateSources;
                         BuildCompile;
                         BuildLink;
                       ;
                         AfterBuild;
                         IncrementalClean;
                         TlogCleanup;
                         FinalizeBuildStatus;
                       ") at C:\Program Files\Microsoft Visual Studio\2022\Community\MSBuild\Microsoft\VC\v170\Microsoft.Cpp.DesignTime.targets (539,5)
                   Property reassignment: $(RebuildDependsOn)="SetTelemetryEnvironmentVariables;
                         _PrepareForRebuild;
                         
                         BeforeRebuild;
                         Clean;
                         Build;
                         AfterRebuild;
                       ;
                       " (previous value: "
                         _PrepareForRebuild;
                         
                         BeforeRebuild;
                         Clean;
                         Build;
                         AfterRebuild;
                       ;
                       ") at C:\Program Files\Microsoft Visual Studio\2022\Community\MSBuild\Microsoft\VC\v170\Microsoft.Cpp.DesignTime.targets (540,5)
                   Overriding target "GenerateTargetFrameworkMonikerAttribute" in project "C:\Program Files\Microsoft Visual Studio\2022\Community\MSBuild\Current\Bin\amd64\Microsoft.Common.CurrentVersion.targets" with target "GenerateTargetFrameworkMonikerAttribute" from project "C:\Program Files\Microsoft Visual Studio\2022\Community\MSBuild\Microsoft\VC\v170\Microsoft.BuildSteps.Targets".
                   Overriding target "Build" in project "C:\Program Files\Microsoft Visual Studio\2022\Community\MSBuild\Current\Bin\amd64\Microsoft.Common.CurrentVersion.targets" with target "Build" from project "C:\Program Files\Microsoft Visual Studio\2022\Community\MSBuild\Microsoft\VC\v170\Microsoft.BuildSteps.Targets".
                   Overriding target "Rebuild" in project "C:\Program Files\Microsoft Visual Studio\2022\Community\MSBuild\Current\Bin\amd64\Microsoft.Common.CurrentVersion.targets" with target "Rebuild" from project "C:\Program Files\Microsoft Visual Studio\2022\Community\MSBuild\Microsoft\VC\v170\Microsoft.BuildSteps.Targets".
                   Overriding target "AfterBuild" in project "C:\Program Files\Microsoft Visual Studio\2022\Community\MSBuild\Current\Bin\amd64\Microsoft.Common.CurrentVersion.targets" with target "AfterBuild" from project "C:\Program Files\Microsoft Visual Studio\2022\Community\MSBuild\Microsoft\VC\v170\Microsoft.BuildSteps.Targets".
                   Overriding target "PrepareForBuild" in project "C:\Program Files\Microsoft Visual Studio\2022\Community\MSBuild\Current\Bin\amd64\Microsoft.Common.CurrentVersion.targets" with target "PrepareForBuild" from project "C:\Program Files\Microsoft Visual Studio\2022\Community\MSBuild\Microsoft\VC\v170\Microsoft.CppBuild.targets".
                   Overriding target "GetTargetPath" in project "C:\Program Files\Microsoft Visual Studio\2022\Community\MSBuild\Current\Bin\amd64\Microsoft.Common.CurrentVersion.targets" with target "GetTargetPath" from project "C:\Program Files\Microsoft Visual Studio\2022\Community\MSBuild\Microsoft\VC\v170\Microsoft.CppBuild.targets".
                   Overriding target "ComputeIntermediateSatelliteAssemblies" in project "C:\Program Files\Microsoft Visual Studio\2022\Community\MSBuild\Current\Bin\amd64\Microsoft.Common.CurrentVersion.targets" with target "ComputeIntermediateSatelliteAssemblies" from project "C:\Program Files\Microsoft Visual Studio\2022\Community\MSBuild\Microsoft\VC\v170\Microsoft.CppBuild.targets".
                   Overriding target "ClCompile" in project "C:\Program Files\Microsoft Visual Studio\2022\Community\MSBuild\Microsoft\VC\v170\Microsoft.CppBuild.targets" with target "ClCompile" from project "C:\Program Files\Microsoft Visual Studio\2022\Community\MSBuild\Microsoft\VC\v170\Microsoft.CppBuild.targets".
                   Overriding target "ResourceCompile" in project "C:\Program Files\Microsoft Visual Studio\2022\Community\MSBuild\Microsoft\VC\v170\Microsoft.CppBuild.targets" with target "ResourceCompile" from project "C:\Program Files\Microsoft Visual Studio\2022\Community\MSBuild\Microsoft\VC\v170\Microsoft.CppBuild.targets".
                   Overriding target "Lib" in project "C:\Program Files\Microsoft Visual Studio\2022\Community\MSBuild\Microsoft\VC\v170\Microsoft.CppBuild.targets" with target "Lib" from project "C:\Program Files\Microsoft Visual Studio\2022\Community\MSBuild\Microsoft\VC\v170\Microsoft.CppBuild.targets".
                   Overriding target "Link" in project "C:\Program Files\Microsoft Visual Studio\2022\Community\MSBuild\Microsoft\VC\v170\Microsoft.CppBuild.targets" with target "Link" from project "C:\Program Files\Microsoft Visual Studio\2022\Community\MSBuild\Microsoft\VC\v170\Microsoft.CppBuild.targets".
                   Overriding target "AllProjectOutputGroups" in project "C:\Program Files\Microsoft Visual Studio\2022\Community\MSBuild\Current\Bin\amd64\Microsoft.Common.CurrentVersion.targets" with target "AllProjectOutputGroups" from project "C:\Program Files\Microsoft Visual Studio\2022\Community\MSBuild\Microsoft\VC\v170\Microsoft.CppBuild.targets".
                   Overriding target "BuiltProjectOutputGroup" in project "C:\Program Files\Microsoft Visual Studio\2022\Community\MSBuild\Current\Bin\amd64\Microsoft.Common.CurrentVersion.targets" with target "BuiltProjectOutputGroup" from project "C:\Program Files\Microsoft Visual Studio\2022\Community\MSBuild\Microsoft\VC\v170\Microsoft.CppBuild.targets".
                   Overriding target "DebugSymbolsProjectOutputGroup" in project "C:\Program Files\Microsoft Visual Studio\2022\Community\MSBuild\Current\Bin\amd64\Microsoft.Common.CurrentVersion.targets" with target "DebugSymbolsProjectOutputGroup" from project "C:\Program Files\Microsoft Visual Studio\2022\Community\MSBuild\Microsoft\VC\v170\Microsoft.CppBuild.targets".
                   Overriding target "DocumentationProjectOutputGroup" in project "C:\Program Files\Microsoft Visual Studio\2022\Community\MSBuild\Current\Bin\amd64\Microsoft.Common.CurrentVersion.targets" with target "DocumentationProjectOutputGroup" from project "C:\Program Files\Microsoft Visual Studio\2022\Community\MSBuild\Microsoft\VC\v170\Microsoft.CppBuild.targets".
                   Overriding target "SourceFilesProjectOutputGroup" in project "C:\Program Files\Microsoft Visual Studio\2022\Community\MSBuild\Current\Bin\amd64\Microsoft.Common.CurrentVersion.targets" with target "SourceFilesProjectOutputGroup" from project "C:\Program Files\Microsoft Visual Studio\2022\Community\MSBuild\Microsoft\VC\v170\Microsoft.CppBuild.targets".
                   Overriding target "ContentFilesProjectOutputGroup" in project "C:\Program Files\Microsoft Visual Studio\2022\Community\MSBuild\Current\Bin\amd64\Microsoft.Common.CurrentVersion.targets" with target "ContentFilesProjectOutputGroup" from project "C:\Program Files\Microsoft Visual Studio\2022\Community\MSBuild\Microsoft\VC\v170\Microsoft.CppBuild.targets".
                   Overriding target "AllProjectOutputGroupsDependencies" in project "C:\Program Files\Microsoft Visual Studio\2022\Community\MSBuild\Current\Bin\amd64\Microsoft.Common.CurrentVersion.targets" with target "AllProjectOutputGroupsDependencies" from project "C:\Program Files\Microsoft Visual Studio\2022\Community\MSBuild\Microsoft\VC\v170\Microsoft.CppBuild.targets".
                   Overriding target "BuiltProjectOutputGroupDependencies" in project "C:\Program Files\Microsoft Visual Studio\2022\Community\MSBuild\Current\Bin\amd64\Microsoft.Common.CurrentVersion.targets" with target "BuiltProjectOutputGroupDependencies" from project "C:\Program Files\Microsoft Visual Studio\2022\Community\MSBuild\Microsoft\VC\v170\Microsoft.CppBuild.targets".
                   Overriding target "DebugSymbolsProjectOutputGroupDependencies" in project "C:\Program Files\Microsoft Visual Studio\2022\Community\MSBuild\Current\Bin\amd64\Microsoft.Common.CurrentVersion.targets" with target "DebugSymbolsProjectOutputGroupDependencies" from project "C:\Program Files\Microsoft Visual Studio\2022\Community\MSBuild\Microsoft\VC\v170\Microsoft.CppBuild.targets".
                   Overriding target "DocumentationProjectOutputGroupDependencies" in project "C:\Program Files\Microsoft Visual Studio\2022\Community\MSBuild\Current\Bin\amd64\Microsoft.Common.CurrentVersion.targets" with target "DocumentationProjectOutputGroupDependencies" from project "C:\Program Files\Microsoft Visual Studio\2022\Community\MSBuild\Microsoft\VC\v170\Microsoft.CppBuild.targets".
                   Overriding target "PreBuildEvent" in project "C:\Program Files\Microsoft Visual Studio\2022\Community\MSBuild\Current\Bin\amd64\Microsoft.Common.CurrentVersion.targets" with target "PreBuildEvent" from project "C:\Program Files\Microsoft Visual Studio\2022\Community\MSBuild\Microsoft\VC\v170\Microsoft.CppCommon.targets".
                   Overriding target "PostBuildEvent" in project "C:\Program Files\Microsoft Visual Studio\2022\Community\MSBuild\Current\Bin\amd64\Microsoft.Common.CurrentVersion.targets" with target "PostBuildEvent" from project "C:\Program Files\Microsoft Visual Studio\2022\Community\MSBuild\Microsoft\VC\v170\Microsoft.CppCommon.targets".
                   Overriding target "ClCompile" in project "C:\Program Files\Microsoft Visual Studio\2022\Community\MSBuild\Microsoft\VC\v170\Microsoft.CppBuild.targets" with target "ClCompile" from project "C:\Program Files\Microsoft Visual Studio\2022\Community\MSBuild\Microsoft\VC\v170\Microsoft.CppCommon.targets".
                   Overriding target "Link" in project "C:\Program Files\Microsoft Visual Studio\2022\Community\MSBuild\Microsoft\VC\v170\Microsoft.CppBuild.targets" with target "Link" from project "C:\Program Files\Microsoft Visual Studio\2022\Community\MSBuild\Microsoft\VC\v170\Microsoft.CppCommon.targets".
                   Overriding target "Lib" in project "C:\Program Files\Microsoft Visual Studio\2022\Community\MSBuild\Microsoft\VC\v170\Microsoft.CppBuild.targets" with target "Lib" from project "C:\Program Files\Microsoft Visual Studio\2022\Community\MSBuild\Microsoft\VC\v170\Microsoft.CppCommon.targets".
                   Overriding target "ImpLib" in project "C:\Program Files\Microsoft Visual Studio\2022\Community\MSBuild\Microsoft\VC\v170\Microsoft.CppBuild.targets" with target "ImpLib" from project "C:\Program Files\Microsoft Visual Studio\2022\Community\MSBuild\Microsoft\VC\v170\Microsoft.CppCommon.targets".
                   Overriding target "Midl" in project "C:\Program Files\Microsoft Visual Studio\2022\Community\MSBuild\Microsoft\VC\v170\Microsoft.CppBuild.targets" with target "Midl" from project "C:\Program Files\Microsoft Visual Studio\2022\Community\MSBuild\Microsoft\VC\v170\Microsoft.CppCommon.targets".
                   Overriding target "ResourceCompile" in project "C:\Program Files\Microsoft Visual Studio\2022\Community\MSBuild\Microsoft\VC\v170\Microsoft.CppBuild.targets" with target "ResourceCompile" from project "C:\Program Files\Microsoft Visual Studio\2022\Community\MSBuild\Microsoft\VC\v170\Microsoft.CppCommon.targets".
                   Overriding target "BeforeResGen" in project "C:\Program Files\Microsoft Visual Studio\2022\Community\MSBuild\Current\Bin\amd64\Microsoft.Common.CurrentVersion.targets" with target "BeforeResGen" from project "C:\Program Files\Microsoft Visual Studio\2022\Community\MSBuild\Microsoft\VC\v170\Microsoft.CppCommon.targets".
                   Overriding target "ResGen" in project "C:\Program Files\Microsoft Visual Studio\2022\Community\MSBuild\Current\Bin\amd64\Microsoft.Common.CurrentVersion.targets" with target "ResGen" from project "C:\Program Files\Microsoft Visual Studio\2022\Community\MSBuild\Microsoft\VC\v170\Microsoft.CppCommon.targets".
                   Overriding target "GenerateSatelliteAssemblies" in project "C:\Program Files\Microsoft Visual Studio\2022\Community\MSBuild\Current\Bin\amd64\Microsoft.Common.CurrentVersion.targets" with target "GenerateSatelliteAssemblies" from project "C:\Program Files\Microsoft Visual Studio\2022\Community\MSBuild\Microsoft\VC\v170\Microsoft.CppCommon.targets".
                   Overriding target "Manifest" in project "C:\Program Files\Microsoft Visual Studio\2022\Community\MSBuild\Microsoft\VC\v170\Microsoft.CppBuild.targets" with target "Manifest" from project "C:\Program Files\Microsoft Visual Studio\2022\Community\MSBuild\Microsoft\VC\v170\Microsoft.CppCommon.targets".
                   Overriding target "XdcMake" in project "C:\Program Files\Microsoft Visual Studio\2022\Community\MSBuild\Microsoft\VC\v170\Microsoft.CppBuild.targets" with target "XdcMake" from project "C:\Program Files\Microsoft Visual Studio\2022\Community\MSBuild\Microsoft\VC\v170\Microsoft.CppCommon.targets".
                   Overriding target "BscMake" in project "C:\Program Files\Microsoft Visual Studio\2022\Community\MSBuild\Microsoft\VC\v170\Microsoft.CppBuild.targets" with target "BscMake" from project "C:\Program Files\Microsoft Visual Studio\2022\Community\MSBuild\Microsoft\VC\v170\Microsoft.CppCommon.targets".
                   Overriding target "ComputeMetaGenInputs" in project "C:\Program Files\Microsoft Visual Studio\2022\Community\MSBuild\Microsoft\VC\v170\Microsoft.MetaGen.targets" with target "ComputeMetaGenInputs" from project "C:\Program Files\Microsoft Visual Studio\2022\Community\MSBuild\Microsoft\VC\v170\Microsoft.CppCommon.targets".
                   Overriding target "GetNativeManifest" in project "C:\Program Files\Microsoft Visual Studio\2022\Community\MSBuild\Current\Bin\amd64\Microsoft.Common.CurrentVersion.targets" with target "GetNativeManifest" from project "C:\Program Files\Microsoft Visual Studio\2022\Community\MSBuild\Microsoft\VC\v170\Microsoft.CppCommon.targets".
                   Overriding target "GetResolvedLinkLibs" in project "C:\Program Files\Microsoft Visual Studio\2022\Community\MSBuild\Microsoft\VC\v170\Microsoft.CppBuild.targets" with target "GetResolvedLinkLibs" from project "C:\Program Files\Microsoft Visual Studio\2022\Community\MSBuild\Microsoft\VC\v170\Application Type\Linux\1.0\Linux.targets".
                   Overriding target "_Link" in project "C:\Program Files\Microsoft Visual Studio\2022\Community\MSBuild\Microsoft\VC\v170\Microsoft.CppBuild.targets" with target "_Link" from project "C:\Program Files\Microsoft Visual Studio\2022\Community\MSBuild\Microsoft\VC\v170\Application Type\Linux\1.0\Linux.targets".
                   Overriding target "DoLinkOutputFilesMatch" in project "C:\Program Files\Microsoft Visual Studio\2022\Community\MSBuild\Microsoft\VC\v170\Microsoft.CppBuild.targets" with target "DoLinkOutputFilesMatch" from project "C:\Program Files\Microsoft Visual Studio\2022\Community\MSBuild\Microsoft\VC\v170\Application Type\Linux\1.0\Linux.targets".
                   Overriding target "FixupCLCompileOptions" in project "C:\Program Files\Microsoft Visual Studio\2022\Community\MSBuild\Microsoft\VC\v170\Microsoft.CppCommon.targets" with target "FixupCLCompileOptions" from project "C:\Program Files\Microsoft Visual Studio\2022\Community\MSBuild\Microsoft\VC\v170\Application Type\Linux\1.0\Linux.targets".
                   Overriding target "ClCompile" in project "C:\Program Files\Microsoft Visual Studio\2022\Community\MSBuild\Microsoft\VC\v170\Microsoft.CppCommon.targets" with target "ClCompile" from project "C:\Program Files\Microsoft Visual Studio\2022\Community\MSBuild\Microsoft\VC\v170\Application Type\Linux\1.0\Linux.targets".
                   Overriding target "Link" in project "C:\Program Files\Microsoft Visual Studio\2022\Community\MSBuild\Microsoft\VC\v170\Microsoft.CppCommon.targets" with target "Link" from project "C:\Program Files\Microsoft Visual Studio\2022\Community\MSBuild\Microsoft\VC\v170\Application Type\Linux\1.0\Linux.targets".
                   Overriding target "Lib" in project "C:\Program Files\Microsoft Visual Studio\2022\Community\MSBuild\Microsoft\VC\v170\Microsoft.CppCommon.targets" with target "Lib" from project "C:\Program Files\Microsoft Visual Studio\2022\Community\MSBuild\Microsoft\VC\v170\Application Type\Linux\1.0\Linux.targets".
                   Overriding target "PreBuildEvent" in project "C:\Program Files\Microsoft Visual Studio\2022\Community\MSBuild\Microsoft\VC\v170\Microsoft.CppCommon.targets" with target "PreBuildEvent" from project "C:\Program Files\Microsoft Visual Studio\2022\Community\MSBuild\Microsoft\VC\v170\Application Type\Linux\1.0\Linux.targets".
                   Overriding target "PreLinkEvent" in project "C:\Program Files\Microsoft Visual Studio\2022\Community\MSBuild\Microsoft\VC\v170\Microsoft.CppCommon.targets" with target "PreLinkEvent" from project "C:\Program Files\Microsoft Visual Studio\2022\Community\MSBuild\Microsoft\VC\v170\Application Type\Linux\1.0\Linux.targets".
                   Overriding target "PostBuildEvent" in project "C:\Program Files\Microsoft Visual Studio\2022\Community\MSBuild\Microsoft\VC\v170\Microsoft.CppCommon.targets" with target "PostBuildEvent" from project "C:\Program Files\Microsoft Visual Studio\2022\Community\MSBuild\Microsoft\VC\v170\Application Type\Linux\1.0\Linux.targets".
                   Overriding target "CreateRecipeFile" in project "C:\Program Files\Microsoft Visual Studio\2022\Community\MSBuild\Microsoft\VC\v170\Microsoft.CppBuild.targets" with target "CreateRecipeFile" from project "C:\Program Files\Microsoft Visual Studio\2022\Community\MSBuild\Microsoft\VC\v170\Application Type\Linux\1.0\Linux.Common.targets".
                   Overriding target "CreateFullDebugSymbols" in project "C:\Program Files\Microsoft Visual Studio\2022\Community\MSBuild\Microsoft\VC\v170\Microsoft.CppCommon.targets" with target "CreateFullDebugSymbols" from project "C:\Program Files\Microsoft Visual Studio\2022\Community\MSBuild\Microsoft\VC\v170\Application Type\Linux\1.0\Linux.Common.targets".
                   Overriding target "GetTargetPathWithTargetPlatformMoniker" in project "C:\Program Files\Microsoft Visual Studio\2022\Community\MSBuild\Current\Bin\amd64\Microsoft.Common.CurrentVersion.targets" with target "GetTargetPathWithTargetPlatformMoniker" from project "C:\Program Files\Microsoft Visual Studio\2022\Community\MSBuild\Microsoft\VC\v170\Microsoft.Cpp.DesignTime.targets".
                   The target "CompileDesignTime" listed in a BeforeTargets attribute at "C:\Program Files\Microsoft Visual Studio\2022\Community\MSBuild\Microsoft\VisualStudio\WebTools.Aspire\Microsoft.WebTools.Aspire.targets (44,11)" does not exist in the project, and will be ignored.
                   The target "CompileDesignTime" listed in a BeforeTargets attribute at "C:\Program Files\Microsoft Visual Studio\2022\Community\MSBuild\Microsoft\VisualStudio\WebTools.Aspire\Microsoft.WebTools.Aspire.targets (57,11)" does not exist in the project, and will be ignored.
Build started 11/4/2024 17:23:48.
Environment at start of build:
                   MSBuildLoadMicrosoftTargetsReadOnly = true

Logging verbosity is set to: Diagnostic.17:23:48.439     1>Project "C:\Users\sfcsarge\source\repos\Stepper\zAxisStepperBoard\zAxisStepperBoard.vcxproj" on node 2 (Build target(s)).
17:23:48.439     1>Target "EnableIntermediateOutputPathMismatchWarning" skipped, due to false condition; ('$(RestoreProjectStyle)' == 'PackageReference') was evaluated as ('' == 'PackageReference').
17:23:48.439     1>Target "_CheckForInvalidConfigurationAndPlatform: (TargetId:2)" in file "C:\Program Files\Microsoft Visual Studio\2022\Community\MSBuild\Current\Bin\amd64\Microsoft.Common.CurrentVersion.targets" from project "C:\Users\sfcsarge\source\repos\Stepper\zAxisStepperBoard\zAxisStepperBoard.vcxproj" (target "SetTelemetryEnvironmentVariables" depends on it):
                   Set Property: _InvalidConfigurationMessageText=The BaseOutputPath/OutputPath property is not set for project 'zAxisStepperBoard.vcxproj'.  Please check to make sure that you have specified a valid combination of Configuration and Platform for this project.  Configuration='Debug'  Platform='x64'.
                   Set Property: _InvalidConfigurationMessageText=The BaseOutputPath/OutputPath property is not set for project 'zAxisStepperBoard.vcxproj'.  Please check to make sure that you have specified a valid combination of Configuration and Platform for this project.  Configuration='Debug'  Platform='x64'.  This error may also appear if some other project is trying to follow a project-to-project reference to this project, this project has been unloaded or is not included in the solution, and the referencing project does not build using the same or an equivalent Configuration or Platform.
                   Task "Error" skipped, due to false condition; ( '$(_InvalidConfigurationError)' == 'true' ) was evaluated as ( '' == 'true' ).
                   Task "Warning" skipped, due to false condition; ( '$(_InvalidConfigurationWarning)' == 'true' ) was evaluated as ( '' == 'true' ).
                   Using "Message" task from assembly "Microsoft.Build.Tasks.Core, Version=15.1.0.0, Culture=neutral, PublicKeyToken=b03f5f7f11d50a3a".
                   Task "Message" (TaskId:2)
                     Task Parameter:Importance=Low (TaskId:2)
                     Task Parameter:Text=Configuration=Debug (TaskId:2)
                     Configuration=Debug (TaskId:2)
                   Done executing task "Message". (TaskId:2)
                   Task "Message" (TaskId:3)
                     Task Parameter:Importance=Low (TaskId:3)
                     Task Parameter:Text=Platform=x64 (TaskId:3)
                     Platform=x64 (TaskId:3)
                   Done executing task "Message". (TaskId:3)
                   Task "Error" skipped, due to false condition; ('$(OutDir)' != '' and !HasTrailingSlash('$(OutDir)')) was evaluated as ('C:\Users\sfcsarge\source\repos\Stepper\zAxisStepperBoard\bin\x64\Debug\' != '' and !HasTrailingSlash('C:\Users\sfcsarge\source\repos\Stepper\zAxisStepperBoard\bin\x64\Debug\')).
                   Task "Error" skipped, due to false condition; ('$(IntermediateOutputPath)' != '' and !HasTrailingSlash('$(IntermediateOutputPath)')) was evaluated as ('C:\Users\sfcsarge\source\repos\Stepper\zAxisStepperBoard\obj\x64\Debug\' != '' and !HasTrailingSlash('C:\Users\sfcsarge\source\repos\Stepper\zAxisStepperBoard\obj\x64\Debug\')).
                   Task "Error" skipped, due to false condition; ('$(BaseIntermediateOutputPath)' != '' and !HasTrailingSlash('$(BaseIntermediateOutputPath)')) was evaluated as ('obj\' != '' and !HasTrailingSlash('obj\')).
                   Task "MSBuildInternalMessage" skipped, due to false condition; ( '$(Prefer32Bit)' == 'true' and '$(PreferNativeArm64)' == 'true' ) was evaluated as ( '' == 'true' and '' == 'true' ).
                   Task "MSBuildInternalMessage" skipped, due to false condition; ( '$(NoWin32Manifest)' == 'true' and '$(PreferNativeArm64)' == 'true' ) was evaluated as ( '' == 'true' and '' == 'true' ).
                   Task "MSBuildInternalMessage" skipped, due to false condition; ( '$(PreferNativeArm64)' == 'true' and '$(Platform)' != 'AnyCPU' ) was evaluated as ( '' == 'true' and 'x64' != 'AnyCPU' ).
                   Task "Error" skipped, due to false condition; ( '$(_InitialMSBuildProjectExtensionsPath)' != '' And '$(MSBuildProjectExtensionsPath)' != '$(_InitialMSBuildProjectExtensionsPath)' ) was evaluated as ( 'C:\Users\sfcsarge\source\repos\Stepper\zAxisStepperBoard\obj\' != '' And 'C:\Users\sfcsarge\source\repos\Stepper\zAxisStepperBoard\obj\' != 'C:\Users\sfcsarge\source\repos\Stepper\zAxisStepperBoard\obj\' ).
                   Task "Warning" skipped, due to false condition; ( '$(EnableBaseIntermediateOutputPathMismatchWarning)' == 'true' And '$(_InitialBaseIntermediateOutputPath)' != '$(BaseIntermediateOutputPath)' And '$(BaseIntermediateOutputPath)' != '$(MSBuildProjectExtensionsPath)' ) was evaluated as ( '' == 'true' And 'obj\' != 'obj\' And 'obj\' != 'C:\Users\sfcsarge\source\repos\Stepper\zAxisStepperBoard\obj\' ).
17:23:48.441     1>Done building target "_CheckForInvalidConfigurationAndPlatform" in project "zAxisStepperBoard.vcxproj".: (TargetId:2)
                   Target "_CheckForInvalidConfigurationAndPlatform" skipped. Previously built successfully.
17:23:48.441     1>Target "SetTelemetryEnvironmentVariables: (TargetId:3)" in file "C:\Program Files\Microsoft Visual Studio\2022\Community\MSBuild\Microsoft\VC\v170\Microsoft.Cpp.DesignTime.targets" from project "C:\Users\sfcsarge\source\repos\Stepper\zAxisStepperBoard\zAxisStepperBoard.vcxproj" (target "Build" depends on it):
                   Using "SetEnv" task from assembly "C:\Program Files\Microsoft Visual Studio\2022\Community\MSBuild\Microsoft\VC\v170\Microsoft.Build.CppTasks.Common.dll".
                   Task "SetEnv" (TaskId:4)
                     Task Parameter:Prefix=False (TaskId:4)
                     Task Parameter:Value={19B3E796-0056-49CB-AF12-8ECA8128D7B5} (TaskId:4)
                     Task Parameter:Name=VSTEL_SolutionSessionID (TaskId:4)
                     VSTEL_SolutionSessionID={19B3E796-0056-49CB-AF12-8ECA8128D7B5} (TaskId:4)
                   Done executing task "SetEnv". (TaskId:4)
                   Task "SetEnv" (TaskId:5)
                     Task Parameter:Prefix=False (TaskId:5)
                     Task Parameter:Value=141950627 (TaskId:5)
                     Task Parameter:Name=VSTEL_CurrentSolutionBuildID (TaskId:5)
                     VSTEL_CurrentSolutionBuildID=141950627 (TaskId:5)
                   Done executing task "SetEnv". (TaskId:5)
                   Task "SetEnv" (TaskId:6)
                     Task Parameter:Prefix=False (TaskId:6)
                     Task Parameter:Value={355f2809-44a2-458f-9852-7cf42032afc3} (TaskId:6)
                     Task Parameter:Name=VSTEL_ProjectID (TaskId:6)
                     VSTEL_ProjectID={355f2809-44a2-458f-9852-7cf42032afc3} (TaskId:6)
                     Output Property: VSTEL_ProjectID={355f2809-44a2-458f-9852-7cf42032afc3} (TaskId:6)
                   Done executing task "SetEnv". (TaskId:6)
                   Task "SetEnv" (TaskId:7)
                     Task Parameter:Prefix=False (TaskId:7)
                     Task Parameter:Value=C:\Users\sfcsarge\source\repos\Stepper\Stepper.sln (TaskId:7)
                     Task Parameter:Name=VSTEL_SolutionPath (TaskId:7)
                     VSTEL_SolutionPath=C:\Users\sfcsarge\source\repos\Stepper\Stepper.sln (TaskId:7)
                   Done executing task "SetEnv". (TaskId:7)
                   Task "SetEnv" (TaskId:8)
                     Task Parameter:Prefix=False (TaskId:8)
                     Task Parameter:Value=C:\Users\sfcsarge\source\repos\Stepper\zAxisStepperBoard\zAxisStepperBoard.vcxproj (TaskId:8)
                     Task Parameter:Name=VSTEL_MSBuildProjectFullPath (TaskId:8)
                     VSTEL_MSBuildProjectFullPath=C:\Users\sfcsarge\source\repos\Stepper\zAxisStepperBoard\zAxisStepperBoard.vcxproj (TaskId:8)
                   Done executing task "SetEnv". (TaskId:8)
17:23:48.447     1>Done building target "SetTelemetryEnvironmentVariables" in project "zAxisStepperBoard.vcxproj".: (TargetId:3)
17:23:48.447     1>Target "_PrepareForBuild: (TargetId:4)" in file "C:\Program Files\Microsoft Visual Studio\2022\Community\MSBuild\Microsoft\VC\v170\Microsoft.BuildSteps.Targets" from project "C:\Users\sfcsarge\source\repos\Stepper\zAxisStepperBoard\zAxisStepperBoard.vcxproj" (target "Build" depends on it):
                   Set Property: BuildType=Build
                   Set Property: _BuildActionType=Build
                   Task "CreateItem" skipped, due to false condition; ('%(CustomBuild.IncludeFileToTool)'!='') was evaluated as (''!='').
                   Removed Item(s): 
                       CustomBuildStep=
                           zAxisStepperBoard
                                   Message=Performing Custom Build Step
17:23:48.447     1>Done building target "_PrepareForBuild" in project "zAxisStepperBoard.vcxproj".: (TargetId:4)
17:23:48.447     1>Target "_PrepareForReferenceResolution: (TargetId:5)" in file "C:\Program Files\Microsoft Visual Studio\2022\Community\MSBuild\Microsoft\VC\v170\Microsoft.CppBuild.targets" from project "C:\Users\sfcsarge\source\repos\Stepper\zAxisStepperBoard\zAxisStepperBoard.vcxproj" (target "ResolveReferences" depends on it):
                   Task "VCMessage" skipped, due to false condition; ('$(WarnAboutIndividualManagedFiles)' == 'true') was evaluated as ('' == 'true').
                   Set Property: TargetFrameworkMoniker=
                   Set Property: _FindDependencies=false
                   Set Property: AdditionalExplicitAssemblyReferences=
                   Task "Message" skipped, due to false condition; ('$(_REFERENCE_DEBUG)'=='true') was evaluated as (''=='true').
17:23:48.447     1>Done building target "_PrepareForReferenceResolution" in project "zAxisStepperBoard.vcxproj".: (TargetId:5)
                   Target "ComputeCrtSDKReference" skipped, due to false condition; ('@(ClCompile)'!='' and '$(WindowsAppContainer)'=='true' and '$(UseCrtSDKReference)' != 'false') was evaluated as ('zAxisStepperBoard.ino'!='' and 'false'=='true' and '' != 'false').
17:23:48.447     1>Target "BeforeResolveReferences: (TargetId:6)" in file "C:\Program Files\Microsoft Visual Studio\2022\Community\MSBuild\Current\Bin\amd64\Microsoft.Common.CurrentVersion.targets" from project "C:\Users\sfcsarge\source\repos\Stepper\zAxisStepperBoard\zAxisStepperBoard.vcxproj" (target "ResolveReferences" depends on it):
17:23:48.447     1>Done building target "BeforeResolveReferences" in project "zAxisStepperBoard.vcxproj".: (TargetId:6)
17:23:48.447     1>Target "IgnoreJavaScriptOutputAssembly: (TargetId:7)" in file "C:\Program Files\Microsoft Visual Studio\2022\Community\MSBuild\Current\Bin\amd64\Microsoft.Common.CurrentVersion.targets" from project "C:\Users\sfcsarge\source\repos\Stepper\zAxisStepperBoard\zAxisStepperBoard.vcxproj" (target "AssignProjectConfiguration" depends on it):
17:23:48.447     1>Done building target "IgnoreJavaScriptOutputAssembly" in project "zAxisStepperBoard.vcxproj".: (TargetId:7)
17:23:48.447     1>Target "AssignProjectConfiguration: (TargetId:8)" in file "C:\Program Files\Microsoft Visual Studio\2022\Community\MSBuild\Current\Bin\amd64\Microsoft.Common.CurrentVersion.targets" from project "C:\Users\sfcsarge\source\repos\Stepper\zAxisStepperBoard\zAxisStepperBoard.vcxproj" (target "ResolveReferences" depends on it):
                   Set Property: ShouldUnsetParentConfigurationAndPlatform=true
                   Using "AssignProjectConfiguration" task from assembly "Microsoft.Build.Tasks.Core, Version=15.1.0.0, Culture=neutral, PublicKeyToken=b03f5f7f11d50a3a".
                   Task "AssignProjectConfiguration" (TaskId:9)
                     Task Parameter:OutputType=exe (TaskId:9)
                     Task Parameter:CurrentProjectPlatform=x64 (TaskId:9)
                     Task Parameter:CurrentProject=C:\Users\sfcsarge\source\repos\Stepper\zAxisStepperBoard\zAxisStepperBoard.vcxproj (TaskId:9)
                     Task Parameter:ResolveConfigurationPlatformUsingMappings=False (TaskId:9)
                     Task Parameter:SolutionConfigurationContents=<SolutionConfiguration>
                     <ProjectConfiguration Project="{b93849c3-b4ae-4a92-8611-d2d95937b1a4}" AbsolutePath="C:\Users\sfcsarge\source\repos\Stepper\Stepper\Stepper.csproj">Debug|AnyCPU</ProjectConfiguration>
                     <ProjectConfiguration Project="{934a2a5d-9de2-45da-ab4a-87931e7145f1}" AbsolutePath="C:\Users\sfcsarge\source\repos\Stepper\ArdunioStepper\ArdunioStepper.vcxproj">Debug|x64</ProjectConfiguration>
                     <ProjectConfiguration Project="{0c29a58f-2c1d-4b6e-a656-6c09888d091c}" AbsolutePath="C:\Users\sfcsarge\source\repos\Stepper\xAxisStepperBoard\xAxisStepperBoard.vcxproj">Debug|x64</ProjectConfiguration>
                     <ProjectConfiguration Project="{72c52ac2-1667-4cb7-8c64-5f035dead72a}" AbsolutePath="C:\Users\sfcsarge\source\repos\Stepper\yAxisStepperBoard\yAxisStepperBoard.vcxproj">Debug|x64</ProjectConfiguration>
                     <ProjectConfiguration Project="{355f2809-44a2-458f-9852-7cf42032afc3}" AbsolutePath="C:\Users\sfcsarge\source\repos\Stepper\zAxisStepperBoard\zAxisStepperBoard.vcxproj">Debug|x64</ProjectConfiguration>
                     </SolutionConfiguration> (TaskId:9)
                     Task Parameter:ShouldUnsetParentConfigurationAndPlatform=True (TaskId:9)
                     Task Parameter:OnlyReferenceAndBuildProjectsEnabledInSolutionConfiguration=True (TaskId:9)
                     Task Parameter:CurrentProjectConfiguration=Debug (TaskId:9)
                   Done executing task "AssignProjectConfiguration". (TaskId:9)
17:23:48.448     1>Done building target "AssignProjectConfiguration" in project "zAxisStepperBoard.vcxproj".: (TargetId:8)
                   Target "AssignProjectConfiguration" skipped. Previously built successfully.
17:23:48.448     1>Target "_SplitProjectReferencesByFileExistence: (TargetId:9)" in file "C:\Program Files\Microsoft Visual Studio\2022\Community\MSBuild\Current\Bin\amd64\Microsoft.Common.CurrentVersion.targets" from project "C:\Users\sfcsarge\source\repos\Stepper\zAxisStepperBoard\zAxisStepperBoard.vcxproj" (target "PrepareProjectReferences" depends on it):
                   Task "ResolveNonMSBuildProjectOutput" skipped, due to false condition; ('$(BuildingInsideVisualStudio)'=='true' and '@(ProjectReferenceWithConfiguration)'!='') was evaluated as ('true'=='true' and ''!='').
17:23:48.448     1>Done building target "_SplitProjectReferencesByFileExistence" in project "zAxisStepperBoard.vcxproj".: (TargetId:9)
17:23:48.448     1>Target "_AddOutputPathToGlobalPropertiesToRemove: (TargetId:10)" in file "C:\Program Files\Microsoft Visual Studio\2022\Community\MSBuild\Current\Bin\amd64\Microsoft.Common.CurrentVersion.targets" from project "C:\Users\sfcsarge\source\repos\Stepper\zAxisStepperBoard\zAxisStepperBoard.vcxproj" (target "_GetProjectReferenceTargetFrameworkProperties" depends on it):
17:23:48.448     1>Done building target "_AddOutputPathToGlobalPropertiesToRemove" in project "zAxisStepperBoard.vcxproj".: (TargetId:10)
17:23:48.448     1>Target "_GetProjectReferenceTargetFrameworkProperties: (TargetId:11)" in file "C:\Program Files\Microsoft Visual Studio\2022\Community\MSBuild\Current\Bin\amd64\Microsoft.Common.CurrentVersion.targets" from project "C:\Users\sfcsarge\source\repos\Stepper\zAxisStepperBoard\zAxisStepperBoard.vcxproj" (target "PrepareProjectReferences" depends on it):
                   Set Property: ReferringTargetFrameworkForProjectReferences=
                   Using "MSBuild" task from assembly "Microsoft.Build.Tasks.Core, Version=15.1.0.0, Culture=neutral, PublicKeyToken=b03f5f7f11d50a3a".
                   Task "MSBuild" (TaskId:10)
                     Task Parameter:BuildInParallel=True (TaskId:10)
                     Task Parameter:SkipNonexistentTargets=True (TaskId:10)
                     Task Parameter:RemoveProperties=;TargetFramework;RuntimeIdentifier;SelfContained; (TaskId:10)
                     Task Parameter:Targets=GetTargetFrameworks (TaskId:10)
                   Done executing task "MSBuild". (TaskId:10)
                   Task "MSBuild" skipped, due to false condition; ('%(_MSBuildProjectReferenceExistent.SkipGetTargetFrameworkProperties)' != 'true' and '$(EnableDynamicPlatformResolution)' == 'true') was evaluated as ('' != 'true' and '' == 'true').
                   Task "GetReferenceNearestTargetFrameworkTask" skipped, due to false condition; ('@(_ProjectReferenceTargetFrameworkPossibilities)' != '' and '$(ReferringTargetFrameworkForProjectReferences)' != ''
                                                                           And '$(GetReferenceNearestTargetFrameworkTaskSupportsTargetPlatformParameter)' == 'true' and '%(_ProjectReferenceTargetFrameworkPossibilities.IsVcxOrNativeProj)' != 'true') was evaluated as ('' != '' and '' != ''
                                                                           And 'true' == 'true' and '' != 'true').
                   Task "GetReferenceNearestTargetFrameworkTask" skipped, due to false condition; ('@(_ProjectReferenceTargetFrameworkPossibilities)' != '' and '$(ReferringTargetFrameworkForProjectReferences)' != ''
                                                                           And '$(GetReferenceNearestTargetFrameworkTaskSupportsTargetPlatformParameter)' != 'true' and '%(_ProjectReferenceTargetFrameworkPossibilities.IsVcxOrNativeProj)' != 'true') was evaluated as ('' != '' and '' != ''
                                                                           And 'true' != 'true' and '' != 'true').
                   Using "SetRidAgnosticValueForProjects" task from assembly "Microsoft.Build.Tasks.Core, Version=15.1.0.0, Culture=neutral, PublicKeyToken=b03f5f7f11d50a3a".
                   Task "SetRidAgnosticValueForProjects" (TaskId:11)
                   Done executing task "SetRidAgnosticValueForProjects". (TaskId:11)
17:23:48.448     1>Done building target "_GetProjectReferenceTargetFrameworkProperties" in project "zAxisStepperBoard.vcxproj".: (TargetId:11)
                   Target "_GetProjectReferencePlatformProperties" skipped, due to false condition; ('$(EnableDynamicPlatformResolution)' == 'true'
                                        and '@(_MSBuildProjectReferenceExistent)' != '') was evaluated as ('' == 'true'
                                        and '' != '').
17:23:48.448     1>Target "PrepareProjectReferences: (TargetId:12)" in file "C:\Program Files\Microsoft Visual Studio\2022\Community\MSBuild\Current\Bin\amd64\Microsoft.Common.CurrentVersion.targets" from project "C:\Users\sfcsarge\source\repos\Stepper\zAxisStepperBoard\zAxisStepperBoard.vcxproj" (target "ResolveProjectReferences" depends on it):
17:23:48.450     1>Done building target "PrepareProjectReferences" in project "zAxisStepperBoard.vcxproj".: (TargetId:12)
                   Target "_RemoveNameMetadataFromProjectReferenceItems" skipped, due to false condition; ('@(ProjectReference)'!='') was evaluated as (''!='').
17:23:48.450     1>Target "ResolveProjectReferences: (TargetId:13)" in file "C:\Program Files\Microsoft Visual Studio\2022\Community\MSBuild\Current\Bin\amd64\Microsoft.Common.CurrentVersion.targets" from project "C:\Users\sfcsarge\source\repos\Stepper\zAxisStepperBoard\zAxisStepperBoard.vcxproj" (target "ResolveReferences" depends on it):
                   Task "MSBuild" skipped, due to false condition; ('%(_MSBuildProjectReferenceExistent.BuildReference)' == 'true' and '@(ProjectReferenceWithConfiguration)' != '' and ('$(BuildingInsideVisualStudio)' == 'true' or '$(BuildProjectReferences)' != 'true') and '$(VisualStudioVersion)' != '10.0' and '@(_MSBuildProjectReferenceExistent)' != '') was evaluated as ('' == 'true' and '' != '' and ('true' == 'true' or 'true' != 'true') and '17.0' != '10.0' and '' != '').
                   Task "MSBuild" skipped, due to false condition; ('%(_MSBuildProjectReferenceExistent.BuildReference)' == 'true' and '@(ProjectReferenceWithConfiguration)' != '' and '$(BuildingInsideVisualStudio)' != 'true' and '$(BuildProjectReferences)' == 'true' and '@(_MSBuildProjectReferenceExistent)' != '') was evaluated as ('' == 'true' and '' != '' and 'true' != 'true' and 'true' == 'true' and '' != '').
                   Task "MSBuild" skipped, due to false condition; ('%(_MSBuildProjectReferenceExistent.BuildReference)' == 'true' and '@(ProjectReferenceWithConfiguration)' != '' and '$(BuildingProject)' == 'true' and '@(_MSBuildProjectReferenceExistent)' != '') was evaluated as ('' == 'true' and '' != '' and 'true' == 'true' and '' != '').
                   Task "Warning" skipped, due to false condition; ('@(ProjectReferenceWithConfiguration)' != '' and '@(_MSBuildProjectReferenceNonexistent)' != '' and '$(ErrorOnMissingProjectReference)' != 'True') was evaluated as ('' != '' and '' != '' and '' != 'True').
                   Task "Error" skipped, due to false condition; ('@(ProjectReferenceWithConfiguration)' != '' and '@(_MSBuildProjectReferenceNonexistent)' != '' and '$(ErrorOnMissingProjectReference)' == 'True') was evaluated as ('' != '' and '' != '' and '' == 'True').
17:23:48.450     1>Done building target "ResolveProjectReferences" in project "zAxisStepperBoard.vcxproj".: (TargetId:13)
                   Target "FindInvalidProjectReferences" skipped, due to false condition; ('$(FindInvalidProjectReferences)' == 'true') was evaluated as ('' == 'true').
                   Target "ResolveNativeReferences" skipped, due to false condition; ('@(NativeReference)'!='') was evaluated as (''!='').
                   Target "_PrepareForReferenceResolution" skipped. Previously built successfully.
                   Target "ResolveProjectReferences" skipped. Previously built successfully.
                   Target "FindInvalidProjectReferences" skipped, due to false condition; ('$(FindInvalidProjectReferences)' == 'true') was evaluated as ('' == 'true').
17:23:48.450     1>Target "GetFrameworkPaths: (TargetId:14)" in file "C:\Program Files\Microsoft Visual Studio\2022\Community\MSBuild\Current\Bin\amd64\Microsoft.Common.CurrentVersion.targets" from project "C:\Users\sfcsarge\source\repos\Stepper\zAxisStepperBoard\zAxisStepperBoard.vcxproj" (target "ResolveAssemblyReferences" depends on it):
17:23:48.450     1>Done building target "GetFrameworkPaths" in project "zAxisStepperBoard.vcxproj".: (TargetId:14)
                   Target "_PrepareForReferenceResolution" skipped. Previously built successfully.
                   Target "GetFrameworkPaths" skipped. Previously built successfully.
17:23:48.450     1>Target "GetReferenceAssemblyPaths: (TargetId:15)" in file "C:\Program Files\Microsoft Visual Studio\2022\Community\MSBuild\Current\Bin\amd64\Microsoft.Common.CurrentVersion.targets" from project "C:\Users\sfcsarge\source\repos\Stepper\zAxisStepperBoard\zAxisStepperBoard.vcxproj" (target "ResolveAssemblyReferences" depends on it):
                   Set Property: TargetFrameworkDirectory=
                   Task "GetReferenceAssemblyPaths" skipped, due to false condition; ('$(TargetFrameworkMoniker)' != '' and ('$(_TargetFrameworkDirectories)' == '' or '$(_FullFrameworkReferenceAssemblyPaths)' == '')) was evaluated as ('' != '' and ('' == '' or '' == '')).
                   Set Property: TargetFrameworkDirectory=;;
                   Set Property: RemoveAssemblyFoldersIfNoTargetFramework=true
                   Set Property: AssemblySearchPaths={CandidateAssemblyFiles};;{HintPathFromItem};{TargetFrameworkDirectory};{AssemblyFoldersFromConfig:C:\Program Files\Microsoft Visual Studio\2022\Community\MSBuild\Current\Bin\AssemblyFolders.config,};;{Registry:Software\Microsoft\,,AssemblyFoldersEx};;{GAC};{RawFileName};C:\Users\sfcsarge\source\repos\Stepper\zAxisStepperBoard\bin\x64\Debug\
                   Set Property: TargetFrameworkProfile=
17:23:48.450     1>Done building target "GetReferenceAssemblyPaths" in project "zAxisStepperBoard.vcxproj".: (TargetId:15)
17:23:48.450     1>Target "AddExternalIncludDirectoriesToPaths: (TargetId:16)" in file "C:\Program Files\Microsoft Visual Studio\2022\Community\MSBuild\Microsoft\VC\v170\Microsoft.Cpp.Current.targets" from project "C:\Users\sfcsarge\source\repos\Stepper\zAxisStepperBoard\zAxisStepperBoard.vcxproj" (target "SetBuildDefaultEnvironmentVariables" depends on it):
17:23:48.450     1>Done building target "AddExternalIncludDirectoriesToPaths" in project "zAxisStepperBoard.vcxproj".: (TargetId:16)
17:23:48.450     1>Target "SetBuildDefaultEnvironmentVariables: (TargetId:17)" in file "C:\Program Files\Microsoft Visual Studio\2022\Community\MSBuild\Microsoft\VC\v170\Microsoft.Cpp.Current.targets" from project "C:\Users\sfcsarge\source\repos\Stepper\zAxisStepperBoard\zAxisStepperBoard.vcxproj" (target "PrepareForBuild" depends on it):
                   Task "SetEnv" (TaskId:12)
                     Task Parameter:Prefix=False (TaskId:12)
                     Task Parameter:Value=C:\Program Files\Common Files\Oracle\Java\javapath;C:\Program Files\Microsoft\jdk-11.0.12.7-hotspot\bin;C:\Program Files\Microsoft\jdk-11.0.16.101-hotspot\bin;C:\Windows\system32;C:\Windows;C:\Windows\System32\Wbem;C:\Windows\System32\WindowsPowerShell\v1.0\;C:\Windows\System32\OpenSSH\;C:\Program Files\Microsoft SQL Server\150\Tools\Binn\;C:\Program Files\LINQPad7;C:\WINDOWS\system32;C:\WINDOWS;C:\WINDOWS\System32\Wbem;C:\WINDOWS\System32\WindowsPowerShell\v1.0\;C:\WINDOWS\System32\OpenSSH\;C:\Program Files\dotnet\;C:\Program Files (x86)\Windows Kits\10\Windows Performance Toolkit\;C:\Program Files\LINQPad8;C:\Program Files\Microsoft SQL Server\Client SDK\ODBC\170\Tools\Binn\;C:\Program Files (x86)\Windows Kits\10\Microsoft Application Virtualization\Sequencer\;C:\Program Files (x86)\Microsoft SQL Server\160\Tools\Binn\;C:\Program Files\Microsoft SQL Server\160\Tools\Binn\;C:\Program Files\Microsoft SQL Server\160\DTS\Binn\;C:\Program Files (x86)\Microsoft SQL Server\160\DTS\Binn\;C:\Program Files\Git\cmd;C:\Program Files\CMake\bin;C:\Users\sfcsarge\AppData\Local\Microsoft\WindowsApps;C:\Users\sfcsarge\AppData\Local\GitHubDesktop\bin;C:\Users\sfcsarge\.dotnet\tools;C:\Users\sfcsarge\AppData\Local\Programs\Microsoft VS Code Insiders\bin;C:\Users\sfcsarge\AppData\Local\Programs\Microsoft VS Code\bin; (TaskId:12)
                     Task Parameter:Name=PATH (TaskId:12)
                     PATH=C:\Program Files\Common Files\Oracle\Java\javapath;C:\Program Files\Microsoft\jdk-11.0.12.7-hotspot\bin;C:\Program Files\Microsoft\jdk-11.0.16.101-hotspot\bin;C:\Windows\system32;C:\Windows;C:\Windows\System32\Wbem;C:\Windows\System32\WindowsPowerShell\v1.0\;C:\Windows\System32\OpenSSH\;C:\Program Files\Microsoft SQL Server\150\Tools\Binn\;C:\Program Files\LINQPad7;C:\WINDOWS\system32;C:\WINDOWS;C:\WINDOWS\System32\Wbem;C:\WINDOWS\System32\WindowsPowerShell\v1.0\;C:\WINDOWS\System32\OpenSSH\;C:\Program Files\dotnet\;C:\Program Files (x86)\Windows Kits\10\Windows Performance Toolkit\;C:\Program Files\LINQPad8;C:\Program Files\Microsoft SQL Server\Client SDK\ODBC\170\Tools\Binn\;C:\Program Files (x86)\Windows Kits\10\Microsoft Application Virtualization\Sequencer\;C:\Program Files (x86)\Microsoft SQL Server\160\Tools\Binn\;C:\Program Files\Microsoft SQL Server\160\Tools\Binn\;C:\Program Files\Microsoft SQL Server\160\DTS\Binn\;C:\Program Files (x86)\Microsoft SQL Server\160\DTS\Binn\;C:\Program Files\Git\cmd;C:\Program Files\CMake\bin;C:\Users\sfcsarge\AppData\Local\Microsoft\WindowsApps;C:\Users\sfcsarge\AppData\Local\GitHubDesktop\bin;C:\Users\sfcsarge\.dotnet\tools;C:\Users\sfcsarge\AppData\Local\Programs\Microsoft VS Code Insiders\bin;C:\Users\sfcsarge\AppData\Local\Programs\Microsoft VS Code\bin; (TaskId:12)
                     Output Property: Path=C:\Program Files\Common Files\Oracle\Java\javapath%3bC:\Program Files\Microsoft\jdk-11.0.12.7-hotspot\bin%3bC:\Program Files\Microsoft\jdk-11.0.16.101-hotspot\bin%3bC:\Windows\system32%3bC:\Windows%3bC:\Windows\System32\Wbem%3bC:\Windows\System32\WindowsPowerShell\v1.0\%3bC:\Windows\System32\OpenSSH\%3bC:\Program Files\Microsoft SQL Server\150\Tools\Binn\%3bC:\Program Files\LINQPad7%3bC:\WINDOWS\system32%3bC:\WINDOWS%3bC:\WINDOWS\System32\Wbem%3bC:\WINDOWS\System32\WindowsPowerShell\v1.0\%3bC:\WINDOWS\System32\OpenSSH\%3bC:\Program Files\dotnet\%3bC:\Program Files %28x86%29\Windows Kits\10\Windows Performance Toolkit\%3bC:\Program Files\LINQPad8%3bC:\Program Files\Microsoft SQL Server\Client SDK\ODBC\170\Tools\Binn\%3bC:\Program Files %28x86%29\Windows Kits\10\Microsoft Application Virtualization\Sequencer\%3bC:\Program Files %28x86%29\Microsoft SQL Server\160\Tools\Binn\%3bC:\Program Files\Microsoft SQL Server\160\Tools\Binn\%3bC:\Program Files\Microsoft SQL Server\160\DTS\Binn\%3bC:\Program Files %28x86%29\Microsoft SQL Server\160\DTS\Binn\%3bC:\Program Files\Git\cmd%3bC:\Program Files\CMake\bin%3bC:\Users\sfcsarge\AppData\Local\Microsoft\WindowsApps%3bC:\Users\sfcsarge\AppData\Local\GitHubDesktop\bin%3bC:\Users\sfcsarge\.dotnet\tools%3bC:\Users\sfcsarge\AppData\Local\Programs\Microsoft VS Code Insiders\bin%3bC:\Users\sfcsarge\AppData\Local\Programs\Microsoft VS Code\bin%3b (TaskId:12)
                   Done executing task "SetEnv". (TaskId:12)
                   Task "SetEnv" (TaskId:13)
                     Task Parameter:Prefix=False (TaskId:13)
                     Task Parameter:Name=LIB (TaskId:13)
                     LIB= (TaskId:13)
                     Output Property: LIB= (TaskId:13)
                   Done executing task "SetEnv". (TaskId:13)
                   Task "SetEnv" (TaskId:14)
                     Task Parameter:Prefix=False (TaskId:14)
                     Task Parameter:Name=LIBPATH (TaskId:14)
                     LIBPATH= (TaskId:14)
                     Output Property: LIBPATH= (TaskId:14)
                   Done executing task "SetEnv". (TaskId:14)
                   Task "SetEnv" (TaskId:15)
                     Task Parameter:Prefix=False (TaskId:15)
                     Task Parameter:Value=C:\Users\sfcsarge\source\repos\Stepper\zAxisStepperBoard\..\zAxisStepperBoard;C:\Users\sfcsarge\source\repos\Stepper\zAxisStepperBoard\..\..\..\..\OneDrive\Documents\Arduino\libraries\AccelStepper\src;C:\Users\sfcsarge\source\repos\Stepper\zAxisStepperBoard\..\..\..\..\OneDrive\Documents\Arduino\libraries\AccelStepperWithDistances\src;C:\Users\sfcsarge\source\repos\Stepper\zAxisStepperBoard\..\..\..\..\OneDrive\Documents\Arduino\libraries\LimitSwitch\src;C:\Users\sfcsarge\source\repos\Stepper\zAxisStepperBoard\..\..\..\..\OneDrive\Documents\Arduino\libraries\ezButton\src;C:\Users\sfcsarge\source\repos\Stepper\zAxisStepperBoard\..\..\..\..\AppData\Local\arduino15\packages\arduino\hardware\renesas_uno\1.2.2\cores\arduino\tinyusb;C:\Users\sfcsarge\source\repos\Stepper\zAxisStepperBoard\..\..\..\..\AppData\Local\arduino15\packages\arduino\hardware\renesas_uno\1.2.2\cores\arduino\api\deprecated;C:\Users\sfcsarge\source\repos\Stepper\zAxisStepperBoard\..\..\..\..\AppData\Local\arduino15\packages\arduino\hardware\renesas_uno\1.2.2\cores\arduino\api\deprecated-avr-comp;C:\Users\sfcsarge\source\repos\Stepper\zAxisStepperBoard\..\..\..\..\AppData\Local\arduino15\packages\arduino\hardware\renesas_uno\1.2.2\cores\arduino;C:\Users\sfcsarge\source\repos\Stepper\zAxisStepperBoard\..\..\..\..\AppData\Local\arduino15\packages\arduino\hardware\renesas_uno\1.2.2\variants\UNOWIFIR4;C:\Users\sfcsarge\source\repos\Stepper\zAxisStepperBoard\..\..\..\..\AppData\Local\arduino15\packages\arduino\hardware\renesas_uno\1.2.2\variants\UNOWIFIR4\includes\ra\fsp\inc;C:\Users\sfcsarge\source\repos\Stepper\zAxisStepperBoard\..\..\..\..\AppData\Local\arduino15\packages\arduino\hardware\renesas_uno\1.2.2\variants\UNOWIFIR4\includes\ra\fsp\inc\api;C:\Users\sfcsarge\source\repos\Stepper\zAxisStepperBoard\..\..\..\..\AppData\Local\arduino15\packages\arduino\hardware\renesas_uno\1.2.2\variants\UNOWIFIR4\includes\ra\fsp\inc\instances;C:\Users\sfcsarge\source\repos\Stepper\zAxisStepperBoard\..\..\..\..\AppData\Local\arduino15\packages\arduino\hardware\renesas_uno\1.2.2\variants\UNOWIFIR4\includes\ra\arm\CMSIS_5\CMSIS\Core\Include;C:\Users\sfcsarge\source\repos\Stepper\zAxisStepperBoard\..\..\..\..\AppData\Local\arduino15\packages\arduino\hardware\renesas_uno\1.2.2\variants\UNOWIFIR4\includes\ra_gen;C:\Users\sfcsarge\source\repos\Stepper\zAxisStepperBoard\..\..\..\..\AppData\Local\arduino15\packages\arduino\hardware\renesas_uno\1.2.2\variants\UNOWIFIR4\includes\ra_cfg\fsp_cfg\bsp;C:\Users\sfcsarge\source\repos\Stepper\zAxisStepperBoard\..\..\..\..\AppData\Local\arduino15\packages\arduino\hardware\renesas_uno\1.2.2\variants\UNOWIFIR4\includes\ra_cfg\fsp_cfg;C:\Users\sfcsarge\source\repos\Stepper\zAxisStepperBoard\..\..\..\..\AppData\Local\arduino15\packages\arduino\hardware\renesas_uno\1.2.2\variants\UNOWIFIR4\includes\ra\fsp\src\r_usb_basic\src\driver\inc;C:\Users\sfcsarge\source\repos\Stepper\zAxisStepperBoard\..\..\..\..\AppData\Local\arduino15\packages\arduino\hardware\renesas_uno\1.2.2\variants\UNOWIFIR4\includes\ra\fsp\src\r_sce\crypto_procedures\src\sce5\plainkey\private\inc;C:\Users\sfcsarge\source\repos\Stepper\zAxisStepperBoard\..\..\..\..\AppData\Local\arduino15\packages\arduino\hardware\renesas_uno\1.2.2\variants\UNOWIFIR4\includes\ra\fsp\src\r_sce\crypto_procedures\src\sce5\plainkey\public\inc;C:\Users\sfcsarge\source\repos\Stepper\zAxisStepperBoard\..\..\..\..\AppData\Local\arduino15\packages\arduino\hardware\renesas_uno\1.2.2\variants\UNOWIFIR4\includes\ra\fsp\src\r_sce\common;C:\Users\sfcsarge\source\repos\Stepper\zAxisStepperBoard\..\..\..\..\AppData\Local\arduino15\packages\arduino\hardware\renesas_uno\1.2.2\variants\UNOWIFIR4\includes\ra\fsp\src\r_sce;C:\Users\sfcsarge\source\repos\Stepper\zAxisStepperBoard\..\..\..\..\appdata\local\arduino15\packages\arduino\tools\arm-none-eabi-gcc\7-2017q4\arm-none-eabi\include\c++\7.2.1;C:\Users\sfcsarge\source\repos\Stepper\zAxisStepperBoard\..\..\..\..\appdata\local\arduino15\packages\arduino\tools\arm-none-eabi-gcc\7-2017q4\arm-none-eabi\include\c++\7.2.1\arm-none-eabi\thumb\v7e-m\fpv4-sp\hard;C:\Users\sfcsarge\source\repos\Stepper\zAxisStepperBoard\..\..\..\..\appdata\local\arduino15\packages\arduino\tools\arm-none-eabi-gcc\7-2017q4\arm-none-eabi\include\c++\7.2.1\backward;C:\Users\sfcsarge\source\repos\Stepper\zAxisStepperBoard\..\..\..\..\appdata\local\arduino15\packages\arduino\tools\arm-none-eabi-gcc\7-2017q4\lib\gcc\arm-none-eabi\7.2.1\include;C:\Users\sfcsarge\source\repos\Stepper\zAxisStepperBoard\..\..\..\..\appdata\local\arduino15\packages\arduino\tools\arm-none-eabi-gcc\7-2017q4\lib\gcc\arm-none-eabi\7.2.1\include-fixed;C:\Users\sfcsarge\source\repos\Stepper\zAxisStepperBoard\..\..\..\..\appdata\local\arduino15\packages\arduino\tools\arm-none-eabi-gcc\7-2017q4\arm-none-eabi\include;C:\Users\sfcsarge\source\repos\Stepper\zAxisStepperBoard\..\..\..\..\OneDrive\Documents\Arduino\libraries\AccelStepper\src;C:\Users\sfcsarge\source\repos\Stepper\zAxisStepperBoard\..\..\..\..\OneDrive\Documents\Arduino\libraries\AccelStepperWithDistances\src;C:\Users\sfcsarge\source\repos\Stepper\zAxisStepperBoard\..\..\..\..\OneDrive\Documents\Arduino\libraries\LimitSwitch\src;C:\Users\sfcsarge\source\repos\Stepper\zAxisStepperBoard\..\..\..\..\OneDrive\Documents\Arduino\libraries\ezButton\src (TaskId:15)
                     Task Parameter:Name=INCLUDE (TaskId:15)
                     INCLUDE=C:\Users\sfcsarge\source\repos\Stepper\zAxisStepperBoard\..\zAxisStepperBoard;C:\Users\sfcsarge\source\repos\Stepper\zAxisStepperBoard\..\..\..\..\OneDrive\Documents\Arduino\libraries\AccelStepper\src;C:\Users\sfcsarge\source\repos\Stepper\zAxisStepperBoard\..\..\..\..\OneDrive\Documents\Arduino\libraries\AccelStepperWithDistances\src;C:\Users\sfcsarge\source\repos\Stepper\zAxisStepperBoard\..\..\..\..\OneDrive\Documents\Arduino\libraries\LimitSwitch\src;C:\Users\sfcsarge\source\repos\Stepper\zAxisStepperBoard\..\..\..\..\OneDrive\Documents\Arduino\libraries\ezButton\src;C:\Users\sfcsarge\source\repos\Stepper\zAxisStepperBoard\..\..\..\..\AppData\Local\arduino15\packages\arduino\hardware\renesas_uno\1.2.2\cores\arduino\tinyusb;C:\Users\sfcsarge\source\repos\Stepper\zAxisStepperBoard\..\..\..\..\AppData\Local\arduino15\packages\arduino\hardware\renesas_uno\1.2.2\cores\arduino\api\deprecated;C:\Users\sfcsarge\source\repos\Stepper\zAxisStepperBoard\..\..\..\..\AppData\Local\arduino15\packages\arduino\hardware\renesas_uno\1.2.2\cores\arduino\api\deprecated-avr-comp;C:\Users\sfcsarge\source\repos\Stepper\zAxisStepperBoard\..\..\..\..\AppData\Local\arduino15\packages\arduino\hardware\renesas_uno\1.2.2\cores\arduino;C:\Users\sfcsarge\source\repos\Stepper\zAxisStepperBoard\..\..\..\..\AppData\Local\arduino15\packages\arduino\hardware\renesas_uno\1.2.2\variants\UNOWIFIR4;C:\Users\sfcsarge\source\repos\Stepper\zAxisStepperBoard\..\..\..\..\AppData\Local\arduino15\packages\arduino\hardware\renesas_uno\1.2.2\variants\UNOWIFIR4\includes\ra\fsp\inc;C:\Users\sfcsarge\source\repos\Stepper\zAxisStepperBoard\..\..\..\..\AppData\Local\arduino15\packages\arduino\hardware\renesas_uno\1.2.2\variants\UNOWIFIR4\includes\ra\fsp\inc\api;C:\Users\sfcsarge\source\repos\Stepper\zAxisStepperBoard\..\..\..\..\AppData\Local\arduino15\packages\arduino\hardware\renesas_uno\1.2.2\variants\UNOWIFIR4\includes\ra\fsp\inc\instances;C:\Users\sfcsarge\source\repos\Stepper\zAxisStepperBoard\..\..\..\..\AppData\Local\arduino15\packages\arduino\hardware\renesas_uno\1.2.2\variants\UNOWIFIR4\includes\ra\arm\CMSIS_5\CMSIS\Core\Include;C:\Users\sfcsarge\source\repos\Stepper\zAxisStepperBoard\..\..\..\..\AppData\Local\arduino15\packages\arduino\hardware\renesas_uno\1.2.2\variants\UNOWIFIR4\includes\ra_gen;C:\Users\sfcsarge\source\repos\Stepper\zAxisStepperBoard\..\..\..\..\AppData\Local\arduino15\packages\arduino\hardware\renesas_uno\1.2.2\variants\UNOWIFIR4\includes\ra_cfg\fsp_cfg\bsp;C:\Users\sfcsarge\source\repos\Stepper\zAxisStepperBoard\..\..\..\..\AppData\Local\arduino15\packages\arduino\hardware\renesas_uno\1.2.2\variants\UNOWIFIR4\includes\ra_cfg\fsp_cfg;C:\Users\sfcsarge\source\repos\Stepper\zAxisStepperBoard\..\..\..\..\AppData\Local\arduino15\packages\arduino\hardware\renesas_uno\1.2.2\variants\UNOWIFIR4\includes\ra\fsp\src\r_usb_basic\src\driver\inc;C:\Users\sfcsarge\source\repos\Stepper\zAxisStepperBoard\..\..\..\..\AppData\Local\arduino15\packages\arduino\hardware\renesas_uno\1.2.2\variants\UNOWIFIR4\includes\ra\fsp\src\r_sce\crypto_procedures\src\sce5\plainkey\private\inc;C:\Users\sfcsarge\source\repos\Stepper\zAxisStepperBoard\..\..\..\..\AppData\Local\arduino15\packages\arduino\hardware\renesas_uno\1.2.2\variants\UNOWIFIR4\includes\ra\fsp\src\r_sce\crypto_procedures\src\sce5\plainkey\public\inc;C:\Users\sfcsarge\source\repos\Stepper\zAxisStepperBoard\..\..\..\..\AppData\Local\arduino15\packages\arduino\hardware\renesas_uno\1.2.2\variants\UNOWIFIR4\includes\ra\fsp\src\r_sce\common;C:\Users\sfcsarge\source\repos\Stepper\zAxisStepperBoard\..\..\..\..\AppData\Local\arduino15\packages\arduino\hardware\renesas_uno\1.2.2\variants\UNOWIFIR4\includes\ra\fsp\src\r_sce;C:\Users\sfcsarge\source\repos\Stepper\zAxisStepperBoard\..\..\..\..\appdata\local\arduino15\packages\arduino\tools\arm-none-eabi-gcc\7-2017q4\arm-none-eabi\include\c++\7.2.1;C:\Users\sfcsarge\source\repos\Stepper\zAxisStepperBoard\..\..\..\..\appdata\local\arduino15\packages\arduino\tools\arm-none-eabi-gcc\7-2017q4\arm-none-eabi\include\c++\7.2.1\arm-none-eabi\thumb\v7e-m\fpv4-sp\hard;C:\Users\sfcsarge\source\repos\Stepper\zAxisStepperBoard\..\..\..\..\appdata\local\arduino15\packages\arduino\tools\arm-none-eabi-gcc\7-2017q4\arm-none-eabi\include\c++\7.2.1\backward;C:\Users\sfcsarge\source\repos\Stepper\zAxisStepperBoard\..\..\..\..\appdata\local\arduino15\packages\arduino\tools\arm-none-eabi-gcc\7-2017q4\lib\gcc\arm-none-eabi\7.2.1\include;C:\Users\sfcsarge\source\repos\Stepper\zAxisStepperBoard\..\..\..\..\appdata\local\arduino15\packages\arduino\tools\arm-none-eabi-gcc\7-2017q4\lib\gcc\arm-none-eabi\7.2.1\include-fixed;C:\Users\sfcsarge\source\repos\Stepper\zAxisStepperBoard\..\..\..\..\appdata\local\arduino15\packages\arduino\tools\arm-none-eabi-gcc\7-2017q4\arm-none-eabi\include;C:\Users\sfcsarge\source\repos\Stepper\zAxisStepperBoard\..\..\..\..\OneDrive\Documents\Arduino\libraries\AccelStepper\src;C:\Users\sfcsarge\source\repos\Stepper\zAxisStepperBoard\..\..\..\..\OneDrive\Documents\Arduino\libraries\AccelStepperWithDistances\src;C:\Users\sfcsarge\source\repos\Stepper\zAxisStepperBoard\..\..\..\..\OneDrive\Documents\Arduino\libraries\LimitSwitch\src;C:\Users\sfcsarge\source\repos\Stepper\zAxisStepperBoard\..\..\..\..\OneDrive\Documents\Arduino\libraries\ezButton\src (TaskId:15)
                     Output Property: INCLUDE=C:\Users\sfcsarge\source\repos\Stepper\zAxisStepperBoard\..\zAxisStepperBoard%3bC:\Users\sfcsarge\source\repos\Stepper\zAxisStepperBoard\..\..\..\..\OneDrive\Documents\Arduino\libraries\AccelStepper\src%3bC:\Users\sfcsarge\source\repos\Stepper\zAxisStepperBoard\..\..\..\..\OneDrive\Documents\Arduino\libraries\AccelStepperWithDistances\src%3bC:\Users\sfcsarge\source\repos\Stepper\zAxisStepperBoard\..\..\..\..\OneDrive\Documents\Arduino\libraries\LimitSwitch\src%3bC:\Users\sfcsarge\source\repos\Stepper\zAxisStepperBoard\..\..\..\..\OneDrive\Documents\Arduino\libraries\ezButton\src%3bC:\Users\sfcsarge\source\repos\Stepper\zAxisStepperBoard\..\..\..\..\AppData\Local\arduino15\packages\arduino\hardware\renesas_uno\1.2.2\cores\arduino\tinyusb%3bC:\Users\sfcsarge\source\repos\Stepper\zAxisStepperBoard\..\..\..\..\AppData\Local\arduino15\packages\arduino\hardware\renesas_uno\1.2.2\cores\arduino\api\deprecated%3bC:\Users\sfcsarge\source\repos\Stepper\zAxisStepperBoard\..\..\..\..\AppData\Local\arduino15\packages\arduino\hardware\renesas_uno\1.2.2\cores\arduino\api\deprecated-avr-comp%3bC:\Users\sfcsarge\source\repos\Stepper\zAxisStepperBoard\..\..\..\..\AppData\Local\arduino15\packages\arduino\hardware\renesas_uno\1.2.2\cores\arduino%3bC:\Users\sfcsarge\source\repos\Stepper\zAxisStepperBoard\..\..\..\..\AppData\Local\arduino15\packages\arduino\hardware\renesas_uno\1.2.2\variants\UNOWIFIR4%3bC:\Users\sfcsarge\source\repos\Stepper\zAxisStepperBoard\..\..\..\..\AppData\Local\arduino15\packages\arduino\hardware\renesas_uno\1.2.2\variants\UNOWIFIR4\includes\ra\fsp\inc%3bC:\Users\sfcsarge\source\repos\Stepper\zAxisStepperBoard\..\..\..\..\AppData\Local\arduino15\packages\arduino\hardware\renesas_uno\1.2.2\variants\UNOWIFIR4\includes\ra\fsp\inc\api%3bC:\Users\sfcsarge\source\repos\Stepper\zAxisStepperBoard\..\..\..\..\AppData\Local\arduino15\packages\arduino\hardware\renesas_uno\1.2.2\variants\UNOWIFIR4\includes\ra\fsp\inc\instances%3bC:\Users\sfcsarge\source\repos\Stepper\zAxisStepperBoard\..\..\..\..\AppData\Local\arduino15\packages\arduino\hardware\renesas_uno\1.2.2\variants\UNOWIFIR4\includes\ra\arm\CMSIS_5\CMSIS\Core\Include%3bC:\Users\sfcsarge\source\repos\Stepper\zAxisStepperBoard\..\..\..\..\AppData\Local\arduino15\packages\arduino\hardware\renesas_uno\1.2.2\variants\UNOWIFIR4\includes\ra_gen%3bC:\Users\sfcsarge\source\repos\Stepper\zAxisStepperBoard\..\..\..\..\AppData\Local\arduino15\packages\arduino\hardware\renesas_uno\1.2.2\variants\UNOWIFIR4\includes\ra_cfg\fsp_cfg\bsp%3bC:\Users\sfcsarge\source\repos\Stepper\zAxisStepperBoard\..\..\..\..\AppData\Local\arduino15\packages\arduino\hardware\renesas_uno\1.2.2\variants\UNOWIFIR4\includes\ra_cfg\fsp_cfg%3bC:\Users\sfcsarge\source\repos\Stepper\zAxisStepperBoard\..\..\..\..\AppData\Local\arduino15\packages\arduino\hardware\renesas_uno\1.2.2\variants\UNOWIFIR4\includes\ra\fsp\src\r_usb_basic\src\driver\inc%3bC:\Users\sfcsarge\source\repos\Stepper\zAxisStepperBoard\..\..\..\..\AppData\Local\arduino15\packages\arduino\hardware\renesas_uno\1.2.2\variants\UNOWIFIR4\includes\ra\fsp\src\r_sce\crypto_procedures\src\sce5\plainkey\private\inc%3bC:\Users\sfcsarge\source\repos\Stepper\zAxisStepperBoard\..\..\..\..\AppData\Local\arduino15\packages\arduino\hardware\renesas_uno\1.2.2\variants\UNOWIFIR4\includes\ra\fsp\src\r_sce\crypto_procedures\src\sce5\plainkey\public\inc%3bC:\Users\sfcsarge\source\repos\Stepper\zAxisStepperBoard\..\..\..\..\AppData\Local\arduino15\packages\arduino\hardware\renesas_uno\1.2.2\variants\UNOWIFIR4\includes\ra\fsp\src\r_sce\common%3bC:\Users\sfcsarge\source\repos\Stepper\zAxisStepperBoard\..\..\..\..\AppData\Local\arduino15\packages\arduino\hardware\renesas_uno\1.2.2\variants\UNOWIFIR4\includes\ra\fsp\src\r_sce%3bC:\Users\sfcsarge\source\repos\Stepper\zAxisStepperBoard\..\..\..\..\appdata\local\arduino15\packages\arduino\tools\arm-none-eabi-gcc\7-2017q4\arm-none-eabi\include\c++\7.2.1%3bC:\Users\sfcsarge\source\repos\Stepper\zAxisStepperBoard\..\..\..\..\appdata\local\arduino15\packages\arduino\tools\arm-none-eabi-gcc\7-2017q4\arm-none-eabi\include\c++\7.2.1\arm-none-eabi\thumb\v7e-m\fpv4-sp\hard%3bC:\Users\sfcsarge\source\repos\Stepper\zAxisStepperBoard\..\..\..\..\appdata\local\arduino15\packages\arduino\tools\arm-none-eabi-gcc\7-2017q4\arm-none-eabi\include\c++\7.2.1\backward%3bC:\Users\sfcsarge\source\repos\Stepper\zAxisStepperBoard\..\..\..\..\appdata\local\arduino15\packages\arduino\tools\arm-none-eabi-gcc\7-2017q4\lib\gcc\arm-none-eabi\7.2.1\include%3bC:\Users\sfcsarge\source\repos\Stepper\zAxisStepperBoard\..\..\..\..\appdata\local\arduino15\packages\arduino\tools\arm-none-eabi-gcc\7-2017q4\lib\gcc\arm-none-eabi\7.2.1\include-fixed%3bC:\Users\sfcsarge\source\repos\Stepper\zAxisStepperBoard\..\..\..\..\appdata\local\arduino15\packages\arduino\tools\arm-none-eabi-gcc\7-2017q4\arm-none-eabi\include%3bC:\Users\sfcsarge\source\repos\Stepper\zAxisStepperBoard\..\..\..\..\OneDrive\Documents\Arduino\libraries\AccelStepper\src%3bC:\Users\sfcsarge\source\repos\Stepper\zAxisStepperBoard\..\..\..\..\OneDrive\Documents\Arduino\libraries\AccelStepperWithDistances\src%3bC:\Users\sfcsarge\source\repos\Stepper\zAxisStepperBoard\..\..\..\..\OneDrive\Documents\Arduino\libraries\LimitSwitch\src%3bC:\Users\sfcsarge\source\repos\Stepper\zAxisStepperBoard\..\..\..\..\OneDrive\Documents\Arduino\libraries\ezButton\src (TaskId:15)
                   Done executing task "SetEnv". (TaskId:15)
                   Task "SetEnv" (TaskId:16)
                     Task Parameter:Prefix=False (TaskId:16)
                     Task Parameter:Name=EXTERNAL_INCLUDE (TaskId:16)
                     EXTERNAL_INCLUDE= (TaskId:16)
                     Output Property: EXTERNAL_INCLUDE= (TaskId:16)
                   Done executing task "SetEnv". (TaskId:16)
17:23:48.451     1>Done building target "SetBuildDefaultEnvironmentVariables" in project "zAxisStepperBoard.vcxproj".: (TargetId:17)
                   Target "SetUserMacroEnvironmentVariables" skipped, due to false condition; ('@(BuildMacro)' != '' and '$(DesignTimeBuild)' != 'true') was evaluated as ('' != '' and '' != 'true').
                   Target "_PrepareForReferenceResolution" skipped. Previously built successfully.
17:23:48.451     1>Target "GetResolvedWinMD: (TargetId:18)" in file "C:\Program Files\Microsoft Visual Studio\2022\Community\MSBuild\Microsoft\VC\v170\Microsoft.CppBuild.targets" from project "C:\Users\sfcsarge\source\repos\Stepper\zAxisStepperBoard\zAxisStepperBoard.vcxproj" (target "PrepareForBuild" depends on it):
                   Added Item(s): 
                       Link=
                           tmp
                                   AdditionalDependencies=;
                                   AdditionalLibraryDirectories=;
                                   DebuggerSymbolInformation=true
                                   DeleteSoon=true
                                   EnableUAC=
                                   FunctionBinding=true
                                   IgnoreDefaultLibraries=false
                                   ImportLibrary=C:\Users\sfcsarge\source\repos\Stepper\zAxisStepperBoard\bin\x64\Debug\zAxisStepperBoard.out
                                   IncrementalLink=false
                                   ManifestFile=
                                   NoExecStackRequired=true
                                   OptimizeForMemory=false
                                   OutputFile=C:\Users\sfcsarge\source\repos\Stepper\zAxisStepperBoard\bin\x64\Debug\zAxisStepperBoard.out
                                   PrintMap=false
                                   Relocation=true
                                   SharedLibrarySearchPath=
                                   ShowProgress=false
                                   Trace=false
                                   UnresolvedSymbolReferences=true
                                   VerboseOutput=false
                                   Version=false
                                   WholeArchiveBegin=false
                   Removed Item(s): 
                       Link=
                           tmp
                                   AdditionalDependencies=;
                                   AdditionalLibraryDirectories=;
                                   DebuggerSymbolInformation=true
                                   DeleteSoon=true
                                   EnableUAC=
                                   FunctionBinding=true
                                   IgnoreDefaultLibraries=false
                                   ImportLibrary=C:\Users\sfcsarge\source\repos\Stepper\zAxisStepperBoard\bin\x64\Debug\zAxisStepperBoard.out
                                   IncrementalLink=false
                                   ManifestFile=
                                   NoExecStackRequired=true
                                   OptimizeForMemory=false
                                   OutputFile=C:\Users\sfcsarge\source\repos\Stepper\zAxisStepperBoard\bin\x64\Debug\zAxisStepperBoard.out
                                   PrintMap=false
                                   Relocation=true
                                   SharedLibrarySearchPath=
                                   ShowProgress=false
                                   Trace=false
                                   UnresolvedSymbolReferences=true
                                   VerboseOutput=false
                                   Version=false
                                   WholeArchiveBegin=false
17:23:48.451     1>Done building target "GetResolvedWinMD" in project "zAxisStepperBoard.vcxproj".: (TargetId:18)
                   Target "GetFrameworkPaths" skipped. Previously built successfully.
                   Target "GetReferenceAssemblyPaths" skipped. Previously built successfully.
                   Target "AssignLinkMetadata" skipped, due to false condition; ( '$(SynthesizeLinkMetadata)' == 'true' ) was evaluated as ( '' == 'true' ).
17:23:48.451     1>Target "SetCABuildNativeEnvironmentVariables: (TargetId:19)" in file "C:\Program Files\Microsoft Visual Studio\2022\Community\MSBuild\Microsoft\VisualStudio\v17.0\CodeAnalysis\Microsoft.CodeAnalysis.targets" from project "C:\Users\sfcsarge\source\repos\Stepper\zAxisStepperBoard\zAxisStepperBoard.vcxproj" (target "PrepareForBuild" depends on it):
                   Task "SetEnv" skipped, due to false condition; ('$(CAExcludePath)'!='') was evaluated as (''!='').
                   Task "SetEnv" skipped, due to false condition; ('$(RunMsvcAnalysis)'=='true' and '$(VCCodeAnalysisUX)'=='true') was evaluated as ('false'=='true' and 'true'=='true').
17:23:48.451     1>Done building target "SetCABuildNativeEnvironmentVariables" in project "zAxisStepperBoard.vcxproj".: (TargetId:19)
17:23:48.451     1>Target "PrepareForBuild: (TargetId:20)" in file "C:\Program Files\Microsoft Visual Studio\2022\Community\MSBuild\Microsoft\VC\v170\Microsoft.CppBuild.targets" from project "C:\Users\sfcsarge\source\repos\Stepper\zAxisStepperBoard\zAxisStepperBoard.vcxproj" (target "ResolveAssemblyReferences" depends on it):
                   Set Property: TargetDir=C:\Users\sfcsarge\source\repos\Stepper\zAxisStepperBoard\bin\x64\Debug\
                   Set Property: LocalDebuggerCommand=C:\Users\sfcsarge\source\repos\Stepper\zAxisStepperBoard\bin\x64\Debug\zAxisStepperBoard.out
                   Set Property: BuildProjectReferences=false
                   Set Property: ConfigurationPlatformExists=true
                   Task "VCMessage" skipped, due to false condition; ('$(DesignTimeBuild)' != 'true' and '$(ConfigurationPlatformExists)' != 'true') was evaluated as ('' != 'true' and 'true' != 'true').
                   Task "VCMessage" skipped, due to false condition; ('$(ApplicationType)' == '' and '$(DesignTimeBuild)' != 'true' and '$(_ToolsetFound)' != 'true') was evaluated as ('Linux' == '' and '' != 'true' and 'true' != 'true').
                   Task "VCMessage" skipped, due to false condition; ('$(ApplicationType)' != '' and '$(DesignTimeBuild)' != 'true' and '$(_ToolsetFound)' != 'true') was evaluated as ('Linux' != '' and '' != 'true' and 'true' != 'true').
                   Using "MakeDir" task from assembly "Microsoft.Build.Tasks.Core, Version=15.1.0.0, Culture=neutral, PublicKeyToken=b03f5f7f11d50a3a".
                   Task "MakeDir" (TaskId:17)
                     Task Parameter:Directories=C:\Users\sfcsarge\source\repos\Stepper\zAxisStepperBoard\obj\x64\Debug\ (TaskId:17)
                   Done executing task "MakeDir". (TaskId:17)
                   Task "VCMessage" skipped, due to false condition; ('$(DesignTimeBuild)'!='true' and '$(WindowsAppContainer)'=='true' and '$(ConfigurationType)'!='Application' and '$(ConfigurationType)'!='DynamicLibrary' and '$(ConfigurationType)'!='StaticLibrary') was evaluated as (''!='true' and 'false'=='true' and 'Application'!='Application' and 'Application'!='DynamicLibrary' and 'Application'!='StaticLibrary').
                   Task "VCMessage" skipped, due to false condition; ('$(DesignTimeBuild)'!='true' and '$(VCToolsInstallDir)'=='' and '$(UseEnv)' != 'true' and ('$(TargetFrameworkVersion)'=='v3.5' or '$(TargetFrameworkVersion)'=='v3.0' or '$(TargetFrameworkVersion)'=='v2.0' )) was evaluated as (''!='true' and 'VCToolsInstallDir_is_not_defined'=='' and '' != 'true' and (''=='v3.5' or ''=='v3.0' or ''=='v2.0' )).
                   Task "VCMessage" skipped, due to false condition; ('$(DesignTimeBuild)'!='true' and '$(VCToolsInstallDir)'=='' and '$(UseEnv)' != 'true' and '$(PlatformToolset)'=='v90') was evaluated as (''!='true' and 'VCToolsInstallDir_is_not_defined'=='' and '' != 'true' and 'Remote_GCC_1_0'=='v90').
                   Task "CheckVCToolsetVersion" skipped, due to false condition; ('$(DesignTimeBuild)'!='true' and '$(CheckMSVCComponents)'=='true') was evaluated as (''!='true' and ''=='true').
                   Task "VCMessage" skipped, due to false condition; ('$(CheckMFCInstalled)' == 'true' and !Exists($(MFC_KeyFile)) and '$(SpectreLibs)' == '') was evaluated as ('' == 'true' and !Exists() and '' == '').
                   Task "VCMessage" skipped, due to false condition; ('$(CheckMFCInstalled)' == 'true' and !Exists($(MFC_KeyFile)) and '$(SpectreLibs)' != '') was evaluated as ('' == 'true' and !Exists() and '' != '').
                   Task "VCMessage" skipped, due to false condition; ('$(CheckATLInstalled)' == 'true' and !Exists($(ATL_KeyFile)) and '$(SpectreLibs)' == '') was evaluated as ('' == 'true' and !Exists() and '' == '').
                   Task "VCMessage" skipped, due to false condition; ('$(CheckATLInstalled)' == 'true' and !Exists($(ATL_KeyFile)) and '$(SpectreLibs)' != '') was evaluated as ('' == 'true' and !Exists() and '' != '').
                   Task "VCMessage" skipped, due to false condition; ('$(DesignTimeBuild)' != 'true' and
                                                                           '$(CheckMSVCComponents)'=='true' and
                                                                           '$(SpectreMitigation)' != '' and
                                                                           '$(SpectreMitigation)' != 'false' and
                                                                           (('$(VC_Target_Library_Platform)' == 'OneCore' and !Exists('$(VC_LibraryPath_VC_OneCore_CurrentPlatform_spectre)')) or
                                                                            ('$(VC_Target_Library_Platform)' == 'Desktop' and !Exists('$(VC_LibraryPath_VC_Desktop_CurrentPlatform_spectre)')))) was evaluated as ('' != 'true' and
                                                                           ''=='true' and
                                                                           'false' != '' and
                                                                           'false' != 'false' and
                                                                           (('' == 'OneCore' and !Exists('')) or
                                                                            ('' == 'Desktop' and !Exists('')))).
                   Task "VCMessage" skipped, due to false condition; ('$(DesignTimeBuild)'!='true' and '$(VCToolsInstallDir)'=='' and '$(UseEnv)' != 'true'  and '$(CheckMSVCComponents)'=='true') was evaluated as (''!='true' and 'VCToolsInstallDir_is_not_defined'=='' and '' != 'true'  and ''=='true').
                   Task "VCMessage" skipped, due to false condition; ('$(DesignTimeBuild)'!='true' and '$(WindowsSDKDir)'=='' and '$(UseEnv)' != 'true') was evaluated as (''!='true' and 'WindowsSdkDir_is_not_defined'=='' and '' != 'true').
                   Task "VCMessage" skipped, due to false condition; ('$(DesignTimeBuild)'!='true' and '$(IntDirTrailingSlashWarning)'=='true') was evaluated as (''!='true' and ''=='true').
                   Task "VCMessage" skipped, due to false condition; ('$(DesignTimeBuild)'!='true' and '$(OutDirTrailingSlashWarning)'=='true') was evaluated as (''!='true' and ''=='true').
                   Task "VCMessage" skipped, due to false condition; ('%(CompatibilityIssues.Identity)' != '' and '$(DesignTimeBuild)'!='true') was evaluated as ('' != '' and ''!='true').
                   Task "VCMessage" skipped, due to false condition; ('$(IgnoreWarnIntDirSharingDetected)' != 'true' and '$(IntDirSharingDetected)' == 'true') was evaluated as ('' != 'true' and '' == 'true').
                   C:\Program Files\Microsoft Visual Studio\2022\Community\MSBuild\Microsoft\VC\v170\Microsoft.CppBuild.targets(536,7): message : Property 'TMP' with value 'C:\Users\sfcsarge\AppData\Local\Temp' expanded from the environment.
                   Set Property: _Tmp=C:\Users\sfcsarge\AppData\Local\Temp
                   C:\Program Files\Microsoft Visual Studio\2022\Community\MSBuild\Microsoft\VC\v170\Microsoft.CppBuild.targets(537,7): message : Property 'TEMP' with value 'C:\Users\sfcsarge\AppData\Local\Temp' expanded from the environment.
                   Set Property: _Temp=C:\Users\sfcsarge\AppData\Local\Temp
                   Set Property: _Tmp=C:\Users\sfcsarge\AppData\Local\Temp\
                   Set Property: _Temp=C:\Users\sfcsarge\AppData\Local\Temp\
                   Task "VCMessage" skipped, due to false condition; ('$(DesignTimeBuild)'!='true' and '$(IgnoreWarnIntDirInTempDetected)' != 'true' and ('$(IntDirFullPath.StartsWith($(_Tmp), true, null))' == 'true' or '$(IntDirFullPath.StartsWith($(_Temp), true, null))' == 'true' or '$(OutDirFullPath.StartsWith($(_Tmp), true, null))' == 'true' or '$(OutDirFullPath.StartsWith($(_Temp), true, null))' == 'true')) was evaluated as (''!='true' and '' != 'true' and ('False' == 'true' or 'False' == 'true' or 'False' == 'true' or 'False' == 'true')).
                   Task "VCMessage" skipped, due to false condition; ('$(DesignTimeBuild)'!='true' and '$(UseClStructuredOutput)' == 'true' and '$(LogStructuredOutputMessage)' != 'false') was evaluated as (''!='true' and '' == 'true' and '' != 'false').
                   Task "MakeDir" (TaskId:18)
                     Task Parameter:
                         Directories=
                             C:\Users\sfcsarge\source\repos\Stepper\zAxisStepperBoard\obj\x64\Debug\
                             C:\Users\sfcsarge\source\repos\Stepper\zAxisStepperBoard\bin\x64\Debug\
                             C:\Users\sfcsarge\source\repos\Stepper\zAxisStepperBoard\obj\x64\Debug\zAxisSte.355f2809.tlog\ (TaskId:18)
                   Done executing task "MakeDir". (TaskId:18)
17:23:48.454     1>Done building target "PrepareForBuild" in project "zAxisStepperBoard.vcxproj".: (TargetId:20)
                   Target "_PrepareForReferenceResolution" skipped. Previously built successfully.
                   Target "ComputeCrtSDKReference" skipped, due to false condition; ('@(ClCompile)'!='' and '$(WindowsAppContainer)'=='true' and '$(UseCrtSDKReference)' != 'false') was evaluated as ('zAxisStepperBoard.ino'!='' and 'false'=='true' and '' != 'false').
                   Target "GetInstalledSDKLocations" skipped, due to false condition; ('@(SDKReference)' != '') was evaluated as ('' != '').
17:23:48.454     1>Target "ResolveSDKReferences: (TargetId:21)" in file "C:\Program Files\Microsoft Visual Studio\2022\Community\MSBuild\Current\Bin\amd64\Microsoft.Common.CurrentVersion.targets" from project "C:\Users\sfcsarge\source\repos\Stepper\zAxisStepperBoard\zAxisStepperBoard.vcxproj" (target "ResolveAssemblyReferences" depends on it):
                   Task "ResolveSDKReference" skipped, due to false condition; ('@(SDKReference)'!='') was evaluated as (''!='').
17:23:48.454     1>Done building target "ResolveSDKReferences" in project "zAxisStepperBoard.vcxproj".: (TargetId:21)
                   Target "ResolveSDKReferences" skipped. Previously built successfully.
17:23:48.454     1>Target "ExpandSDKReferences: (TargetId:22)" in file "C:\Program Files\Microsoft Visual Studio\2022\Community\MSBuild\Current\Bin\amd64\Microsoft.Common.CurrentVersion.targets" from project "C:\Users\sfcsarge\source\repos\Stepper\zAxisStepperBoard\zAxisStepperBoard.vcxproj" (target "ResolveAssemblyReferences" depends on it):
                   Task "GetSDKReferenceFiles" skipped, due to false condition; ('@(ResolvedSDKReference)'!='') was evaluated as (''!='').
17:23:48.454     1>Done building target "ExpandSDKReferences" in project "zAxisStepperBoard.vcxproj".: (TargetId:22)
                   Target "ResolveNuGetPackageAssets" skipped, due to false condition; ('$(ResolveNuGetPackages)' == 'true' and exists('$(ProjectLockFile)')) was evaluated as ('true' == 'true' and exists('obj\project.assets.json')).
17:23:48.454     1>Target "ResolveAssemblyReferences: (TargetId:23)" in file "C:\Program Files\Microsoft Visual Studio\2022\Community\MSBuild\Current\Bin\amd64\Microsoft.Common.CurrentVersion.targets" from project "C:\Users\sfcsarge\source\repos\Stepper\zAxisStepperBoard\zAxisStepperBoard.vcxproj" (target "ResolveReferences" depends on it):
                   Set Property: ResolveAssemblyReferencesStateFile=C:\Users\sfcsarge\source\repos\Stepper\zAxisStepperBoard\obj\x64\Debug\zAxisStepperBoard.vcxproj.AssemblyReference.cache
                   Set Property: ResolveAssemblyReferencesSilent=false
                   Set Property: ResolveAssemblyWarnOrErrorOnTargetArchitectureMismatch=Warning
                   Set Property: ResolveAssemblyReferencesFindRelatedSatellites=true
                   Set Property: ResolveAssemblyReferencesFindSerializationAssemblies=true
                   Set Property: ResolveAssemblyReferencesFindRelatedFiles=true
                   Set Property: ResolveAssemblyReferenceOutputUnresolvedAssemblyConflicts=false
                   Set Property: FindDependenciesOfExternallyResolvedReferences=false
                   Task "ResolveAssemblyReference" skipped, due to false condition; ('@(Reference)'!='' or '@(_ResolvedProjectReferencePaths)'!='' or '@(_ExplicitReference)' != '') was evaluated as (''!='' or ''!='' or '' != '').
17:23:48.454     1>Done building target "ResolveAssemblyReferences" in project "zAxisStepperBoard.vcxproj".: (TargetId:23)
                   Target "GenerateBindingRedirects" skipped, due to false condition; ('$(AutoGenerateBindingRedirects)' == 'true' and '$(GenerateBindingRedirectsOutputType)' == 'true' and '@(SuggestedBindingRedirects)' != '' and '$(DesignTimeBuild)' != 'true' and '$(BuildingProject)' == 'true') was evaluated as ('' == 'true' and 'true' == 'true' and '' != '' and '' != 'true' and 'true' == 'true').
                   Target "GenerateBindingRedirectsUpdateAppConfig" skipped, due to false condition; ('$(AutoGenerateBindingRedirects)' == 'true' and '$(GenerateBindingRedirectsOutputType)' == 'true') was evaluated as ('' == 'true' and 'true' == 'true').
                   Target "ResolveComReferences" skipped, due to false condition; ('@(COMReference)'!='' or '@(COMFileReference)'!='') was evaluated as (''!='' or ''!='').
17:23:48.454     1>Target "AfterResolveReferences: (TargetId:24)" in file "C:\Program Files\Microsoft Visual Studio\2022\Community\MSBuild\Current\Bin\amd64\Microsoft.Common.CurrentVersion.targets" from project "C:\Users\sfcsarge\source\repos\Stepper\zAxisStepperBoard\zAxisStepperBoard.vcxproj" (target "ResolveReferences" depends on it):
17:23:48.454     1>Done building target "AfterResolveReferences" in project "zAxisStepperBoard.vcxproj".: (TargetId:24)
                   Target "ResolveTestReferences" skipped, due to false condition; ('@(Shadow)'!='') was evaluated as (''!='').
17:23:48.454     1>Target "ResolveReferences: (TargetId:25)" in file "C:\Program Files\Microsoft Visual Studio\2022\Community\MSBuild\Current\Bin\amd64\Microsoft.Common.CurrentVersion.targets" from project "C:\Users\sfcsarge\source\repos\Stepper\zAxisStepperBoard\zAxisStepperBoard.vcxproj" (target "Build" depends on it):
17:23:48.454     1>Done building target "ResolveReferences" in project "zAxisStepperBoard.vcxproj".: (TargetId:25)
                   Target "PrepareForBuild" skipped. Previously built successfully.
                   Target "PrepareForBuild" skipped. Previously built successfully.
17:23:48.454     1>Target "InitializeBuildStatus: (TargetId:26)" in file "C:\Program Files\Microsoft Visual Studio\2022\Community\MSBuild\Microsoft\VC\v170\Microsoft.CppBuild.targets" from project "C:\Users\sfcsarge\source\repos\Stepper\zAxisStepperBoard\zAxisStepperBoard.vcxproj" (target "Build" depends on it):
                   Using "ReadLinesFromFile" task from assembly "Microsoft.Build.Tasks.Core, Version=15.1.0.0, Culture=neutral, PublicKeyToken=b03f5f7f11d50a3a".
                   Task "ReadLinesFromFile" (TaskId:19)
                     Task Parameter:File=C:\Users\sfcsarge\source\repos\Stepper\zAxisStepperBoard\obj\x64\Debug\zAxisSte.355f2809.tlog\zAxisStepperBoard.lastbuildstate (TaskId:19)
                     Output Item(s): 
                         _ReadProjectStateLine=
                             PlatformToolSet=Remote_GCC_1_0:VCToolArchitecture=:TargetPlatformVersion=7.0:
                             Debug|x64|C:\Users\sfcsarge\source\repos\Stepper\| (TaskId:19)
                   Done executing task "ReadLinesFromFile". (TaskId:19)
                   Set Property: ProjectStateLine=TargetPlatformVersion=7.0:
                   Set Property: ProjectStateLine=PlatformToolSet=Remote_GCC_1_0:VCToolArchitecture=:TargetPlatformVersion=7.0:
                   Set Property: StateBuildType=Build
                   Using "WriteLinesToFile" task from assembly "Microsoft.Build.Tasks.Core, Version=15.1.0.0, Culture=neutral, PublicKeyToken=b03f5f7f11d50a3a".
                   Task "WriteLinesToFile" (TaskId:20)
                     Task Parameter:
                         Lines=
                             PlatformToolSet=Remote_GCC_1_0:VCToolArchitecture=:TargetPlatformVersion=7.0:
                             Debug|x64|C:\Users\sfcsarge\source\repos\Stepper\| (TaskId:20)
                     Task Parameter:Overwrite=True (TaskId:20)
                     Task Parameter:File=C:\Users\sfcsarge\source\repos\Stepper\zAxisStepperBoard\obj\x64\Debug\zAxisSte.355f2809.tlog\zAxisStepperBoard.lastbuildstate (TaskId:20)
                   Done executing task "WriteLinesToFile". (TaskId:20)
                   Using "Touch" task from assembly "Microsoft.Build.Tasks.Core, Version=15.1.0.0, Culture=neutral, PublicKeyToken=b03f5f7f11d50a3a".
                   Task "Touch" (TaskId:21)
                     Task Parameter:AlwaysCreate=True (TaskId:21)
                     Task Parameter:Files=C:\Users\sfcsarge\source\repos\Stepper\zAxisStepperBoard\obj\x64\Debug\zAxisSte.355f2809.tlog\unsuccessfulbuild (TaskId:21)
                     Touching "C:\Users\sfcsarge\source\repos\Stepper\zAxisStepperBoard\obj\x64\Debug\zAxisSte.355f2809.tlog\unsuccessfulbuild". (TaskId:21)
                   Done executing task "Touch". (TaskId:21)
17:23:48.458     1>Done building target "InitializeBuildStatus" in project "zAxisStepperBoard.vcxproj".: (TargetId:26)
                   Target "PrepareProjectReferences" skipped. Previously built successfully.
17:23:48.458     1>Target "BuildGenerateSourcesTraverse: (TargetId:27)" in file "C:\Program Files\Microsoft Visual Studio\2022\Community\MSBuild\Current\Bin\amd64\Microsoft.Common.CurrentVersion.targets" from project "C:\Users\sfcsarge\source\repos\Stepper\zAxisStepperBoard\zAxisStepperBoard.vcxproj" (target "BuildGenerateSources" depends on it):
                   Task "MSBuild" skipped, due to false condition; ('$(BuildPassReferences)' == 'true' and '@(ProjectReferenceWithConfiguration)' != '' and '@(_MSBuildProjectReferenceExistent)' != '' and '%(_MSBuildProjectReferenceExistent.BuildReference)' == 'true') was evaluated as ('' == 'true' and '' != '' and '' != '' and '' == 'true').
17:23:48.458     1>Done building target "BuildGenerateSourcesTraverse" in project "zAxisStepperBoard.vcxproj".: (TargetId:27)
                   Target "PrepareForBuild" skipped. Previously built successfully.
                   Target "ResolveReferences" skipped. Previously built successfully.
17:23:48.458     1>Target "BeforeBuildGenerateSources: (TargetId:28)" in file "C:\Program Files\Microsoft Visual Studio\2022\Community\MSBuild\Microsoft\VC\v170\Microsoft.BuildSteps.Targets" from project "C:\Users\sfcsarge\source\repos\Stepper\zAxisStepperBoard\zAxisStepperBoard.vcxproj" (target "_BuildGenerateSourcesAction" depends on it):
17:23:48.458     1>Done building target "BeforeBuildGenerateSources" in project "zAxisStepperBoard.vcxproj".: (TargetId:28)
17:23:48.458     1>Target "_ConsolidateSourcesToCopy: (TargetId:29)" in file "C:\Program Files\Microsoft Visual Studio\2022\Community\MSBuild\Microsoft\VC\v170\Application Type\Linux\1.0\Linux.Common.targets" from project "C:\Users\sfcsarge\source\repos\Stepper\zAxisStepperBoard\zAxisStepperBoard.vcxproj" (target "_RequiresRemoteConnection" depends on it):
                   Using "ConsolidateSourcesToCopy" task from assembly "C:\Program Files\Microsoft Visual Studio\2022\Community\MSBuild\Microsoft\VC\v170\Application Type\Linux\1.0\Microsoft.Build.Linux.Tasks.dll".
                   Task "ConsolidateSourcesToCopy" (TaskId:22)
                     Task Parameter:ProjectDir=C:\Users\sfcsarge\source\repos\Stepper\zAxisStepperBoard\ (TaskId:22)
                     Task Parameter:
                         SourcesOverride=
                             zAxisStepperBoard.ino
                             __vm\.zAxisStepperBoard.vsarduino.h
                             src\arduino folders read me.txt (TaskId:22)
                     Task Parameter:
                         Sources=
                             zAxisStepperBoard.ino
                                     AdditionalIncludeDirectories=C:\Users\sfcsarge\source\repos\Stepper\zAxisStepperBoard\..\zAxisStepperBoard;C:\Users\sfcsarge\source\repos\Stepper\zAxisStepperBoard\..\..\..\..\OneDrive\Documents\Arduino\libraries\AccelStepper\src;C:\Users\sfcsarge\source\repos\Stepper\zAxisStepperBoard\..\..\..\..\OneDrive\Documents\Arduino\libraries\AccelStepperWithDistances\src;C:\Users\sfcsarge\source\repos\Stepper\zAxisStepperBoard\..\..\..\..\OneDrive\Documents\Arduino\libraries\LimitSwitch\src;C:\Users\sfcsarge\source\repos\Stepper\zAxisStepperBoard\..\..\..\..\OneDrive\Documents\Arduino\libraries\ezButton\src;C:\Users\sfcsarge\source\repos\Stepper\zAxisStepperBoard\..\..\..\..\AppData\Local\arduino15\packages\arduino\hardware\renesas_uno\1.2.2\cores\arduino\tinyusb;C:\Users\sfcsarge\source\repos\Stepper\zAxisStepperBoard\..\..\..\..\AppData\Local\arduino15\packages\arduino\hardware\renesas_uno\1.2.2\cores\arduino\api\deprecated;C:\Users\sfcsarge\source\repos\Stepper\zAxisStepperBoard\..\..\..\..\AppData\Local\arduino15\packages\arduino\hardware\renesas_uno\1.2.2\cores\arduino\api\deprecated-avr-comp;C:\Users\sfcsarge\source\repos\Stepper\zAxisStepperBoard\..\..\..\..\AppData\Local\arduino15\packages\arduino\hardware\renesas_uno\1.2.2\cores\arduino;C:\Users\sfcsarge\source\repos\Stepper\zAxisStepperBoard\..\..\..\..\AppData\Local\arduino15\packages\arduino\hardware\renesas_uno\1.2.2\variants\UNOWIFIR4;C:\Users\sfcsarge\source\repos\Stepper\zAxisStepperBoard\..\..\..\..\AppData\Local\arduino15\packages\arduino\hardware\renesas_uno\1.2.2\variants\UNOWIFIR4\includes\ra\fsp\inc;C:\Users\sfcsarge\source\repos\Stepper\zAxisStepperBoard\..\..\..\..\AppData\Local\arduino15\packages\arduino\hardware\renesas_uno\1.2.2\variants\UNOWIFIR4\includes\ra\fsp\inc\api;C:\Users\sfcsarge\source\repos\Stepper\zAxisStepperBoard\..\..\..\..\AppData\Local\arduino15\packages\arduino\hardware\renesas_uno\1.2.2\variants\UNOWIFIR4\includes\ra\fsp\inc\instances;C:\Users\sfcsarge\source\repos\Stepper\zAxisStepperBoard\..\..\..\..\AppData\Local\arduino15\packages\arduino\hardware\renesas_uno\1.2.2\variants\UNOWIFIR4\includes\ra\arm\CMSIS_5\CMSIS\Core\Include;C:\Users\sfcsarge\source\repos\Stepper\zAxisStepperBoard\..\..\..\..\AppData\Local\arduino15\packages\arduino\hardware\renesas_uno\1.2.2\variants\UNOWIFIR4\includes\ra_gen;C:\Users\sfcsarge\source\repos\Stepper\zAxisStepperBoard\..\..\..\..\AppData\Local\arduino15\packages\arduino\hardware\renesas_uno\1.2.2\variants\UNOWIFIR4\includes\ra_cfg\fsp_cfg\bsp;C:\Users\sfcsarge\source\repos\Stepper\zAxisStepperBoard\..\..\..\..\AppData\Local\arduino15\packages\arduino\hardware\renesas_uno\1.2.2\variants\UNOWIFIR4\includes\ra_cfg\fsp_cfg;C:\Users\sfcsarge\source\repos\Stepper\zAxisStepperBoard\..\..\..\..\AppData\Local\arduino15\packages\arduino\hardware\renesas_uno\1.2.2\variants\UNOWIFIR4\includes\ra\fsp\src\r_usb_basic\src\driver\inc;C:\Users\sfcsarge\source\repos\Stepper\zAxisStepperBoard\..\..\..\..\AppData\Local\arduino15\packages\arduino\hardware\renesas_uno\1.2.2\variants\UNOWIFIR4\includes\ra\fsp\src\r_sce\crypto_procedures\src\sce5\plainkey\private\inc;C:\Users\sfcsarge\source\repos\Stepper\zAxisStepperBoard\..\..\..\..\AppData\Local\arduino15\packages\arduino\hardware\renesas_uno\1.2.2\variants\UNOWIFIR4\includes\ra\fsp\src\r_sce\crypto_procedures\src\sce5\plainkey\public\inc;C:\Users\sfcsarge\source\repos\Stepper\zAxisStepperBoard\..\..\..\..\AppData\Local\arduino15\packages\arduino\hardware\renesas_uno\1.2.2\variants\UNOWIFIR4\includes\ra\fsp\src\r_sce\common;C:\Users\sfcsarge\source\repos\Stepper\zAxisStepperBoard\..\..\..\..\AppData\Local\arduino15\packages\arduino\hardware\renesas_uno\1.2.2\variants\UNOWIFIR4\includes\ra\fsp\src\r_sce;C:\Users\sfcsarge\source\repos\Stepper\zAxisStepperBoard\..\..\..\..\appdata\local\arduino15\packages\arduino\tools\arm-none-eabi-gcc\7-2017q4\arm-none-eabi\include\c++\7.2.1;C:\Users\sfcsarge\source\repos\Stepper\zAxisStepperBoard\..\..\..\..\appdata\local\arduino15\packages\arduino\tools\arm-none-eabi-gcc\7-2017q4\arm-none-eabi\include\c++\7.2.1\arm-none-eabi\thumb\v7e-m\fpv4-sp\hard;C:\Users\sfcsarge\source\repos\Stepper\zAxisStepperBoard\..\..\..\..\appdata\local\arduino15\packages\arduino\tools\arm-none-eabi-gcc\7-2017q4\arm-none-eabi\include\c++\7.2.1\backward;C:\Users\sfcsarge\source\repos\Stepper\zAxisStepperBoard\..\..\..\..\appdata\local\arduino15\packages\arduino\tools\arm-none-eabi-gcc\7-2017q4\lib\gcc\arm-none-eabi\7.2.1\include;C:\Users\sfcsarge\source\repos\Stepper\zAxisStepperBoard\..\..\..\..\appdata\local\arduino15\packages\arduino\tools\arm-none-eabi-gcc\7-2017q4\lib\gcc\arm-none-eabi\7.2.1\include-fixed;C:\Users\sfcsarge\source\repos\Stepper\zAxisStepperBoard\..\..\..\..\appdata\local\arduino15\packages\arduino\tools\arm-none-eabi-gcc\7-2017q4\arm-none-eabi\include;C:\Users\sfcsarge\source\repos\Stepper\zAxisStepperBoard\..\..\..\..\OneDrive\Documents\Arduino\libraries\AccelStepper\src;C:\Users\sfcsarge\source\repos\Stepper\zAxisStepperBoard\..\..\..\..\OneDrive\Documents\Arduino\libraries\AccelStepperWithDistances\src;C:\Users\sfcsarge\source\repos\Stepper\zAxisStepperBoard\..\..\..\..\OneDrive\Documents\Arduino\libraries\LimitSwitch\src;C:\Users\sfcsarge\source\repos\Stepper\zAxisStepperBoard\..\..\..\..\OneDrive\Documents\Arduino\libraries\ezButton\src;
                                     CAdditionalWarning=
                                     ClangMode=true
                                     CLanguageStandard=gnu11
                                     CompileAs=Default
                                     CppAdditionalWarning=
                                     CppLanguageStandard=c++17
                                     DebugInformationFormat=FullDebug
                                     DeploymentContent=true
                                     EnableNeonCodegen=false
                                     EnablePREfast=false
                                     ExceptionHandling=Enabled
                                     FileType=CppCode
                                     ForcedIncludeFiles=C:\Users\sfcsarge\source\repos\Stepper\zAxisStepperBoard\..\..\..\..\..\..\program files\microsoft visual studio\2022\community\common7\ide\extensions\jbmj4m1q.esc\Micro Platforms\default\vm-intelli-pre.h;C:\Users\sfcsarge\source\repos\Stepper\zAxisStepperBoard\..\..\..\..\AppData\Local\Temp\VMBuilds\zAxisStepperBoard\unor4wifi\Debug\.vmintelli\343258c388b113a50165afb21891c86d\vm-intelli-gcc-defines.h;C:\Users\sfcsarge\source\repos\Stepper\zAxisStepperBoard\..\..\..\..\..\..\program files\microsoft visual studio\2022\community\common7\ide\extensions\jbmj4m1q.esc\Micro Platforms\default\vm-intelli-post.h;C:\Users\sfcsarge\source\repos\Stepper\zAxisStepperBoard\__vm\.zAxisStepperBoard.vsarduino.h;
                                     GccToolChain=C:\Users\sfcsarge\source\repos\Stepper\zAxisStepperBoard\..\..\..\..\AppData\Local\arduino15\packages\arduino\tools\arm-none-eabi-gcc\7-2017q4\bin\arm-none-eabi-g++
                                     HideInlineMethods=false
                                     IgnoreStandardIncludePath=true
                                     ImpLibCompiled=
                                     LibCompiled=
                                     LinkCompiled=true
                                     LinkTimeOptimization=false
                                     MakeStringsReadOnly=true
                                     MinimalRebuildFromTracking=true
                                     NoCommonBlocks=false
                                     ObjCAutomaticRefCounting=true
                                     ObjCExceptionHandling=Disabled
                                     ObjectFileName=C:\Users\sfcsarge\source\repos\Stepper\zAxisStepperBoard\obj\x64\Debug\%(filename).o
                                     OmitFramePointers=false
                                     Optimization=Disabled
                                     PositionIndependentCode=false
                                     PrecompiledHeader=NotUsing
                                     PrecompiledHeaderCompileAs=CompileAsCpp
                                     PrecompiledHeaderOutputFile=
                                     PrecompiledHeaderOutputFileDirectory=C:\Users\sfcsarge\source\repos\Stepper\zAxisStepperBoard\obj\x64\Debug\
                                     PreprocessorDefinitions=_VMICRO_INTELLISENSE;_VMDEBUG=1;F_CPU=48000000;NO_USB;BACKTRACE_SUPPORT;ARDUINO_UNOR4_WIFI;ARDUINO=108010;ARDUINO_UNOWIFIR4;ARDUINO_ARCH_RENESAS_UNO;ARDUINO_ARCH_RENESAS;ARDUINO_FSP;_XOPEN_SOURCE=700;CFG_TUSB_MCU=OPT_MCU_RAXXX;
                                     ProgramDatabaseFileName=C:\Users\sfcsarge\source\repos\Stepper\zAxisStepperBoard\obj\x64\Debug\
                                     RelaxIEEE=false
                                     RuntimeTypeInfo=true
                                     StrictAliasing=false
                                     SymbolsHiddenByDefault=false
                                     ThreadSafeStatics=Yes
                                     ThumbMode=Disabled
                                     TreatWarningAsError=false
                                     UndefineAllPreprocessorDefinitions=true
                                     UnrollLoops=false
                                     Verbose=false
                                     WarningLevel=EnableAllWarnings
                             __vm\.zAxisStepperBoard.vsarduino.h
                             src\arduino folders read me.txt
                                     CopyToOutputDirectory=Never (TaskId:22)
                     Output Item(s): 
                         FinalSourcesToCopyRemotely=
                             zAxisStepperBoard.ino
                                     AdditionalIncludeDirectories=C:\Users\sfcsarge\source\repos\Stepper\zAxisStepperBoard\..\zAxisStepperBoard;C:\Users\sfcsarge\source\repos\Stepper\zAxisStepperBoard\..\..\..\..\OneDrive\Documents\Arduino\libraries\AccelStepper\src;C:\Users\sfcsarge\source\repos\Stepper\zAxisStepperBoard\..\..\..\..\OneDrive\Documents\Arduino\libraries\AccelStepperWithDistances\src;C:\Users\sfcsarge\source\repos\Stepper\zAxisStepperBoard\..\..\..\..\OneDrive\Documents\Arduino\libraries\LimitSwitch\src;C:\Users\sfcsarge\source\repos\Stepper\zAxisStepperBoard\..\..\..\..\OneDrive\Documents\Arduino\libraries\ezButton\src;C:\Users\sfcsarge\source\repos\Stepper\zAxisStepperBoard\..\..\..\..\AppData\Local\arduino15\packages\arduino\hardware\renesas_uno\1.2.2\cores\arduino\tinyusb;C:\Users\sfcsarge\source\repos\Stepper\zAxisStepperBoard\..\..\..\..\AppData\Local\arduino15\packages\arduino\hardware\renesas_uno\1.2.2\cores\arduino\api\deprecated;C:\Users\sfcsarge\source\repos\Stepper\zAxisStepperBoard\..\..\..\..\AppData\Local\arduino15\packages\arduino\hardware\renesas_uno\1.2.2\cores\arduino\api\deprecated-avr-comp;C:\Users\sfcsarge\source\repos\Stepper\zAxisStepperBoard\..\..\..\..\AppData\Local\arduino15\packages\arduino\hardware\renesas_uno\1.2.2\cores\arduino;C:\Users\sfcsarge\source\repos\Stepper\zAxisStepperBoard\..\..\..\..\AppData\Local\arduino15\packages\arduino\hardware\renesas_uno\1.2.2\variants\UNOWIFIR4;C:\Users\sfcsarge\source\repos\Stepper\zAxisStepperBoard\..\..\..\..\AppData\Local\arduino15\packages\arduino\hardware\renesas_uno\1.2.2\variants\UNOWIFIR4\includes\ra\fsp\inc;C:\Users\sfcsarge\source\repos\Stepper\zAxisStepperBoard\..\..\..\..\AppData\Local\arduino15\packages\arduino\hardware\renesas_uno\1.2.2\variants\UNOWIFIR4\includes\ra\fsp\inc\api;C:\Users\sfcsarge\source\repos\Stepper\zAxisStepperBoard\..\..\..\..\AppData\Local\arduino15\packages\arduino\hardware\renesas_uno\1.2.2\variants\UNOWIFIR4\includes\ra\fsp\inc\instances;C:\Users\sfcsarge\source\repos\Stepper\zAxisStepperBoard\..\..\..\..\AppData\Local\arduino15\packages\arduino\hardware\renesas_uno\1.2.2\variants\UNOWIFIR4\includes\ra\arm\CMSIS_5\CMSIS\Core\Include;C:\Users\sfcsarge\source\repos\Stepper\zAxisStepperBoard\..\..\..\..\AppData\Local\arduino15\packages\arduino\hardware\renesas_uno\1.2.2\variants\UNOWIFIR4\includes\ra_gen;C:\Users\sfcsarge\source\repos\Stepper\zAxisStepperBoard\..\..\..\..\AppData\Local\arduino15\packages\arduino\hardware\renesas_uno\1.2.2\variants\UNOWIFIR4\includes\ra_cfg\fsp_cfg\bsp;C:\Users\sfcsarge\source\repos\Stepper\zAxisStepperBoard\..\..\..\..\AppData\Local\arduino15\packages\arduino\hardware\renesas_uno\1.2.2\variants\UNOWIFIR4\includes\ra_cfg\fsp_cfg;C:\Users\sfcsarge\source\repos\Stepper\zAxisStepperBoard\..\..\..\..\AppData\Local\arduino15\packages\arduino\hardware\renesas_uno\1.2.2\variants\UNOWIFIR4\includes\ra\fsp\src\r_usb_basic\src\driver\inc;C:\Users\sfcsarge\source\repos\Stepper\zAxisStepperBoard\..\..\..\..\AppData\Local\arduino15\packages\arduino\hardware\renesas_uno\1.2.2\variants\UNOWIFIR4\includes\ra\fsp\src\r_sce\crypto_procedures\src\sce5\plainkey\private\inc;C:\Users\sfcsarge\source\repos\Stepper\zAxisStepperBoard\..\..\..\..\AppData\Local\arduino15\packages\arduino\hardware\renesas_uno\1.2.2\variants\UNOWIFIR4\includes\ra\fsp\src\r_sce\crypto_procedures\src\sce5\plainkey\public\inc;C:\Users\sfcsarge\source\repos\Stepper\zAxisStepperBoard\..\..\..\..\AppData\Local\arduino15\packages\arduino\hardware\renesas_uno\1.2.2\variants\UNOWIFIR4\includes\ra\fsp\src\r_sce\common;C:\Users\sfcsarge\source\repos\Stepper\zAxisStepperBoard\..\..\..\..\AppData\Local\arduino15\packages\arduino\hardware\renesas_uno\1.2.2\variants\UNOWIFIR4\includes\ra\fsp\src\r_sce;C:\Users\sfcsarge\source\repos\Stepper\zAxisStepperBoard\..\..\..\..\appdata\local\arduino15\packages\arduino\tools\arm-none-eabi-gcc\7-2017q4\arm-none-eabi\include\c++\7.2.1;C:\Users\sfcsarge\source\repos\Stepper\zAxisStepperBoard\..\..\..\..\appdata\local\arduino15\packages\arduino\tools\arm-none-eabi-gcc\7-2017q4\arm-none-eabi\include\c++\7.2.1\arm-none-eabi\thumb\v7e-m\fpv4-sp\hard;C:\Users\sfcsarge\source\repos\Stepper\zAxisStepperBoard\..\..\..\..\appdata\local\arduino15\packages\arduino\tools\arm-none-eabi-gcc\7-2017q4\arm-none-eabi\include\c++\7.2.1\backward;C:\Users\sfcsarge\source\repos\Stepper\zAxisStepperBoard\..\..\..\..\appdata\local\arduino15\packages\arduino\tools\arm-none-eabi-gcc\7-2017q4\lib\gcc\arm-none-eabi\7.2.1\include;C:\Users\sfcsarge\source\repos\Stepper\zAxisStepperBoard\..\..\..\..\appdata\local\arduino15\packages\arduino\tools\arm-none-eabi-gcc\7-2017q4\lib\gcc\arm-none-eabi\7.2.1\include-fixed;C:\Users\sfcsarge\source\repos\Stepper\zAxisStepperBoard\..\..\..\..\appdata\local\arduino15\packages\arduino\tools\arm-none-eabi-gcc\7-2017q4\arm-none-eabi\include;C:\Users\sfcsarge\source\repos\Stepper\zAxisStepperBoard\..\..\..\..\OneDrive\Documents\Arduino\libraries\AccelStepper\src;C:\Users\sfcsarge\source\repos\Stepper\zAxisStepperBoard\..\..\..\..\OneDrive\Documents\Arduino\libraries\AccelStepperWithDistances\src;C:\Users\sfcsarge\source\repos\Stepper\zAxisStepperBoard\..\..\..\..\OneDrive\Documents\Arduino\libraries\LimitSwitch\src;C:\Users\sfcsarge\source\repos\Stepper\zAxisStepperBoard\..\..\..\..\OneDrive\Documents\Arduino\libraries\ezButton\src;
                                     CAdditionalWarning=
                                     ClangMode=true
                                     CLanguageStandard=gnu11
                                     CompileAs=Default
                                     CppAdditionalWarning=
                                     CppLanguageStandard=c++17
                                     DebugInformationFormat=FullDebug
                                     DeploymentContent=true
                                     EnableNeonCodegen=false
                                     EnablePREfast=false
                                     ExceptionHandling=Enabled
                                     FileType=CppCode
                                     ForcedIncludeFiles=C:\Users\sfcsarge\source\repos\Stepper\zAxisStepperBoard\..\..\..\..\..\..\program files\microsoft visual studio\2022\community\common7\ide\extensions\jbmj4m1q.esc\Micro Platforms\default\vm-intelli-pre.h;C:\Users\sfcsarge\source\repos\Stepper\zAxisStepperBoard\..\..\..\..\AppData\Local\Temp\VMBuilds\zAxisStepperBoard\unor4wifi\Debug\.vmintelli\343258c388b113a50165afb21891c86d\vm-intelli-gcc-defines.h;C:\Users\sfcsarge\source\repos\Stepper\zAxisStepperBoard\..\..\..\..\..\..\program files\microsoft visual studio\2022\community\common7\ide\extensions\jbmj4m1q.esc\Micro Platforms\default\vm-intelli-post.h;C:\Users\sfcsarge\source\repos\Stepper\zAxisStepperBoard\__vm\.zAxisStepperBoard.vsarduino.h;
                                     GccToolChain=C:\Users\sfcsarge\source\repos\Stepper\zAxisStepperBoard\..\..\..\..\AppData\Local\arduino15\packages\arduino\tools\arm-none-eabi-gcc\7-2017q4\bin\arm-none-eabi-g++
                                     HideInlineMethods=false
                                     IgnoreStandardIncludePath=true
                                     ImpLibCompiled=
                                     LibCompiled=
                                     LinkCompiled=true
                                     LinkTimeOptimization=false
                                     MakeStringsReadOnly=true
                                     MinimalRebuildFromTracking=true
                                     NoCommonBlocks=false
                                     NormalizedLocalFullPath=C:\Users\sfcsarge\source\repos\Stepper\zAxisStepperBoard\zAxisStepperBoard.ino
                                     ObjCAutomaticRefCounting=true
                                     ObjCExceptionHandling=Disabled
                                     ObjectFileName=C:\Users\sfcsarge\source\repos\Stepper\zAxisStepperBoard\obj\x64\Debug\%(filename).o
                                     OmitFramePointers=false
                                     Optimization=Disabled
                                     PositionIndependentCode=false
                                     PrecompiledHeader=NotUsing
                                     PrecompiledHeaderCompileAs=CompileAsCpp
                                     PrecompiledHeaderOutputFile=
                                     PrecompiledHeaderOutputFileDirectory=C:\Users\sfcsarge\source\repos\Stepper\zAxisStepperBoard\obj\x64\Debug\
                                     PreprocessorDefinitions=_VMICRO_INTELLISENSE;_VMDEBUG=1;F_CPU=48000000;NO_USB;BACKTRACE_SUPPORT;ARDUINO_UNOR4_WIFI;ARDUINO=108010;ARDUINO_UNOWIFIR4;ARDUINO_ARCH_RENESAS_UNO;ARDUINO_ARCH_RENESAS;ARDUINO_FSP;_XOPEN_SOURCE=700;CFG_TUSB_MCU=OPT_MCU_RAXXX;
                                     ProgramDatabaseFileName=C:\Users\sfcsarge\source\repos\Stepper\zAxisStepperBoard\obj\x64\Debug\
                                     RelaxIEEE=false
                                     RuntimeTypeInfo=true
                                     StrictAliasing=false
                                     SymbolsHiddenByDefault=false
                                     ThreadSafeStatics=Yes
                                     ThumbMode=Disabled
                                     TreatWarningAsError=false
                                     UndefineAllPreprocessorDefinitions=true
                                     UnrollLoops=false
                                     Verbose=false
                                     WarningLevel=EnableAllWarnings
                             __vm\.zAxisStepperBoard.vsarduino.h
                                     NormalizedLocalFullPath=C:\Users\sfcsarge\source\repos\Stepper\zAxisStepperBoard\__vm\.zAxisStepperBoard.vsarduino.h
                             src\arduino folders read me.txt
                                     CopyToOutputDirectory=Never
                                     NormalizedLocalFullPath=C:\Users\sfcsarge\source\repos\Stepper\zAxisStepperBoard\src\arduino folders read me.txt (TaskId:22)
                   Done executing task "ConsolidateSourcesToCopy". (TaskId:22)
17:23:48.475     1>Done building target "_ConsolidateSourcesToCopy" in project "zAxisStepperBoard.vcxproj".: (TargetId:29)
17:23:48.475     1>Target "_RequiresRemoteConnection: (TargetId:30)" in file "C:\Program Files\Microsoft Visual Studio\2022\Community\MSBuild\Microsoft\VC\v170\Application Type\Linux\1.0\Linux.targets" from project "C:\Users\sfcsarge\source\repos\Stepper\zAxisStepperBoard\zAxisStepperBoard.vcxproj" (target "_ResolveRemoteTarget" depends on it):
                   Using "RequiresRemoteConnection" task from assembly "C:\Program Files\Microsoft Visual Studio\2022\Community\MSBuild\Microsoft\VC\v170\Application Type\Linux\1.0\Microsoft.Build.Linux.Tasks.dll".
                   Task "RequiresRemoteConnection" (TaskId:23)
                     Task Parameter:PostBuildEventEnabled=true (TaskId:23)
                     Task Parameter:
                         ClCompile=
                             zAxisStepperBoard.ino
                                     AdditionalIncludeDirectories=C:\Users\sfcsarge\source\repos\Stepper\zAxisStepperBoard\..\zAxisStepperBoard;C:\Users\sfcsarge\source\repos\Stepper\zAxisStepperBoard\..\..\..\..\OneDrive\Documents\Arduino\libraries\AccelStepper\src;C:\Users\sfcsarge\source\repos\Stepper\zAxisStepperBoard\..\..\..\..\OneDrive\Documents\Arduino\libraries\AccelStepperWithDistances\src;C:\Users\sfcsarge\source\repos\Stepper\zAxisStepperBoard\..\..\..\..\OneDrive\Documents\Arduino\libraries\LimitSwitch\src;C:\Users\sfcsarge\source\repos\Stepper\zAxisStepperBoard\..\..\..\..\OneDrive\Documents\Arduino\libraries\ezButton\src;C:\Users\sfcsarge\source\repos\Stepper\zAxisStepperBoard\..\..\..\..\AppData\Local\arduino15\packages\arduino\hardware\renesas_uno\1.2.2\cores\arduino\tinyusb;C:\Users\sfcsarge\source\repos\Stepper\zAxisStepperBoard\..\..\..\..\AppData\Local\arduino15\packages\arduino\hardware\renesas_uno\1.2.2\cores\arduino\api\deprecated;C:\Users\sfcsarge\source\repos\Stepper\zAxisStepperBoard\..\..\..\..\AppData\Local\arduino15\packages\arduino\hardware\renesas_uno\1.2.2\cores\arduino\api\deprecated-avr-comp;C:\Users\sfcsarge\source\repos\Stepper\zAxisStepperBoard\..\..\..\..\AppData\Local\arduino15\packages\arduino\hardware\renesas_uno\1.2.2\cores\arduino;C:\Users\sfcsarge\source\repos\Stepper\zAxisStepperBoard\..\..\..\..\AppData\Local\arduino15\packages\arduino\hardware\renesas_uno\1.2.2\variants\UNOWIFIR4;C:\Users\sfcsarge\source\repos\Stepper\zAxisStepperBoard\..\..\..\..\AppData\Local\arduino15\packages\arduino\hardware\renesas_uno\1.2.2\variants\UNOWIFIR4\includes\ra\fsp\inc;C:\Users\sfcsarge\source\repos\Stepper\zAxisStepperBoard\..\..\..\..\AppData\Local\arduino15\packages\arduino\hardware\renesas_uno\1.2.2\variants\UNOWIFIR4\includes\ra\fsp\inc\api;C:\Users\sfcsarge\source\repos\Stepper\zAxisStepperBoard\..\..\..\..\AppData\Local\arduino15\packages\arduino\hardware\renesas_uno\1.2.2\variants\UNOWIFIR4\includes\ra\fsp\inc\instances;C:\Users\sfcsarge\source\repos\Stepper\zAxisStepperBoard\..\..\..\..\AppData\Local\arduino15\packages\arduino\hardware\renesas_uno\1.2.2\variants\UNOWIFIR4\includes\ra\arm\CMSIS_5\CMSIS\Core\Include;C:\Users\sfcsarge\source\repos\Stepper\zAxisStepperBoard\..\..\..\..\AppData\Local\arduino15\packages\arduino\hardware\renesas_uno\1.2.2\variants\UNOWIFIR4\includes\ra_gen;C:\Users\sfcsarge\source\repos\Stepper\zAxisStepperBoard\..\..\..\..\AppData\Local\arduino15\packages\arduino\hardware\renesas_uno\1.2.2\variants\UNOWIFIR4\includes\ra_cfg\fsp_cfg\bsp;C:\Users\sfcsarge\source\repos\Stepper\zAxisStepperBoard\..\..\..\..\AppData\Local\arduino15\packages\arduino\hardware\renesas_uno\1.2.2\variants\UNOWIFIR4\includes\ra_cfg\fsp_cfg;C:\Users\sfcsarge\source\repos\Stepper\zAxisStepperBoard\..\..\..\..\AppData\Local\arduino15\packages\arduino\hardware\renesas_uno\1.2.2\variants\UNOWIFIR4\includes\ra\fsp\src\r_usb_basic\src\driver\inc;C:\Users\sfcsarge\source\repos\Stepper\zAxisStepperBoard\..\..\..\..\AppData\Local\arduino15\packages\arduino\hardware\renesas_uno\1.2.2\variants\UNOWIFIR4\includes\ra\fsp\src\r_sce\crypto_procedures\src\sce5\plainkey\private\inc;C:\Users\sfcsarge\source\repos\Stepper\zAxisStepperBoard\..\..\..\..\AppData\Local\arduino15\packages\arduino\hardware\renesas_uno\1.2.2\variants\UNOWIFIR4\includes\ra\fsp\src\r_sce\crypto_procedures\src\sce5\plainkey\public\inc;C:\Users\sfcsarge\source\repos\Stepper\zAxisStepperBoard\..\..\..\..\AppData\Local\arduino15\packages\arduino\hardware\renesas_uno\1.2.2\variants\UNOWIFIR4\includes\ra\fsp\src\r_sce\common;C:\Users\sfcsarge\source\repos\Stepper\zAxisStepperBoard\..\..\..\..\AppData\Local\arduino15\packages\arduino\hardware\renesas_uno\1.2.2\variants\UNOWIFIR4\includes\ra\fsp\src\r_sce;C:\Users\sfcsarge\source\repos\Stepper\zAxisStepperBoard\..\..\..\..\appdata\local\arduino15\packages\arduino\tools\arm-none-eabi-gcc\7-2017q4\arm-none-eabi\include\c++\7.2.1;C:\Users\sfcsarge\source\repos\Stepper\zAxisStepperBoard\..\..\..\..\appdata\local\arduino15\packages\arduino\tools\arm-none-eabi-gcc\7-2017q4\arm-none-eabi\include\c++\7.2.1\arm-none-eabi\thumb\v7e-m\fpv4-sp\hard;C:\Users\sfcsarge\source\repos\Stepper\zAxisStepperBoard\..\..\..\..\appdata\local\arduino15\packages\arduino\tools\arm-none-eabi-gcc\7-2017q4\arm-none-eabi\include\c++\7.2.1\backward;C:\Users\sfcsarge\source\repos\Stepper\zAxisStepperBoard\..\..\..\..\appdata\local\arduino15\packages\arduino\tools\arm-none-eabi-gcc\7-2017q4\lib\gcc\arm-none-eabi\7.2.1\include;C:\Users\sfcsarge\source\repos\Stepper\zAxisStepperBoard\..\..\..\..\appdata\local\arduino15\packages\arduino\tools\arm-none-eabi-gcc\7-2017q4\lib\gcc\arm-none-eabi\7.2.1\include-fixed;C:\Users\sfcsarge\source\repos\Stepper\zAxisStepperBoard\..\..\..\..\appdata\local\arduino15\packages\arduino\tools\arm-none-eabi-gcc\7-2017q4\arm-none-eabi\include;C:\Users\sfcsarge\source\repos\Stepper\zAxisStepperBoard\..\..\..\..\OneDrive\Documents\Arduino\libraries\AccelStepper\src;C:\Users\sfcsarge\source\repos\Stepper\zAxisStepperBoard\..\..\..\..\OneDrive\Documents\Arduino\libraries\AccelStepperWithDistances\src;C:\Users\sfcsarge\source\repos\Stepper\zAxisStepperBoard\..\..\..\..\OneDrive\Documents\Arduino\libraries\LimitSwitch\src;C:\Users\sfcsarge\source\repos\Stepper\zAxisStepperBoard\..\..\..\..\OneDrive\Documents\Arduino\libraries\ezButton\src;
                                     CAdditionalWarning=
                                     ClangMode=true
                                     CLanguageStandard=gnu11
                                     CompileAs=Default
                                     CppAdditionalWarning=
                                     CppLanguageStandard=c++17
                                     DebugInformationFormat=FullDebug
                                     DeploymentContent=true
                                     EnableNeonCodegen=false
                                     EnablePREfast=false
                                     ExceptionHandling=Enabled
                                     FileType=CppCode
                                     ForcedIncludeFiles=C:\Users\sfcsarge\source\repos\Stepper\zAxisStepperBoard\..\..\..\..\..\..\program files\microsoft visual studio\2022\community\common7\ide\extensions\jbmj4m1q.esc\Micro Platforms\default\vm-intelli-pre.h;C:\Users\sfcsarge\source\repos\Stepper\zAxisStepperBoard\..\..\..\..\AppData\Local\Temp\VMBuilds\zAxisStepperBoard\unor4wifi\Debug\.vmintelli\343258c388b113a50165afb21891c86d\vm-intelli-gcc-defines.h;C:\Users\sfcsarge\source\repos\Stepper\zAxisStepperBoard\..\..\..\..\..\..\program files\microsoft visual studio\2022\community\common7\ide\extensions\jbmj4m1q.esc\Micro Platforms\default\vm-intelli-post.h;C:\Users\sfcsarge\source\repos\Stepper\zAxisStepperBoard\__vm\.zAxisStepperBoard.vsarduino.h;
                                     GccToolChain=C:\Users\sfcsarge\source\repos\Stepper\zAxisStepperBoard\..\..\..\..\AppData\Local\arduino15\packages\arduino\tools\arm-none-eabi-gcc\7-2017q4\bin\arm-none-eabi-g++
                                     HideInlineMethods=false
                                     IgnoreStandardIncludePath=true
                                     ImpLibCompiled=
                                     LibCompiled=
                                     LinkCompiled=true
                                     LinkTimeOptimization=false
                                     MakeStringsReadOnly=true
                                     MinimalRebuildFromTracking=true
                                     NoCommonBlocks=false
                                     ObjCAutomaticRefCounting=true
                                     ObjCExceptionHandling=Disabled
                                     ObjectFileName=C:\Users\sfcsarge\source\repos\Stepper\zAxisStepperBoard\obj\x64\Debug\%(filename).o
                                     OmitFramePointers=false
                                     Optimization=Disabled
                                     PositionIndependentCode=false
                                     PrecompiledHeader=NotUsing
                                     PrecompiledHeaderCompileAs=CompileAsCpp
                                     PrecompiledHeaderOutputFile=
                                     PrecompiledHeaderOutputFileDirectory=C:\Users\sfcsarge\source\repos\Stepper\zAxisStepperBoard\obj\x64\Debug\
                                     PreprocessorDefinitions=_VMICRO_INTELLISENSE;_VMDEBUG=1;F_CPU=48000000;NO_USB;BACKTRACE_SUPPORT;ARDUINO_UNOR4_WIFI;ARDUINO=108010;ARDUINO_UNOWIFIR4;ARDUINO_ARCH_RENESAS_UNO;ARDUINO_ARCH_RENESAS;ARDUINO_FSP;_XOPEN_SOURCE=700;CFG_TUSB_MCU=OPT_MCU_RAXXX;
                                     ProgramDatabaseFileName=C:\Users\sfcsarge\source\repos\Stepper\zAxisStepperBoard\obj\x64\Debug\
                                     RelaxIEEE=false
                                     RuntimeTypeInfo=true
                                     StrictAliasing=false
                                     SymbolsHiddenByDefault=false
                                     ThreadSafeStatics=Yes
                                     ThumbMode=Disabled
                                     TreatWarningAsError=false
                                     UndefineAllPreprocessorDefinitions=true
                                     UnrollLoops=false
                                     Verbose=false
                                     WarningLevel=EnableAllWarnings (TaskId:23)
                     Task Parameter:RemotePostBuildEventEnabled=true (TaskId:23)
                     Task Parameter:
                         Sources=
                             zAxisStepperBoard.ino
                                     AdditionalIncludeDirectories=C:\Users\sfcsarge\source\repos\Stepper\zAxisStepperBoard\..\zAxisStepperBoard;C:\Users\sfcsarge\source\repos\Stepper\zAxisStepperBoard\..\..\..\..\OneDrive\Documents\Arduino\libraries\AccelStepper\src;C:\Users\sfcsarge\source\repos\Stepper\zAxisStepperBoard\..\..\..\..\OneDrive\Documents\Arduino\libraries\AccelStepperWithDistances\src;C:\Users\sfcsarge\source\repos\Stepper\zAxisStepperBoard\..\..\..\..\OneDrive\Documents\Arduino\libraries\LimitSwitch\src;C:\Users\sfcsarge\source\repos\Stepper\zAxisStepperBoard\..\..\..\..\OneDrive\Documents\Arduino\libraries\ezButton\src;C:\Users\sfcsarge\source\repos\Stepper\zAxisStepperBoard\..\..\..\..\AppData\Local\arduino15\packages\arduino\hardware\renesas_uno\1.2.2\cores\arduino\tinyusb;C:\Users\sfcsarge\source\repos\Stepper\zAxisStepperBoard\..\..\..\..\AppData\Local\arduino15\packages\arduino\hardware\renesas_uno\1.2.2\cores\arduino\api\deprecated;C:\Users\sfcsarge\source\repos\Stepper\zAxisStepperBoard\..\..\..\..\AppData\Local\arduino15\packages\arduino\hardware\renesas_uno\1.2.2\cores\arduino\api\deprecated-avr-comp;C:\Users\sfcsarge\source\repos\Stepper\zAxisStepperBoard\..\..\..\..\AppData\Local\arduino15\packages\arduino\hardware\renesas_uno\1.2.2\cores\arduino;C:\Users\sfcsarge\source\repos\Stepper\zAxisStepperBoard\..\..\..\..\AppData\Local\arduino15\packages\arduino\hardware\renesas_uno\1.2.2\variants\UNOWIFIR4;C:\Users\sfcsarge\source\repos\Stepper\zAxisStepperBoard\..\..\..\..\AppData\Local\arduino15\packages\arduino\hardware\renesas_uno\1.2.2\variants\UNOWIFIR4\includes\ra\fsp\inc;C:\Users\sfcsarge\source\repos\Stepper\zAxisStepperBoard\..\..\..\..\AppData\Local\arduino15\packages\arduino\hardware\renesas_uno\1.2.2\variants\UNOWIFIR4\includes\ra\fsp\inc\api;C:\Users\sfcsarge\source\repos\Stepper\zAxisStepperBoard\..\..\..\..\AppData\Local\arduino15\packages\arduino\hardware\renesas_uno\1.2.2\variants\UNOWIFIR4\includes\ra\fsp\inc\instances;C:\Users\sfcsarge\source\repos\Stepper\zAxisStepperBoard\..\..\..\..\AppData\Local\arduino15\packages\arduino\hardware\renesas_uno\1.2.2\variants\UNOWIFIR4\includes\ra\arm\CMSIS_5\CMSIS\Core\Include;C:\Users\sfcsarge\source\repos\Stepper\zAxisStepperBoard\..\..\..\..\AppData\Local\arduino15\packages\arduino\hardware\renesas_uno\1.2.2\variants\UNOWIFIR4\includes\ra_gen;C:\Users\sfcsarge\source\repos\Stepper\zAxisStepperBoard\..\..\..\..\AppData\Local\arduino15\packages\arduino\hardware\renesas_uno\1.2.2\variants\UNOWIFIR4\includes\ra_cfg\fsp_cfg\bsp;C:\Users\sfcsarge\source\repos\Stepper\zAxisStepperBoard\..\..\..\..\AppData\Local\arduino15\packages\arduino\hardware\renesas_uno\1.2.2\variants\UNOWIFIR4\includes\ra_cfg\fsp_cfg;C:\Users\sfcsarge\source\repos\Stepper\zAxisStepperBoard\..\..\..\..\AppData\Local\arduino15\packages\arduino\hardware\renesas_uno\1.2.2\variants\UNOWIFIR4\includes\ra\fsp\src\r_usb_basic\src\driver\inc;C:\Users\sfcsarge\source\repos\Stepper\zAxisStepperBoard\..\..\..\..\AppData\Local\arduino15\packages\arduino\hardware\renesas_uno\1.2.2\variants\UNOWIFIR4\includes\ra\fsp\src\r_sce\crypto_procedures\src\sce5\plainkey\private\inc;C:\Users\sfcsarge\source\repos\Stepper\zAxisStepperBoard\..\..\..\..\AppData\Local\arduino15\packages\arduino\hardware\renesas_uno\1.2.2\variants\UNOWIFIR4\includes\ra\fsp\src\r_sce\crypto_procedures\src\sce5\plainkey\public\inc;C:\Users\sfcsarge\source\repos\Stepper\zAxisStepperBoard\..\..\..\..\AppData\Local\arduino15\packages\arduino\hardware\renesas_uno\1.2.2\variants\UNOWIFIR4\includes\ra\fsp\src\r_sce\common;C:\Users\sfcsarge\source\repos\Stepper\zAxisStepperBoard\..\..\..\..\AppData\Local\arduino15\packages\arduino\hardware\renesas_uno\1.2.2\variants\UNOWIFIR4\includes\ra\fsp\src\r_sce;C:\Users\sfcsarge\source\repos\Stepper\zAxisStepperBoard\..\..\..\..\appdata\local\arduino15\packages\arduino\tools\arm-none-eabi-gcc\7-2017q4\arm-none-eabi\include\c++\7.2.1;C:\Users\sfcsarge\source\repos\Stepper\zAxisStepperBoard\..\..\..\..\appdata\local\arduino15\packages\arduino\tools\arm-none-eabi-gcc\7-2017q4\arm-none-eabi\include\c++\7.2.1\arm-none-eabi\thumb\v7e-m\fpv4-sp\hard;C:\Users\sfcsarge\source\repos\Stepper\zAxisStepperBoard\..\..\..\..\appdata\local\arduino15\packages\arduino\tools\arm-none-eabi-gcc\7-2017q4\arm-none-eabi\include\c++\7.2.1\backward;C:\Users\sfcsarge\source\repos\Stepper\zAxisStepperBoard\..\..\..\..\appdata\local\arduino15\packages\arduino\tools\arm-none-eabi-gcc\7-2017q4\lib\gcc\arm-none-eabi\7.2.1\include;C:\Users\sfcsarge\source\repos\Stepper\zAxisStepperBoard\..\..\..\..\appdata\local\arduino15\packages\arduino\tools\arm-none-eabi-gcc\7-2017q4\lib\gcc\arm-none-eabi\7.2.1\include-fixed;C:\Users\sfcsarge\source\repos\Stepper\zAxisStepperBoard\..\..\..\..\appdata\local\arduino15\packages\arduino\tools\arm-none-eabi-gcc\7-2017q4\arm-none-eabi\include;C:\Users\sfcsarge\source\repos\Stepper\zAxisStepperBoard\..\..\..\..\OneDrive\Documents\Arduino\libraries\AccelStepper\src;C:\Users\sfcsarge\source\repos\Stepper\zAxisStepperBoard\..\..\..\..\OneDrive\Documents\Arduino\libraries\AccelStepperWithDistances\src;C:\Users\sfcsarge\source\repos\Stepper\zAxisStepperBoard\..\..\..\..\OneDrive\Documents\Arduino\libraries\LimitSwitch\src;C:\Users\sfcsarge\source\repos\Stepper\zAxisStepperBoard\..\..\..\..\OneDrive\Documents\Arduino\libraries\ezButton\src;
                                     CAdditionalWarning=
                                     ClangMode=true
                                     CLanguageStandard=gnu11
                                     CompileAs=Default
                                     CppAdditionalWarning=
                                     CppLanguageStandard=c++17
                                     DebugInformationFormat=FullDebug
                                     DeploymentContent=true
                                     EnableNeonCodegen=false
                                     EnablePREfast=false
                                     ExceptionHandling=Enabled
                                     FileType=CppCode
                                     ForcedIncludeFiles=C:\Users\sfcsarge\source\repos\Stepper\zAxisStepperBoard\..\..\..\..\..\..\program files\microsoft visual studio\2022\community\common7\ide\extensions\jbmj4m1q.esc\Micro Platforms\default\vm-intelli-pre.h;C:\Users\sfcsarge\source\repos\Stepper\zAxisStepperBoard\..\..\..\..\AppData\Local\Temp\VMBuilds\zAxisStepperBoard\unor4wifi\Debug\.vmintelli\343258c388b113a50165afb21891c86d\vm-intelli-gcc-defines.h;C:\Users\sfcsarge\source\repos\Stepper\zAxisStepperBoard\..\..\..\..\..\..\program files\microsoft visual studio\2022\community\common7\ide\extensions\jbmj4m1q.esc\Micro Platforms\default\vm-intelli-post.h;C:\Users\sfcsarge\source\repos\Stepper\zAxisStepperBoard\__vm\.zAxisStepperBoard.vsarduino.h;
                                     GccToolChain=C:\Users\sfcsarge\source\repos\Stepper\zAxisStepperBoard\..\..\..\..\AppData\Local\arduino15\packages\arduino\tools\arm-none-eabi-gcc\7-2017q4\bin\arm-none-eabi-g++
                                     HideInlineMethods=false
                                     IgnoreStandardIncludePath=true
                                     ImpLibCompiled=
                                     LibCompiled=
                                     LinkCompiled=true
                                     LinkTimeOptimization=false
                                     MakeStringsReadOnly=true
                                     MinimalRebuildFromTracking=true
                                     NoCommonBlocks=false
                                     NormalizedLocalFullPath=C:\Users\sfcsarge\source\repos\Stepper\zAxisStepperBoard\zAxisStepperBoard.ino
                                     ObjCAutomaticRefCounting=true
                                     ObjCExceptionHandling=Disabled
                                     ObjectFileName=C:\Users\sfcsarge\source\repos\Stepper\zAxisStepperBoard\obj\x64\Debug\%(filename).o
                                     OmitFramePointers=false
                                     Optimization=Disabled
                                     PositionIndependentCode=false
                                     PrecompiledHeader=NotUsing
                                     PrecompiledHeaderCompileAs=CompileAsCpp
                                     PrecompiledHeaderOutputFile=
                                     PrecompiledHeaderOutputFileDirectory=C:\Users\sfcsarge\source\repos\Stepper\zAxisStepperBoard\obj\x64\Debug\
                                     PreprocessorDefinitions=_VMICRO_INTELLISENSE;_VMDEBUG=1;F_CPU=48000000;NO_USB;BACKTRACE_SUPPORT;ARDUINO_UNOR4_WIFI;ARDUINO=108010;ARDUINO_UNOWIFIR4;ARDUINO_ARCH_RENESAS_UNO;ARDUINO_ARCH_RENESAS;ARDUINO_FSP;_XOPEN_SOURCE=700;CFG_TUSB_MCU=OPT_MCU_RAXXX;
                                     ProgramDatabaseFileName=C:\Users\sfcsarge\source\repos\Stepper\zAxisStepperBoard\obj\x64\Debug\
                                     RelaxIEEE=false
                                     RuntimeTypeInfo=true
                                     StrictAliasing=false
                                     SymbolsHiddenByDefault=false
                                     ThreadSafeStatics=Yes
                                     ThumbMode=Disabled
                                     TreatWarningAsError=false
                                     UndefineAllPreprocessorDefinitions=true
                                     UnrollLoops=false
                                     Verbose=false
                                     WarningLevel=EnableAllWarnings
                             __vm\.zAxisStepperBoard.vsarduino.h
                                     NormalizedLocalFullPath=C:\Users\sfcsarge\source\repos\Stepper\zAxisStepperBoard\__vm\.zAxisStepperBoard.vsarduino.h
                             src\arduino folders read me.txt
                                     CopyToOutputDirectory=Never
                                     NormalizedLocalFullPath=C:\Users\sfcsarge\source\repos\Stepper\zAxisStepperBoard\src\arduino folders read me.txt (TaskId:23)
                     Task Parameter:CopySourcesEnabled=true (TaskId:23)
                     Task Parameter:PreBuildEventEnabled=true (TaskId:23)
                     Task Parameter:RemotePreBuildEventEnabled=true (TaskId:23)
                     Checking if current project requires a remote connection. (TaskId:23)
                     Current project requires a remote connection. (TaskId:23)
                     Output Property: RequireRemoteConnection=True (TaskId:23)
                   Done executing task "RequiresRemoteConnection". (TaskId:23)
17:23:48.478     1>Done building target "_RequiresRemoteConnection" in project "zAxisStepperBoard.vcxproj".: (TargetId:30)
17:23:48.478     1>Target "_ResolveRemoteTarget: (TargetId:31)" in file "C:\Program Files\Microsoft Visual Studio\2022\Community\MSBuild\Microsoft\VC\v170\Application Type\Linux\1.0\Linux.targets" from project "C:\Users\sfcsarge\source\repos\Stepper\zAxisStepperBoard\zAxisStepperBoard.vcxproj" (target "PreBuildEvent" depends on it):
                   Using "ResolveRemoteTarget" task from assembly "C:\Program Files\Microsoft Visual Studio\2022\Community\MSBuild\Microsoft\VC\v170\Application Type\Linux\1.0\Microsoft.Build.Linux.Tasks.dll".
                   Task "ResolveRemoteTarget" (TaskId:24)
                     Task Parameter:RequireRemoteConnection=True (TaskId:24)
17:23:48.483     1>C:\Program Files\Microsoft Visual Studio\2022\Community\MSBuild\Microsoft\VC\v170\Application Type\Linux\1.0\Linux.targets(158,5): error : There are no remote machines configured for remote builds. Please configure a machine using Tools | Options | Cross Platform | Connection Manager.
                     Output Property: RemoteTargetResolved=False (TaskId:24)
                   Done executing task "ResolveRemoteTarget" -- FAILED. (TaskId:24)
17:23:48.483     1>Done building target "_ResolveRemoteTarget" in project "zAxisStepperBoard.vcxproj" -- FAILED.: (TargetId:31)
17:23:48.484     1>Done Building Project "C:\Users\sfcsarge\source\repos\Stepper\zAxisStepperBoard\zAxisStepperBoard.vcxproj" (Build target(s)) -- FAILED.

Project Evaluation Performance Summary:
       11 ms  C:\Users\sfcsarge\source\repos\Stepper\zAxisStepperBoard\zAxisStepperBoard.vcxproj   1 calls

Project Performance Summary:
       45 ms  C:\Users\sfcsarge\source\repos\Stepper\zAxisStepperBoard\zAxisStepperBoard.vcxproj   1 calls
                 45 ms  Build                                      1 calls

Target Performance Summary:
        0 ms  AddExternalIncludDirectoriesToPaths        1 calls
        0 ms  ExpandSDKReferences                        1 calls
        0 ms  ResolveSDKReferences                       1 calls
        0 ms  ResolveReferences                          1 calls
        0 ms  SetCABuildNativeEnvironmentVariables       1 calls
        0 ms  GetResolvedWinMD                           1 calls
        0 ms  BuildGenerateSourcesTraverse               1 calls
        0 ms  GetReferenceAssemblyPaths                  1 calls
        0 ms  GetFrameworkPaths                          1 calls
        0 ms  ResolveAssemblyReferences                  1 calls
        0 ms  ResolveProjectReferences                   1 calls
        0 ms  _GetProjectReferenceTargetFrameworkProperties   1 calls
        0 ms  _AddOutputPathToGlobalPropertiesToRemove   1 calls
        0 ms  _SplitProjectReferencesByFileExistence     1 calls
        0 ms  IgnoreJavaScriptOutputAssembly             1 calls
        0 ms  BeforeResolveReferences                    1 calls
        0 ms  _PrepareForReferenceResolution             1 calls
        0 ms  _PrepareForBuild                           1 calls
        0 ms  BeforeBuildGenerateSources                 1 calls
        0 ms  AfterResolveReferences                     1 calls
        1 ms  AssignProjectConfiguration                 1 calls
        1 ms  SetBuildDefaultEnvironmentVariables        1 calls
        2 ms  PrepareProjectReferences                   1 calls
        2 ms  _CheckForInvalidConfigurationAndPlatform   1 calls
        3 ms  _RequiresRemoteConnection                  1 calls
        3 ms  PrepareForBuild                            1 calls
        4 ms  InitializeBuildStatus                      1 calls
        5 ms  _ResolveRemoteTarget                       1 calls
        6 ms  SetTelemetryEnvironmentVariables           1 calls
       17 ms  _ConsolidateSourcesToCopy                  1 calls

Task Performance Summary:
        0 ms  MSBuild                                    1 calls
        0 ms  SetRidAgnosticValueForProjects             1 calls
        0 ms  ReadLinesFromFile                          1 calls
        1 ms  WriteLinesToFile                           1 calls
        1 ms  Message                                    2 calls
        1 ms  Touch                                      1 calls
        1 ms  AssignProjectConfiguration                 1 calls
        1 ms  MakeDir                                    2 calls
        3 ms  RequiresRemoteConnection                   1 calls
        4 ms  SetEnv                                    10 calls
        5 ms  ResolveRemoteTarget                        1 calls
       16 ms  ConsolidateSourcesToCopy                   1 calls

Build FAILED.

                   "C:\Users\sfcsarge\source\repos\Stepper\zAxisStepperBoard\zAxisStepperBoard.vcxproj" (Build target) (1) ->
                   (_ResolveRemoteTarget target) -> 
                     C:\Program Files\Microsoft Visual Studio\2022\Community\MSBuild\Microsoft\VC\v170\Application Type\Linux\1.0\Linux.targets(158,5): error : There are no remote machines configured for remote builds. Please configure a machine using Tools | Options | Cross Platform | Connection Manager.

    0 Warning(s)
    1 Error(s)

Time Elapsed 00:00:00.03
