11/16/2024 19:08:44 [Information] Stepper Motor Controller Application Started.
11/16/2024 19:08:44 [Information] Version: 3.0.9085.27496 (11/16/2024 19:08:44)
11/16/2024 19:08:44 [Information] SerialPort COM7 not connected.
11/16/2024 19:08:44 [Information] SerialPort COM8 not connected.
11/16/2024 19:08:45 [Information] Stepper Motor Controller Application Started.
11/16/2024 19:08:45 [Information] Version: 3.0.9085.27496 (11/16/2024 19:08:45)
11/16/2024 19:08:45 [Information] Stepper Motor Controller Application Settings Window Opened.
11/16/2024 19:08:45 [Information] Stepper Motor Controller Application Settings form is rebuilt each and every time it is opened.
11/16/2024 19:08:45 [Information] int: 9600 BaudRate added to the Settings Form.
11/16/2024 19:08:45 [Information] decimal: 1.00 BuildVersion added to the Settings Form.
11/16/2024 19:08:45 [Information] Z Axis Data Received: ?
11/16/2024 19:08:45 [Information] bool: False ckbXaxisResetToZeroIsChecked added to the Settings Form.
11/16/2024 19:08:45 [Information] bool: False ckbYaxisResetToZeroIsChecked added to the Settings Form.
11/16/2024 19:08:45 [Information] bool: False ckbZaxisResetToZeroIsChecked added to the Settings Form.
11/16/2024 19:08:45 [Information] COM1: ComPort added to the Settings Form.
11/16/2024 19:08:45 [Information] COM2: ComPort added to the Settings Form.
11/16/2024 19:08:45 [Information] COM3: ComPort added to the Settings Form.
11/16/2024 19:08:45 [Information] COM4: ComPort added to the Settings Form.
11/16/2024 19:08:45 [Information] COM5: ComPort added to the Settings Form.
11/16/2024 19:08:45 [Information] COM6: ComPort added to the Settings Form.
11/16/2024 19:08:45 [Information] COM7: ComPort added to the Settings Form.
11/16/2024 19:08:45 [Information] COM8: ComPort added to the Settings Form.
11/16/2024 19:08:45 [Information] COM9: ComPort added to the Settings Form.
11/16/2024 19:08:45 [Information] COM10: ComPort added to the Settings Form.
11/16/2024 19:08:45 [Information] decimal: 4.00 Divider4_00 added to the Settings Form.
11/16/2024 19:08:45 [Information] decimal: 0.00 MathPart2Initlz added to the Settings Form.
11/16/2024 19:08:45 [Information] decimal: 1.00 MilisecondTimerInterval added to the Settings Form.
11/16/2024 19:08:45 [Information] decimal: 1000.00 MillisecondDelay added to the Settings Form.
11/16/2024 19:08:45 [Information] int: 1000 Milliseconds added to the Settings Form.
11/16/2024 19:08:45 [Information] int: 4 mmPerRevolution added to the Settings Form.
11/16/2024 19:08:45 [Information] int: 2000 ThreadSleep added to the Settings Form.
11/16/2024 19:08:45 [Information] decimal: 0.00 Value_0_00 added to the Settings Form.
11/16/2024 19:08:45 [Information] decimal: 50.00 XaxisAcceleration added to the Settings Form.
11/16/2024 19:08:45 [Information] bool: False XaxisChanged added to the Settings Form.
11/16/2024 19:08:45 [Information] decimal: 400.00 XaxisMotorSpeed added to the Settings Form.
11/16/2024 19:08:45 [Information] decimal: 0.00 XaxisStepperCurrent added to the Settings Form.
11/16/2024 19:08:45 [Information] decimal: 0.00 XaxisStepperMove added to the Settings Form.
11/16/2024 19:08:45 [Information] XCOM1: XComPort added to the Settings Form.
11/16/2024 19:08:45 [Information] XCOM2: XComPort added to the Settings Form.
11/16/2024 19:08:45 [Information] XCOM3: XComPort added to the Settings Form.
11/16/2024 19:08:45 [Information] XCOM4: XComPort added to the Settings Form.
11/16/2024 19:08:45 [Information] XCOM5: XComPort added to the Settings Form.
11/16/2024 19:08:45 [Information] XCOM6: XComPort added to the Settings Form.
11/16/2024 19:08:45 [Information] XCOM7: XComPort added to the Settings Form.
11/16/2024 19:08:45 [Information] XCOM8: XComPort added to the Settings Form.
11/16/2024 19:08:45 [Information] XCOM9: XComPort added to the Settings Form.
11/16/2024 19:08:45 [Information] XCOM10: XComPort added to the Settings Form.
11/16/2024 19:08:45 [Information] decimal: 50.00 YaxisAcceleration added to the Settings Form.
11/16/2024 19:08:45 [Information] bool: False YaxisChanged added to the Settings Form.
11/16/2024 19:08:45 [Information] decimal: 400.00 YaxisMotorSpeed added to the Settings Form.
11/16/2024 19:08:45 [Information] decimal: 0.00 YaxisStepperCurrent added to the Settings Form.
11/16/2024 19:08:45 [Information] decimal: 0.00 YaxisStepperMove added to the Settings Form.
11/16/2024 19:08:45 [Information] YCOM1: YComPort added to the Settings Form.
11/16/2024 19:08:45 [Information] YCOM2: YComPort added to the Settings Form.
11/16/2024 19:08:45 [Information] YCOM3: YComPort added to the Settings Form.
11/16/2024 19:08:45 [Information] YCOM4: YComPort added to the Settings Form.
11/16/2024 19:08:45 [Information] YCOM5: YComPort added to the Settings Form.
11/16/2024 19:08:45 [Information] YCOM6: YComPort added to the Settings Form.
11/16/2024 19:08:45 [Information] YCOM7: YComPort added to the Settings Form.
11/16/2024 19:08:45 [Information] YCOM8: YComPort added to the Settings Form.
11/16/2024 19:08:45 [Information] YCOM9: YComPort added to the Settings Form.
11/16/2024 19:08:45 [Information] YCOM10: YComPort added to the Settings Form.
11/16/2024 19:08:45 [Information] decimal: 50.00 ZaxisAcceleration added to the Settings Form.
11/16/2024 19:08:45 [Information] bool: False ZaxisChanged added to the Settings Form.
11/16/2024 19:08:45 [Information] decimal: 400.00 ZaxisMotorSpeed added to the Settings Form.
11/16/2024 19:08:45 [Information] decimal: 0.00 ZaxisStepperCurrent added to the Settings Form.
11/16/2024 19:08:45 [Information] decimal: 0.00 ZaxisStepperMove added to the Settings Form.
11/16/2024 19:08:45 [Information] ZCOM1: ZComPort added to the Settings Form.
11/16/2024 19:08:45 [Information] ZCOM2: ZComPort added to the Settings Form.
11/16/2024 19:08:45 [Information] ZCOM3: ZComPort added to the Settings Form.
11/16/2024 19:08:45 [Information] ZCOM4: ZComPort added to the Settings Form.
11/16/2024 19:08:45 [Information] ZCOM5: ZComPort added to the Settings Form.
11/16/2024 19:08:45 [Information] ZCOM6: ZComPort added to the Settings Form.
11/16/2024 19:08:45 [Information] ZCOM7: ZComPort added to the Settings Form.
11/16/2024 19:08:45 [Information] ZCOM8: ZComPort added to the Settings Form.
11/16/2024 19:08:45 [Information] ZCOM9: ZComPort added to the Settings Form.
11/16/2024 19:08:45 [Information] ZCOM10: ZComPort added to the Settings Form.
11/16/2024 19:08:45 [Information] int: 0 zeroXaxis added to the Settings Form.
11/16/2024 19:08:45 [Information] int: 0 zeroYaxis added to the Settings Form.
11/16/2024 19:08:45 [Information] int: 0 zeroZaxis added to the Settings Form.
11/16/2024 19:08:45 [Information] Stepper Motor Controller MainWindow loaded
11/16/2024 19:08:45 [Information] Set MainWindow Media Brushes to White.
11/16/2024 19:08:54 [Information] Z Axis mouse controlled Keypad returned: 64.00
11/16/2024 19:08:55 [Information] Z Axis Run button clicked:
11/16/2024 19:08:55 [Information] Z Axis MotorMovementSeconds decimal: (64.00 / 4) / 2 = 8.00
11/16/2024 19:08:56 [Information] Z Axis Run Event: Z,0.00,400.00,0,0.00,400.00,0,64.00,400.00,0
11/16/2024 19:08:56 [Information] Z Axis Current Time: 07:08:56 + 8000 = 07:09:04
11/16/2024 19:08:56 [Information] Stepper Motor Controller Disable Z Axis controls while moving to location.
11/16/2024 19:08:56 [Information] Time remaining: 00:00:00 targetEndTime = 07:09:04
11/16/2024 19:08:56 [Information] Stepper Motor Controller Disable Z Axis controls while moving to location.
11/16/2024 19:08:56 [Information] Time remaining: 00:00:00 targetEndTime = 07:09:04
11/16/2024 19:08:56 [Information] Stepper Motor Controller Disable Z Axis controls while moving to location.
11/16/2024 19:08:56 [Information] Time remaining: 00:00:00 targetEndTime = 07:09:04
11/16/2024 19:08:56 [Information] Z Axis Data Received: s
11/16/2024 19:08:56 [Information] Z Axis Data Received: e
11/16/2024 19:08:56 [Information] Z Axis Data Received: r
11/16/2024 19:08:56 [Information] Z Axis Data Received: i
11/16/2024 19:08:56 [Information] Z Axis Data Received: a
11/16/2024 19:08:56 [Information] Z Axis Data Received: l
11/16/2024 19:08:56 [Information] Z Axis Data Received: D
11/16/2024 19:08:56 [Information] Z Axis Data Received: a
11/16/2024 19:08:56 [Information] Z Axis Data Received: t
11/16/2024 19:08:56 [Information] Z Axis Data Received: a
11/16/2024 19:08:56 [Information] Z Axis Data Received: :
11/16/2024 19:08:56 [Information] Z Axis Data Received:  
11/16/2024 19:08:56 [Information] Z Axis Data Received: Z
11/16/2024 19:08:56 [Information] Z Axis Data Received: ,
11/16/2024 19:08:56 [Information] Stepper Motor Controller Disable Z Axis controls while moving to location.
11/16/2024 19:08:56 [Information] Z Axis Data Received: 0
11/16/2024 19:08:56 [Information] Time remaining: 00:00:00 targetEndTime = 07:09:04
11/16/2024 19:08:56 [Information] Z Axis Data Received: .
11/16/2024 19:08:56 [Information] Z Axis Data Received: 0
11/16/2024 19:08:56 [Information] Z Axis Data Received: 0
11/16/2024 19:08:56 [Information] Z Axis Data Received: ,
11/16/2024 19:08:56 [Information] Z Axis Data Received: 4
11/16/2024 19:08:56 [Information] Z Axis Data Received: 0
11/16/2024 19:08:56 [Information] Z Axis Data Received: 0
11/16/2024 19:08:56 [Information] Z Axis Data Received: .
11/16/2024 19:08:56 [Information] Z Axis Data Received: 0
11/16/2024 19:08:56 [Information] Z Axis Data Received: 0
11/16/2024 19:08:56 [Information] Z Axis Data Received: ,
11/16/2024 19:08:56 [Information] Z Axis Data Received: 0
11/16/2024 19:08:56 [Information] Z Axis Data Received: ,
11/16/2024 19:08:56 [Information] Z Axis Data Received: 0
11/16/2024 19:08:56 [Information] Z Axis Data Received: .
11/16/2024 19:08:56 [Information] Z Axis Data Received: 0
11/16/2024 19:08:56 [Information] Z Axis Data Received: 0
11/16/2024 19:08:56 [Information] Z Axis Data Received: ,
11/16/2024 19:08:56 [Information] Z Axis Data Received: 4
11/16/2024 19:08:56 [Information] Z Axis Data Received: 0
11/16/2024 19:08:56 [Information] Z Axis Data Received: 0
11/16/2024 19:08:56 [Information] Z Axis Data Received: .
11/16/2024 19:08:56 [Information] Z Axis Data Received: 0
11/16/2024 19:08:56 [Information] Z Axis Data Received: 0
11/16/2024 19:08:56 [Information] Z Axis Data Received: ,
11/16/2024 19:08:56 [Information] Z Axis Data Received: 0
11/16/2024 19:08:56 [Information] Z Axis Data Received: ,
11/16/2024 19:08:56 [Information] Z Axis Data Received: 6
11/16/2024 19:08:56 [Information] Z Axis Data Received: 4
11/16/2024 19:08:56 [Information] Stepper Motor Controller Disable Z Axis controls while moving to location.
11/16/2024 19:08:56 [Information] Z Axis Data Received: .
11/16/2024 19:08:56 [Information] Time remaining: 00:00:00 targetEndTime = 07:09:04
11/16/2024 19:08:56 [Information] Z Axis Data Received: 0
11/16/2024 19:08:56 [Information] Z Axis Data Received: 0
11/16/2024 19:08:56 [Information] Z Axis Data Received: ,
11/16/2024 19:08:56 [Information] Z Axis Data Received: 4
11/16/2024 19:08:56 [Information] Z Axis Data Received: 0
11/16/2024 19:08:56 [Information] Z Axis Data Received: 0
11/16/2024 19:08:56 [Information] Z Axis Data Received: .
11/16/2024 19:08:56 [Information] Z Axis Data Received: 0
11/16/2024 19:08:56 [Information] Z Axis Data Received: 0
11/16/2024 19:08:56 [Information] Z Axis Data Received: ,
11/16/2024 19:08:56 [Information] Z Axis Data Received: 0
11/16/2024 19:08:56 [Information] Z Axis Data Received: 
11/16/2024 19:08:56 [Information] Z Axis Data Received: 

11/16/2024 19:08:56 [Information] Stepper Motor Controller Disable Z Axis controls while moving to location.
11/16/2024 19:08:56 [Information] Time remaining: 00:00:00 targetEndTime = 07:09:04
11/16/2024 19:08:56 [Information] Stepper Motor Controller Disable Z Axis controls while moving to location.
11/16/2024 19:08:56 [Information] Time remaining: 00:00:00 targetEndTime = 07:09:04
11/16/2024 19:08:56 [Information] Stepper Motor Controller Disable Z Axis controls while moving to location.
11/16/2024 19:08:56 [Information] Time remaining: 00:00:00 targetEndTime = 07:09:04
11/16/2024 19:08:56 [Information] Stepper Motor Controller Disable Z Axis controls while moving to location.
11/16/2024 19:08:56 [Information] Time remaining: 00:00:00 targetEndTime = 07:09:04
11/16/2024 19:08:56 [Information] Stepper Motor Controller Disable Z Axis controls while moving to location.
11/16/2024 19:08:56 [Information] Time remaining: 00:00:00 targetEndTime = 07:09:04
11/16/2024 19:08:56 [Information] Stepper Motor Controller Disable Z Axis controls while moving to location.
11/16/2024 19:08:56 [Information] Time remaining: 00:00:00 targetEndTime = 07:09:04
11/16/2024 19:08:56 [Information] Stepper Motor Controller Disable Z Axis controls while moving to location.
11/16/2024 19:08:56 [Information] Time remaining: 00:00:00 targetEndTime = 07:09:04
11/16/2024 19:08:56 [Information] Stepper Motor Controller Disable Z Axis controls while moving to location.
11/16/2024 19:08:56 [Information] Time remaining: 00:00:00 targetEndTime = 07:09:04
11/16/2024 19:08:56 [Information] Stepper Motor Controller Disable Z Axis controls while moving to location.
11/16/2024 19:08:56 [Information] Time remaining: 00:00:00 targetEndTime = 07:09:04
11/16/2024 19:08:56 [Information] Stepper Motor Controller Disable Z Axis controls while moving to location.
11/16/2024 19:08:56 [Information] Time remaining: 00:00:00 targetEndTime = 07:09:04
11/16/2024 19:08:56 [Information] Stepper Motor Controller Disable Z Axis controls while moving to location.
11/16/2024 19:08:56 [Information] Time remaining: 00:00:00 targetEndTime = 07:09:04
11/16/2024 19:08:56 [Information] Stepper Motor Controller Disable Z Axis controls while moving to location.
11/16/2024 19:08:56 [Information] Time remaining: 00:00:00 targetEndTime = 07:09:04
11/16/2024 19:08:56 [Information] Stepper Motor Controller Disable Z Axis controls while moving to location.
11/16/2024 19:08:56 [Information] Time remaining: 00:00:00 targetEndTime = 07:09:04
11/16/2024 19:08:56 [Information] Stepper Motor Controller Disable Z Axis controls while moving to location.
11/16/2024 19:08:56 [Information] Time remaining: 00:00:00 targetEndTime = 07:09:04
11/16/2024 19:08:56 [Information] Stepper Motor Controller Disable Z Axis controls while moving to location.
11/16/2024 19:08:56 [Information] Time remaining: 00:00:00 targetEndTime = 07:09:04
11/16/2024 19:08:56 [Information] Stepper Motor Controller Disable Z Axis controls while moving to location.
11/16/2024 19:08:56 [Information] Time remaining: 00:00:00 targetEndTime = 07:09:04
11/16/2024 19:08:56 [Information] Stepper Motor Controller Disable Z Axis controls while moving to location.
11/16/2024 19:08:56 [Information] Time remaining: 00:00:00 targetEndTime = 07:09:04
11/16/2024 19:08:56 [Information] Stepper Motor Controller Disable Z Axis controls while moving to location.
11/16/2024 19:08:56 [Information] Time remaining: 00:00:00 targetEndTime = 07:09:04
11/16/2024 19:08:56 [Information] Stepper Motor Controller Disable Z Axis controls while moving to location.
11/16/2024 19:08:56 [Information] Time remaining: 00:00:00 targetEndTime = 07:09:04
11/16/2024 19:08:56 [Information] Stepper Motor Controller Disable Z Axis controls while moving to location.
11/16/2024 19:08:56 [Information] Time remaining: 00:00:00 targetEndTime = 07:09:04
11/16/2024 19:08:56 [Information] Stepper Motor Controller Disable Z Axis controls while moving to location.
11/16/2024 19:08:56 [Information] Time remaining: 00:00:00 targetEndTime = 07:09:04
11/16/2024 19:08:56 [Information] Stepper Motor Controller Disable Z Axis controls while moving to location.
11/16/2024 19:08:56 [Information] Time remaining: 00:00:00 targetEndTime = 07:09:04
11/16/2024 19:08:56 [Information] Stepper Motor Controller Disable Z Axis controls while moving to location.
11/16/2024 19:08:56 [Information] Time remaining: 00:00:00 targetEndTime = 07:09:04
11/16/2024 19:08:56 [Information] Stepper Motor Controller Disable Z Axis controls while moving to location.
11/16/2024 19:08:56 [Information] Time remaining: 00:00:00 targetEndTime = 07:09:04
11/16/2024 19:08:56 [Information] Stepper Motor Controller Disable Z Axis controls while moving to location.
11/16/2024 19:08:56 [Information] Time remaining: 00:00:00 targetEndTime = 07:09:04
11/16/2024 19:08:56 [Information] Stepper Motor Controller Disable Z Axis controls while moving to location.
11/16/2024 19:08:56 [Information] Time remaining: 00:00:00 targetEndTime = 07:09:04
11/16/2024 19:08:56 [Information] Stepper Motor Controller Disable Z Axis controls while moving to location.
11/16/2024 19:08:56 [Information] Time remaining: 00:00:00 targetEndTime = 07:09:04
11/16/2024 19:08:56 [Information] Stepper Motor Controller Disable Z Axis controls while moving to location.
11/16/2024 19:08:56 [Information] Time remaining: 00:00:00 targetEndTime = 07:09:04
11/16/2024 19:08:57 [Information] Stepper Motor Controller Disable Z Axis controls while moving to location.
11/16/2024 19:08:57 [Information] Time remaining: 00:00:00 targetEndTime = 07:09:04
11/16/2024 19:08:57 [Information] Stepper Motor Controller Disable Z Axis controls while moving to location.
11/16/2024 19:08:57 [Information] Time remaining: 00:00:00 targetEndTime = 07:09:04
11/16/2024 19:08:57 [Information] Stepper Motor Controller Disable Z Axis controls while moving to location.
11/16/2024 19:08:57 [Information] Time remaining: 00:00:00 targetEndTime = 07:09:04
11/16/2024 19:08:57 [Information] Stepper Motor Controller Disable Z Axis controls while moving to location.
11/16/2024 19:08:57 [Information] Time remaining: 00:00:00 targetEndTime = 07:09:04
11/16/2024 19:08:57 [Information] Z Axis Data Received: Z
11/16/2024 19:08:57 [Information] Z Axis Data Received:  
11/16/2024 19:08:57 [Information] Z Axis Data Received: A
11/16/2024 19:08:57 [Information] Z Axis Data Received: x
11/16/2024 19:08:57 [Information] Z Axis Data Received: i
11/16/2024 19:08:57 [Information] Z Axis Data Received: s
11/16/2024 19:08:57 [Information] Z Axis Data Received:  
11/16/2024 19:08:57 [Information] Z Axis Data Received: C
11/16/2024 19:08:57 [Information] Z Axis Data Received: C
11/16/2024 19:08:57 [Information] Z Axis Data Received: W
11/16/2024 19:08:57 [Information] Z Axis Data Received:  
11/16/2024 19:08:57 [Information] Z Axis Data Received: S
11/16/2024 19:08:57 [Information] Z Axis Data Received: T
11/16/2024 19:08:57 [Information] Z Axis Data Received: O
11/16/2024 19:08:57 [Information] Stepper Motor Controller Disable Z Axis controls while moving to location.
11/16/2024 19:08:57 [Information] Time remaining: 00:00:00 targetEndTime = 07:09:04
11/16/2024 19:08:57 [Information] Z Axis Data Received: P
11/16/2024 19:08:57 [Information] Z Axis Data Received: P
11/16/2024 19:08:57 [Information] Z Axis Data Received: E
11/16/2024 19:08:57 [Information] Z Axis Data Received: D
11/16/2024 19:08:57 [Information] Z Axis Data Received: 
11/16/2024 19:08:57 [Information] Z Axis Data Received: 

11/16/2024 19:08:57 [Information] Z Axis Data Received: Z
11/16/2024 19:08:57 [Information] Z Axis Data Received:  
11/16/2024 19:08:57 [Information] Z Axis Data Received: A
11/16/2024 19:08:57 [Information] Z Axis Data Received: x
11/16/2024 19:08:57 [Information] Z Axis Data Received: i
11/16/2024 19:08:57 [Information] Z Axis Data Received: s
11/16/2024 19:08:57 [Information] Z Axis Data Received:  
11/16/2024 19:08:57 [Information] Z Axis Data Received: C
11/16/2024 19:08:57 [Information] Z Axis Data Received: C
11/16/2024 19:08:57 [Information] Z Axis Data Received: W
11/16/2024 19:08:57 [Information] Z Axis Data Received:  
11/16/2024 19:08:57 [Information] Z Axis Data Received: S
11/16/2024 19:08:57 [Information] Z Axis Data Received: T
11/16/2024 19:08:57 [Information] Z Axis Data Received: O
11/16/2024 19:08:57 [Information] Z Axis Data Received: P
11/16/2024 19:08:57 [Information] Z Axis Data Received: P
11/16/2024 19:08:57 [Information] Z Axis Data Received: E
11/16/2024 19:08:57 [Information] Z Axis Data Received: D
11/16/2024 19:08:57 [Information] Z Axis Data Received: 
11/16/2024 19:08:57 [Information] Z Axis Data Received: 

11/16/2024 19:08:57 [Information] Z Axis Data Received: Z
11/16/2024 19:08:57 [Information] Z Axis Data Received:  
11/16/2024 19:08:57 [Information] Stepper Motor Controller Disable Z Axis controls while moving to location.
11/16/2024 19:08:57 [Information] Time remaining: 00:00:00 targetEndTime = 07:09:04
11/16/2024 19:08:57 [Information] Z Axis Data Received: x
11/16/2024 19:08:57 [Information] Z Axis Data Received: i
11/16/2024 19:08:57 [Information] Z Axis Data Received: s
11/16/2024 19:08:57 [Information] Z Axis Data Received:  
11/16/2024 19:08:57 [Information] Z Axis Data Received: C
11/16/2024 19:08:57 [Information] Z Axis Data Received: C
11/16/2024 19:08:57 [Information] Z Axis Data Received: W
11/16/2024 19:08:57 [Information] Z Axis Data Received:  
11/16/2024 19:08:57 [Information] Z Axis Data Received: S
11/16/2024 19:08:57 [Information] Z Axis Data Received: T
11/16/2024 19:08:57 [Information] Z Axis Data Received: O
11/16/2024 19:08:57 [Information] Z Axis Data Received: P
11/16/2024 19:08:57 [Information] Z Axis Data Received: P
11/16/2024 19:08:57 [Information] Z Axis Data Received: E
11/16/2024 19:08:57 [Information] Z Axis Data Received: D
11/16/2024 19:08:57 [Information] Z Axis Data Received: 
11/16/2024 19:08:57 [Information] Z Axis Data Received: 

11/16/2024 19:08:57 [Information] Z Axis Data Received: Z
11/16/2024 19:08:57 [Information] Z Axis Data Received:  
11/16/2024 19:08:57 [Information] Z Axis Data Received: A
11/16/2024 19:08:57 [Information] Z Axis Data Received: x
11/16/2024 19:08:57 [Information] Z Axis Data Received: i
11/16/2024 19:08:57 [Information] Z Axis Data Received: s
11/16/2024 19:08:57 [Information] Z Axis Data Received:  
11/16/2024 19:08:57 [Information] Z Axis Data Received: C
11/16/2024 19:08:57 [Information] Z Axis Data Received: C
11/16/2024 19:08:57 [Information] Z Axis Data Received: W
11/16/2024 19:08:57 [Information] Z Axis Data Received:  
11/16/2024 19:08:57 [Information] Stepper Motor Controller Disable Z Axis controls while moving to location.
11/16/2024 19:08:57 [Information] Time remaining: 00:00:00 targetEndTime = 07:09:04
11/16/2024 19:08:57 [Information] Z Axis Data Received: T
11/16/2024 19:08:57 [Information] Z Axis Data Received: O
11/16/2024 19:08:57 [Information] Z Axis Data Received: P
11/16/2024 19:08:57 [Information] Z Axis Data Received: P
11/16/2024 19:08:57 [Information] Z Axis Data Received: E
11/16/2024 19:08:57 [Information] Z Axis Data Received: D
11/16/2024 19:08:57 [Information] Z Axis Data Received: 
11/16/2024 19:08:57 [Information] Z Axis Data Received: 

11/16/2024 19:08:57 [Information] Z Axis Data Received: Z
11/16/2024 19:08:57 [Information] Z Axis Data Received:  
11/16/2024 19:08:57 [Information] Z Axis Data Received: A
11/16/2024 19:08:57 [Information] Z Axis Data Received: x
11/16/2024 19:08:57 [Information] Z Axis Data Received: i
11/16/2024 19:08:57 [Information] Z Axis Data Received: s
11/16/2024 19:08:57 [Information] Stepper Motor Controller Disable Z Axis controls while moving to location.
11/16/2024 19:08:57 [Information] Time remaining: 00:00:00 targetEndTime = 07:09:04
11/16/2024 19:08:57 [Information] Z Axis Data Received:  
11/16/2024 19:08:57 [Information] Z Axis Data Received: C
11/16/2024 19:08:57 [Information] Z Axis Data Received: C
11/16/2024 19:08:57 [Information] Z Axis Data Received: W
11/16/2024 19:08:57 [Information] Z Axis Data Received:  
11/16/2024 19:08:57 [Information] Z Axis Data Received: S
11/16/2024 19:08:57 [Information] Z Axis Data Received: T
11/16/2024 19:08:57 [Information] Z Axis Data Received: O
11/16/2024 19:08:57 [Information] Z Axis Data Received: P
11/16/2024 19:08:57 [Information] Z Axis Data Received: P
11/16/2024 19:08:57 [Information] Z Axis Data Received: E
11/16/2024 19:08:57 [Information] Z Axis Data Received: D
11/16/2024 19:08:57 [Information] Z Axis Data Received: 
11/16/2024 19:08:57 [Information] Z Axis Data Received: 

11/16/2024 19:08:57 [Information] Stepper Motor Controller Disable Z Axis controls while moving to location.
11/16/2024 19:08:57 [Information] Z Axis Data Received: Z
11/16/2024 19:08:57 [Information] Time remaining: 00:00:00 targetEndTime = 07:09:04
11/16/2024 19:08:57 [Information] Z Axis Data Received:  
11/16/2024 19:08:57 [Information] Z Axis Data Received: A
11/16/2024 19:08:57 [Information] Z Axis Data Received: x
11/16/2024 19:08:57 [Information] Z Axis Data Received: i
11/16/2024 19:08:57 [Information] Z Axis Data Received: s
11/16/2024 19:08:57 [Information] Z Axis Data Received:  
11/16/2024 19:08:57 [Information] Z Axis Data Received: C
11/16/2024 19:08:57 [Information] Z Axis Data Received: C
11/16/2024 19:08:57 [Information] Z Axis Data Received: W
11/16/2024 19:08:57 [Information] Z Axis Data Received:  
11/16/2024 19:08:57 [Information] Z Axis Data Received: S
11/16/2024 19:08:57 [Information] Z Axis Data Received: T
11/16/2024 19:08:57 [Information] Z Axis Data Received: O
11/16/2024 19:08:57 [Information] Z Axis Data Received: P
11/16/2024 19:08:57 [Information] Stepper Motor Controller Disable Z Axis controls while moving to location.
11/16/2024 19:08:57 [Information] Time remaining: 00:00:00 targetEndTime = 07:09:04
11/16/2024 19:08:57 [Information] Z Axis Data Received: P
11/16/2024 19:08:57 [Information] Z Axis Data Received: E
11/16/2024 19:08:57 [Information] Z Axis Data Received: D
11/16/2024 19:08:57 [Information] Z Axis Data Received: 
11/16/2024 19:08:57 [Information] Z Axis Data Received: 

11/16/2024 19:08:57 [Information] Z Axis Data Received: Z
11/16/2024 19:08:57 [Information] Z Axis Data Received:  
11/16/2024 19:08:57 [Information] Z Axis Data Received: A
11/16/2024 19:08:57 [Information] Z Axis Data Received: x
11/16/2024 19:08:57 [Information] Z Axis Data Received: i
11/16/2024 19:08:57 [Information] Z Axis Data Received: s
11/16/2024 19:08:57 [Information] Z Axis Data Received:  
11/16/2024 19:08:57 [Information] Z Axis Data Received: C
11/16/2024 19:08:57 [Information] Z Axis Data Received: C
11/16/2024 19:08:57 [Information] Stepper Motor Controller Disable Z Axis controls while moving to location.
11/16/2024 19:08:57 [Information] Time remaining: 00:00:00 targetEndTime = 07:09:04
11/16/2024 19:08:57 [Information] Z Axis Data Received: W
11/16/2024 19:08:57 [Information] Z Axis Data Received:  
11/16/2024 19:08:57 [Information] Z Axis Data Received: S
11/16/2024 19:08:57 [Information] Z Axis Data Received: T
11/16/2024 19:08:57 [Information] Z Axis Data Received: O
11/16/2024 19:08:57 [Information] Z Axis Data Received: P
11/16/2024 19:08:57 [Information] Z Axis Data Received: P
11/16/2024 19:08:57 [Information] Z Axis Data Received: E
11/16/2024 19:08:57 [Information] Z Axis Data Received: D
11/16/2024 19:08:57 [Information] Z Axis Data Received: 
11/16/2024 19:08:57 [Information] Z Axis Data Received: 

11/16/2024 19:08:57 [Information] Z Axis Data Received: Z
11/16/2024 19:08:57 [Information] Z Axis Data Received:  
11/16/2024 19:08:57 [Information] Z Axis Data Received: A
11/16/2024 19:08:57 [Information] Z Axis Data Received: x
11/16/2024 19:08:57 [Information] Stepper Motor Controller Disable Z Axis controls while moving to location.
11/16/2024 19:08:57 [Information] Time remaining: 00:00:00 targetEndTime = 07:09:04
11/16/2024 19:08:57 [Information] Z Axis Data Received: i
11/16/2024 19:08:57 [Information] Z Axis Data Received: s
11/16/2024 19:08:57 [Information] Z Axis Data Received:  
11/16/2024 19:08:57 [Information] Z Axis Data Received: C
11/16/2024 19:08:57 [Information] Z Axis Data Received: C
11/16/2024 19:08:57 [Information] Z Axis Data Received: W
11/16/2024 19:08:57 [Information] Z Axis Data Received:  
11/16/2024 19:08:57 [Information] Z Axis Data Received: S
11/16/2024 19:08:57 [Information] Z Axis Data Received: T
11/16/2024 19:08:57 [Information] Z Axis Data Received: O
11/16/2024 19:08:57 [Information] Z Axis Data Received: P
11/16/2024 19:08:57 [Information] Z Axis Data Received: P
11/16/2024 19:08:57 [Information] Z Axis Data Received: E
11/16/2024 19:08:57 [Information] Z Axis Data Received: D
11/16/2024 19:08:57 [Information] Stepper Motor Controller Disable Z Axis controls while moving to location.
11/16/2024 19:08:57 [Information] Time remaining: 00:00:00 targetEndTime = 07:09:04
11/16/2024 19:08:57 [Information] Z Axis Data Received: 
11/16/2024 19:08:57 [Information] Z Axis Data Received: 

11/16/2024 19:08:57 [Information] Z Axis Data Received: Z
11/16/2024 19:08:57 [Information] Z Axis Data Received:  
11/16/2024 19:08:57 [Information] Z Axis Data Received: A
11/16/2024 19:08:57 [Information] Z Axis Data Received: x
11/16/2024 19:08:57 [Information] Z Axis Data Received: i
11/16/2024 19:08:57 [Information] Z Axis Data Received: s
11/16/2024 19:08:57 [Information] Z Axis Data Received:  
11/16/2024 19:08:57 [Information] Z Axis Data Received: C
11/16/2024 19:08:57 [Information] Z Axis Data Received: C
11/16/2024 19:08:57 [Information] Z Axis Data Received: W
11/16/2024 19:08:57 [Information] Z Axis Data Received:  
11/16/2024 19:08:57 [Information] Z Axis Data Received: S
11/16/2024 19:08:57 [Information] Stepper Motor Controller Disable Z Axis controls while moving to location.
11/16/2024 19:08:57 [Information] Z Axis Data Received: T
11/16/2024 19:08:57 [Information] Time remaining: 00:00:00 targetEndTime = 07:09:04
11/16/2024 19:08:57 [Information] Z Axis Data Received: O
11/16/2024 19:08:57 [Information] Z Axis Data Received: P
11/16/2024 19:08:57 [Information] Z Axis Data Received: P
11/16/2024 19:08:57 [Information] Z Axis Data Received: E
11/16/2024 19:08:57 [Information] Z Axis Data Received: D
11/16/2024 19:08:57 [Information] Z Axis Data Received: 
11/16/2024 19:08:57 [Information] Z Axis Data Received: 

11/16/2024 19:08:57 [Information] Z Axis Data Received: Z
11/16/2024 19:08:57 [Information] Z Axis Data Received:  
11/16/2024 19:08:57 [Information] Z Axis Data Received: A
11/16/2024 19:08:57 [Information] Z Axis Data Received: x
11/16/2024 19:08:57 [Information] Z Axis Data Received: i
11/16/2024 19:08:57 [Information] Z Axis Data Received: s
11/16/2024 19:08:57 [Information] Z Axis Data Received:  
11/16/2024 19:08:57 [Information] Stepper Motor Controller Disable Z Axis controls while moving to location.
11/16/2024 19:08:57 [Information] Time remaining: 00:00:00 targetEndTime = 07:09:04
11/16/2024 19:08:57 [Information] Z Axis Data Received: C
11/16/2024 19:08:57 [Information] Z Axis Data Received: C
11/16/2024 19:08:57 [Information] Z Axis Data Received: W
11/16/2024 19:08:57 [Information] Z Axis Data Received:  
11/16/2024 19:08:57 [Information] Z Axis Data Received: S
11/16/2024 19:08:57 [Information] Z Axis Data Received: T
11/16/2024 19:08:57 [Information] Z Axis Data Received: O
11/16/2024 19:08:57 [Information] Z Axis Data Received: P
11/16/2024 19:08:57 [Information] Z Axis Data Received: P
11/16/2024 19:08:57 [Information] Z Axis Data Received: E
11/16/2024 19:08:57 [Information] Z Axis Data Received: D
11/16/2024 19:08:57 [Information] Z Axis Data Received: 
11/16/2024 19:08:57 [Information] Z Axis Data Received: 

11/16/2024 19:08:57 [Information] Z Axis Data Received: Z
11/16/2024 19:08:57 [Information] Stepper Motor Controller Disable Z Axis controls while moving to location.
11/16/2024 19:08:57 [Information] Z Axis Data Received:  
11/16/2024 19:08:57 [Information] Time remaining: 00:00:00 targetEndTime = 07:09:04
11/16/2024 19:08:57 [Information] Z Axis Data Received: A
11/16/2024 19:08:57 [Information] Z Axis Data Received: x
11/16/2024 19:08:57 [Information] Z Axis Data Received: i
11/16/2024 19:08:57 [Information] Z Axis Data Received: s
11/16/2024 19:08:57 [Information] Z Axis Data Received:  
11/16/2024 19:08:57 [Information] Z Axis Data Received: C
11/16/2024 19:08:57 [Information] Z Axis Data Received: C
11/16/2024 19:08:57 [Information] Z Axis Data Received: W
11/16/2024 19:08:57 [Information] Z Axis Data Received:  
11/16/2024 19:08:57 [Information] Z Axis Data Received: S
11/16/2024 19:08:57 [Information] Z Axis Data Received: T
11/16/2024 19:08:57 [Information] Z Axis Data Received: O
11/16/2024 19:08:57 [Information] Z Axis Data Received: P
11/16/2024 19:08:57 [Information] Z Axis Data Received: P
11/16/2024 19:08:57 [Information] Stepper Motor Controller Disable Z Axis controls while moving to location.
11/16/2024 19:08:57 [Information] Time remaining: 00:00:00 targetEndTime = 07:09:04
11/16/2024 19:08:57 [Information] Z Axis Data Received: E
11/16/2024 19:08:57 [Information] Z Axis Data Received: D
11/16/2024 19:08:57 [Information] Z Axis Data Received: 
11/16/2024 19:08:57 [Information] Z Axis Data Received: 

11/16/2024 19:08:57 [Information] Z Axis Data Received: Z
11/16/2024 19:08:57 [Information] Z Axis Data Received:  
11/16/2024 19:08:57 [Information] Z Axis Data Received: A
11/16/2024 19:08:57 [Information] Z Axis Data Received: x
11/16/2024 19:08:57 [Information] Z Axis Data Received: i
11/16/2024 19:08:57 [Information] Z Axis Data Received: s
11/16/2024 19:08:57 [Information] Z Axis Data Received:  
11/16/2024 19:08:57 [Information] Z Axis Data Received: C
11/16/2024 19:08:57 [Information] Z Axis Data Received: C
11/16/2024 19:08:57 [Information] Z Axis Data Received: W
11/16/2024 19:08:57 [Information] Stepper Motor Controller Disable Z Axis controls while moving to location.
11/16/2024 19:08:57 [Information] Time remaining: 00:00:00 targetEndTime = 07:09:04
11/16/2024 19:08:57 [Information] Z Axis Data Received:  
11/16/2024 19:08:57 [Information] Z Axis Data Received: S
11/16/2024 19:08:57 [Information] Z Axis Data Received: T
11/16/2024 19:08:57 [Information] Z Axis Data Received: O
11/16/2024 19:08:57 [Information] Z Axis Data Received: P
11/16/2024 19:08:57 [Information] Z Axis Data Received: P
11/16/2024 19:08:57 [Information] Z Axis Data Received: E
11/16/2024 19:08:57 [Information] Z Axis Data Received: D
11/16/2024 19:08:57 [Information] Z Axis Data Received: 
11/16/2024 19:08:57 [Information] Z Axis Data Received: 

11/16/2024 19:08:57 [Information] Z Axis Data Received: Z
11/16/2024 19:08:57 [Information] Z Axis Data Received:  
11/16/2024 19:08:57 [Information] Z Axis Data Received: A
11/16/2024 19:08:57 [Information] Z Axis Data Received: x
11/16/2024 19:08:57 [Information] Z Axis Data Received: i
11/16/2024 19:08:57 [Information] Stepper Motor Controller Disable Z Axis controls while moving to location.
11/16/2024 19:08:57 [Information] Time remaining: 00:00:00 targetEndTime = 07:09:04
11/16/2024 19:08:57 [Information] Z Axis Data Received: s
11/16/2024 19:08:57 [Information] Z Axis Data Received:  
11/16/2024 19:08:57 [Information] Z Axis Data Received: C
11/16/2024 19:08:57 [Information] Z Axis Data Received: C
11/16/2024 19:08:57 [Information] Z Axis Data Received: W
11/16/2024 19:08:57 [Information] Z Axis Data Received:  
11/16/2024 19:08:57 [Information] Z Axis Data Received: S
11/16/2024 19:08:57 [Information] Z Axis Data Received: T
11/16/2024 19:08:57 [Information] Z Axis Data Received: O
11/16/2024 19:08:57 [Information] Z Axis Data Received: P
11/16/2024 19:08:57 [Information] Z Axis Data Received: P
11/16/2024 19:08:57 [Information] Z Axis Data Received: E
11/16/2024 19:08:57 [Information] Z Axis Data Received: D
11/16/2024 19:08:57 [Information] Z Axis Data Received: 
11/16/2024 19:08:57 [Information] Z Axis Data Received: 

11/16/2024 19:08:57 [Information] Stepper Motor Controller Disable Z Axis controls while moving to location.
11/16/2024 19:08:57 [Information] Time remaining: 00:00:00 targetEndTime = 07:09:04
11/16/2024 19:08:57 [Information] Stepper Motor Controller Disable Z Axis controls while moving to location.
11/16/2024 19:08:57 [Information] Time remaining: 00:00:00 targetEndTime = 07:09:04
11/16/2024 19:08:57 [Information] Stepper Motor Controller Disable Z Axis controls while moving to location.
11/16/2024 19:08:57 [Information] Time remaining: 00:00:00 targetEndTime = 07:09:04
11/16/2024 19:08:57 [Information] Stepper Motor Controller Disable Z Axis controls while moving to location.
11/16/2024 19:08:57 [Information] Time remaining: 00:00:00 targetEndTime = 07:09:04
11/16/2024 19:08:57 [Information] Stepper Motor Controller Disable Z Axis controls while moving to location.
11/16/2024 19:08:57 [Information] Time remaining: 00:00:00 targetEndTime = 07:09:04
11/16/2024 19:08:57 [Information] Stepper Motor Controller Disable Z Axis controls while moving to location.
11/16/2024 19:08:57 [Information] Time remaining: 00:00:00 targetEndTime = 07:09:04
11/16/2024 19:08:57 [Information] Stepper Motor Controller Disable Z Axis controls while moving to location.
11/16/2024 19:08:57 [Information] Time remaining: 00:00:01 targetEndTime = 07:09:04
11/16/2024 19:08:57 [Information] Stepper Motor Controller Disable Z Axis controls while moving to location.
11/16/2024 19:08:57 [Information] Time remaining: 00:00:01 targetEndTime = 07:09:04
11/16/2024 19:08:57 [Information] Stepper Motor Controller Disable Z Axis controls while moving to location.
11/16/2024 19:08:57 [Information] Time remaining: 00:00:01 targetEndTime = 07:09:04
11/16/2024 19:08:57 [Information] Stepper Motor Controller Disable Z Axis controls while moving to location.
11/16/2024 19:08:57 [Information] Time remaining: 00:00:01 targetEndTime = 07:09:04
11/16/2024 19:08:57 [Information] Stepper Motor Controller Disable Z Axis controls while moving to location.
11/16/2024 19:08:57 [Information] Time remaining: 00:00:01 targetEndTime = 07:09:04
11/16/2024 19:08:57 [Information] Stepper Motor Controller Disable Z Axis controls while moving to location.
11/16/2024 19:08:57 [Information] Time remaining: 00:00:01 targetEndTime = 07:09:04
11/16/2024 19:08:57 [Information] Stepper Motor Controller Disable Z Axis controls while moving to location.
11/16/2024 19:08:57 [Information] Time remaining: 00:00:01 targetEndTime = 07:09:04
11/16/2024 19:08:57 [Information] Stepper Motor Controller Disable Z Axis controls while moving to location.
11/16/2024 19:08:57 [Information] Time remaining: 00:00:01 targetEndTime = 07:09:04
11/16/2024 19:08:57 [Information] Stepper Motor Controller Disable Z Axis controls while moving to location.
11/16/2024 19:08:57 [Information] Time remaining: 00:00:01 targetEndTime = 07:09:04
11/16/2024 19:08:57 [Information] Stepper Motor Controller Disable Z Axis controls while moving to location.
11/16/2024 19:08:57 [Information] Time remaining: 00:00:01 targetEndTime = 07:09:04
11/16/2024 19:08:57 [Information] Stepper Motor Controller Disable Z Axis controls while moving to location.
11/16/2024 19:08:57 [Information] Time remaining: 00:00:01 targetEndTime = 07:09:04
11/16/2024 19:08:57 [Information] Stepper Motor Controller Disable Z Axis controls while moving to location.
11/16/2024 19:08:57 [Information] Time remaining: 00:00:01 targetEndTime = 07:09:04
11/16/2024 19:08:57 [Information] Stepper Motor Controller Disable Z Axis controls while moving to location.
11/16/2024 19:08:57 [Information] Time remaining: 00:00:01 targetEndTime = 07:09:04
11/16/2024 19:08:57 [Information] Stepper Motor Controller Disable Z Axis controls while moving to location.
11/16/2024 19:08:57 [Information] Time remaining: 00:00:01 targetEndTime = 07:09:04
11/16/2024 19:08:57 [Information] Stepper Motor Controller Disable Z Axis controls while moving to location.
11/16/2024 19:08:57 [Information] Time remaining: 00:00:01 targetEndTime = 07:09:04
11/16/2024 19:08:57 [Information] Z Axis Data Received: Z
11/16/2024 19:08:57 [Information] Z Axis Data Received:  
11/16/2024 19:08:57 [Information] Z Axis Data Received: A
11/16/2024 19:08:57 [Information] Z Axis Data Received: x
11/16/2024 19:08:57 [Information] Stepper Motor Controller Disable Z Axis controls while moving to location.
11/16/2024 19:08:57 [Information] Time remaining: 00:00:01 targetEndTime = 07:09:04
11/16/2024 19:08:57 [Information] Z Axis Data Received: i
11/16/2024 19:08:57 [Information] Z Axis Data Received: s
11/16/2024 19:08:57 [Information] Z Axis Data Received:  
11/16/2024 19:08:57 [Information] Z Axis Data Received: r
11/16/2024 19:08:57 [Information] Z Axis Data Received: e
11/16/2024 19:08:57 [Information] Z Axis Data Received: a
11/16/2024 19:08:57 [Information] Z Axis Data Received: c
11/16/2024 19:08:57 [Information] Z Axis Data Received: h
11/16/2024 19:08:57 [Information] Z Axis Data Received: e
11/16/2024 19:08:57 [Information] Z Axis Data Received: d
11/16/2024 19:08:57 [Information] Z Axis Data Received:  
11/16/2024 19:08:57 [Information] Z Axis Data Received: t
11/16/2024 19:08:57 [Information] Z Axis Data Received: a
11/16/2024 19:08:57 [Information] Z Axis Data Received: r
11/16/2024 19:08:57 [Information] Stepper Motor Controller Disable Z Axis controls while moving to location.
11/16/2024 19:08:57 [Information] Time remaining: 00:00:01 targetEndTime = 07:09:04
11/16/2024 19:08:57 [Information] Z Axis Data Received: g
11/16/2024 19:08:57 [Information] Z Axis Data Received: e
11/16/2024 19:08:57 [Information] Z Axis Data Received: t
11/16/2024 19:08:57 [Information] Z Axis Data Received:  
11/16/2024 19:08:57 [Information] Z Axis Data Received: p
11/16/2024 19:08:57 [Information] Z Axis Data Received: o
11/16/2024 19:08:57 [Information] Z Axis Data Received: s
11/16/2024 19:08:57 [Information] Z Axis Data Received: i
11/16/2024 19:08:57 [Information] Z Axis Data Received: t
11/16/2024 19:08:57 [Information] Z Axis Data Received: i
11/16/2024 19:08:57 [Information] Z Axis Data Received: o
11/16/2024 19:08:57 [Information] Z Axis Data Received: n
11/16/2024 19:08:57 [Information] Z Axis Data Received: ,
11/16/2024 19:08:57 [Information] Z Axis Data Received:  
11/16/2024 19:08:57 [Information] Z Axis Data Received: Z
11/16/2024 19:08:57 [Information] Stepper Motor Controller Disable Z Axis controls while moving to location.
11/16/2024 19:08:57 [Information] Time remaining: 00:00:01 targetEndTime = 07:09:04
11/16/2024 19:08:57 [Information] Z Axis Data Received:  
11/16/2024 19:08:57 [Information] Z Axis Data Received: A
11/16/2024 19:08:57 [Information] Z Axis Data Received: x
11/16/2024 19:08:57 [Information] Z Axis Data Received: i
11/16/2024 19:08:57 [Information] Z Axis Data Received: s
11/16/2024 19:08:57 [Information] Z Axis Data Received:  
11/16/2024 19:08:57 [Information] Z Axis Data Received: C
11/16/2024 19:08:57 [Information] Z Axis Data Received: u
11/16/2024 19:08:57 [Information] Z Axis Data Received: r
11/16/2024 19:08:57 [Information] Z Axis Data Received: r
11/16/2024 19:08:57 [Information] Z Axis Data Received: e
11/16/2024 19:08:57 [Information] Z Axis Data Received: n
11/16/2024 19:08:57 [Information] Z Axis Data Received: t
11/16/2024 19:08:57 [Information] Z Axis Data Received:  
11/16/2024 19:08:57 [Information] Stepper Motor Controller Disable Z Axis controls while moving to location.
11/16/2024 19:08:57 [Information] Time remaining: 00:00:01 targetEndTime = 07:09:04
11/16/2024 19:08:57 [Information] Z Axis Data Received: o
11/16/2024 19:08:57 [Information] Z Axis Data Received: s
11/16/2024 19:08:57 [Information] Z Axis Data Received: i
11/16/2024 19:08:57 [Information] Z Axis Data Received: t
11/16/2024 19:08:57 [Information] Z Axis Data Received: i
11/16/2024 19:08:57 [Information] Z Axis Data Received: o
11/16/2024 19:08:57 [Information] Z Axis Data Received: n
11/16/2024 19:08:57 [Information] Z Axis Data Received: :
11/16/2024 19:08:57 [Information] Z Axis Data Received:  
11/16/2024 19:08:57 [Information] Z Axis Data Received: 0
11/16/2024 19:08:57 [Information] Z Axis Data Received: .
11/16/2024 19:08:57 [Information] Z Axis Data Received: 0
11/16/2024 19:08:57 [Information] Z Axis Data Received: 0
11/16/2024 19:08:57 [Information] Z Axis Data Received: 
11/16/2024 19:08:57 [Information] Stepper Motor Controller Disable Z Axis controls while moving to location.
11/16/2024 19:08:57 [Information] Time remaining: 00:00:01 targetEndTime = 07:09:04
11/16/2024 19:08:57 [Information] Z Axis Data Received: 

11/16/2024 19:08:57 [Information] Stepper Motor Controller Disable Z Axis controls while moving to location.
11/16/2024 19:08:57 [Information] Time remaining: 00:00:01 targetEndTime = 07:09:04
11/16/2024 19:08:57 [Information] Stepper Motor Controller Disable Z Axis controls while moving to location.
11/16/2024 19:08:57 [Information] Time remaining: 00:00:01 targetEndTime = 07:09:04
11/16/2024 19:08:57 [Information] Stepper Motor Controller Disable Z Axis controls while moving to location.
11/16/2024 19:08:57 [Information] Time remaining: 00:00:01 targetEndTime = 07:09:04
11/16/2024 19:08:57 [Information] Stepper Motor Controller Disable Z Axis controls while moving to location.
11/16/2024 19:08:57 [Information] Time remaining: 00:00:01 targetEndTime = 07:09:04
11/16/2024 19:08:57 [Information] Stepper Motor Controller Disable Z Axis controls while moving to location.
11/16/2024 19:08:57 [Information] Time remaining: 00:00:01 targetEndTime = 07:09:04
11/16/2024 19:08:57 [Information] Stepper Motor Controller Disable Z Axis controls while moving to location.
11/16/2024 19:08:57 [Information] Time remaining: 00:00:01 targetEndTime = 07:09:04
11/16/2024 19:08:57 [Information] Stepper Motor Controller Disable Z Axis controls while moving to location.
11/16/2024 19:08:57 [Information] Time remaining: 00:00:01 targetEndTime = 07:09:04
11/16/2024 19:08:57 [Information] Stepper Motor Controller Disable Z Axis controls while moving to location.
11/16/2024 19:08:57 [Information] Time remaining: 00:00:01 targetEndTime = 07:09:04
11/16/2024 19:08:57 [Information] Stepper Motor Controller Disable Z Axis controls while moving to location.
11/16/2024 19:08:57 [Information] Time remaining: 00:00:01 targetEndTime = 07:09:04
11/16/2024 19:08:57 [Information] Stepper Motor Controller Disable Z Axis controls while moving to location.
11/16/2024 19:08:57 [Information] Time remaining: 00:00:01 targetEndTime = 07:09:04
11/16/2024 19:08:57 [Information] Stepper Motor Controller Disable Z Axis controls while moving to location.
11/16/2024 19:08:57 [Information] Time remaining: 00:00:01 targetEndTime = 07:09:04
11/16/2024 19:08:57 [Information] Stepper Motor Controller Disable Z Axis controls while moving to location.
11/16/2024 19:08:57 [Information] Time remaining: 00:00:01 targetEndTime = 07:09:04
11/16/2024 19:08:57 [Information] Stepper Motor Controller Disable Z Axis controls while moving to location.
11/16/2024 19:08:57 [Information] Time remaining: 00:00:01 targetEndTime = 07:09:04
11/16/2024 19:08:57 [Information] Stepper Motor Controller Disable Z Axis controls while moving to location.
11/16/2024 19:08:57 [Information] Time remaining: 00:00:01 targetEndTime = 07:09:04
11/16/2024 19:08:58 [Information] Stepper Motor Controller Disable Z Axis controls while moving to location.
11/16/2024 19:08:58 [Information] Time remaining: 00:00:01 targetEndTime = 07:09:04
11/16/2024 19:08:58 [Information] Stepper Motor Controller Disable Z Axis controls while moving to location.
11/16/2024 19:08:58 [Information] Time remaining: 00:00:01 targetEndTime = 07:09:04
11/16/2024 19:08:58 [Information] Stepper Motor Controller Disable Z Axis controls while moving to location.
11/16/2024 19:08:58 [Information] Time remaining: 00:00:01 targetEndTime = 07:09:04
11/16/2024 19:08:58 [Information] Stepper Motor Controller Disable Z Axis controls while moving to location.
11/16/2024 19:08:58 [Information] Time remaining: 00:00:01 targetEndTime = 07:09:04
11/16/2024 19:08:58 [Information] Stepper Motor Controller Disable Z Axis controls while moving to location.
11/16/2024 19:08:58 [Information] Time remaining: 00:00:01 targetEndTime = 07:09:04
11/16/2024 19:08:58 [Information] Stepper Motor Controller Disable Z Axis controls while moving to location.
11/16/2024 19:08:58 [Information] Time remaining: 00:00:01 targetEndTime = 07:09:04
11/16/2024 19:08:58 [Information] Stepper Motor Controller Disable Z Axis controls while moving to location.
11/16/2024 19:08:58 [Information] Time remaining: 00:00:01 targetEndTime = 07:09:04
11/16/2024 19:08:58 [Information] Stepper Motor Controller Disable Z Axis controls while moving to location.
11/16/2024 19:08:58 [Information] Time remaining: 00:00:01 targetEndTime = 07:09:04
11/16/2024 19:08:58 [Information] Stepper Motor Controller Disable Z Axis controls while moving to location.
11/16/2024 19:08:58 [Information] Time remaining: 00:00:01 targetEndTime = 07:09:04
11/16/2024 19:08:58 [Information] Stepper Motor Controller Disable Z Axis controls while moving to location.
11/16/2024 19:08:58 [Information] Time remaining: 00:00:01 targetEndTime = 07:09:04
11/16/2024 19:08:58 [Information] Stepper Motor Controller Disable Z Axis controls while moving to location.
11/16/2024 19:08:58 [Information] Time remaining: 00:00:01 targetEndTime = 07:09:04
11/16/2024 19:08:58 [Information] Stepper Motor Controller Disable Z Axis controls while moving to location.
11/16/2024 19:08:58 [Information] Time remaining: 00:00:01 targetEndTime = 07:09:04
11/16/2024 19:08:58 [Information] Stepper Motor Controller Disable Z Axis controls while moving to location.
11/16/2024 19:08:58 [Information] Time remaining: 00:00:01 targetEndTime = 07:09:04
11/16/2024 19:08:58 [Information] Stepper Motor Controller Disable Z Axis controls while moving to location.
11/16/2024 19:08:58 [Information] Time remaining: 00:00:01 targetEndTime = 07:09:04
11/16/2024 19:08:58 [Information] Stepper Motor Controller Disable Z Axis controls while moving to location.
11/16/2024 19:08:58 [Information] Time remaining: 00:00:01 targetEndTime = 07:09:04
11/16/2024 19:08:58 [Information] Stepper Motor Controller Disable Z Axis controls while moving to location.
11/16/2024 19:08:58 [Information] Time remaining: 00:00:01 targetEndTime = 07:09:04
11/16/2024 19:08:58 [Information] Stepper Motor Controller Disable Z Axis controls while moving to location.
11/16/2024 19:08:58 [Information] Time remaining: 00:00:01 targetEndTime = 07:09:04
11/16/2024 19:08:58 [Information] Stepper Motor Controller Disable Z Axis controls while moving to location.
11/16/2024 19:08:58 [Information] Time remaining: 00:00:01 targetEndTime = 07:09:04
11/16/2024 19:08:58 [Information] Stepper Motor Controller Disable Z Axis controls while moving to location.
11/16/2024 19:08:58 [Information] Time remaining: 00:00:01 targetEndTime = 07:09:04
11/16/2024 19:08:58 [Information] Stepper Motor Controller Disable Z Axis controls while moving to location.
11/16/2024 19:08:58 [Information] Time remaining: 00:00:01 targetEndTime = 07:09:04
11/16/2024 19:08:58 [Information] Stepper Motor Controller Disable Z Axis controls while moving to location.
11/16/2024 19:08:58 [Information] Time remaining: 00:00:01 targetEndTime = 07:09:04
11/16/2024 19:08:58 [Information] Stepper Motor Controller Disable Z Axis controls while moving to location.
11/16/2024 19:08:58 [Information] Time remaining: 00:00:01 targetEndTime = 07:09:04
11/16/2024 19:08:58 [Information] Stepper Motor Controller Disable Z Axis controls while moving to location.
11/16/2024 19:08:58 [Information] Time remaining: 00:00:01 targetEndTime = 07:09:04
11/16/2024 19:08:58 [Information] Stepper Motor Controller Disable Z Axis controls while moving to location.
11/16/2024 19:08:58 [Information] Time remaining: 00:00:01 targetEndTime = 07:09:04
11/16/2024 19:08:58 [Information] Stepper Motor Controller Disable Z Axis controls while moving to location.
11/16/2024 19:08:58 [Information] Time remaining: 00:00:01 targetEndTime = 07:09:04
11/16/2024 19:08:58 [Information] Stepper Motor Controller Disable Z Axis controls while moving to location.
11/16/2024 19:08:58 [Information] Time remaining: 00:00:01 targetEndTime = 07:09:04
11/16/2024 19:08:58 [Information] Stepper Motor Controller Disable Z Axis controls while moving to location.
11/16/2024 19:08:58 [Information] Time remaining: 00:00:01 targetEndTime = 07:09:04
11/16/2024 19:08:58 [Information] Stepper Motor Controller Disable Z Axis controls while moving to location.
11/16/2024 19:08:58 [Information] Time remaining: 00:00:02 targetEndTime = 07:09:04
11/16/2024 19:08:58 [Information] Stepper Motor Controller Disable Z Axis controls while moving to location.
11/16/2024 19:08:58 [Information] Time remaining: 00:00:02 targetEndTime = 07:09:04
11/16/2024 19:08:58 [Information] Stepper Motor Controller Disable Z Axis controls while moving to location.
11/16/2024 19:08:58 [Information] Time remaining: 00:00:02 targetEndTime = 07:09:04
11/16/2024 19:08:58 [Information] Stepper Motor Controller Disable Z Axis controls while moving to location.
11/16/2024 19:08:58 [Information] Time remaining: 00:00:02 targetEndTime = 07:09:04
11/16/2024 19:08:58 [Information] Stepper Motor Controller Disable Z Axis controls while moving to location.
11/16/2024 19:08:58 [Information] Time remaining: 00:00:02 targetEndTime = 07:09:04
11/16/2024 19:08:58 [Information] Stepper Motor Controller Disable Z Axis controls while moving to location.
11/16/2024 19:08:58 [Information] Time remaining: 00:00:02 targetEndTime = 07:09:04
11/16/2024 19:08:58 [Information] Stepper Motor Controller Disable Z Axis controls while moving to location.
11/16/2024 19:08:58 [Information] Time remaining: 00:00:02 targetEndTime = 07:09:04
11/16/2024 19:08:58 [Information] Stepper Motor Controller Disable Z Axis controls while moving to location.
11/16/2024 19:08:58 [Information] Time remaining: 00:00:02 targetEndTime = 07:09:04
11/16/2024 19:08:58 [Information] Stepper Motor Controller Disable Z Axis controls while moving to location.
11/16/2024 19:08:58 [Information] Time remaining: 00:00:02 targetEndTime = 07:09:04
11/16/2024 19:08:58 [Information] Stepper Motor Controller Disable Z Axis controls while moving to location.
11/16/2024 19:08:58 [Information] Time remaining: 00:00:02 targetEndTime = 07:09:04
11/16/2024 19:08:58 [Information] Stepper Motor Controller Disable Z Axis controls while moving to location.
11/16/2024 19:08:58 [Information] Time remaining: 00:00:02 targetEndTime = 07:09:04
11/16/2024 19:08:58 [Information] Stepper Motor Controller Disable Z Axis controls while moving to location.
11/16/2024 19:08:58 [Information] Time remaining: 00:00:02 targetEndTime = 07:09:04
11/16/2024 19:08:58 [Information] Stepper Motor Controller Disable Z Axis controls while moving to location.
11/16/2024 19:08:58 [Information] Time remaining: 00:00:02 targetEndTime = 07:09:04
11/16/2024 19:08:58 [Information] Stepper Motor Controller Disable Z Axis controls while moving to location.
11/16/2024 19:08:58 [Information] Time remaining: 00:00:02 targetEndTime = 07:09:04
11/16/2024 19:08:58 [Information] Stepper Motor Controller Disable Z Axis controls while moving to location.
11/16/2024 19:08:58 [Information] Time remaining: 00:00:02 targetEndTime = 07:09:04
11/16/2024 19:08:58 [Information] Stepper Motor Controller Disable Z Axis controls while moving to location.
11/16/2024 19:08:58 [Information] Time remaining: 00:00:02 targetEndTime = 07:09:04
11/16/2024 19:08:58 [Information] Stepper Motor Controller Disable Z Axis controls while moving to location.
11/16/2024 19:08:58 [Information] Time remaining: 00:00:02 targetEndTime = 07:09:04
11/16/2024 19:08:58 [Information] Stepper Motor Controller Disable Z Axis controls while moving to location.
11/16/2024 19:08:58 [Information] Time remaining: 00:00:02 targetEndTime = 07:09:04
11/16/2024 19:08:58 [Information] Stepper Motor Controller Disable Z Axis controls while moving to location.
11/16/2024 19:08:58 [Information] Time remaining: 00:00:02 targetEndTime = 07:09:04
11/16/2024 19:08:58 [Information] Stepper Motor Controller Disable Z Axis controls while moving to location.
11/16/2024 19:08:58 [Information] Time remaining: 00:00:02 targetEndTime = 07:09:04
11/16/2024 19:08:58 [Information] Stepper Motor Controller Disable Z Axis controls while moving to location.
11/16/2024 19:08:58 [Information] Time remaining: 00:00:02 targetEndTime = 07:09:04
11/16/2024 19:08:58 [Information] Stepper Motor Controller Disable Z Axis controls while moving to location.
11/16/2024 19:08:58 [Information] Time remaining: 00:00:02 targetEndTime = 07:09:04
11/16/2024 19:08:58 [Information] Stepper Motor Controller Disable Z Axis controls while moving to location.
11/16/2024 19:08:58 [Information] Time remaining: 00:00:02 targetEndTime = 07:09:04
11/16/2024 19:08:58 [Information] Stepper Motor Controller Disable Z Axis controls while moving to location.
11/16/2024 19:08:58 [Information] Time remaining: 00:00:02 targetEndTime = 07:09:04
11/16/2024 19:08:58 [Information] Stepper Motor Controller Disable Z Axis controls while moving to location.
11/16/2024 19:08:58 [Information] Time remaining: 00:00:02 targetEndTime = 07:09:04
11/16/2024 19:08:58 [Information] Stepper Motor Controller Disable Z Axis controls while moving to location.
11/16/2024 19:08:58 [Information] Time remaining: 00:00:02 targetEndTime = 07:09:04
11/16/2024 19:08:58 [Information] Stepper Motor Controller Disable Z Axis controls while moving to location.
11/16/2024 19:08:58 [Information] Time remaining: 00:00:02 targetEndTime = 07:09:04
11/16/2024 19:08:58 [Information] Stepper Motor Controller Disable Z Axis controls while moving to location.
11/16/2024 19:08:58 [Information] Time remaining: 00:00:02 targetEndTime = 07:09:04
11/16/2024 19:08:58 [Information] Stepper Motor Controller Disable Z Axis controls while moving to location.
11/16/2024 19:08:58 [Information] Time remaining: 00:00:02 targetEndTime = 07:09:04
11/16/2024 19:08:58 [Information] Stepper Motor Controller Disable Z Axis controls while moving to location.
11/16/2024 19:08:58 [Information] Time remaining: 00:00:02 targetEndTime = 07:09:04
11/16/2024 19:08:58 [Information] Stepper Motor Controller Disable Z Axis controls while moving to location.
11/16/2024 19:08:58 [Information] Time remaining: 00:00:02 targetEndTime = 07:09:04
11/16/2024 19:08:58 [Information] Stepper Motor Controller Disable Z Axis controls while moving to location.
11/16/2024 19:08:58 [Information] Time remaining: 00:00:02 targetEndTime = 07:09:04
11/16/2024 19:08:58 [Information] Stepper Motor Controller Disable Z Axis controls while moving to location.
11/16/2024 19:08:58 [Information] Time remaining: 00:00:02 targetEndTime = 07:09:04
11/16/2024 19:08:58 [Information] Stepper Motor Controller Disable Z Axis controls while moving to location.
11/16/2024 19:08:58 [Information] Time remaining: 00:00:02 targetEndTime = 07:09:04
11/16/2024 19:08:59 [Information] Stepper Motor Controller Disable Z Axis controls while moving to location.
11/16/2024 19:08:59 [Information] Time remaining: 00:00:02 targetEndTime = 07:09:04
11/16/2024 19:08:59 [Information] Stepper Motor Controller Disable Z Axis controls while moving to location.
11/16/2024 19:08:59 [Information] Time remaining: 00:00:02 targetEndTime = 07:09:04
11/16/2024 19:08:59 [Information] Stepper Motor Controller Disable Z Axis controls while moving to location.
11/16/2024 19:08:59 [Information] Time remaining: 00:00:02 targetEndTime = 07:09:04
11/16/2024 19:08:59 [Information] Stepper Motor Controller Disable Z Axis controls while moving to location.
11/16/2024 19:08:59 [Information] Time remaining: 00:00:02 targetEndTime = 07:09:04
11/16/2024 19:08:59 [Information] Stepper Motor Controller Disable Z Axis controls while moving to location.
11/16/2024 19:08:59 [Information] Time remaining: 00:00:02 targetEndTime = 07:09:04
11/16/2024 19:08:59 [Information] Stepper Motor Controller Disable Z Axis controls while moving to location.
11/16/2024 19:08:59 [Information] Time remaining: 00:00:02 targetEndTime = 07:09:04
11/16/2024 19:08:59 [Information] Stepper Motor Controller Disable Z Axis controls while moving to location.
11/16/2024 19:08:59 [Information] Time remaining: 00:00:02 targetEndTime = 07:09:04
11/16/2024 19:08:59 [Information] Stepper Motor Controller Disable Z Axis controls while moving to location.
11/16/2024 19:08:59 [Information] Time remaining: 00:00:02 targetEndTime = 07:09:04
11/16/2024 19:08:59 [Information] Stepper Motor Controller Disable Z Axis controls while moving to location.
11/16/2024 19:08:59 [Information] Time remaining: 00:00:02 targetEndTime = 07:09:04
11/16/2024 19:08:59 [Information] Stepper Motor Controller Disable Z Axis controls while moving to location.
11/16/2024 19:08:59 [Information] Time remaining: 00:00:02 targetEndTime = 07:09:04
11/16/2024 19:08:59 [Information] Stepper Motor Controller Disable Z Axis controls while moving to location.
11/16/2024 19:08:59 [Information] Time remaining: 00:00:02 targetEndTime = 07:09:04
11/16/2024 19:08:59 [Information] Stepper Motor Controller Disable Z Axis controls while moving to location.
11/16/2024 19:08:59 [Information] Time remaining: 00:00:02 targetEndTime = 07:09:04
11/16/2024 19:08:59 [Information] Stepper Motor Controller Disable Z Axis controls while moving to location.
11/16/2024 19:08:59 [Information] Time remaining: 00:00:02 targetEndTime = 07:09:04
11/16/2024 19:08:59 [Information] Stepper Motor Controller Disable Z Axis controls while moving to location.
11/16/2024 19:08:59 [Information] Time remaining: 00:00:02 targetEndTime = 07:09:04
11/16/2024 19:08:59 [Information] Stepper Motor Controller Disable Z Axis controls while moving to location.
11/16/2024 19:08:59 [Information] Time remaining: 00:00:02 targetEndTime = 07:09:04
11/16/2024 19:08:59 [Information] Stepper Motor Controller Disable Z Axis controls while moving to location.
11/16/2024 19:08:59 [Information] Time remaining: 00:00:02 targetEndTime = 07:09:04
11/16/2024 19:08:59 [Information] Stepper Motor Controller Disable Z Axis controls while moving to location.
11/16/2024 19:08:59 [Information] Time remaining: 00:00:02 targetEndTime = 07:09:04
11/16/2024 19:08:59 [Information] Stepper Motor Controller Disable Z Axis controls while moving to location.
11/16/2024 19:08:59 [Information] Time remaining: 00:00:02 targetEndTime = 07:09:04
11/16/2024 19:08:59 [Information] Stepper Motor Controller Disable Z Axis controls while moving to location.
11/16/2024 19:08:59 [Information] Time remaining: 00:00:02 targetEndTime = 07:09:04
11/16/2024 19:08:59 [Information] Stepper Motor Controller Disable Z Axis controls while moving to location.
11/16/2024 19:08:59 [Information] Time remaining: 00:00:02 targetEndTime = 07:09:04
11/16/2024 19:08:59 [Information] Stepper Motor Controller Disable Z Axis controls while moving to location.
11/16/2024 19:08:59 [Information] Time remaining: 00:00:02 targetEndTime = 07:09:04
11/16/2024 19:08:59 [Information] Stepper Motor Controller Disable Z Axis controls while moving to location.
11/16/2024 19:08:59 [Information] Time remaining: 00:00:02 targetEndTime = 07:09:04
11/16/2024 19:08:59 [Information] Stepper Motor Controller Disable Z Axis controls while moving to location.
11/16/2024 19:08:59 [Information] Time remaining: 00:00:02 targetEndTime = 07:09:04
11/16/2024 19:08:59 [Information] Stepper Motor Controller Disable Z Axis controls while moving to location.
11/16/2024 19:08:59 [Information] Time remaining: 00:00:02 targetEndTime = 07:09:04
11/16/2024 19:08:59 [Information] Stepper Motor Controller Disable Z Axis controls while moving to location.
11/16/2024 19:08:59 [Information] Time remaining: 00:00:02 targetEndTime = 07:09:04
11/16/2024 19:08:59 [Information] Stepper Motor Controller Disable Z Axis controls while moving to location.
11/16/2024 19:08:59 [Information] Time remaining: 00:00:02 targetEndTime = 07:09:04
11/16/2024 19:08:59 [Information] Stepper Motor Controller Disable Z Axis controls while moving to location.
11/16/2024 19:08:59 [Information] Time remaining: 00:00:03 targetEndTime = 07:09:04
11/16/2024 19:08:59 [Information] Stepper Motor Controller Disable Z Axis controls while moving to location.
11/16/2024 19:08:59 [Information] Time remaining: 00:00:03 targetEndTime = 07:09:04
11/16/2024 19:08:59 [Information] Stepper Motor Controller Disable Z Axis controls while moving to location.
11/16/2024 19:08:59 [Information] Time remaining: 00:00:03 targetEndTime = 07:09:04
11/16/2024 19:08:59 [Information] Stepper Motor Controller Disable Z Axis controls while moving to location.
11/16/2024 19:08:59 [Information] Time remaining: 00:00:03 targetEndTime = 07:09:04
11/16/2024 19:08:59 [Information] Stepper Motor Controller Disable Z Axis controls while moving to location.
11/16/2024 19:08:59 [Information] Time remaining: 00:00:03 targetEndTime = 07:09:04
11/16/2024 19:08:59 [Information] Stepper Motor Controller Disable Z Axis controls while moving to location.
11/16/2024 19:08:59 [Information] Time remaining: 00:00:03 targetEndTime = 07:09:04
11/16/2024 19:08:59 [Information] Stepper Motor Controller Disable Z Axis controls while moving to location.
11/16/2024 19:08:59 [Information] Time remaining: 00:00:03 targetEndTime = 07:09:04
11/16/2024 19:08:59 [Information] Stepper Motor Controller Disable Z Axis controls while moving to location.
11/16/2024 19:08:59 [Information] Time remaining: 00:00:03 targetEndTime = 07:09:04
11/16/2024 19:08:59 [Information] Stepper Motor Controller Disable Z Axis controls while moving to location.
11/16/2024 19:08:59 [Information] Time remaining: 00:00:03 targetEndTime = 07:09:04
11/16/2024 19:08:59 [Information] Stepper Motor Controller Disable Z Axis controls while moving to location.
11/16/2024 19:08:59 [Information] Time remaining: 00:00:03 targetEndTime = 07:09:04
11/16/2024 19:08:59 [Information] Stepper Motor Controller Disable Z Axis controls while moving to location.
11/16/2024 19:08:59 [Information] Time remaining: 00:00:03 targetEndTime = 07:09:04
11/16/2024 19:08:59 [Information] Stepper Motor Controller Disable Z Axis controls while moving to location.
11/16/2024 19:08:59 [Information] Time remaining: 00:00:03 targetEndTime = 07:09:04
11/16/2024 19:08:59 [Information] Stepper Motor Controller Disable Z Axis controls while moving to location.
11/16/2024 19:08:59 [Information] Time remaining: 00:00:03 targetEndTime = 07:09:04
11/16/2024 19:08:59 [Information] Stepper Motor Controller Disable Z Axis controls while moving to location.
11/16/2024 19:08:59 [Information] Time remaining: 00:00:03 targetEndTime = 07:09:04
11/16/2024 19:08:59 [Information] Stepper Motor Controller Disable Z Axis controls while moving to location.
11/16/2024 19:08:59 [Information] Time remaining: 00:00:03 targetEndTime = 07:09:04
11/16/2024 19:08:59 [Information] Stepper Motor Controller Disable Z Axis controls while moving to location.
11/16/2024 19:08:59 [Information] Time remaining: 00:00:03 targetEndTime = 07:09:04
11/16/2024 19:08:59 [Information] Stepper Motor Controller Disable Z Axis controls while moving to location.
11/16/2024 19:08:59 [Information] Time remaining: 00:00:03 targetEndTime = 07:09:04
11/16/2024 19:08:59 [Information] Stepper Motor Controller Disable Z Axis controls while moving to location.
11/16/2024 19:08:59 [Information] Time remaining: 00:00:03 targetEndTime = 07:09:04
11/16/2024 19:08:59 [Information] Stepper Motor Controller Disable Z Axis controls while moving to location.
11/16/2024 19:08:59 [Information] Time remaining: 00:00:03 targetEndTime = 07:09:04
11/16/2024 19:08:59 [Information] Stepper Motor Controller Disable Z Axis controls while moving to location.
11/16/2024 19:08:59 [Information] Time remaining: 00:00:03 targetEndTime = 07:09:04
11/16/2024 19:08:59 [Information] Stepper Motor Controller Disable Z Axis controls while moving to location.
11/16/2024 19:08:59 [Information] Time remaining: 00:00:03 targetEndTime = 07:09:04
11/16/2024 19:08:59 [Information] Stepper Motor Controller Disable Z Axis controls while moving to location.
11/16/2024 19:08:59 [Information] Time remaining: 00:00:03 targetEndTime = 07:09:04
11/16/2024 19:08:59 [Information] Stepper Motor Controller Disable Z Axis controls while moving to location.
11/16/2024 19:08:59 [Information] Time remaining: 00:00:03 targetEndTime = 07:09:04
11/16/2024 19:08:59 [Information] Stepper Motor Controller Disable Z Axis controls while moving to location.
11/16/2024 19:08:59 [Information] Time remaining: 00:00:03 targetEndTime = 07:09:04
11/16/2024 19:08:59 [Information] Stepper Motor Controller Disable Z Axis controls while moving to location.
11/16/2024 19:08:59 [Information] Time remaining: 00:00:03 targetEndTime = 07:09:04
11/16/2024 19:08:59 [Information] Stepper Motor Controller Disable Z Axis controls while moving to location.
11/16/2024 19:08:59 [Information] Time remaining: 00:00:03 targetEndTime = 07:09:04
11/16/2024 19:08:59 [Information] Stepper Motor Controller Disable Z Axis controls while moving to location.
11/16/2024 19:08:59 [Information] Time remaining: 00:00:03 targetEndTime = 07:09:04
11/16/2024 19:08:59 [Information] Stepper Motor Controller Disable Z Axis controls while moving to location.
11/16/2024 19:08:59 [Information] Time remaining: 00:00:03 targetEndTime = 07:09:04
11/16/2024 19:08:59 [Information] Stepper Motor Controller Disable Z Axis controls while moving to location.
11/16/2024 19:08:59 [Information] Time remaining: 00:00:03 targetEndTime = 07:09:04
11/16/2024 19:08:59 [Information] Stepper Motor Controller Disable Z Axis controls while moving to location.
11/16/2024 19:08:59 [Information] Time remaining: 00:00:03 targetEndTime = 07:09:04
11/16/2024 19:08:59 [Information] Stepper Motor Controller Disable Z Axis controls while moving to location.
11/16/2024 19:08:59 [Information] Time remaining: 00:00:03 targetEndTime = 07:09:04
11/16/2024 19:08:59 [Information] Stepper Motor Controller Disable Z Axis controls while moving to location.
11/16/2024 19:08:59 [Information] Time remaining: 00:00:03 targetEndTime = 07:09:04
11/16/2024 19:09:00 [Information] Stepper Motor Controller Disable Z Axis controls while moving to location.
11/16/2024 19:09:00 [Information] Time remaining: 00:00:03 targetEndTime = 07:09:04
11/16/2024 19:09:00 [Information] Stepper Motor Controller Disable Z Axis controls while moving to location.
11/16/2024 19:09:00 [Information] Time remaining: 00:00:03 targetEndTime = 07:09:04
11/16/2024 19:09:00 [Information] Stepper Motor Controller Disable Z Axis controls while moving to location.
11/16/2024 19:09:00 [Information] Time remaining: 00:00:03 targetEndTime = 07:09:04
11/16/2024 19:09:00 [Information] Stepper Motor Controller Disable Z Axis controls while moving to location.
11/16/2024 19:09:00 [Information] Time remaining: 00:00:03 targetEndTime = 07:09:04
11/16/2024 19:09:00 [Information] Stepper Motor Controller Disable Z Axis controls while moving to location.
11/16/2024 19:09:00 [Information] Time remaining: 00:00:03 targetEndTime = 07:09:04
11/16/2024 19:09:00 [Information] Stepper Motor Controller Disable Z Axis controls while moving to location.
11/16/2024 19:09:00 [Information] Time remaining: 00:00:03 targetEndTime = 07:09:04
11/16/2024 19:09:00 [Information] Stepper Motor Controller Disable Z Axis controls while moving to location.
11/16/2024 19:09:00 [Information] Time remaining: 00:00:03 targetEndTime = 07:09:04
11/16/2024 19:09:00 [Information] Stepper Motor Controller Disable Z Axis controls while moving to location.
11/16/2024 19:09:00 [Information] Time remaining: 00:00:03 targetEndTime = 07:09:04
11/16/2024 19:09:00 [Information] Stepper Motor Controller Disable Z Axis controls while moving to location.
11/16/2024 19:09:00 [Information] Time remaining: 00:00:03 targetEndTime = 07:09:04
11/16/2024 19:09:00 [Information] Stepper Motor Controller Disable Z Axis controls while moving to location.
11/16/2024 19:09:00 [Information] Time remaining: 00:00:03 targetEndTime = 07:09:04
11/16/2024 19:09:00 [Information] Stepper Motor Controller Disable Z Axis controls while moving to location.
11/16/2024 19:09:00 [Information] Time remaining: 00:00:03 targetEndTime = 07:09:04
11/16/2024 19:09:00 [Information] Stepper Motor Controller Disable Z Axis controls while moving to location.
11/16/2024 19:09:00 [Information] Time remaining: 00:00:03 targetEndTime = 07:09:04
11/16/2024 19:09:00 [Information] Stepper Motor Controller Disable Z Axis controls while moving to location.
11/16/2024 19:09:00 [Information] Time remaining: 00:00:03 targetEndTime = 07:09:04
11/16/2024 19:09:00 [Information] Stepper Motor Controller Disable Z Axis controls while moving to location.
11/16/2024 19:09:00 [Information] Time remaining: 00:00:03 targetEndTime = 07:09:04
11/16/2024 19:09:00 [Information] Stepper Motor Controller Disable Z Axis controls while moving to location.
11/16/2024 19:09:00 [Information] Time remaining: 00:00:03 targetEndTime = 07:09:04
11/16/2024 19:09:00 [Information] Stepper Motor Controller Disable Z Axis controls while moving to location.
11/16/2024 19:09:00 [Information] Time remaining: 00:00:03 targetEndTime = 07:09:04
11/16/2024 19:09:00 [Information] Stepper Motor Controller Disable Z Axis controls while moving to location.
11/16/2024 19:09:00 [Information] Time remaining: 00:00:03 targetEndTime = 07:09:04
11/16/2024 19:09:00 [Information] Stepper Motor Controller Disable Z Axis controls while moving to location.
11/16/2024 19:09:00 [Information] Time remaining: 00:00:03 targetEndTime = 07:09:04
11/16/2024 19:09:00 [Information] Stepper Motor Controller Disable Z Axis controls while moving to location.
11/16/2024 19:09:00 [Information] Time remaining: 00:00:03 targetEndTime = 07:09:04
11/16/2024 19:09:00 [Information] Stepper Motor Controller Disable Z Axis controls while moving to location.
11/16/2024 19:09:00 [Information] Time remaining: 00:00:03 targetEndTime = 07:09:04
11/16/2024 19:09:00 [Information] Stepper Motor Controller Disable Z Axis controls while moving to location.
11/16/2024 19:09:00 [Information] Time remaining: 00:00:03 targetEndTime = 07:09:04
11/16/2024 19:09:00 [Information] Stepper Motor Controller Disable Z Axis controls while moving to location.
11/16/2024 19:09:00 [Information] Time remaining: 00:00:03 targetEndTime = 07:09:04
11/16/2024 19:09:00 [Information] Stepper Motor Controller Disable Z Axis controls while moving to location.
11/16/2024 19:09:00 [Information] Time remaining: 00:00:03 targetEndTime = 07:09:04
11/16/2024 19:09:00 [Information] Stepper Motor Controller Disable Z Axis controls while moving to location.
11/16/2024 19:09:00 [Information] Time remaining: 00:00:03 targetEndTime = 07:09:04
11/16/2024 19:09:00 [Information] Stepper Motor Controller Disable Z Axis controls while moving to location.
11/16/2024 19:09:00 [Information] Time remaining: 00:00:03 targetEndTime = 07:09:04
11/16/2024 19:09:00 [Information] Stepper Motor Controller Disable Z Axis controls while moving to location.
11/16/2024 19:09:00 [Information] Time remaining: 00:00:03 targetEndTime = 07:09:04
11/16/2024 19:09:00 [Information] Stepper Motor Controller Disable Z Axis controls while moving to location.
11/16/2024 19:09:00 [Information] Time remaining: 00:00:03 targetEndTime = 07:09:04
11/16/2024 19:09:00 [Information] Stepper Motor Controller Disable Z Axis controls while moving to location.
11/16/2024 19:09:00 [Information] Time remaining: 00:00:04 targetEndTime = 07:09:04
11/16/2024 19:09:00 [Information] Stepper Motor Controller Disable Z Axis controls while moving to location.
11/16/2024 19:09:00 [Information] Time remaining: 00:00:04 targetEndTime = 07:09:04
11/16/2024 19:09:00 [Information] Stepper Motor Controller Disable Z Axis controls while moving to location.
11/16/2024 19:09:00 [Information] Time remaining: 00:00:04 targetEndTime = 07:09:04
11/16/2024 19:09:00 [Information] Stepper Motor Controller Disable Z Axis controls while moving to location.
11/16/2024 19:09:00 [Information] Time remaining: 00:00:04 targetEndTime = 07:09:04
11/16/2024 19:09:00 [Information] Stepper Motor Controller Disable Z Axis controls while moving to location.
11/16/2024 19:09:00 [Information] Time remaining: 00:00:04 targetEndTime = 07:09:04
11/16/2024 19:09:00 [Information] Stepper Motor Controller Disable Z Axis controls while moving to location.
11/16/2024 19:09:00 [Information] Time remaining: 00:00:04 targetEndTime = 07:09:04
11/16/2024 19:09:00 [Information] Stepper Motor Controller Disable Z Axis controls while moving to location.
11/16/2024 19:09:00 [Information] Time remaining: 00:00:04 targetEndTime = 07:09:04
11/16/2024 19:09:00 [Information] Stepper Motor Controller Disable Z Axis controls while moving to location.
11/16/2024 19:09:00 [Information] Time remaining: 00:00:04 targetEndTime = 07:09:04
11/16/2024 19:09:00 [Information] Stepper Motor Controller Disable Z Axis controls while moving to location.
11/16/2024 19:09:00 [Information] Time remaining: 00:00:04 targetEndTime = 07:09:04
11/16/2024 19:09:00 [Information] Stepper Motor Controller Disable Z Axis controls while moving to location.
11/16/2024 19:09:00 [Information] Time remaining: 00:00:04 targetEndTime = 07:09:04
11/16/2024 19:09:00 [Information] Stepper Motor Controller Disable Z Axis controls while moving to location.
11/16/2024 19:09:00 [Information] Time remaining: 00:00:04 targetEndTime = 07:09:04
11/16/2024 19:09:00 [Information] Stepper Motor Controller Disable Z Axis controls while moving to location.
11/16/2024 19:09:00 [Information] Time remaining: 00:00:04 targetEndTime = 07:09:04
11/16/2024 19:09:00 [Information] Stepper Motor Controller Disable Z Axis controls while moving to location.
11/16/2024 19:09:00 [Information] Time remaining: 00:00:04 targetEndTime = 07:09:04
11/16/2024 19:09:00 [Information] Stepper Motor Controller Disable Z Axis controls while moving to location.
11/16/2024 19:09:00 [Information] Time remaining: 00:00:04 targetEndTime = 07:09:04
11/16/2024 19:09:00 [Information] Stepper Motor Controller Disable Z Axis controls while moving to location.
11/16/2024 19:09:00 [Information] Time remaining: 00:00:04 targetEndTime = 07:09:04
11/16/2024 19:09:00 [Information] Stepper Motor Controller Disable Z Axis controls while moving to location.
11/16/2024 19:09:00 [Information] Time remaining: 00:00:04 targetEndTime = 07:09:04
11/16/2024 19:09:00 [Information] Stepper Motor Controller Disable Z Axis controls while moving to location.
11/16/2024 19:09:00 [Information] Time remaining: 00:00:04 targetEndTime = 07:09:04
11/16/2024 19:09:00 [Information] Stepper Motor Controller Disable Z Axis controls while moving to location.
11/16/2024 19:09:00 [Information] Time remaining: 00:00:04 targetEndTime = 07:09:04
11/16/2024 19:09:00 [Information] Stepper Motor Controller Disable Z Axis controls while moving to location.
11/16/2024 19:09:00 [Information] Time remaining: 00:00:04 targetEndTime = 07:09:04
11/16/2024 19:09:00 [Information] Stepper Motor Controller Disable Z Axis controls while moving to location.
11/16/2024 19:09:00 [Information] Time remaining: 00:00:04 targetEndTime = 07:09:04
11/16/2024 19:09:00 [Information] Stepper Motor Controller Disable Z Axis controls while moving to location.
11/16/2024 19:09:00 [Information] Time remaining: 00:00:04 targetEndTime = 07:09:04
11/16/2024 19:09:00 [Information] Stepper Motor Controller Disable Z Axis controls while moving to location.
11/16/2024 19:09:00 [Information] Time remaining: 00:00:04 targetEndTime = 07:09:04
11/16/2024 19:09:00 [Information] Stepper Motor Controller Disable Z Axis controls while moving to location.
11/16/2024 19:09:00 [Information] Time remaining: 00:00:04 targetEndTime = 07:09:04
11/16/2024 19:09:00 [Information] Stepper Motor Controller Disable Z Axis controls while moving to location.
11/16/2024 19:09:00 [Information] Time remaining: 00:00:04 targetEndTime = 07:09:04
11/16/2024 19:09:00 [Information] Stepper Motor Controller Disable Z Axis controls while moving to location.
11/16/2024 19:09:00 [Information] Time remaining: 00:00:04 targetEndTime = 07:09:04
11/16/2024 19:09:00 [Information] Stepper Motor Controller Disable Z Axis controls while moving to location.
11/16/2024 19:09:00 [Information] Time remaining: 00:00:04 targetEndTime = 07:09:04
11/16/2024 19:09:00 [Information] Stepper Motor Controller Disable Z Axis controls while moving to location.
11/16/2024 19:09:00 [Information] Time remaining: 00:00:04 targetEndTime = 07:09:04
11/16/2024 19:09:00 [Information] Stepper Motor Controller Disable Z Axis controls while moving to location.
11/16/2024 19:09:00 [Information] Time remaining: 00:00:04 targetEndTime = 07:09:04
11/16/2024 19:09:00 [Information] Stepper Motor Controller Disable Z Axis controls while moving to location.
11/16/2024 19:09:00 [Information] Time remaining: 00:00:04 targetEndTime = 07:09:04
11/16/2024 19:09:00 [Information] Stepper Motor Controller Disable Z Axis controls while moving to location.
11/16/2024 19:09:00 [Information] Time remaining: 00:00:04 targetEndTime = 07:09:04
11/16/2024 19:09:00 [Information] Stepper Motor Controller Disable Z Axis controls while moving to location.
11/16/2024 19:09:00 [Information] Time remaining: 00:00:04 targetEndTime = 07:09:04
11/16/2024 19:09:00 [Information] Stepper Motor Controller Disable Z Axis controls while moving to location.
11/16/2024 19:09:00 [Information] Time remaining: 00:00:04 targetEndTime = 07:09:04
11/16/2024 19:09:00 [Information] Stepper Motor Controller Disable Z Axis controls while moving to location.
11/16/2024 19:09:00 [Information] Time remaining: 00:00:04 targetEndTime = 07:09:04
11/16/2024 19:09:00 [Information] Stepper Motor Controller Disable Z Axis controls while moving to location.
11/16/2024 19:09:00 [Information] Time remaining: 00:00:04 targetEndTime = 07:09:04
11/16/2024 19:09:00 [Information] Stepper Motor Controller Disable Z Axis controls while moving to location.
11/16/2024 19:09:00 [Information] Time remaining: 00:00:04 targetEndTime = 07:09:04
11/16/2024 19:09:01 [Information] Stepper Motor Controller Disable Z Axis controls while moving to location.
11/16/2024 19:09:01 [Information] Time remaining: 00:00:04 targetEndTime = 07:09:04
11/16/2024 19:09:01 [Information] Stepper Motor Controller Disable Z Axis controls while moving to location.
11/16/2024 19:09:01 [Information] Time remaining: 00:00:04 targetEndTime = 07:09:04
11/16/2024 19:09:01 [Information] Stepper Motor Controller Disable Z Axis controls while moving to location.
11/16/2024 19:09:01 [Information] Time remaining: 00:00:04 targetEndTime = 07:09:04
11/16/2024 19:09:01 [Information] Stepper Motor Controller Disable Z Axis controls while moving to location.
11/16/2024 19:09:01 [Information] Time remaining: 00:00:04 targetEndTime = 07:09:04
11/16/2024 19:09:01 [Information] Stepper Motor Controller Disable Z Axis controls while moving to location.
11/16/2024 19:09:01 [Information] Time remaining: 00:00:04 targetEndTime = 07:09:04
11/16/2024 19:09:01 [Information] Stepper Motor Controller Disable Z Axis controls while moving to location.
11/16/2024 19:09:01 [Information] Time remaining: 00:00:04 targetEndTime = 07:09:04
11/16/2024 19:09:01 [Information] Stepper Motor Controller Disable Z Axis controls while moving to location.
11/16/2024 19:09:01 [Information] Time remaining: 00:00:04 targetEndTime = 07:09:04
11/16/2024 19:09:01 [Information] Stepper Motor Controller Disable Z Axis controls while moving to location.
11/16/2024 19:09:01 [Information] Time remaining: 00:00:04 targetEndTime = 07:09:04
11/16/2024 19:09:01 [Information] Stepper Motor Controller Disable Z Axis controls while moving to location.
11/16/2024 19:09:01 [Information] Time remaining: 00:00:04 targetEndTime = 07:09:04
11/16/2024 19:09:01 [Information] Stepper Motor Controller Disable Z Axis controls while moving to location.
11/16/2024 19:09:01 [Information] Time remaining: 00:00:04 targetEndTime = 07:09:04
11/16/2024 19:09:01 [Information] Stepper Motor Controller Disable Z Axis controls while moving to location.
11/16/2024 19:09:01 [Information] Time remaining: 00:00:04 targetEndTime = 07:09:04
11/16/2024 19:09:01 [Information] Stepper Motor Controller Disable Z Axis controls while moving to location.
11/16/2024 19:09:01 [Information] Time remaining: 00:00:04 targetEndTime = 07:09:04
11/16/2024 19:09:01 [Information] Stepper Motor Controller Disable Z Axis controls while moving to location.
11/16/2024 19:09:01 [Information] Time remaining: 00:00:04 targetEndTime = 07:09:04
11/16/2024 19:09:01 [Information] Stepper Motor Controller Disable Z Axis controls while moving to location.
11/16/2024 19:09:01 [Information] Time remaining: 00:00:04 targetEndTime = 07:09:04
11/16/2024 19:09:01 [Information] Stepper Motor Controller Disable Z Axis controls while moving to location.
11/16/2024 19:09:01 [Information] Time remaining: 00:00:04 targetEndTime = 07:09:04
11/16/2024 19:09:01 [Information] Stepper Motor Controller Disable Z Axis controls while moving to location.
11/16/2024 19:09:01 [Information] Time remaining: 00:00:04 targetEndTime = 07:09:04
11/16/2024 19:09:01 [Information] Stepper Motor Controller Disable Z Axis controls while moving to location.
11/16/2024 19:09:01 [Information] Time remaining: 00:00:04 targetEndTime = 07:09:04
11/16/2024 19:09:01 [Information] Stepper Motor Controller Disable Z Axis controls while moving to location.
11/16/2024 19:09:01 [Information] Time remaining: 00:00:04 targetEndTime = 07:09:04
11/16/2024 19:09:01 [Information] Stepper Motor Controller Disable Z Axis controls while moving to location.
11/16/2024 19:09:01 [Information] Time remaining: 00:00:04 targetEndTime = 07:09:04
11/16/2024 19:09:01 [Information] Stepper Motor Controller Disable Z Axis controls while moving to location.
11/16/2024 19:09:01 [Information] Time remaining: 00:00:04 targetEndTime = 07:09:04
11/16/2024 19:09:01 [Information] Stepper Motor Controller Disable Z Axis controls while moving to location.
11/16/2024 19:09:01 [Information] Time remaining: 00:00:04 targetEndTime = 07:09:04
11/16/2024 19:09:01 [Information] Stepper Motor Controller Disable Z Axis controls while moving to location.
11/16/2024 19:09:01 [Information] Time remaining: 00:00:04 targetEndTime = 07:09:04
11/16/2024 19:09:01 [Information] Stepper Motor Controller Disable Z Axis controls while moving to location.
11/16/2024 19:09:01 [Information] Time remaining: 00:00:04 targetEndTime = 07:09:04
11/16/2024 19:09:01 [Information] Stepper Motor Controller Disable Z Axis controls while moving to location.
11/16/2024 19:09:01 [Information] Time remaining: 00:00:04 targetEndTime = 07:09:04
11/16/2024 19:09:01 [Information] Stepper Motor Controller Disable Z Axis controls while moving to location.
11/16/2024 19:09:01 [Information] Time remaining: 00:00:05 targetEndTime = 07:09:04
11/16/2024 19:09:01 [Information] Stepper Motor Controller Disable Z Axis controls while moving to location.
11/16/2024 19:09:01 [Information] Time remaining: 00:00:05 targetEndTime = 07:09:04
11/16/2024 19:09:01 [Information] Stepper Motor Controller Disable Z Axis controls while moving to location.
11/16/2024 19:09:01 [Information] Time remaining: 00:00:05 targetEndTime = 07:09:04
11/16/2024 19:09:01 [Information] Stepper Motor Controller Disable Z Axis controls while moving to location.
11/16/2024 19:09:01 [Information] Time remaining: 00:00:05 targetEndTime = 07:09:04
11/16/2024 19:09:01 [Information] Stepper Motor Controller Disable Z Axis controls while moving to location.
11/16/2024 19:09:01 [Information] Time remaining: 00:00:05 targetEndTime = 07:09:04
11/16/2024 19:09:01 [Information] Stepper Motor Controller Disable Z Axis controls while moving to location.
11/16/2024 19:09:01 [Information] Time remaining: 00:00:05 targetEndTime = 07:09:04
11/16/2024 19:09:01 [Information] Stepper Motor Controller Disable Z Axis controls while moving to location.
11/16/2024 19:09:01 [Information] Time remaining: 00:00:05 targetEndTime = 07:09:04
11/16/2024 19:09:01 [Information] Stepper Motor Controller Disable Z Axis controls while moving to location.
11/16/2024 19:09:01 [Information] Time remaining: 00:00:05 targetEndTime = 07:09:04
11/16/2024 19:09:01 [Information] Stepper Motor Controller Disable Z Axis controls while moving to location.
11/16/2024 19:09:01 [Information] Time remaining: 00:00:05 targetEndTime = 07:09:04
11/16/2024 19:09:01 [Information] Stepper Motor Controller Disable Z Axis controls while moving to location.
11/16/2024 19:09:01 [Information] Time remaining: 00:00:05 targetEndTime = 07:09:04
11/16/2024 19:09:01 [Information] Stepper Motor Controller Disable Z Axis controls while moving to location.
11/16/2024 19:09:01 [Information] Time remaining: 00:00:05 targetEndTime = 07:09:04
11/16/2024 19:09:01 [Information] Stepper Motor Controller Disable Z Axis controls while moving to location.
11/16/2024 19:09:01 [Information] Time remaining: 00:00:05 targetEndTime = 07:09:04
11/16/2024 19:09:01 [Information] Stepper Motor Controller Disable Z Axis controls while moving to location.
11/16/2024 19:09:01 [Information] Time remaining: 00:00:05 targetEndTime = 07:09:04
11/16/2024 19:09:01 [Information] Stepper Motor Controller Disable Z Axis controls while moving to location.
11/16/2024 19:09:01 [Information] Time remaining: 00:00:05 targetEndTime = 07:09:04
11/16/2024 19:09:01 [Information] Stepper Motor Controller Disable Z Axis controls while moving to location.
11/16/2024 19:09:01 [Information] Time remaining: 00:00:05 targetEndTime = 07:09:04
11/16/2024 19:09:01 [Information] Stepper Motor Controller Disable Z Axis controls while moving to location.
11/16/2024 19:09:01 [Information] Time remaining: 00:00:05 targetEndTime = 07:09:04
11/16/2024 19:09:01 [Information] Stepper Motor Controller Disable Z Axis controls while moving to location.
11/16/2024 19:09:01 [Information] Time remaining: 00:00:05 targetEndTime = 07:09:04
11/16/2024 19:09:01 [Information] Stepper Motor Controller Disable Z Axis controls while moving to location.
11/16/2024 19:09:01 [Information] Time remaining: 00:00:05 targetEndTime = 07:09:04
11/16/2024 19:09:01 [Information] Stepper Motor Controller Disable Z Axis controls while moving to location.
11/16/2024 19:09:01 [Information] Time remaining: 00:00:05 targetEndTime = 07:09:04
11/16/2024 19:09:01 [Information] Stepper Motor Controller Disable Z Axis controls while moving to location.
11/16/2024 19:09:01 [Information] Time remaining: 00:00:05 targetEndTime = 07:09:04
11/16/2024 19:09:01 [Information] Stepper Motor Controller Disable Z Axis controls while moving to location.
11/16/2024 19:09:01 [Information] Time remaining: 00:00:05 targetEndTime = 07:09:04
11/16/2024 19:09:01 [Information] Stepper Motor Controller Disable Z Axis controls while moving to location.
11/16/2024 19:09:01 [Information] Time remaining: 00:00:05 targetEndTime = 07:09:04
11/16/2024 19:09:01 [Information] Stepper Motor Controller Disable Z Axis controls while moving to location.
11/16/2024 19:09:01 [Information] Time remaining: 00:00:05 targetEndTime = 07:09:04
11/16/2024 19:09:01 [Information] Stepper Motor Controller Disable Z Axis controls while moving to location.
11/16/2024 19:09:01 [Information] Time remaining: 00:00:05 targetEndTime = 07:09:04
11/16/2024 19:09:01 [Information] Stepper Motor Controller Disable Z Axis controls while moving to location.
11/16/2024 19:09:01 [Information] Time remaining: 00:00:05 targetEndTime = 07:09:04
11/16/2024 19:09:01 [Information] Stepper Motor Controller Disable Z Axis controls while moving to location.
11/16/2024 19:09:01 [Information] Time remaining: 00:00:05 targetEndTime = 07:09:04
11/16/2024 19:09:01 [Information] Stepper Motor Controller Disable Z Axis controls while moving to location.
11/16/2024 19:09:01 [Information] Time remaining: 00:00:05 targetEndTime = 07:09:04
11/16/2024 19:09:01 [Information] Stepper Motor Controller Disable Z Axis controls while moving to location.
11/16/2024 19:09:01 [Information] Time remaining: 00:00:05 targetEndTime = 07:09:04
11/16/2024 19:09:01 [Information] Stepper Motor Controller Disable Z Axis controls while moving to location.
11/16/2024 19:09:01 [Information] Time remaining: 00:00:05 targetEndTime = 07:09:04
11/16/2024 19:09:01 [Information] Stepper Motor Controller Disable Z Axis controls while moving to location.
11/16/2024 19:09:01 [Information] Time remaining: 00:00:05 targetEndTime = 07:09:04
11/16/2024 19:09:01 [Information] Stepper Motor Controller Disable Z Axis controls while moving to location.
11/16/2024 19:09:01 [Information] Time remaining: 00:00:05 targetEndTime = 07:09:04
11/16/2024 19:09:01 [Information] Stepper Motor Controller Disable Z Axis controls while moving to location.
11/16/2024 19:09:01 [Information] Time remaining: 00:00:05 targetEndTime = 07:09:04
11/16/2024 19:09:02 [Information] Stepper Motor Controller Disable Z Axis controls while moving to location.
11/16/2024 19:09:02 [Information] Time remaining: 00:00:05 targetEndTime = 07:09:04
11/16/2024 19:09:02 [Information] Stepper Motor Controller Disable Z Axis controls while moving to location.
11/16/2024 19:09:02 [Information] Time remaining: 00:00:05 targetEndTime = 07:09:04
11/16/2024 19:09:02 [Information] Stepper Motor Controller Disable Z Axis controls while moving to location.
11/16/2024 19:09:02 [Information] Time remaining: 00:00:05 targetEndTime = 07:09:04
11/16/2024 19:09:02 [Information] Stepper Motor Controller Disable Z Axis controls while moving to location.
11/16/2024 19:09:02 [Information] Time remaining: 00:00:05 targetEndTime = 07:09:04
11/16/2024 19:09:02 [Information] Stepper Motor Controller Disable Z Axis controls while moving to location.
11/16/2024 19:09:02 [Information] Time remaining: 00:00:05 targetEndTime = 07:09:04
11/16/2024 19:09:02 [Information] Stepper Motor Controller Disable Z Axis controls while moving to location.
11/16/2024 19:09:02 [Information] Time remaining: 00:00:05 targetEndTime = 07:09:04
11/16/2024 19:09:02 [Information] Stepper Motor Controller Disable Z Axis controls while moving to location.
11/16/2024 19:09:02 [Information] Time remaining: 00:00:05 targetEndTime = 07:09:04
11/16/2024 19:09:02 [Information] Stepper Motor Controller Disable Z Axis controls while moving to location.
11/16/2024 19:09:02 [Information] Time remaining: 00:00:05 targetEndTime = 07:09:04
11/16/2024 19:09:02 [Information] Stepper Motor Controller Disable Z Axis controls while moving to location.
11/16/2024 19:09:02 [Information] Time remaining: 00:00:05 targetEndTime = 07:09:04
11/16/2024 19:09:02 [Information] Stepper Motor Controller Disable Z Axis controls while moving to location.
11/16/2024 19:09:02 [Information] Time remaining: 00:00:05 targetEndTime = 07:09:04
11/16/2024 19:09:02 [Information] Stepper Motor Controller Disable Z Axis controls while moving to location.
11/16/2024 19:09:02 [Information] Time remaining: 00:00:05 targetEndTime = 07:09:04
11/16/2024 19:09:02 [Information] Stepper Motor Controller Disable Z Axis controls while moving to location.
11/16/2024 19:09:02 [Information] Time remaining: 00:00:05 targetEndTime = 07:09:04
11/16/2024 19:09:02 [Information] Stepper Motor Controller Disable Z Axis controls while moving to location.
11/16/2024 19:09:02 [Information] Time remaining: 00:00:05 targetEndTime = 07:09:04
11/16/2024 19:09:02 [Information] Stepper Motor Controller Disable Z Axis controls while moving to location.
11/16/2024 19:09:02 [Information] Time remaining: 00:00:05 targetEndTime = 07:09:04
11/16/2024 19:09:02 [Information] Stepper Motor Controller Disable Z Axis controls while moving to location.
11/16/2024 19:09:02 [Information] Time remaining: 00:00:05 targetEndTime = 07:09:04
11/16/2024 19:09:02 [Information] Stepper Motor Controller Disable Z Axis controls while moving to location.
11/16/2024 19:09:02 [Information] Time remaining: 00:00:05 targetEndTime = 07:09:04
11/16/2024 19:09:02 [Information] Stepper Motor Controller Disable Z Axis controls while moving to location.
11/16/2024 19:09:02 [Information] Time remaining: 00:00:05 targetEndTime = 07:09:04
11/16/2024 19:09:02 [Information] Stepper Motor Controller Disable Z Axis controls while moving to location.
11/16/2024 19:09:02 [Information] Time remaining: 00:00:05 targetEndTime = 07:09:04
11/16/2024 19:09:02 [Information] Stepper Motor Controller Disable Z Axis controls while moving to location.
11/16/2024 19:09:02 [Information] Time remaining: 00:00:05 targetEndTime = 07:09:04
11/16/2024 19:09:02 [Information] Stepper Motor Controller Disable Z Axis controls while moving to location.
11/16/2024 19:09:02 [Information] Time remaining: 00:00:05 targetEndTime = 07:09:04
11/16/2024 19:09:02 [Information] Stepper Motor Controller Disable Z Axis controls while moving to location.
11/16/2024 19:09:02 [Information] Time remaining: 00:00:05 targetEndTime = 07:09:04
11/16/2024 19:09:02 [Information] Stepper Motor Controller Disable Z Axis controls while moving to location.
11/16/2024 19:09:02 [Information] Time remaining: 00:00:05 targetEndTime = 07:09:04
11/16/2024 19:09:02 [Information] Stepper Motor Controller Disable Z Axis controls while moving to location.
11/16/2024 19:09:02 [Information] Time remaining: 00:00:05 targetEndTime = 07:09:04
11/16/2024 19:09:02 [Information] Stepper Motor Controller Disable Z Axis controls while moving to location.
11/16/2024 19:09:02 [Information] Time remaining: 00:00:05 targetEndTime = 07:09:04
11/16/2024 19:09:02 [Information] Stepper Motor Controller Disable Z Axis controls while moving to location.
11/16/2024 19:09:02 [Information] Time remaining: 00:00:05 targetEndTime = 07:09:04
11/16/2024 19:09:02 [Information] Stepper Motor Controller Disable Z Axis controls while moving to location.
11/16/2024 19:09:02 [Information] Time remaining: 00:00:05 targetEndTime = 07:09:04
11/16/2024 19:09:02 [Information] Stepper Motor Controller Disable Z Axis controls while moving to location.
11/16/2024 19:09:02 [Information] Time remaining: 00:00:05 targetEndTime = 07:09:04
11/16/2024 19:09:02 [Information] Stepper Motor Controller Disable Z Axis controls while moving to location.
11/16/2024 19:09:02 [Information] Time remaining: 00:00:06 targetEndTime = 07:09:04
11/16/2024 19:09:02 [Information] Stepper Motor Controller Disable Z Axis controls while moving to location.
11/16/2024 19:09:02 [Information] Time remaining: 00:00:06 targetEndTime = 07:09:04
11/16/2024 19:09:02 [Information] Stepper Motor Controller Disable Z Axis controls while moving to location.
11/16/2024 19:09:02 [Information] Time remaining: 00:00:06 targetEndTime = 07:09:04
11/16/2024 19:09:02 [Information] Stepper Motor Controller Disable Z Axis controls while moving to location.
11/16/2024 19:09:02 [Information] Time remaining: 00:00:06 targetEndTime = 07:09:04
11/16/2024 19:09:02 [Information] Stepper Motor Controller Disable Z Axis controls while moving to location.
11/16/2024 19:09:02 [Information] Time remaining: 00:00:06 targetEndTime = 07:09:04
11/16/2024 19:09:02 [Information] Stepper Motor Controller Disable Z Axis controls while moving to location.
11/16/2024 19:09:02 [Information] Time remaining: 00:00:06 targetEndTime = 07:09:04
11/16/2024 19:09:02 [Information] Stepper Motor Controller Disable Z Axis controls while moving to location.
11/16/2024 19:09:02 [Information] Time remaining: 00:00:06 targetEndTime = 07:09:04
11/16/2024 19:09:02 [Information] Stepper Motor Controller Disable Z Axis controls while moving to location.
11/16/2024 19:09:02 [Information] Time remaining: 00:00:06 targetEndTime = 07:09:04
11/16/2024 19:09:02 [Information] Stepper Motor Controller Disable Z Axis controls while moving to location.
11/16/2024 19:09:02 [Information] Time remaining: 00:00:06 targetEndTime = 07:09:04
11/16/2024 19:09:02 [Information] Stepper Motor Controller Disable Z Axis controls while moving to location.
11/16/2024 19:09:02 [Information] Time remaining: 00:00:06 targetEndTime = 07:09:04
11/16/2024 19:09:02 [Information] Stepper Motor Controller Disable Z Axis controls while moving to location.
11/16/2024 19:09:02 [Information] Time remaining: 00:00:06 targetEndTime = 07:09:04
11/16/2024 19:09:02 [Information] Stepper Motor Controller Disable Z Axis controls while moving to location.
11/16/2024 19:09:02 [Information] Time remaining: 00:00:06 targetEndTime = 07:09:04
11/16/2024 19:09:02 [Information] Stepper Motor Controller Disable Z Axis controls while moving to location.
11/16/2024 19:09:02 [Information] Time remaining: 00:00:06 targetEndTime = 07:09:04
11/16/2024 19:09:02 [Information] Stepper Motor Controller Disable Z Axis controls while moving to location.
11/16/2024 19:09:02 [Information] Time remaining: 00:00:06 targetEndTime = 07:09:04
11/16/2024 19:09:02 [Information] Stepper Motor Controller Disable Z Axis controls while moving to location.
11/16/2024 19:09:02 [Information] Time remaining: 00:00:06 targetEndTime = 07:09:04
11/16/2024 19:09:02 [Information] Stepper Motor Controller Disable Z Axis controls while moving to location.
11/16/2024 19:09:02 [Information] Time remaining: 00:00:06 targetEndTime = 07:09:04
11/16/2024 19:09:02 [Information] Stepper Motor Controller Disable Z Axis controls while moving to location.
11/16/2024 19:09:02 [Information] Time remaining: 00:00:06 targetEndTime = 07:09:04
11/16/2024 19:09:02 [Information] Stepper Motor Controller Disable Z Axis controls while moving to location.
11/16/2024 19:09:02 [Information] Time remaining: 00:00:06 targetEndTime = 07:09:04
11/16/2024 19:09:02 [Information] Stepper Motor Controller Disable Z Axis controls while moving to location.
11/16/2024 19:09:02 [Information] Time remaining: 00:00:06 targetEndTime = 07:09:04
11/16/2024 19:09:02 [Information] Stepper Motor Controller Disable Z Axis controls while moving to location.
11/16/2024 19:09:02 [Information] Time remaining: 00:00:06 targetEndTime = 07:09:04
11/16/2024 19:09:02 [Information] Stepper Motor Controller Disable Z Axis controls while moving to location.
11/16/2024 19:09:02 [Information] Time remaining: 00:00:06 targetEndTime = 07:09:04
11/16/2024 19:09:02 [Information] Stepper Motor Controller Disable Z Axis controls while moving to location.
11/16/2024 19:09:02 [Information] Time remaining: 00:00:06 targetEndTime = 07:09:04
11/16/2024 19:09:02 [Information] Stepper Motor Controller Disable Z Axis controls while moving to location.
11/16/2024 19:09:02 [Information] Time remaining: 00:00:06 targetEndTime = 07:09:04
11/16/2024 19:09:02 [Information] Stepper Motor Controller Disable Z Axis controls while moving to location.
11/16/2024 19:09:02 [Information] Time remaining: 00:00:06 targetEndTime = 07:09:04
11/16/2024 19:09:02 [Information] Stepper Motor Controller Disable Z Axis controls while moving to location.
11/16/2024 19:09:02 [Information] Time remaining: 00:00:06 targetEndTime = 07:09:04
11/16/2024 19:09:02 [Information] Stepper Motor Controller Disable Z Axis controls while moving to location.
11/16/2024 19:09:02 [Information] Time remaining: 00:00:06 targetEndTime = 07:09:04
11/16/2024 19:09:02 [Information] Stepper Motor Controller Disable Z Axis controls while moving to location.
11/16/2024 19:09:02 [Information] Time remaining: 00:00:06 targetEndTime = 07:09:04
11/16/2024 19:09:02 [Information] Stepper Motor Controller Disable Z Axis controls while moving to location.
11/16/2024 19:09:02 [Information] Time remaining: 00:00:06 targetEndTime = 07:09:04
11/16/2024 19:09:02 [Information] Stepper Motor Controller Disable Z Axis controls while moving to location.
11/16/2024 19:09:02 [Information] Time remaining: 00:00:06 targetEndTime = 07:09:04
11/16/2024 19:09:02 [Information] Stepper Motor Controller Disable Z Axis controls while moving to location.
11/16/2024 19:09:02 [Information] Time remaining: 00:00:06 targetEndTime = 07:09:04
11/16/2024 19:09:02 [Information] Stepper Motor Controller Disable Z Axis controls while moving to location.
11/16/2024 19:09:02 [Information] Time remaining: 00:00:06 targetEndTime = 07:09:04
11/16/2024 19:09:02 [Information] Stepper Motor Controller Disable Z Axis controls while moving to location.
11/16/2024 19:09:02 [Information] Time remaining: 00:00:06 targetEndTime = 07:09:04
11/16/2024 19:09:02 [Information] Stepper Motor Controller Disable Z Axis controls while moving to location.
11/16/2024 19:09:02 [Information] Time remaining: 00:00:06 targetEndTime = 07:09:04
11/16/2024 19:09:03 [Information] Stepper Motor Controller Disable Z Axis controls while moving to location.
11/16/2024 19:09:03 [Information] Time remaining: 00:00:06 targetEndTime = 07:09:04
11/16/2024 19:09:03 [Information] Stepper Motor Controller Disable Z Axis controls while moving to location.
11/16/2024 19:09:03 [Information] Time remaining: 00:00:06 targetEndTime = 07:09:04
11/16/2024 19:09:03 [Information] Stepper Motor Controller Disable Z Axis controls while moving to location.
11/16/2024 19:09:03 [Information] Time remaining: 00:00:06 targetEndTime = 07:09:04
11/16/2024 19:09:03 [Information] Stepper Motor Controller Disable Z Axis controls while moving to location.
11/16/2024 19:09:03 [Information] Time remaining: 00:00:06 targetEndTime = 07:09:04
11/16/2024 19:09:03 [Information] Stepper Motor Controller Disable Z Axis controls while moving to location.
11/16/2024 19:09:03 [Information] Time remaining: 00:00:06 targetEndTime = 07:09:04
11/16/2024 19:09:03 [Information] Stepper Motor Controller Disable Z Axis controls while moving to location.
11/16/2024 19:09:03 [Information] Time remaining: 00:00:06 targetEndTime = 07:09:04
11/16/2024 19:09:03 [Information] Stepper Motor Controller Disable Z Axis controls while moving to location.
11/16/2024 19:09:03 [Information] Time remaining: 00:00:06 targetEndTime = 07:09:04
11/16/2024 19:09:03 [Information] Stepper Motor Controller Disable Z Axis controls while moving to location.
11/16/2024 19:09:03 [Information] Time remaining: 00:00:06 targetEndTime = 07:09:04
11/16/2024 19:09:03 [Information] Stepper Motor Controller Disable Z Axis controls while moving to location.
11/16/2024 19:09:03 [Information] Time remaining: 00:00:06 targetEndTime = 07:09:04
11/16/2024 19:09:03 [Information] Stepper Motor Controller Disable Z Axis controls while moving to location.
11/16/2024 19:09:03 [Information] Time remaining: 00:00:06 targetEndTime = 07:09:04
11/16/2024 19:09:03 [Information] Stepper Motor Controller Disable Z Axis controls while moving to location.
11/16/2024 19:09:03 [Information] Time remaining: 00:00:06 targetEndTime = 07:09:04
11/16/2024 19:09:03 [Information] Stepper Motor Controller Disable Z Axis controls while moving to location.
11/16/2024 19:09:03 [Information] Time remaining: 00:00:06 targetEndTime = 07:09:04
11/16/2024 19:09:03 [Information] Stepper Motor Controller Disable Z Axis controls while moving to location.
11/16/2024 19:09:03 [Information] Time remaining: 00:00:06 targetEndTime = 07:09:04
11/16/2024 19:09:03 [Information] Stepper Motor Controller Disable Z Axis controls while moving to location.
11/16/2024 19:09:03 [Information] Time remaining: 00:00:06 targetEndTime = 07:09:04
11/16/2024 19:09:03 [Information] Stepper Motor Controller Disable Z Axis controls while moving to location.
11/16/2024 19:09:03 [Information] Time remaining: 00:00:06 targetEndTime = 07:09:04
11/16/2024 19:09:03 [Information] Stepper Motor Controller Disable Z Axis controls while moving to location.
11/16/2024 19:09:03 [Information] Time remaining: 00:00:06 targetEndTime = 07:09:04
11/16/2024 19:09:03 [Information] Stepper Motor Controller Disable Z Axis controls while moving to location.
11/16/2024 19:09:03 [Information] Time remaining: 00:00:06 targetEndTime = 07:09:04
11/16/2024 19:09:03 [Information] Stepper Motor Controller Disable Z Axis controls while moving to location.
11/16/2024 19:09:03 [Information] Time remaining: 00:00:06 targetEndTime = 07:09:04
11/16/2024 19:09:03 [Information] Stepper Motor Controller Disable Z Axis controls while moving to location.
11/16/2024 19:09:03 [Information] Time remaining: 00:00:06 targetEndTime = 07:09:04
11/16/2024 19:09:03 [Information] Stepper Motor Controller Disable Z Axis controls while moving to location.
11/16/2024 19:09:03 [Information] Time remaining: 00:00:06 targetEndTime = 07:09:04
11/16/2024 19:09:03 [Information] Stepper Motor Controller Disable Z Axis controls while moving to location.
11/16/2024 19:09:03 [Information] Time remaining: 00:00:06 targetEndTime = 07:09:04
11/16/2024 19:09:03 [Information] Stepper Motor Controller Disable Z Axis controls while moving to location.
11/16/2024 19:09:03 [Information] Time remaining: 00:00:06 targetEndTime = 07:09:04
11/16/2024 19:09:03 [Information] Stepper Motor Controller Disable Z Axis controls while moving to location.
11/16/2024 19:09:03 [Information] Time remaining: 00:00:06 targetEndTime = 07:09:04
11/16/2024 19:09:03 [Information] Stepper Motor Controller Disable Z Axis controls while moving to location.
11/16/2024 19:09:03 [Information] Time remaining: 00:00:06 targetEndTime = 07:09:04
11/16/2024 19:09:03 [Information] Stepper Motor Controller Disable Z Axis controls while moving to location.
11/16/2024 19:09:03 [Information] Time remaining: 00:00:06 targetEndTime = 07:09:04
11/16/2024 19:09:03 [Information] Stepper Motor Controller Disable Z Axis controls while moving to location.
11/16/2024 19:09:03 [Information] Time remaining: 00:00:06 targetEndTime = 07:09:04
11/16/2024 19:09:03 [Information] Stepper Motor Controller Disable Z Axis controls while moving to location.
11/16/2024 19:09:03 [Information] Time remaining: 00:00:06 targetEndTime = 07:09:04
11/16/2024 19:09:03 [Information] Stepper Motor Controller Disable Z Axis controls while moving to location.
11/16/2024 19:09:03 [Information] Time remaining: 00:00:07 targetEndTime = 07:09:04
11/16/2024 19:09:03 [Information] Stepper Motor Controller Disable Z Axis controls while moving to location.
11/16/2024 19:09:03 [Information] Time remaining: 00:00:07 targetEndTime = 07:09:04
11/16/2024 19:09:03 [Information] Stepper Motor Controller Disable Z Axis controls while moving to location.
11/16/2024 19:09:03 [Information] Time remaining: 00:00:07 targetEndTime = 07:09:04
11/16/2024 19:09:03 [Information] Stepper Motor Controller Disable Z Axis controls while moving to location.
11/16/2024 19:09:03 [Information] Time remaining: 00:00:07 targetEndTime = 07:09:04
11/16/2024 19:09:03 [Information] Stepper Motor Controller Disable Z Axis controls while moving to location.
11/16/2024 19:09:03 [Information] Time remaining: 00:00:07 targetEndTime = 07:09:04
11/16/2024 19:09:03 [Information] Stepper Motor Controller Disable Z Axis controls while moving to location.
11/16/2024 19:09:03 [Information] Time remaining: 00:00:07 targetEndTime = 07:09:04
11/16/2024 19:09:03 [Information] Stepper Motor Controller Disable Z Axis controls while moving to location.
11/16/2024 19:09:03 [Information] Time remaining: 00:00:07 targetEndTime = 07:09:04
11/16/2024 19:09:03 [Information] Stepper Motor Controller Disable Z Axis controls while moving to location.
11/16/2024 19:09:03 [Information] Time remaining: 00:00:07 targetEndTime = 07:09:04
11/16/2024 19:09:03 [Information] Stepper Motor Controller Disable Z Axis controls while moving to location.
11/16/2024 19:09:03 [Information] Time remaining: 00:00:07 targetEndTime = 07:09:04
11/16/2024 19:09:03 [Information] Stepper Motor Controller Disable Z Axis controls while moving to location.
11/16/2024 19:09:03 [Information] Time remaining: 00:00:07 targetEndTime = 07:09:04
11/16/2024 19:09:03 [Information] Stepper Motor Controller Disable Z Axis controls while moving to location.
11/16/2024 19:09:03 [Information] Time remaining: 00:00:07 targetEndTime = 07:09:04
11/16/2024 19:09:03 [Information] Stepper Motor Controller Disable Z Axis controls while moving to location.
11/16/2024 19:09:03 [Information] Time remaining: 00:00:07 targetEndTime = 07:09:04
11/16/2024 19:09:03 [Information] Stepper Motor Controller Disable Z Axis controls while moving to location.
11/16/2024 19:09:03 [Information] Time remaining: 00:00:07 targetEndTime = 07:09:04
11/16/2024 19:09:03 [Information] Stepper Motor Controller Disable Z Axis controls while moving to location.
11/16/2024 19:09:03 [Information] Time remaining: 00:00:07 targetEndTime = 07:09:04
11/16/2024 19:09:03 [Information] Stepper Motor Controller Disable Z Axis controls while moving to location.
11/16/2024 19:09:03 [Information] Time remaining: 00:00:07 targetEndTime = 07:09:04
11/16/2024 19:09:03 [Information] Stepper Motor Controller Disable Z Axis controls while moving to location.
11/16/2024 19:09:03 [Information] Time remaining: 00:00:07 targetEndTime = 07:09:04
11/16/2024 19:09:03 [Information] Stepper Motor Controller Disable Z Axis controls while moving to location.
11/16/2024 19:09:03 [Information] Time remaining: 00:00:07 targetEndTime = 07:09:04
11/16/2024 19:09:03 [Information] Stepper Motor Controller Disable Z Axis controls while moving to location.
11/16/2024 19:09:03 [Information] Time remaining: 00:00:07 targetEndTime = 07:09:04
11/16/2024 19:09:03 [Information] Stepper Motor Controller Disable Z Axis controls while moving to location.
11/16/2024 19:09:03 [Information] Time remaining: 00:00:07 targetEndTime = 07:09:04
11/16/2024 19:09:03 [Information] Stepper Motor Controller Disable Z Axis controls while moving to location.
11/16/2024 19:09:03 [Information] Time remaining: 00:00:07 targetEndTime = 07:09:04
11/16/2024 19:09:03 [Information] Stepper Motor Controller Disable Z Axis controls while moving to location.
11/16/2024 19:09:03 [Information] Time remaining: 00:00:07 targetEndTime = 07:09:04
11/16/2024 19:09:03 [Information] Stepper Motor Controller Disable Z Axis controls while moving to location.
11/16/2024 19:09:03 [Information] Time remaining: 00:00:07 targetEndTime = 07:09:04
11/16/2024 19:09:03 [Information] Stepper Motor Controller Disable Z Axis controls while moving to location.
11/16/2024 19:09:03 [Information] Time remaining: 00:00:07 targetEndTime = 07:09:04
11/16/2024 19:09:03 [Information] Stepper Motor Controller Disable Z Axis controls while moving to location.
11/16/2024 19:09:03 [Information] Time remaining: 00:00:07 targetEndTime = 07:09:04
11/16/2024 19:09:03 [Information] Stepper Motor Controller Disable Z Axis controls while moving to location.
11/16/2024 19:09:03 [Information] Time remaining: 00:00:07 targetEndTime = 07:09:04
11/16/2024 19:09:03 [Information] Stepper Motor Controller Disable Z Axis controls while moving to location.
11/16/2024 19:09:03 [Information] Time remaining: 00:00:07 targetEndTime = 07:09:04
11/16/2024 19:09:04 [Information] Stepper Motor Controller Disable Z Axis controls while moving to location.
11/16/2024 19:09:04 [Information] Time remaining: 00:00:07 targetEndTime = 07:09:04
11/16/2024 19:09:04 [Information] Stepper Motor Controller Disable Z Axis controls while moving to location.
11/16/2024 19:09:04 [Information] Time remaining: 00:00:07 targetEndTime = 07:09:04
11/16/2024 19:09:04 [Information] Stepper Motor Controller Disable Z Axis controls while moving to location.
11/16/2024 19:09:04 [Information] Time remaining: 00:00:07 targetEndTime = 07:09:04
11/16/2024 19:09:04 [Information] Stepper Motor Controller Disable Z Axis controls while moving to location.
11/16/2024 19:09:04 [Information] Time remaining: 00:00:07 targetEndTime = 07:09:04
11/16/2024 19:09:04 [Information] Stepper Motor Controller Disable Z Axis controls while moving to location.
11/16/2024 19:09:04 [Information] Time remaining: 00:00:07 targetEndTime = 07:09:04
11/16/2024 19:09:04 [Information] Stepper Motor Controller Disable Z Axis controls while moving to location.
11/16/2024 19:09:04 [Information] Time remaining: 00:00:07 targetEndTime = 07:09:04
11/16/2024 19:09:04 [Information] Stepper Motor Controller Disable Z Axis controls while moving to location.
11/16/2024 19:09:04 [Information] Time remaining: 00:00:07 targetEndTime = 07:09:04
11/16/2024 19:09:04 [Information] Stepper Motor Controller Disable Z Axis controls while moving to location.
11/16/2024 19:09:04 [Information] Time remaining: 00:00:07 targetEndTime = 07:09:04
11/16/2024 19:09:04 [Information] Stepper Motor Controller Disable Z Axis controls while moving to location.
11/16/2024 19:09:04 [Information] Time remaining: 00:00:07 targetEndTime = 07:09:04
11/16/2024 19:09:04 [Information] Stepper Motor Controller Disable Z Axis controls while moving to location.
11/16/2024 19:09:04 [Information] Time remaining: 00:00:07 targetEndTime = 07:09:04
11/16/2024 19:09:04 [Information] Stepper Motor Controller Disable Z Axis controls while moving to location.
11/16/2024 19:09:04 [Information] Time remaining: 00:00:07 targetEndTime = 07:09:04
11/16/2024 19:09:04 [Information] Stepper Motor Controller Disable Z Axis controls while moving to location.
11/16/2024 19:09:04 [Information] Time remaining: 00:00:07 targetEndTime = 07:09:04
11/16/2024 19:09:04 [Information] Stepper Motor Controller Disable Z Axis controls while moving to location.
11/16/2024 19:09:04 [Information] Time remaining: 00:00:07 targetEndTime = 07:09:04
11/16/2024 19:09:04 [Information] Stepper Motor Controller Disable Z Axis controls while moving to location.
11/16/2024 19:09:04 [Information] Time remaining: 00:00:07 targetEndTime = 07:09:04
11/16/2024 19:09:04 [Information] Stepper Motor Controller Disable Z Axis controls while moving to location.
11/16/2024 19:09:04 [Information] Time remaining: 00:00:07 targetEndTime = 07:09:04
11/16/2024 19:09:04 [Information] Stepper Motor Controller Disable Z Axis controls while moving to location.
11/16/2024 19:09:04 [Information] Time remaining: 00:00:07 targetEndTime = 07:09:04
11/16/2024 19:09:04 [Information] Stepper Motor Controller Disable Z Axis controls while moving to location.
11/16/2024 19:09:04 [Information] Time remaining: 00:00:07 targetEndTime = 07:09:04
11/16/2024 19:09:04 [Information] Stepper Motor Controller Disable Z Axis controls while moving to location.
11/16/2024 19:09:04 [Information] Time remaining: 00:00:07 targetEndTime = 07:09:04
11/16/2024 19:09:04 [Information] Stepper Motor Controller Disable Z Axis controls while moving to location.
11/16/2024 19:09:04 [Information] Time remaining: 00:00:07 targetEndTime = 07:09:04
11/16/2024 19:09:04 [Information] Stepper Motor Controller Disable Z Axis controls while moving to location.
11/16/2024 19:09:04 [Information] Time remaining: 00:00:07 targetEndTime = 07:09:04
11/16/2024 19:09:04 [Information] Stepper Motor Controller Disable Z Axis controls while moving to location.
11/16/2024 19:09:04 [Information] Time remaining: 00:00:07 targetEndTime = 07:09:04
11/16/2024 19:09:04 [Information] Stepper Motor Controller Disable Z Axis controls while moving to location.
11/16/2024 19:09:04 [Information] Time remaining: 00:00:07 targetEndTime = 07:09:04
11/16/2024 19:09:04 [Information] Stepper Motor Controller Disable Z Axis controls while moving to location.
11/16/2024 19:09:04 [Information] Time remaining: 00:00:07 targetEndTime = 07:09:04
11/16/2024 19:09:04 [Information] Stepper Motor Controller Disable Z Axis controls while moving to location.
11/16/2024 19:09:04 [Information] Time remaining: 00:00:07 targetEndTime = 07:09:04
11/16/2024 19:09:04 [Information] Stepper Motor Controller Disable Z Axis controls while moving to location.
11/16/2024 19:09:04 [Information] Time remaining: 00:00:07 targetEndTime = 07:09:04
11/16/2024 19:09:04 [Information] Stepper Motor Controller Disable Z Axis controls while moving to location.
11/16/2024 19:09:04 [Information] Time remaining: 00:00:07 targetEndTime = 07:09:04
11/16/2024 19:09:04 [Information] Stepper Motor Controller Enable Z Axis controls after moving to location.
11/16/2024 19:09:04 [Information] Stepper Motor Controller Stopwatch Stopped.
11/16/2024 19:09:04 [Information] Stepper Motor Controller Timer Stopped.
11/16/2024 19:09:04 [Information] Stepper Motor Controller Stopwatch Reset.
11/16/2024 19:09:08 [Information] Z Axis Run button clicked:
11/16/2024 19:09:08 [Information] Z Axis MotorMovementSeconds decimal: (64.00 / 4) / 2 = 8.00
11/16/2024 19:09:09 [Information] Z Axis Run Event: Z,0.00,400.00,0,0.00,400.00,0,64.00,400.00,0
11/16/2024 19:09:09 [Information] Z Axis Current Time: 07:09:09 + 8000 = 07:09:17
11/16/2024 19:09:09 [Information] Stepper Motor Controller Disable Z Axis controls while moving to location.
11/16/2024 19:09:09 [Information] Time remaining: 00:00:00 targetEndTime = 07:09:17
11/16/2024 19:09:09 [Information] Z Axis Data Received: s
11/16/2024 19:09:09 [Information] Z Axis Data Received: e
11/16/2024 19:09:09 [Information] Z Axis Data Received: r
11/16/2024 19:09:09 [Information] Z Axis Data Received: i
11/16/2024 19:09:09 [Information] Z Axis Data Received: a
11/16/2024 19:09:09 [Information] Z Axis Data Received: l
11/16/2024 19:09:09 [Information] Z Axis Data Received: D
11/16/2024 19:09:09 [Information] Z Axis Data Received: a
11/16/2024 19:09:09 [Information] Z Axis Data Received: t
11/16/2024 19:09:09 [Information] Z Axis Data Received: a
11/16/2024 19:09:09 [Information] Z Axis Data Received: :
11/16/2024 19:09:09 [Information] Z Axis Data Received:  
11/16/2024 19:09:09 [Information] Z Axis Data Received: Z
11/16/2024 19:09:09 [Information] Z Axis Data Received: ,
11/16/2024 19:09:09 [Information] Z Axis Data Received: 0
11/16/2024 19:09:09 [Information] Z Axis Data Received: .
11/16/2024 19:09:09 [Information] Z Axis Data Received: 0
11/16/2024 19:09:09 [Information] Z Axis Data Received: 0
11/16/2024 19:09:09 [Information] Z Axis Data Received: ,
11/16/2024 19:09:09 [Information] Z Axis Data Received: 4
11/16/2024 19:09:09 [Information] Z Axis Data Received: 0
11/16/2024 19:09:09 [Information] Z Axis Data Received: 0
11/16/2024 19:09:09 [Information] Z Axis Data Received: .
11/16/2024 19:09:09 [Information] Z Axis Data Received: 0
11/16/2024 19:09:09 [Information] Z Axis Data Received: 0
11/16/2024 19:09:09 [Information] Z Axis Data Received: ,
11/16/2024 19:09:09 [Information] Stepper Motor Controller Disable Z Axis controls while moving to location.
11/16/2024 19:09:09 [Information] Time remaining: 00:00:00 targetEndTime = 07:09:17
11/16/2024 19:09:09 [Information] Z Axis Data Received: ,
11/16/2024 19:09:09 [Information] Z Axis Data Received: 0
11/16/2024 19:09:09 [Information] Z Axis Data Received: .
11/16/2024 19:09:09 [Information] Z Axis Data Received: 0
11/16/2024 19:09:09 [Information] Z Axis Data Received: 0
11/16/2024 19:09:09 [Information] Z Axis Data Received: ,
11/16/2024 19:09:09 [Information] Z Axis Data Received: 4
11/16/2024 19:09:09 [Information] Z Axis Data Received: 0
11/16/2024 19:09:09 [Information] Z Axis Data Received: 0
11/16/2024 19:09:09 [Information] Z Axis Data Received: .
11/16/2024 19:09:09 [Information] Z Axis Data Received: 0
11/16/2024 19:09:09 [Information] Z Axis Data Received: 0
11/16/2024 19:09:09 [Information] Stepper Motor Controller Disable Z Axis controls while moving to location.
11/16/2024 19:09:09 [Information] Time remaining: 00:00:00 targetEndTime = 07:09:17
11/16/2024 19:09:09 [Information] Z Axis Data Received: 0
11/16/2024 19:09:09 [Information] Z Axis Data Received: ,
11/16/2024 19:09:09 [Information] Z Axis Data Received: 6
11/16/2024 19:09:09 [Information] Z Axis Data Received: 4
11/16/2024 19:09:09 [Information] Z Axis Data Received: .
11/16/2024 19:09:09 [Information] Z Axis Data Received: 0
11/16/2024 19:09:09 [Information] Z Axis Data Received: 0
11/16/2024 19:09:09 [Information] Z Axis Data Received: ,
11/16/2024 19:09:09 [Information] Z Axis Data Received: 4
11/16/2024 19:09:09 [Information] Z Axis Data Received: 0
11/16/2024 19:09:09 [Information] Z Axis Data Received: 0
11/16/2024 19:09:09 [Information] Z Axis Data Received: .
11/16/2024 19:09:09 [Information] Z Axis Data Received: 0
11/16/2024 19:09:09 [Information] Z Axis Data Received: 0
11/16/2024 19:09:09 [Information] Stepper Motor Controller Disable Z Axis controls while moving to location.
11/16/2024 19:09:09 [Information] Time remaining: 00:00:00 targetEndTime = 07:09:17
11/16/2024 19:09:09 [Information] Z Axis Data Received: ,
11/16/2024 19:09:09 [Information] Z Axis Data Received: 0
11/16/2024 19:09:09 [Information] Z Axis Data Received: 
11/16/2024 19:09:09 [Information] Z Axis Data Received: 

11/16/2024 19:09:09 [Information] Stepper Motor Controller Disable Z Axis controls while moving to location.
11/16/2024 19:09:09 [Information] Time remaining: 00:00:00 targetEndTime = 07:09:17
11/16/2024 19:09:09 [Information] Stepper Motor Controller Disable Z Axis controls while moving to location.
11/16/2024 19:09:09 [Information] Time remaining: 00:00:00 targetEndTime = 07:09:17
11/16/2024 19:09:09 [Information] Stepper Motor Controller Disable Z Axis controls while moving to location.
11/16/2024 19:09:09 [Information] Time remaining: 00:00:00 targetEndTime = 07:09:17
11/16/2024 19:09:09 [Information] Stepper Motor Controller Disable Z Axis controls while moving to location.
11/16/2024 19:09:09 [Information] Time remaining: 00:00:00 targetEndTime = 07:09:17
11/16/2024 19:09:09 [Information] Stepper Motor Controller Disable Z Axis controls while moving to location.
11/16/2024 19:09:09 [Information] Time remaining: 00:00:00 targetEndTime = 07:09:17
11/16/2024 19:09:09 [Information] Stepper Motor Controller Disable Z Axis controls while moving to location.
11/16/2024 19:09:09 [Information] Time remaining: 00:00:00 targetEndTime = 07:09:17
11/16/2024 19:09:09 [Information] Stepper Motor Controller Disable Z Axis controls while moving to location.
11/16/2024 19:09:09 [Information] Time remaining: 00:00:00 targetEndTime = 07:09:17
11/16/2024 19:09:09 [Information] Stepper Motor Controller Disable Z Axis controls while moving to location.
11/16/2024 19:09:09 [Information] Time remaining: 00:00:00 targetEndTime = 07:09:17
11/16/2024 19:09:09 [Information] Stepper Motor Controller Disable Z Axis controls while moving to location.
11/16/2024 19:09:09 [Information] Time remaining: 00:00:00 targetEndTime = 07:09:17
11/16/2024 19:09:09 [Information] Stepper Motor Controller Disable Z Axis controls while moving to location.
11/16/2024 19:09:09 [Information] Time remaining: 00:00:00 targetEndTime = 07:09:17
11/16/2024 19:09:09 [Information] Stepper Motor Controller Disable Z Axis controls while moving to location.
11/16/2024 19:09:09 [Information] Time remaining: 00:00:00 targetEndTime = 07:09:17
11/16/2024 19:09:09 [Information] Stepper Motor Controller Disable Z Axis controls while moving to location.
11/16/2024 19:09:09 [Information] Time remaining: 00:00:00 targetEndTime = 07:09:17
11/16/2024 19:09:09 [Information] Stepper Motor Controller Disable Z Axis controls while moving to location.
11/16/2024 19:09:09 [Information] Time remaining: 00:00:00 targetEndTime = 07:09:17
11/16/2024 19:09:09 [Information] Stepper Motor Controller Disable Z Axis controls while moving to location.
11/16/2024 19:09:09 [Information] Time remaining: 00:00:00 targetEndTime = 07:09:17
11/16/2024 19:09:09 [Information] Stepper Motor Controller Disable Z Axis controls while moving to location.
11/16/2024 19:09:09 [Information] Time remaining: 00:00:00 targetEndTime = 07:09:17
11/16/2024 19:09:09 [Information] Stepper Motor Controller Disable Z Axis controls while moving to location.
11/16/2024 19:09:09 [Information] Time remaining: 00:00:00 targetEndTime = 07:09:17
11/16/2024 19:09:09 [Information] Stepper Motor Controller Disable Z Axis controls while moving to location.
11/16/2024 19:09:09 [Information] Time remaining: 00:00:00 targetEndTime = 07:09:17
11/16/2024 19:09:09 [Information] Stepper Motor Controller Disable Z Axis controls while moving to location.
11/16/2024 19:09:09 [Information] Time remaining: 00:00:00 targetEndTime = 07:09:17
11/16/2024 19:09:09 [Information] Stepper Motor Controller Disable Z Axis controls while moving to location.
11/16/2024 19:09:09 [Information] Time remaining: 00:00:00 targetEndTime = 07:09:17
11/16/2024 19:09:09 [Information] Stepper Motor Controller Disable Z Axis controls while moving to location.
11/16/2024 19:09:09 [Information] Time remaining: 00:00:00 targetEndTime = 07:09:17
11/16/2024 19:09:09 [Information] Stepper Motor Controller Disable Z Axis controls while moving to location.
11/16/2024 19:09:09 [Information] Time remaining: 00:00:00 targetEndTime = 07:09:17
11/16/2024 19:09:09 [Information] Stepper Motor Controller Disable Z Axis controls while moving to location.
11/16/2024 19:09:09 [Information] Time remaining: 00:00:00 targetEndTime = 07:09:17
11/16/2024 19:09:09 [Information] Stepper Motor Controller Disable Z Axis controls while moving to location.
11/16/2024 19:09:09 [Information] Time remaining: 00:00:00 targetEndTime = 07:09:17
11/16/2024 19:09:09 [Information] Stepper Motor Controller Disable Z Axis controls while moving to location.
11/16/2024 19:09:09 [Information] Time remaining: 00:00:00 targetEndTime = 07:09:17
11/16/2024 19:09:09 [Information] Stepper Motor Controller Disable Z Axis controls while moving to location.
11/16/2024 19:09:09 [Information] Time remaining: 00:00:00 targetEndTime = 07:09:17
11/16/2024 19:09:09 [Information] Stepper Motor Controller Disable Z Axis controls while moving to location.
11/16/2024 19:09:09 [Information] Time remaining: 00:00:00 targetEndTime = 07:09:17
11/16/2024 19:09:09 [Information] Stepper Motor Controller Disable Z Axis controls while moving to location.
11/16/2024 19:09:09 [Information] Time remaining: 00:00:00 targetEndTime = 07:09:17
11/16/2024 19:09:09 [Information] Stepper Motor Controller Disable Z Axis controls while moving to location.
11/16/2024 19:09:09 [Information] Time remaining: 00:00:00 targetEndTime = 07:09:17
11/16/2024 19:09:09 [Information] Stepper Motor Controller Disable Z Axis controls while moving to location.
11/16/2024 19:09:09 [Information] Time remaining: 00:00:00 targetEndTime = 07:09:17
11/16/2024 19:09:09 [Information] Stepper Motor Controller Disable Z Axis controls while moving to location.
11/16/2024 19:09:09 [Information] Time remaining: 00:00:00 targetEndTime = 07:09:17
11/16/2024 19:09:09 [Information] Stepper Motor Controller Disable Z Axis controls while moving to location.
11/16/2024 19:09:09 [Information] Time remaining: 00:00:00 targetEndTime = 07:09:17
11/16/2024 19:09:09 [Information] Stepper Motor Controller Disable Z Axis controls while moving to location.
11/16/2024 19:09:09 [Information] Time remaining: 00:00:00 targetEndTime = 07:09:17
11/16/2024 19:09:09 [Information] Z Axis Data Received: Z
11/16/2024 19:09:09 [Information] Z Axis Data Received:  
11/16/2024 19:09:09 [Information] Z Axis Data Received: A
11/16/2024 19:09:09 [Information] Z Axis Data Received: x
11/16/2024 19:09:09 [Information] Z Axis Data Received: i
11/16/2024 19:09:09 [Information] Z Axis Data Received: s
11/16/2024 19:09:09 [Information] Z Axis Data Received:  
11/16/2024 19:09:09 [Information] Stepper Motor Controller Disable Z Axis controls while moving to location.
11/16/2024 19:09:09 [Information] Time remaining: 00:00:00 targetEndTime = 07:09:17
11/16/2024 19:09:09 [Information] Z Axis Data Received: C
11/16/2024 19:09:09 [Information] Z Axis Data Received: W
11/16/2024 19:09:09 [Information] Z Axis Data Received:  
11/16/2024 19:09:09 [Information] Z Axis Data Received: S
11/16/2024 19:09:09 [Information] Z Axis Data Received: T
11/16/2024 19:09:09 [Information] Z Axis Data Received: O
11/16/2024 19:09:09 [Information] Z Axis Data Received: P
11/16/2024 19:09:09 [Information] Z Axis Data Received: P
11/16/2024 19:09:09 [Information] Z Axis Data Received: E
11/16/2024 19:09:09 [Information] Z Axis Data Received: D
11/16/2024 19:09:09 [Information] Z Axis Data Received: 
11/16/2024 19:09:09 [Information] Z Axis Data Received: 

11/16/2024 19:09:09 [Information] Z Axis Data Received: Z
11/16/2024 19:09:09 [Information] Z Axis Data Received:  
11/16/2024 19:09:09 [Information] Stepper Motor Controller Disable Z Axis controls while moving to location.
11/16/2024 19:09:09 [Information] Time remaining: 00:00:00 targetEndTime = 07:09:17
11/16/2024 19:09:09 [Information] Z Axis Data Received: A
11/16/2024 19:09:09 [Information] Z Axis Data Received: x
11/16/2024 19:09:09 [Information] Z Axis Data Received: i
11/16/2024 19:09:09 [Information] Z Axis Data Received: s
11/16/2024 19:09:09 [Information] Z Axis Data Received:  
11/16/2024 19:09:09 [Information] Z Axis Data Received: C
11/16/2024 19:09:09 [Information] Z Axis Data Received: C
11/16/2024 19:09:09 [Information] Z Axis Data Received: W
11/16/2024 19:09:09 [Information] Z Axis Data Received:  
11/16/2024 19:09:09 [Information] Z Axis Data Received: S
11/16/2024 19:09:09 [Information] Z Axis Data Received: T
11/16/2024 19:09:09 [Information] Z Axis Data Received: O
11/16/2024 19:09:09 [Information] Z Axis Data Received: P
11/16/2024 19:09:09 [Information] Z Axis Data Received: P
11/16/2024 19:09:09 [Information] Stepper Motor Controller Disable Z Axis controls while moving to location.
11/16/2024 19:09:09 [Information] Time remaining: 00:00:00 targetEndTime = 07:09:17
11/16/2024 19:09:09 [Information] Z Axis Data Received: E
11/16/2024 19:09:09 [Information] Z Axis Data Received: D
11/16/2024 19:09:09 [Information] Z Axis Data Received: 
11/16/2024 19:09:09 [Information] Z Axis Data Received: 

11/16/2024 19:09:09 [Information] Z Axis Data Received: Z
11/16/2024 19:09:09 [Information] Z Axis Data Received:  
11/16/2024 19:09:09 [Information] Z Axis Data Received: A
11/16/2024 19:09:09 [Information] Z Axis Data Received: x
11/16/2024 19:09:09 [Information] Z Axis Data Received: i
11/16/2024 19:09:09 [Information] Z Axis Data Received: s
11/16/2024 19:09:09 [Information] Z Axis Data Received:  
11/16/2024 19:09:09 [Information] Z Axis Data Received: C
11/16/2024 19:09:09 [Information] Z Axis Data Received: C
11/16/2024 19:09:09 [Information] Z Axis Data Received: W
11/16/2024 19:09:09 [Information] Stepper Motor Controller Disable Z Axis controls while moving to location.
11/16/2024 19:09:09 [Information] Z Axis Data Received:  
11/16/2024 19:09:09 [Information] Time remaining: 00:00:00 targetEndTime = 07:09:17
11/16/2024 19:09:09 [Information] Z Axis Data Received: S
11/16/2024 19:09:09 [Information] Z Axis Data Received: T
11/16/2024 19:09:09 [Information] Z Axis Data Received: O
11/16/2024 19:09:09 [Information] Z Axis Data Received: P
11/16/2024 19:09:09 [Information] Z Axis Data Received: P
11/16/2024 19:09:09 [Information] Z Axis Data Received: E
11/16/2024 19:09:09 [Information] Z Axis Data Received: D
11/16/2024 19:09:09 [Information] Z Axis Data Received: 
11/16/2024 19:09:09 [Information] Z Axis Data Received: 

11/16/2024 19:09:09 [Information] Z Axis Data Received: Z
11/16/2024 19:09:09 [Information] Z Axis Data Received:  
11/16/2024 19:09:09 [Information] Z Axis Data Received: A
11/16/2024 19:09:09 [Information] Z Axis Data Received: x
11/16/2024 19:09:09 [Information] Z Axis Data Received: i
11/16/2024 19:09:09 [Information] Stepper Motor Controller Disable Z Axis controls while moving to location.
11/16/2024 19:09:09 [Information] Time remaining: 00:00:00 targetEndTime = 07:09:17
11/16/2024 19:09:09 [Information] Z Axis Data Received: s
11/16/2024 19:09:09 [Information] Z Axis Data Received:  
11/16/2024 19:09:09 [Information] Z Axis Data Received: C
11/16/2024 19:09:09 [Information] Z Axis Data Received: C
11/16/2024 19:09:09 [Information] Z Axis Data Received: W
11/16/2024 19:09:09 [Information] Z Axis Data Received:  
11/16/2024 19:09:09 [Information] Z Axis Data Received: S
11/16/2024 19:09:09 [Information] Z Axis Data Received: T
11/16/2024 19:09:09 [Information] Z Axis Data Received: O
11/16/2024 19:09:09 [Information] Z Axis Data Received: P
11/16/2024 19:09:09 [Information] Z Axis Data Received: P
11/16/2024 19:09:09 [Information] Z Axis Data Received: E
11/16/2024 19:09:09 [Information] Z Axis Data Received: D
11/16/2024 19:09:09 [Information] Z Axis Data Received: 
11/16/2024 19:09:09 [Information] Z Axis Data Received: 

11/16/2024 19:09:09 [Information] Stepper Motor Controller Disable Z Axis controls while moving to location.
11/16/2024 19:09:09 [Information] Time remaining: 00:00:00 targetEndTime = 07:09:17
11/16/2024 19:09:09 [Information] Z Axis Data Received: Z
11/16/2024 19:09:09 [Information] Z Axis Data Received:  
11/16/2024 19:09:09 [Information] Z Axis Data Received: A
11/16/2024 19:09:09 [Information] Z Axis Data Received: x
11/16/2024 19:09:09 [Information] Z Axis Data Received: i
11/16/2024 19:09:09 [Information] Z Axis Data Received: s
11/16/2024 19:09:09 [Information] Z Axis Data Received:  
11/16/2024 19:09:09 [Information] Z Axis Data Received: C
11/16/2024 19:09:09 [Information] Z Axis Data Received: C
11/16/2024 19:09:09 [Information] Z Axis Data Received: W
11/16/2024 19:09:09 [Information] Z Axis Data Received:  
11/16/2024 19:09:09 [Information] Z Axis Data Received: S
11/16/2024 19:09:09 [Information] Z Axis Data Received: T
11/16/2024 19:09:09 [Information] Z Axis Data Received: O
11/16/2024 19:09:09 [Information] Z Axis Data Received: P
11/16/2024 19:09:09 [Information] Z Axis Data Received: P
11/16/2024 19:09:09 [Information] Z Axis Data Received: E
11/16/2024 19:09:09 [Information] Z Axis Data Received: D
11/16/2024 19:09:09 [Information] Z Axis Data Received: 
11/16/2024 19:09:09 [Information] Z Axis Data Received: 

11/16/2024 19:09:09 [Information] Z Axis Data Received: Z
11/16/2024 19:09:09 [Information] Z Axis Data Received:  
11/16/2024 19:09:09 [Information] Z Axis Data Received: A
11/16/2024 19:09:09 [Information] Z Axis Data Received: x
11/16/2024 19:09:09 [Information] Z Axis Data Received: i
11/16/2024 19:09:09 [Information] Z Axis Data Received: s
11/16/2024 19:09:09 [Information] Z Axis Data Received:  
11/16/2024 19:09:09 [Information] Z Axis Data Received: C
11/16/2024 19:09:09 [Information] Stepper Motor Controller Disable Z Axis controls while moving to location.
11/16/2024 19:09:09 [Information] Time remaining: 00:00:00 targetEndTime = 07:09:17
11/16/2024 19:09:09 [Information] Z Axis Data Received: C
11/16/2024 19:09:09 [Information] Z Axis Data Received: W
11/16/2024 19:09:09 [Information] Z Axis Data Received:  
11/16/2024 19:09:09 [Information] Z Axis Data Received: S
11/16/2024 19:09:09 [Information] Z Axis Data Received: T
11/16/2024 19:09:09 [Information] Z Axis Data Received: O
11/16/2024 19:09:09 [Information] Z Axis Data Received: P
11/16/2024 19:09:09 [Information] Z Axis Data Received: P
11/16/2024 19:09:09 [Information] Z Axis Data Received: E
11/16/2024 19:09:09 [Information] Z Axis Data Received: D
11/16/2024 19:09:09 [Information] Z Axis Data Received: 
11/16/2024 19:09:09 [Information] Z Axis Data Received: 

11/16/2024 19:09:09 [Information] Z Axis Data Received: Z
11/16/2024 19:09:09 [Information] Z Axis Data Received:  
11/16/2024 19:09:09 [Information] Z Axis Data Received: A
11/16/2024 19:09:09 [Information] Time remaining: 00:00:00 targetEndTime = 07:09:17
11/16/2024 19:09:09 [Information] Z Axis Data Received: x
11/16/2024 19:09:09 [Information] Z Axis Data Received: i
11/16/2024 19:09:09 [Information] Z Axis Data Received: s
11/16/2024 19:09:09 [Information] Z Axis Data Received:  
11/16/2024 19:09:09 [Information] Z Axis Data Received: C
11/16/2024 19:09:09 [Information] Z Axis Data Received: C
11/16/2024 19:09:09 [Information] Z Axis Data Received: W
11/16/2024 19:09:09 [Information] Z Axis Data Received:  
11/16/2024 19:09:09 [Information] Z Axis Data Received: S
11/16/2024 19:09:09 [Information] Z Axis Data Received: T
11/16/2024 19:09:09 [Information] Z Axis Data Received: O
11/16/2024 19:09:09 [Information] Z Axis Data Received: P
11/16/2024 19:09:09 [Information] Z Axis Data Received: P
11/16/2024 19:09:09 [Information] Z Axis Data Received: E
11/16/2024 19:09:09 [Information] Stepper Motor Controller Disable Z Axis controls while moving to location.
11/16/2024 19:09:09 [Information] Time remaining: 00:00:00 targetEndTime = 07:09:17
11/16/2024 19:09:09 [Information] Z Axis Data Received: D
11/16/2024 19:09:09 [Information] Z Axis Data Received: 
11/16/2024 19:09:09 [Information] Z Axis Data Received: 

11/16/2024 19:09:09 [Information] Z Axis Data Received: Z
11/16/2024 19:09:09 [Information] Z Axis Data Received:  
11/16/2024 19:09:09 [Information] Z Axis Data Received: A
11/16/2024 19:09:09 [Information] Z Axis Data Received: x
11/16/2024 19:09:09 [Information] Z Axis Data Received: i
11/16/2024 19:09:09 [Information] Z Axis Data Received: s
11/16/2024 19:09:09 [Information] Z Axis Data Received:  
11/16/2024 19:09:09 [Information] Z Axis Data Received: C
11/16/2024 19:09:09 [Information] Z Axis Data Received: C
11/16/2024 19:09:09 [Information] Z Axis Data Received: W
11/16/2024 19:09:09 [Information] Z Axis Data Received:  
11/16/2024 19:09:09 [Information] Z Axis Data Received: S
11/16/2024 19:09:09 [Information] Z Axis Data Received: T
11/16/2024 19:09:09 [Information] Z Axis Data Received: O
11/16/2024 19:09:09 [Information] Z Axis Data Received: P
11/16/2024 19:09:09 [Information] Z Axis Data Received: P
11/16/2024 19:09:09 [Information] Z Axis Data Received: E
11/16/2024 19:09:09 [Information] Z Axis Data Received: D
11/16/2024 19:09:09 [Information] Z Axis Data Received: 
11/16/2024 19:09:09 [Information] Z Axis Data Received: 

11/16/2024 19:09:09 [Information] Z Axis Data Received: Z
11/16/2024 19:09:09 [Information] Z Axis Data Received:  
11/16/2024 19:09:09 [Information] Z Axis Data Received: A
11/16/2024 19:09:10 [Information] Z Axis Data Received: x
11/16/2024 19:09:10 [Information] Z Axis Data Received: i
11/16/2024 19:09:10 [Information] Z Axis Data Received: s
11/16/2024 19:09:10 [Information] Stepper Motor Controller Disable Z Axis controls while moving to location.
11/16/2024 19:09:10 [Information] Time remaining: 00:00:00 targetEndTime = 07:09:17
11/16/2024 19:09:10 [Information] Z Axis Data Received:  
11/16/2024 19:09:10 [Information] Z Axis Data Received: C
11/16/2024 19:09:10 [Information] Z Axis Data Received: C
11/16/2024 19:09:10 [Information] Z Axis Data Received: W
11/16/2024 19:09:10 [Information] Z Axis Data Received:  
11/16/2024 19:09:10 [Information] Z Axis Data Received: S
11/16/2024 19:09:10 [Information] Z Axis Data Received: T
11/16/2024 19:09:10 [Information] Z Axis Data Received: O
11/16/2024 19:09:10 [Information] Z Axis Data Received: P
11/16/2024 19:09:10 [Information] Z Axis Data Received: P
11/16/2024 19:09:10 [Information] Z Axis Data Received: E
11/16/2024 19:09:10 [Information] Z Axis Data Received: D
11/16/2024 19:09:10 [Information] Z Axis Data Received: 
11/16/2024 19:09:10 [Information] Z Axis Data Received: 

11/16/2024 19:09:10 [Information] Stepper Motor Controller Disable Z Axis controls while moving to location.
11/16/2024 19:09:10 [Information] Time remaining: 00:00:00 targetEndTime = 07:09:17
11/16/2024 19:09:10 [Information] Z Axis Data Received: Z
11/16/2024 19:09:10 [Information] Z Axis Data Received:  
11/16/2024 19:09:10 [Information] Z Axis Data Received: A
11/16/2024 19:09:10 [Information] Z Axis Data Received: x
11/16/2024 19:09:10 [Information] Z Axis Data Received: i
11/16/2024 19:09:10 [Information] Z Axis Data Received: s
11/16/2024 19:09:10 [Information] Z Axis Data Received:  
11/16/2024 19:09:10 [Information] Z Axis Data Received: C
11/16/2024 19:09:10 [Information] Z Axis Data Received: C
11/16/2024 19:09:10 [Information] Z Axis Data Received: W
11/16/2024 19:09:10 [Information] Z Axis Data Received:  
11/16/2024 19:09:10 [Information] Z Axis Data Received: S
11/16/2024 19:09:10 [Information] Z Axis Data Received: T
11/16/2024 19:09:10 [Information] Z Axis Data Received: O
11/16/2024 19:09:10 [Information] Z Axis Data Received: P
11/16/2024 19:09:10 [Information] Stepper Motor Controller Disable Z Axis controls while moving to location.
11/16/2024 19:09:10 [Information] Time remaining: 00:00:00 targetEndTime = 07:09:17
11/16/2024 19:09:10 [Information] Z Axis Data Received: P
11/16/2024 19:09:10 [Information] Z Axis Data Received: E
11/16/2024 19:09:10 [Information] Z Axis Data Received: D
11/16/2024 19:09:10 [Information] Z Axis Data Received: 
11/16/2024 19:09:10 [Information] Z Axis Data Received: 

11/16/2024 19:09:10 [Information] Z Axis Data Received: Z
11/16/2024 19:09:10 [Information] Z Axis Data Received:  
11/16/2024 19:09:10 [Information] Z Axis Data Received: A
11/16/2024 19:09:10 [Information] Z Axis Data Received: x
11/16/2024 19:09:10 [Information] Z Axis Data Received: i
11/16/2024 19:09:10 [Information] Z Axis Data Received: s
11/16/2024 19:09:10 [Information] Z Axis Data Received:  
11/16/2024 19:09:10 [Information] Z Axis Data Received: C
11/16/2024 19:09:10 [Information] Z Axis Data Received: C
11/16/2024 19:09:10 [Information] Z Axis Data Received: W
11/16/2024 19:09:10 [Information] Stepper Motor Controller Disable Z Axis controls while moving to location.
11/16/2024 19:09:10 [Information] Time remaining: 00:00:00 targetEndTime = 07:09:17
11/16/2024 19:09:10 [Information] Z Axis Data Received:  
11/16/2024 19:09:10 [Information] Z Axis Data Received: S
11/16/2024 19:09:10 [Information] Z Axis Data Received: T
11/16/2024 19:09:10 [Information] Z Axis Data Received: O
11/16/2024 19:09:10 [Information] Z Axis Data Received: P
11/16/2024 19:09:10 [Information] Z Axis Data Received: P
11/16/2024 19:09:10 [Information] Z Axis Data Received: E
11/16/2024 19:09:10 [Information] Z Axis Data Received: D
11/16/2024 19:09:10 [Information] Z Axis Data Received: 
11/16/2024 19:09:10 [Information] Z Axis Data Received: 

11/16/2024 19:09:10 [Information] Z Axis Data Received: Z
11/16/2024 19:09:10 [Information] Z Axis Data Received:  
11/16/2024 19:09:10 [Information] Z Axis Data Received: A
11/16/2024 19:09:10 [Information] Z Axis Data Received: x
11/16/2024 19:09:10 [Information] Stepper Motor Controller Disable Z Axis controls while moving to location.
11/16/2024 19:09:10 [Information] Time remaining: 00:00:00 targetEndTime = 07:09:17
11/16/2024 19:09:10 [Information] Z Axis Data Received: i
11/16/2024 19:09:10 [Information] Z Axis Data Received: s
11/16/2024 19:09:10 [Information] Z Axis Data Received:  
11/16/2024 19:09:10 [Information] Z Axis Data Received: C
11/16/2024 19:09:10 [Information] Z Axis Data Received: C
11/16/2024 19:09:10 [Information] Z Axis Data Received: W
11/16/2024 19:09:10 [Information] Z Axis Data Received:  
11/16/2024 19:09:10 [Information] Z Axis Data Received: S
11/16/2024 19:09:10 [Information] Z Axis Data Received: T
11/16/2024 19:09:10 [Information] Z Axis Data Received: O
11/16/2024 19:09:10 [Information] Z Axis Data Received: P
11/16/2024 19:09:10 [Information] Z Axis Data Received: P
11/16/2024 19:09:10 [Information] Z Axis Data Received: E
11/16/2024 19:09:10 [Information] Z Axis Data Received: D
11/16/2024 19:09:10 [Information] Stepper Motor Controller Disable Z Axis controls while moving to location.
11/16/2024 19:09:10 [Information] Z Axis Data Received: 
11/16/2024 19:09:10 [Information] Time remaining: 00:00:00 targetEndTime = 07:09:17
11/16/2024 19:09:10 [Information] Z Axis Data Received: 

11/16/2024 19:09:10 [Information] Z Axis Data Received: Z
11/16/2024 19:09:10 [Information] Z Axis Data Received:  
11/16/2024 19:09:10 [Information] Z Axis Data Received: A
11/16/2024 19:09:10 [Information] Z Axis Data Received: x
11/16/2024 19:09:10 [Information] Z Axis Data Received: i
11/16/2024 19:09:10 [Information] Z Axis Data Received: s
11/16/2024 19:09:10 [Information] Z Axis Data Received:  
11/16/2024 19:09:10 [Information] Z Axis Data Received: C
11/16/2024 19:09:10 [Information] Z Axis Data Received: C
11/16/2024 19:09:10 [Information] Z Axis Data Received: W
11/16/2024 19:09:10 [Information] Z Axis Data Received:  
11/16/2024 19:09:10 [Information] Z Axis Data Received: S
11/16/2024 19:09:10 [Information] Z Axis Data Received: T
11/16/2024 19:09:10 [Information] Stepper Motor Controller Disable Z Axis controls while moving to location.
11/16/2024 19:09:10 [Information] Time remaining: 00:00:00 targetEndTime = 07:09:17
11/16/2024 19:09:10 [Information] Z Axis Data Received: O
11/16/2024 19:09:10 [Information] Z Axis Data Received: P
11/16/2024 19:09:10 [Information] Z Axis Data Received: P
11/16/2024 19:09:10 [Information] Z Axis Data Received: E
11/16/2024 19:09:10 [Information] Z Axis Data Received: D
11/16/2024 19:09:10 [Information] Z Axis Data Received: 
11/16/2024 19:09:10 [Information] Z Axis Data Received: 

11/16/2024 19:09:10 [Information] Stepper Motor Controller Disable Z Axis controls while moving to location.
11/16/2024 19:09:10 [Information] Time remaining: 00:00:00 targetEndTime = 07:09:17
11/16/2024 19:09:10 [Information] Stepper Motor Controller Disable Z Axis controls while moving to location.
11/16/2024 19:09:10 [Information] Time remaining: 00:00:00 targetEndTime = 07:09:17
11/16/2024 19:09:10 [Information] Stepper Motor Controller Disable Z Axis controls while moving to location.
11/16/2024 19:09:10 [Information] Time remaining: 00:00:00 targetEndTime = 07:09:17
11/16/2024 19:09:10 [Information] Stepper Motor Controller Disable Z Axis controls while moving to location.
11/16/2024 19:09:10 [Information] Time remaining: 00:00:00 targetEndTime = 07:09:17
11/16/2024 19:09:10 [Information] Stepper Motor Controller Disable Z Axis controls while moving to location.
11/16/2024 19:09:10 [Information] Time remaining: 00:00:00 targetEndTime = 07:09:17
11/16/2024 19:09:10 [Information] Stepper Motor Controller Disable Z Axis controls while moving to location.
11/16/2024 19:09:10 [Information] Time remaining: 00:00:00 targetEndTime = 07:09:17
11/16/2024 19:09:10 [Information] Stepper Motor Controller Disable Z Axis controls while moving to location.
11/16/2024 19:09:10 [Information] Time remaining: 00:00:01 targetEndTime = 07:09:17
11/16/2024 19:09:10 [Information] Stepper Motor Controller Disable Z Axis controls while moving to location.
11/16/2024 19:09:10 [Information] Time remaining: 00:00:01 targetEndTime = 07:09:17
11/16/2024 19:09:10 [Information] Stepper Motor Controller Disable Z Axis controls while moving to location.
11/16/2024 19:09:10 [Information] Time remaining: 00:00:01 targetEndTime = 07:09:17
11/16/2024 19:09:10 [Information] Stepper Motor Controller Disable Z Axis controls while moving to location.
11/16/2024 19:09:10 [Information] Time remaining: 00:00:01 targetEndTime = 07:09:17
11/16/2024 19:09:10 [Information] Stepper Motor Controller Disable Z Axis controls while moving to location.
11/16/2024 19:09:10 [Information] Time remaining: 00:00:01 targetEndTime = 07:09:17
11/16/2024 19:09:10 [Information] Stepper Motor Controller Disable Z Axis controls while moving to location.
11/16/2024 19:09:10 [Information] Time remaining: 00:00:01 targetEndTime = 07:09:17
11/16/2024 19:09:10 [Information] Stepper Motor Controller Disable Z Axis controls while moving to location.
11/16/2024 19:09:10 [Information] Time remaining: 00:00:01 targetEndTime = 07:09:17
11/16/2024 19:09:10 [Information] Stepper Motor Controller Disable Z Axis controls while moving to location.
11/16/2024 19:09:10 [Information] Time remaining: 00:00:01 targetEndTime = 07:09:17
11/16/2024 19:09:10 [Information] Stepper Motor Controller Disable Z Axis controls while moving to location.
11/16/2024 19:09:10 [Information] Time remaining: 00:00:01 targetEndTime = 07:09:17
11/16/2024 19:09:10 [Information] Stepper Motor Controller Disable Z Axis controls while moving to location.
11/16/2024 19:09:10 [Information] Time remaining: 00:00:01 targetEndTime = 07:09:17
11/16/2024 19:09:10 [Information] Stepper Motor Controller Disable Z Axis controls while moving to location.
11/16/2024 19:09:10 [Information] Time remaining: 00:00:01 targetEndTime = 07:09:17
11/16/2024 19:09:10 [Information] Stepper Motor Controller Disable Z Axis controls while moving to location.
11/16/2024 19:09:10 [Information] Time remaining: 00:00:01 targetEndTime = 07:09:17
11/16/2024 19:09:10 [Information] Stepper Motor Controller Disable Z Axis controls while moving to location.
11/16/2024 19:09:10 [Information] Time remaining: 00:00:01 targetEndTime = 07:09:17
11/16/2024 19:09:10 [Information] Stepper Motor Controller Disable Z Axis controls while moving to location.
11/16/2024 19:09:10 [Information] Time remaining: 00:00:01 targetEndTime = 07:09:17
11/16/2024 19:09:10 [Information] Stepper Motor Controller Disable Z Axis controls while moving to location.
11/16/2024 19:09:10 [Information] Time remaining: 00:00:01 targetEndTime = 07:09:17
11/16/2024 19:09:10 [Information] Z Axis Data Received: Z
11/16/2024 19:09:10 [Information] Stepper Motor Controller Disable Z Axis controls while moving to location.
11/16/2024 19:09:10 [Information] Z Axis Data Received:  
11/16/2024 19:09:10 [Information] Time remaining: 00:00:01 targetEndTime = 07:09:17
11/16/2024 19:09:10 [Information] Z Axis Data Received: A
11/16/2024 19:09:10 [Information] Z Axis Data Received: x
11/16/2024 19:09:10 [Information] Z Axis Data Received: i
11/16/2024 19:09:10 [Information] Z Axis Data Received: s
11/16/2024 19:09:10 [Information] Z Axis Data Received:  
11/16/2024 19:09:10 [Information] Z Axis Data Received: r
11/16/2024 19:09:10 [Information] Z Axis Data Received: e
11/16/2024 19:09:10 [Information] Z Axis Data Received: a
11/16/2024 19:09:10 [Information] Z Axis Data Received: c
11/16/2024 19:09:10 [Information] Z Axis Data Received: h
11/16/2024 19:09:10 [Information] Z Axis Data Received: e
11/16/2024 19:09:10 [Information] Z Axis Data Received: d
11/16/2024 19:09:10 [Information] Z Axis Data Received:  
11/16/2024 19:09:10 [Information] Z Axis Data Received: t
11/16/2024 19:09:10 [Information] Z Axis Data Received: a
11/16/2024 19:09:10 [Information] Z Axis Data Received: r
11/16/2024 19:09:10 [Information] Z Axis Data Received: g
11/16/2024 19:09:10 [Information] Z Axis Data Received: e
11/16/2024 19:09:10 [Information] Z Axis Data Received: t
11/16/2024 19:09:10 [Information] Z Axis Data Received:  
11/16/2024 19:09:10 [Information] Z Axis Data Received: p
11/16/2024 19:09:10 [Information] Z Axis Data Received: o
11/16/2024 19:09:10 [Information] Z Axis Data Received: s
11/16/2024 19:09:10 [Information] Z Axis Data Received: i
11/16/2024 19:09:10 [Information] Z Axis Data Received: t
11/16/2024 19:09:10 [Information] Z Axis Data Received: i
11/16/2024 19:09:10 [Information] Stepper Motor Controller Disable Z Axis controls while moving to location.
11/16/2024 19:09:10 [Information] Time remaining: 00:00:01 targetEndTime = 07:09:17
11/16/2024 19:09:10 [Information] Z Axis Data Received: o
11/16/2024 19:09:10 [Information] Z Axis Data Received: n
11/16/2024 19:09:10 [Information] Z Axis Data Received: ,
11/16/2024 19:09:10 [Information] Z Axis Data Received:  
11/16/2024 19:09:10 [Information] Z Axis Data Received: Z
11/16/2024 19:09:10 [Information] Z Axis Data Received:  
11/16/2024 19:09:10 [Information] Z Axis Data Received: A
11/16/2024 19:09:10 [Information] Z Axis Data Received: x
11/16/2024 19:09:10 [Information] Z Axis Data Received: i
11/16/2024 19:09:10 [Information] Z Axis Data Received: s
11/16/2024 19:09:10 [Information] Z Axis Data Received:  
11/16/2024 19:09:10 [Information] Z Axis Data Received: C
11/16/2024 19:09:10 [Information] Z Axis Data Received: u
11/16/2024 19:09:10 [Information] Z Axis Data Received: r
11/16/2024 19:09:10 [Information] Stepper Motor Controller Disable Z Axis controls while moving to location.
11/16/2024 19:09:10 [Information] Z Axis Data Received: r
11/16/2024 19:09:10 [Information] Time remaining: 00:00:01 targetEndTime = 07:09:17
11/16/2024 19:09:10 [Information] Z Axis Data Received: e
11/16/2024 19:09:10 [Information] Z Axis Data Received: n
11/16/2024 19:09:10 [Information] Z Axis Data Received: t
11/16/2024 19:09:10 [Information] Z Axis Data Received:  
11/16/2024 19:09:10 [Information] Z Axis Data Received: P
11/16/2024 19:09:10 [Information] Z Axis Data Received: o
11/16/2024 19:09:10 [Information] Z Axis Data Received: s
11/16/2024 19:09:10 [Information] Z Axis Data Received: i
11/16/2024 19:09:10 [Information] Z Axis Data Received: t
11/16/2024 19:09:10 [Information] Z Axis Data Received: i
11/16/2024 19:09:10 [Information] Z Axis Data Received: o
11/16/2024 19:09:10 [Information] Z Axis Data Received: n
11/16/2024 19:09:10 [Information] Z Axis Data Received: :
11/16/2024 19:09:10 [Information] Z Axis Data Received:  
11/16/2024 19:09:10 [Information] Stepper Motor Controller Disable Z Axis controls while moving to location.
11/16/2024 19:09:10 [Information] Time remaining: 00:00:01 targetEndTime = 07:09:17
11/16/2024 19:09:10 [Information] Z Axis Data Received: 2
11/16/2024 19:09:10 [Information] Z Axis Data Received: 4
11/16/2024 19:09:10 [Information] Z Axis Data Received: 8
11/16/2024 19:09:10 [Information] Z Axis Data Received: .
11/16/2024 19:09:10 [Information] Z Axis Data Received: 0
11/16/2024 19:09:10 [Information] Z Axis Data Received: 0
11/16/2024 19:09:10 [Information] Z Axis Data Received: 
11/16/2024 19:09:10 [Information] Z Axis Data Received: 

11/16/2024 19:09:10 [Information] Stepper Motor Controller Disable Z Axis controls while moving to location.
11/16/2024 19:09:10 [Information] Time remaining: 00:00:01 targetEndTime = 07:09:17
11/16/2024 19:09:10 [Information] Stepper Motor Controller Disable Z Axis controls while moving to location.
11/16/2024 19:09:10 [Information] Time remaining: 00:00:01 targetEndTime = 07:09:17
11/16/2024 19:09:10 [Information] Stepper Motor Controller Disable Z Axis controls while moving to location.
11/16/2024 19:09:10 [Information] Time remaining: 00:00:01 targetEndTime = 07:09:17
11/16/2024 19:09:10 [Information] Stepper Motor Controller Disable Z Axis controls while moving to location.
11/16/2024 19:09:10 [Information] Time remaining: 00:00:01 targetEndTime = 07:09:17
11/16/2024 19:09:10 [Information] Stepper Motor Controller Disable Z Axis controls while moving to location.
11/16/2024 19:09:10 [Information] Time remaining: 00:00:01 targetEndTime = 07:09:17
11/16/2024 19:09:10 [Information] Stepper Motor Controller Disable Z Axis controls while moving to location.
11/16/2024 19:09:10 [Information] Time remaining: 00:00:01 targetEndTime = 07:09:17
11/16/2024 19:09:10 [Information] Stepper Motor Controller Disable Z Axis controls while moving to location.
11/16/2024 19:09:10 [Information] Time remaining: 00:00:01 targetEndTime = 07:09:17
11/16/2024 19:09:10 [Information] Stepper Motor Controller Disable Z Axis controls while moving to location.
11/16/2024 19:09:10 [Information] Time remaining: 00:00:01 targetEndTime = 07:09:17
11/16/2024 19:09:10 [Information] Stepper Motor Controller Disable Z Axis controls while moving to location.
11/16/2024 19:09:10 [Information] Time remaining: 00:00:01 targetEndTime = 07:09:17
11/16/2024 19:09:10 [Information] Stepper Motor Controller Disable Z Axis controls while moving to location.
11/16/2024 19:09:10 [Information] Time remaining: 00:00:01 targetEndTime = 07:09:17
11/16/2024 19:09:10 [Information] Stepper Motor Controller Disable Z Axis controls while moving to location.
11/16/2024 19:09:10 [Information] Time remaining: 00:00:01 targetEndTime = 07:09:17
11/16/2024 19:09:10 [Information] Stepper Motor Controller Disable Z Axis controls while moving to location.
11/16/2024 19:09:10 [Information] Time remaining: 00:00:01 targetEndTime = 07:09:17
11/16/2024 19:09:10 [Information] Stepper Motor Controller Disable Z Axis controls while moving to location.
11/16/2024 19:09:10 [Information] Time remaining: 00:00:01 targetEndTime = 07:09:17
11/16/2024 19:09:10 [Information] Stepper Motor Controller Disable Z Axis controls while moving to location.
11/16/2024 19:09:10 [Information] Time remaining: 00:00:01 targetEndTime = 07:09:17
11/16/2024 19:09:10 [Information] Stepper Motor Controller Disable Z Axis controls while moving to location.
11/16/2024 19:09:10 [Information] Time remaining: 00:00:01 targetEndTime = 07:09:17
11/16/2024 19:09:10 [Information] Stepper Motor Controller Disable Z Axis controls while moving to location.
11/16/2024 19:09:10 [Information] Time remaining: 00:00:01 targetEndTime = 07:09:17
11/16/2024 19:09:10 [Information] Stepper Motor Controller Disable Z Axis controls while moving to location.
11/16/2024 19:09:10 [Information] Time remaining: 00:00:01 targetEndTime = 07:09:17
11/16/2024 19:09:10 [Information] Stepper Motor Controller Disable Z Axis controls while moving to location.
11/16/2024 19:09:10 [Information] Time remaining: 00:00:01 targetEndTime = 07:09:17
11/16/2024 19:09:10 [Information] Stepper Motor Controller Disable Z Axis controls while moving to location.
11/16/2024 19:09:10 [Information] Time remaining: 00:00:01 targetEndTime = 07:09:17
11/16/2024 19:09:10 [Information] Stepper Motor Controller Disable Z Axis controls while moving to location.
11/16/2024 19:09:10 [Information] Time remaining: 00:00:01 targetEndTime = 07:09:17
11/16/2024 19:09:10 [Information] Stepper Motor Controller Disable Z Axis controls while moving to location.
11/16/2024 19:09:10 [Information] Time remaining: 00:00:01 targetEndTime = 07:09:17
11/16/2024 19:09:10 [Information] Stepper Motor Controller Disable Z Axis controls while moving to location.
11/16/2024 19:09:10 [Information] Time remaining: 00:00:01 targetEndTime = 07:09:17
11/16/2024 19:09:10 [Information] Stepper Motor Controller Disable Z Axis controls while moving to location.
11/16/2024 19:09:10 [Information] Time remaining: 00:00:01 targetEndTime = 07:09:17
11/16/2024 19:09:10 [Information] Stepper Motor Controller Disable Z Axis controls while moving to location.
11/16/2024 19:09:10 [Information] Time remaining: 00:00:01 targetEndTime = 07:09:17
11/16/2024 19:09:11 [Information] Stepper Motor Controller Disable Z Axis controls while moving to location.
11/16/2024 19:09:11 [Information] Time remaining: 00:00:01 targetEndTime = 07:09:17
11/16/2024 19:09:11 [Information] Stepper Motor Controller Disable Z Axis controls while moving to location.
11/16/2024 19:09:11 [Information] Time remaining: 00:00:01 targetEndTime = 07:09:17
11/16/2024 19:09:11 [Information] Stepper Motor Controller Disable Z Axis controls while moving to location.
11/16/2024 19:09:11 [Information] Time remaining: 00:00:01 targetEndTime = 07:09:17
11/16/2024 19:09:11 [Information] Stepper Motor Controller Disable Z Axis controls while moving to location.
11/16/2024 19:09:11 [Information] Time remaining: 00:00:01 targetEndTime = 07:09:17
11/16/2024 19:09:11 [Information] Stepper Motor Controller Disable Z Axis controls while moving to location.
11/16/2024 19:09:11 [Information] Time remaining: 00:00:01 targetEndTime = 07:09:17
11/16/2024 19:09:11 [Information] Stepper Motor Controller Disable Z Axis controls while moving to location.
11/16/2024 19:09:11 [Information] Time remaining: 00:00:01 targetEndTime = 07:09:17
11/16/2024 19:09:11 [Information] Stepper Motor Controller Disable Z Axis controls while moving to location.
11/16/2024 19:09:11 [Information] Time remaining: 00:00:01 targetEndTime = 07:09:17
11/16/2024 19:09:11 [Information] Stepper Motor Controller Disable Z Axis controls while moving to location.
11/16/2024 19:09:11 [Information] Time remaining: 00:00:01 targetEndTime = 07:09:17
11/16/2024 19:09:11 [Information] Stepper Motor Controller Disable Z Axis controls while moving to location.
11/16/2024 19:09:11 [Information] Time remaining: 00:00:01 targetEndTime = 07:09:17
11/16/2024 19:09:11 [Information] Stepper Motor Controller Disable Z Axis controls while moving to location.
11/16/2024 19:09:11 [Information] Time remaining: 00:00:01 targetEndTime = 07:09:17
11/16/2024 19:09:11 [Information] Stepper Motor Controller Disable Z Axis controls while moving to location.
11/16/2024 19:09:11 [Information] Time remaining: 00:00:01 targetEndTime = 07:09:17
11/16/2024 19:09:11 [Information] Stepper Motor Controller Disable Z Axis controls while moving to location.
11/16/2024 19:09:11 [Information] Time remaining: 00:00:01 targetEndTime = 07:09:17
11/16/2024 19:09:11 [Information] Stepper Motor Controller Disable Z Axis controls while moving to location.
11/16/2024 19:09:11 [Information] Time remaining: 00:00:01 targetEndTime = 07:09:17
11/16/2024 19:09:11 [Information] Stepper Motor Controller Disable Z Axis controls while moving to location.
11/16/2024 19:09:11 [Information] Time remaining: 00:00:01 targetEndTime = 07:09:17
11/16/2024 19:09:11 [Information] Stepper Motor Controller Disable Z Axis controls while moving to location.
11/16/2024 19:09:11 [Information] Time remaining: 00:00:01 targetEndTime = 07:09:17
11/16/2024 19:09:11 [Information] Stepper Motor Controller Disable Z Axis controls while moving to location.
11/16/2024 19:09:11 [Information] Time remaining: 00:00:02 targetEndTime = 07:09:17
11/16/2024 19:09:11 [Information] Stepper Motor Controller Disable Z Axis controls while moving to location.
11/16/2024 19:09:11 [Information] Time remaining: 00:00:02 targetEndTime = 07:09:17
11/16/2024 19:09:11 [Information] Stepper Motor Controller Disable Z Axis controls while moving to location.
11/16/2024 19:09:11 [Information] Time remaining: 00:00:02 targetEndTime = 07:09:17
11/16/2024 19:09:11 [Information] Stepper Motor Controller Disable Z Axis controls while moving to location.
11/16/2024 19:09:11 [Information] Time remaining: 00:00:02 targetEndTime = 07:09:17
11/16/2024 19:09:11 [Information] Stepper Motor Controller Disable Z Axis controls while moving to location.
11/16/2024 19:09:11 [Information] Time remaining: 00:00:02 targetEndTime = 07:09:17
11/16/2024 19:09:11 [Information] Stepper Motor Controller Disable Z Axis controls while moving to location.
11/16/2024 19:09:11 [Information] Time remaining: 00:00:02 targetEndTime = 07:09:17
11/16/2024 19:09:11 [Information] Stepper Motor Controller Disable Z Axis controls while moving to location.
11/16/2024 19:09:11 [Information] Time remaining: 00:00:02 targetEndTime = 07:09:17
11/16/2024 19:09:11 [Information] Stepper Motor Controller Disable Z Axis controls while moving to location.
11/16/2024 19:09:11 [Information] Time remaining: 00:00:02 targetEndTime = 07:09:17
11/16/2024 19:09:11 [Information] Stepper Motor Controller Disable Z Axis controls while moving to location.
11/16/2024 19:09:11 [Information] Time remaining: 00:00:02 targetEndTime = 07:09:17
11/16/2024 19:09:11 [Information] Stepper Motor Controller Disable Z Axis controls while moving to location.
11/16/2024 19:09:11 [Information] Time remaining: 00:00:02 targetEndTime = 07:09:17
11/16/2024 19:09:11 [Information] Stepper Motor Controller Disable Z Axis controls while moving to location.
11/16/2024 19:09:11 [Information] Time remaining: 00:00:02 targetEndTime = 07:09:17
11/16/2024 19:09:11 [Information] Stepper Motor Controller Disable Z Axis controls while moving to location.
11/16/2024 19:09:11 [Information] Time remaining: 00:00:02 targetEndTime = 07:09:17
11/16/2024 19:09:11 [Information] Stepper Motor Controller Disable Z Axis controls while moving to location.
11/16/2024 19:09:11 [Information] Time remaining: 00:00:02 targetEndTime = 07:09:17
11/16/2024 19:09:11 [Information] Stepper Motor Controller Disable Z Axis controls while moving to location.
11/16/2024 19:09:11 [Information] Time remaining: 00:00:02 targetEndTime = 07:09:17
11/16/2024 19:09:11 [Information] Stepper Motor Controller Disable Z Axis controls while moving to location.
11/16/2024 19:09:11 [Information] Time remaining: 00:00:02 targetEndTime = 07:09:17
11/16/2024 19:09:11 [Information] Stepper Motor Controller Disable Z Axis controls while moving to location.
11/16/2024 19:09:11 [Information] Time remaining: 00:00:02 targetEndTime = 07:09:17
11/16/2024 19:09:11 [Information] Stepper Motor Controller Disable Z Axis controls while moving to location.
11/16/2024 19:09:11 [Information] Time remaining: 00:00:02 targetEndTime = 07:09:17
11/16/2024 19:09:11 [Information] Stepper Motor Controller Disable Z Axis controls while moving to location.
11/16/2024 19:09:11 [Information] Time remaining: 00:00:02 targetEndTime = 07:09:17
11/16/2024 19:09:11 [Information] Stepper Motor Controller Disable Z Axis controls while moving to location.
11/16/2024 19:09:11 [Information] Time remaining: 00:00:02 targetEndTime = 07:09:17
11/16/2024 19:09:11 [Information] Stepper Motor Controller Disable Z Axis controls while moving to location.
11/16/2024 19:09:11 [Information] Time remaining: 00:00:02 targetEndTime = 07:09:17
11/16/2024 19:09:11 [Information] Stepper Motor Controller Disable Z Axis controls while moving to location.
11/16/2024 19:09:11 [Information] Time remaining: 00:00:02 targetEndTime = 07:09:17
11/16/2024 19:09:11 [Information] Stepper Motor Controller Disable Z Axis controls while moving to location.
11/16/2024 19:09:11 [Information] Time remaining: 00:00:02 targetEndTime = 07:09:17
11/16/2024 19:09:11 [Information] Stepper Motor Controller Disable Z Axis controls while moving to location.
11/16/2024 19:09:11 [Information] Time remaining: 00:00:02 targetEndTime = 07:09:17
11/16/2024 19:09:11 [Information] Stepper Motor Controller Disable Z Axis controls while moving to location.
11/16/2024 19:09:11 [Information] Time remaining: 00:00:02 targetEndTime = 07:09:17
11/16/2024 19:09:11 [Information] Stepper Motor Controller Disable Z Axis controls while moving to location.
11/16/2024 19:09:11 [Information] Time remaining: 00:00:02 targetEndTime = 07:09:17
11/16/2024 19:09:11 [Information] Stepper Motor Controller Disable Z Axis controls while moving to location.
11/16/2024 19:09:11 [Information] Time remaining: 00:00:02 targetEndTime = 07:09:17
11/16/2024 19:09:11 [Information] Stepper Motor Controller Disable Z Axis controls while moving to location.
11/16/2024 19:09:11 [Information] Time remaining: 00:00:02 targetEndTime = 07:09:17
11/16/2024 19:09:11 [Information] Stepper Motor Controller Disable Z Axis controls while moving to location.
11/16/2024 19:09:11 [Information] Time remaining: 00:00:02 targetEndTime = 07:09:17
11/16/2024 19:09:11 [Information] Stepper Motor Controller Disable Z Axis controls while moving to location.
11/16/2024 19:09:11 [Information] Time remaining: 00:00:02 targetEndTime = 07:09:17
11/16/2024 19:09:11 [Information] Stepper Motor Controller Disable Z Axis controls while moving to location.
11/16/2024 19:09:11 [Information] Time remaining: 00:00:02 targetEndTime = 07:09:17
11/16/2024 19:09:11 [Information] Stepper Motor Controller Disable Z Axis controls while moving to location.
11/16/2024 19:09:11 [Information] Time remaining: 00:00:02 targetEndTime = 07:09:17
11/16/2024 19:09:11 [Information] Stepper Motor Controller Disable Z Axis controls while moving to location.
11/16/2024 19:09:11 [Information] Time remaining: 00:00:02 targetEndTime = 07:09:17
11/16/2024 19:09:11 [Information] Stepper Motor Controller Disable Z Axis controls while moving to location.
11/16/2024 19:09:11 [Information] Time remaining: 00:00:02 targetEndTime = 07:09:17
11/16/2024 19:09:11 [Information] Stepper Motor Controller Disable Z Axis controls while moving to location.
11/16/2024 19:09:11 [Information] Time remaining: 00:00:02 targetEndTime = 07:09:17
11/16/2024 19:09:11 [Information] Stepper Motor Controller Disable Z Axis controls while moving to location.
11/16/2024 19:09:11 [Information] Time remaining: 00:00:02 targetEndTime = 07:09:17
11/16/2024 19:09:11 [Information] Stepper Motor Controller Disable Z Axis controls while moving to location.
11/16/2024 19:09:11 [Information] Time remaining: 00:00:02 targetEndTime = 07:09:17
11/16/2024 19:09:11 [Information] Stepper Motor Controller Disable Z Axis controls while moving to location.
11/16/2024 19:09:11 [Information] Time remaining: 00:00:02 targetEndTime = 07:09:17
11/16/2024 19:09:11 [Information] Stepper Motor Controller Disable Z Axis controls while moving to location.
11/16/2024 19:09:11 [Information] Time remaining: 00:00:02 targetEndTime = 07:09:17
11/16/2024 19:09:11 [Information] Stepper Motor Controller Disable Z Axis controls while moving to location.
11/16/2024 19:09:11 [Information] Time remaining: 00:00:02 targetEndTime = 07:09:17
11/16/2024 19:09:11 [Information] Stepper Motor Controller Disable Z Axis controls while moving to location.
11/16/2024 19:09:11 [Information] Time remaining: 00:00:02 targetEndTime = 07:09:17
11/16/2024 19:09:11 [Information] Stepper Motor Controller Disable Z Axis controls while moving to location.
11/16/2024 19:09:11 [Information] Time remaining: 00:00:02 targetEndTime = 07:09:17
11/16/2024 19:09:11 [Information] Stepper Motor Controller Disable Z Axis controls while moving to location.
11/16/2024 19:09:11 [Information] Time remaining: 00:00:02 targetEndTime = 07:09:17
11/16/2024 19:09:11 [Information] Stepper Motor Controller Disable Z Axis controls while moving to location.
11/16/2024 19:09:11 [Information] Time remaining: 00:00:02 targetEndTime = 07:09:17
11/16/2024 19:09:11 [Information] Stepper Motor Controller Disable Z Axis controls while moving to location.
11/16/2024 19:09:11 [Information] Time remaining: 00:00:02 targetEndTime = 07:09:17
11/16/2024 19:09:11 [Information] Stepper Motor Controller Disable Z Axis controls while moving to location.
11/16/2024 19:09:11 [Information] Time remaining: 00:00:02 targetEndTime = 07:09:17
11/16/2024 19:09:11 [Information] Stepper Motor Controller Disable Z Axis controls while moving to location.
11/16/2024 19:09:11 [Information] Time remaining: 00:00:02 targetEndTime = 07:09:17
11/16/2024 19:09:12 [Information] Stepper Motor Controller Disable Z Axis controls while moving to location.
11/16/2024 19:09:12 [Information] Time remaining: 00:00:02 targetEndTime = 07:09:17
11/16/2024 19:09:12 [Information] Stepper Motor Controller Disable Z Axis controls while moving to location.
11/16/2024 19:09:12 [Information] Time remaining: 00:00:02 targetEndTime = 07:09:17
11/16/2024 19:09:12 [Information] Stepper Motor Controller Disable Z Axis controls while moving to location.
11/16/2024 19:09:12 [Information] Time remaining: 00:00:02 targetEndTime = 07:09:17
11/16/2024 19:09:12 [Information] Stepper Motor Controller Disable Z Axis controls while moving to location.
11/16/2024 19:09:12 [Information] Time remaining: 00:00:02 targetEndTime = 07:09:17
11/16/2024 19:09:12 [Information] Stepper Motor Controller Disable Z Axis controls while moving to location.
11/16/2024 19:09:12 [Information] Time remaining: 00:00:02 targetEndTime = 07:09:17
11/16/2024 19:09:12 [Information] Stepper Motor Controller Disable Z Axis controls while moving to location.
11/16/2024 19:09:12 [Information] Time remaining: 00:00:02 targetEndTime = 07:09:17
11/16/2024 19:09:12 [Information] Stepper Motor Controller Disable Z Axis controls while moving to location.
11/16/2024 19:09:12 [Information] Time remaining: 00:00:02 targetEndTime = 07:09:17
11/16/2024 19:09:12 [Information] Stepper Motor Controller Disable Z Axis controls while moving to location.
11/16/2024 19:09:12 [Information] Time remaining: 00:00:02 targetEndTime = 07:09:17
11/16/2024 19:09:12 [Information] Stepper Motor Controller Disable Z Axis controls while moving to location.
11/16/2024 19:09:12 [Information] Time remaining: 00:00:02 targetEndTime = 07:09:17
11/16/2024 19:09:12 [Information] Stepper Motor Controller Disable Z Axis controls while moving to location.
11/16/2024 19:09:12 [Information] Time remaining: 00:00:02 targetEndTime = 07:09:17
11/16/2024 19:09:12 [Information] Stepper Motor Controller Disable Z Axis controls while moving to location.
11/16/2024 19:09:12 [Information] Time remaining: 00:00:02 targetEndTime = 07:09:17
11/16/2024 19:09:12 [Information] Stepper Motor Controller Disable Z Axis controls while moving to location.
11/16/2024 19:09:12 [Information] Time remaining: 00:00:02 targetEndTime = 07:09:17
11/16/2024 19:09:12 [Information] Stepper Motor Controller Disable Z Axis controls while moving to location.
11/16/2024 19:09:12 [Information] Time remaining: 00:00:02 targetEndTime = 07:09:17
11/16/2024 19:09:12 [Information] Stepper Motor Controller Disable Z Axis controls while moving to location.
11/16/2024 19:09:12 [Information] Time remaining: 00:00:02 targetEndTime = 07:09:17
11/16/2024 19:09:12 [Information] Stepper Motor Controller Disable Z Axis controls while moving to location.
11/16/2024 19:09:12 [Information] Time remaining: 00:00:02 targetEndTime = 07:09:17
11/16/2024 19:09:12 [Information] Stepper Motor Controller Disable Z Axis controls while moving to location.
11/16/2024 19:09:12 [Information] Time remaining: 00:00:03 targetEndTime = 07:09:17
11/16/2024 19:09:12 [Information] Stepper Motor Controller Disable Z Axis controls while moving to location.
11/16/2024 19:09:12 [Information] Time remaining: 00:00:03 targetEndTime = 07:09:17
11/16/2024 19:09:12 [Information] Stepper Motor Controller Disable Z Axis controls while moving to location.
11/16/2024 19:09:12 [Information] Time remaining: 00:00:03 targetEndTime = 07:09:17
11/16/2024 19:09:12 [Information] Stepper Motor Controller Disable Z Axis controls while moving to location.
11/16/2024 19:09:12 [Information] Time remaining: 00:00:03 targetEndTime = 07:09:17
11/16/2024 19:09:12 [Information] Stepper Motor Controller Disable Z Axis controls while moving to location.
11/16/2024 19:09:12 [Information] Time remaining: 00:00:03 targetEndTime = 07:09:17
11/16/2024 19:09:12 [Information] Stepper Motor Controller Disable Z Axis controls while moving to location.
11/16/2024 19:09:12 [Information] Time remaining: 00:00:03 targetEndTime = 07:09:17
11/16/2024 19:09:12 [Information] Stepper Motor Controller Disable Z Axis controls while moving to location.
11/16/2024 19:09:12 [Information] Time remaining: 00:00:03 targetEndTime = 07:09:17
11/16/2024 19:09:12 [Information] Stepper Motor Controller Disable Z Axis controls while moving to location.
11/16/2024 19:09:12 [Information] Time remaining: 00:00:03 targetEndTime = 07:09:17
11/16/2024 19:09:12 [Information] Stepper Motor Controller Disable Z Axis controls while moving to location.
11/16/2024 19:09:12 [Information] Time remaining: 00:00:03 targetEndTime = 07:09:17
11/16/2024 19:09:12 [Information] Stepper Motor Controller Disable Z Axis controls while moving to location.
11/16/2024 19:09:12 [Information] Time remaining: 00:00:03 targetEndTime = 07:09:17
11/16/2024 19:09:12 [Information] Stepper Motor Controller Disable Z Axis controls while moving to location.
11/16/2024 19:09:12 [Information] Time remaining: 00:00:03 targetEndTime = 07:09:17
11/16/2024 19:09:12 [Information] Stepper Motor Controller Disable Z Axis controls while moving to location.
11/16/2024 19:09:12 [Information] Time remaining: 00:00:03 targetEndTime = 07:09:17
11/16/2024 19:09:12 [Information] Stepper Motor Controller Disable Z Axis controls while moving to location.
11/16/2024 19:09:12 [Information] Time remaining: 00:00:03 targetEndTime = 07:09:17
11/16/2024 19:09:12 [Information] Stepper Motor Controller Disable Z Axis controls while moving to location.
11/16/2024 19:09:12 [Information] Time remaining: 00:00:03 targetEndTime = 07:09:17
11/16/2024 19:09:12 [Information] Stepper Motor Controller Disable Z Axis controls while moving to location.
11/16/2024 19:09:12 [Information] Time remaining: 00:00:03 targetEndTime = 07:09:17
11/16/2024 19:09:12 [Information] Stepper Motor Controller Disable Z Axis controls while moving to location.
11/16/2024 19:09:12 [Information] Time remaining: 00:00:03 targetEndTime = 07:09:17
11/16/2024 19:09:12 [Information] Stepper Motor Controller Disable Z Axis controls while moving to location.
11/16/2024 19:09:12 [Information] Time remaining: 00:00:03 targetEndTime = 07:09:17
11/16/2024 19:09:12 [Information] Stepper Motor Controller Disable Z Axis controls while moving to location.
11/16/2024 19:09:12 [Information] Time remaining: 00:00:03 targetEndTime = 07:09:17
11/16/2024 19:09:12 [Information] Stepper Motor Controller Disable Z Axis controls while moving to location.
11/16/2024 19:09:12 [Information] Time remaining: 00:00:03 targetEndTime = 07:09:17
11/16/2024 19:09:12 [Information] Stepper Motor Controller Disable Z Axis controls while moving to location.
11/16/2024 19:09:12 [Information] Time remaining: 00:00:03 targetEndTime = 07:09:17
11/16/2024 19:09:12 [Information] Stepper Motor Controller Disable Z Axis controls while moving to location.
11/16/2024 19:09:12 [Information] Time remaining: 00:00:03 targetEndTime = 07:09:17
11/16/2024 19:09:12 [Information] Stepper Motor Controller Disable Z Axis controls while moving to location.
11/16/2024 19:09:12 [Information] Time remaining: 00:00:03 targetEndTime = 07:09:17
11/16/2024 19:09:12 [Information] Stepper Motor Controller Disable Z Axis controls while moving to location.
11/16/2024 19:09:12 [Information] Time remaining: 00:00:03 targetEndTime = 07:09:17
11/16/2024 19:09:12 [Information] Stepper Motor Controller Disable Z Axis controls while moving to location.
11/16/2024 19:09:12 [Information] Time remaining: 00:00:03 targetEndTime = 07:09:17
11/16/2024 19:09:12 [Information] Stepper Motor Controller Disable Z Axis controls while moving to location.
11/16/2024 19:09:12 [Information] Time remaining: 00:00:03 targetEndTime = 07:09:17
11/16/2024 19:09:12 [Information] Stepper Motor Controller Disable Z Axis controls while moving to location.
11/16/2024 19:09:12 [Information] Time remaining: 00:00:03 targetEndTime = 07:09:17
11/16/2024 19:09:12 [Information] Stepper Motor Controller Disable Z Axis controls while moving to location.
11/16/2024 19:09:12 [Information] Time remaining: 00:00:03 targetEndTime = 07:09:17
11/16/2024 19:09:12 [Information] Stepper Motor Controller Disable Z Axis controls while moving to location.
11/16/2024 19:09:12 [Information] Time remaining: 00:00:03 targetEndTime = 07:09:17
11/16/2024 19:09:12 [Information] Stepper Motor Controller Disable Z Axis controls while moving to location.
11/16/2024 19:09:12 [Information] Time remaining: 00:00:03 targetEndTime = 07:09:17
11/16/2024 19:09:12 [Information] Stepper Motor Controller Disable Z Axis controls while moving to location.
11/16/2024 19:09:12 [Information] Time remaining: 00:00:03 targetEndTime = 07:09:17
11/16/2024 19:09:12 [Information] Stepper Motor Controller Disable Z Axis controls while moving to location.
11/16/2024 19:09:12 [Information] Time remaining: 00:00:03 targetEndTime = 07:09:17
11/16/2024 19:09:12 [Information] Stepper Motor Controller Disable Z Axis controls while moving to location.
11/16/2024 19:09:12 [Information] Time remaining: 00:00:03 targetEndTime = 07:09:17
11/16/2024 19:09:12 [Information] Stepper Motor Controller Disable Z Axis controls while moving to location.
11/16/2024 19:09:12 [Information] Time remaining: 00:00:03 targetEndTime = 07:09:17
11/16/2024 19:09:12 [Information] Stepper Motor Controller Disable Z Axis controls while moving to location.
11/16/2024 19:09:12 [Information] Time remaining: 00:00:03 targetEndTime = 07:09:17
11/16/2024 19:09:12 [Information] Stepper Motor Controller Disable Z Axis controls while moving to location.
11/16/2024 19:09:12 [Information] Time remaining: 00:00:03 targetEndTime = 07:09:17
11/16/2024 19:09:12 [Information] Stepper Motor Controller Disable Z Axis controls while moving to location.
11/16/2024 19:09:12 [Information] Time remaining: 00:00:03 targetEndTime = 07:09:17
11/16/2024 19:09:12 [Information] Stepper Motor Controller Disable Z Axis controls while moving to location.
11/16/2024 19:09:12 [Information] Time remaining: 00:00:03 targetEndTime = 07:09:17
11/16/2024 19:09:12 [Information] Stepper Motor Controller Disable Z Axis controls while moving to location.
11/16/2024 19:09:12 [Information] Time remaining: 00:00:03 targetEndTime = 07:09:17
11/16/2024 19:09:12 [Information] Stepper Motor Controller Disable Z Axis controls while moving to location.
11/16/2024 19:09:12 [Information] Time remaining: 00:00:03 targetEndTime = 07:09:17
11/16/2024 19:09:12 [Information] Stepper Motor Controller Disable Z Axis controls while moving to location.
11/16/2024 19:09:12 [Information] Time remaining: 00:00:03 targetEndTime = 07:09:17
11/16/2024 19:09:12 [Information] Stepper Motor Controller Disable Z Axis controls while moving to location.
11/16/2024 19:09:12 [Information] Time remaining: 00:00:03 targetEndTime = 07:09:17
11/16/2024 19:09:12 [Information] Stepper Motor Controller Disable Z Axis controls while moving to location.
11/16/2024 19:09:12 [Information] Time remaining: 00:00:03 targetEndTime = 07:09:17
11/16/2024 19:09:12 [Information] Stepper Motor Controller Disable Z Axis controls while moving to location.
11/16/2024 19:09:12 [Information] Time remaining: 00:00:03 targetEndTime = 07:09:17
11/16/2024 19:09:12 [Information] Stepper Motor Controller Disable Z Axis controls while moving to location.
11/16/2024 19:09:12 [Information] Time remaining: 00:00:03 targetEndTime = 07:09:17
11/16/2024 19:09:13 [Information] Stepper Motor Controller Disable Z Axis controls while moving to location.
11/16/2024 19:09:13 [Information] Time remaining: 00:00:03 targetEndTime = 07:09:17
11/16/2024 19:09:13 [Information] Stepper Motor Controller Disable Z Axis controls while moving to location.
11/16/2024 19:09:13 [Information] Time remaining: 00:00:03 targetEndTime = 07:09:17
11/16/2024 19:09:13 [Information] Stepper Motor Controller Disable Z Axis controls while moving to location.
11/16/2024 19:09:13 [Information] Time remaining: 00:00:03 targetEndTime = 07:09:17
11/16/2024 19:09:13 [Information] Stepper Motor Controller Disable Z Axis controls while moving to location.
11/16/2024 19:09:13 [Information] Time remaining: 00:00:03 targetEndTime = 07:09:17
11/16/2024 19:09:13 [Information] Stepper Motor Controller Disable Z Axis controls while moving to location.
11/16/2024 19:09:13 [Information] Time remaining: 00:00:03 targetEndTime = 07:09:17
11/16/2024 19:09:13 [Information] Stepper Motor Controller Disable Z Axis controls while moving to location.
11/16/2024 19:09:13 [Information] Time remaining: 00:00:03 targetEndTime = 07:09:17
11/16/2024 19:09:13 [Information] Stepper Motor Controller Disable Z Axis controls while moving to location.
11/16/2024 19:09:13 [Information] Time remaining: 00:00:03 targetEndTime = 07:09:17
11/16/2024 19:09:13 [Information] Stepper Motor Controller Disable Z Axis controls while moving to location.
11/16/2024 19:09:13 [Information] Time remaining: 00:00:03 targetEndTime = 07:09:17
11/16/2024 19:09:13 [Information] Stepper Motor Controller Disable Z Axis controls while moving to location.
11/16/2024 19:09:13 [Information] Time remaining: 00:00:03 targetEndTime = 07:09:17
11/16/2024 19:09:13 [Information] Stepper Motor Controller Disable Z Axis controls while moving to location.
11/16/2024 19:09:13 [Information] Time remaining: 00:00:03 targetEndTime = 07:09:17
11/16/2024 19:09:13 [Information] Stepper Motor Controller Disable Z Axis controls while moving to location.
11/16/2024 19:09:13 [Information] Time remaining: 00:00:03 targetEndTime = 07:09:17
11/16/2024 19:09:13 [Information] Stepper Motor Controller Disable Z Axis controls while moving to location.
11/16/2024 19:09:13 [Information] Time remaining: 00:00:04 targetEndTime = 07:09:17
11/16/2024 19:09:13 [Information] Stepper Motor Controller Disable Z Axis controls while moving to location.
11/16/2024 19:09:13 [Information] Time remaining: 00:00:04 targetEndTime = 07:09:17
11/16/2024 19:09:13 [Information] Stepper Motor Controller Disable Z Axis controls while moving to location.
11/16/2024 19:09:13 [Information] Time remaining: 00:00:04 targetEndTime = 07:09:17
11/16/2024 19:09:13 [Information] Stepper Motor Controller Disable Z Axis controls while moving to location.
11/16/2024 19:09:13 [Information] Time remaining: 00:00:04 targetEndTime = 07:09:17
11/16/2024 19:09:13 [Information] Stepper Motor Controller Disable Z Axis controls while moving to location.
11/16/2024 19:09:13 [Information] Time remaining: 00:00:04 targetEndTime = 07:09:17
11/16/2024 19:09:13 [Information] Stepper Motor Controller Disable Z Axis controls while moving to location.
11/16/2024 19:09:13 [Information] Time remaining: 00:00:04 targetEndTime = 07:09:17
11/16/2024 19:09:13 [Information] Stepper Motor Controller Disable Z Axis controls while moving to location.
11/16/2024 19:09:13 [Information] Time remaining: 00:00:04 targetEndTime = 07:09:17
11/16/2024 19:09:13 [Information] Stepper Motor Controller Disable Z Axis controls while moving to location.
11/16/2024 19:09:13 [Information] Time remaining: 00:00:04 targetEndTime = 07:09:17
11/16/2024 19:09:13 [Information] Stepper Motor Controller Disable Z Axis controls while moving to location.
11/16/2024 19:09:13 [Information] Time remaining: 00:00:04 targetEndTime = 07:09:17
11/16/2024 19:09:13 [Information] Stepper Motor Controller Disable Z Axis controls while moving to location.
11/16/2024 19:09:13 [Information] Time remaining: 00:00:04 targetEndTime = 07:09:17
11/16/2024 19:09:13 [Information] Stepper Motor Controller Disable Z Axis controls while moving to location.
11/16/2024 19:09:13 [Information] Time remaining: 00:00:04 targetEndTime = 07:09:17
11/16/2024 19:09:13 [Information] Stepper Motor Controller Disable Z Axis controls while moving to location.
11/16/2024 19:09:13 [Information] Time remaining: 00:00:04 targetEndTime = 07:09:17
11/16/2024 19:09:13 [Information] Stepper Motor Controller Disable Z Axis controls while moving to location.
11/16/2024 19:09:13 [Information] Time remaining: 00:00:04 targetEndTime = 07:09:17
11/16/2024 19:09:13 [Information] Stepper Motor Controller Disable Z Axis controls while moving to location.
11/16/2024 19:09:13 [Information] Time remaining: 00:00:04 targetEndTime = 07:09:17
11/16/2024 19:09:13 [Information] Stepper Motor Controller Disable Z Axis controls while moving to location.
11/16/2024 19:09:13 [Information] Time remaining: 00:00:04 targetEndTime = 07:09:17
11/16/2024 19:09:13 [Information] Stepper Motor Controller Disable Z Axis controls while moving to location.
11/16/2024 19:09:13 [Information] Time remaining: 00:00:04 targetEndTime = 07:09:17
11/16/2024 19:09:13 [Information] Stepper Motor Controller Disable Z Axis controls while moving to location.
11/16/2024 19:09:13 [Information] Time remaining: 00:00:04 targetEndTime = 07:09:17
11/16/2024 19:09:13 [Information] Stepper Motor Controller Disable Z Axis controls while moving to location.
11/16/2024 19:09:13 [Information] Time remaining: 00:00:04 targetEndTime = 07:09:17
11/16/2024 19:09:13 [Information] Stepper Motor Controller Disable Z Axis controls while moving to location.
11/16/2024 19:09:13 [Information] Time remaining: 00:00:04 targetEndTime = 07:09:17
11/16/2024 19:09:13 [Information] Stepper Motor Controller Disable Z Axis controls while moving to location.
11/16/2024 19:09:13 [Information] Time remaining: 00:00:04 targetEndTime = 07:09:17
11/16/2024 19:09:13 [Information] Stepper Motor Controller Disable Z Axis controls while moving to location.
11/16/2024 19:09:13 [Information] Time remaining: 00:00:04 targetEndTime = 07:09:17
11/16/2024 19:09:13 [Information] Stepper Motor Controller Disable Z Axis controls while moving to location.
11/16/2024 19:09:13 [Information] Time remaining: 00:00:04 targetEndTime = 07:09:17
11/16/2024 19:09:13 [Information] Stepper Motor Controller Disable Z Axis controls while moving to location.
11/16/2024 19:09:13 [Information] Time remaining: 00:00:04 targetEndTime = 07:09:17
11/16/2024 19:09:13 [Information] Stepper Motor Controller Disable Z Axis controls while moving to location.
11/16/2024 19:09:13 [Information] Time remaining: 00:00:04 targetEndTime = 07:09:17
11/16/2024 19:09:13 [Information] Stepper Motor Controller Disable Z Axis controls while moving to location.
11/16/2024 19:09:13 [Information] Time remaining: 00:00:04 targetEndTime = 07:09:17
11/16/2024 19:09:13 [Information] Stepper Motor Controller Disable Z Axis controls while moving to location.
11/16/2024 19:09:13 [Information] Time remaining: 00:00:04 targetEndTime = 07:09:17
11/16/2024 19:09:13 [Information] Stepper Motor Controller Disable Z Axis controls while moving to location.
11/16/2024 19:09:13 [Information] Time remaining: 00:00:04 targetEndTime = 07:09:17
11/16/2024 19:09:13 [Information] Stepper Motor Controller Disable Z Axis controls while moving to location.
11/16/2024 19:09:13 [Information] Time remaining: 00:00:04 targetEndTime = 07:09:17
11/16/2024 19:09:13 [Information] Stepper Motor Controller Disable Z Axis controls while moving to location.
11/16/2024 19:09:13 [Information] Time remaining: 00:00:04 targetEndTime = 07:09:17
11/16/2024 19:09:13 [Information] Stepper Motor Controller Disable Z Axis controls while moving to location.
11/16/2024 19:09:13 [Information] Time remaining: 00:00:04 targetEndTime = 07:09:17
11/16/2024 19:09:13 [Information] Stepper Motor Controller Disable Z Axis controls while moving to location.
11/16/2024 19:09:13 [Information] Time remaining: 00:00:04 targetEndTime = 07:09:17
11/16/2024 19:09:13 [Information] Stepper Motor Controller Disable Z Axis controls while moving to location.
11/16/2024 19:09:13 [Information] Time remaining: 00:00:04 targetEndTime = 07:09:17
11/16/2024 19:09:13 [Information] Stepper Motor Controller Disable Z Axis controls while moving to location.
11/16/2024 19:09:13 [Information] Time remaining: 00:00:04 targetEndTime = 07:09:17
11/16/2024 19:09:13 [Information] Stepper Motor Controller Disable Z Axis controls while moving to location.
11/16/2024 19:09:13 [Information] Time remaining: 00:00:04 targetEndTime = 07:09:17
11/16/2024 19:09:13 [Information] Stepper Motor Controller Disable Z Axis controls while moving to location.
11/16/2024 19:09:13 [Information] Time remaining: 00:00:04 targetEndTime = 07:09:17
11/16/2024 19:09:13 [Information] Stepper Motor Controller Disable Z Axis controls while moving to location.
11/16/2024 19:09:13 [Information] Time remaining: 00:00:04 targetEndTime = 07:09:17
11/16/2024 19:09:13 [Information] Stepper Motor Controller Disable Z Axis controls while moving to location.
11/16/2024 19:09:13 [Information] Time remaining: 00:00:04 targetEndTime = 07:09:17
11/16/2024 19:09:13 [Information] Stepper Motor Controller Disable Z Axis controls while moving to location.
11/16/2024 19:09:13 [Information] Time remaining: 00:00:04 targetEndTime = 07:09:17
11/16/2024 19:09:13 [Information] Stepper Motor Controller Disable Z Axis controls while moving to location.
11/16/2024 19:09:13 [Information] Time remaining: 00:00:04 targetEndTime = 07:09:17
11/16/2024 19:09:13 [Information] Stepper Motor Controller Disable Z Axis controls while moving to location.
11/16/2024 19:09:13 [Information] Time remaining: 00:00:04 targetEndTime = 07:09:17
11/16/2024 19:09:13 [Information] Stepper Motor Controller Disable Z Axis controls while moving to location.
11/16/2024 19:09:13 [Information] Time remaining: 00:00:04 targetEndTime = 07:09:17
11/16/2024 19:09:13 [Information] Stepper Motor Controller Disable Z Axis controls while moving to location.
11/16/2024 19:09:13 [Information] Time remaining: 00:00:04 targetEndTime = 07:09:17
11/16/2024 19:09:13 [Information] Stepper Motor Controller Disable Z Axis controls while moving to location.
11/16/2024 19:09:13 [Information] Time remaining: 00:00:04 targetEndTime = 07:09:17
11/16/2024 19:09:13 [Information] Stepper Motor Controller Disable Z Axis controls while moving to location.
11/16/2024 19:09:13 [Information] Time remaining: 00:00:04 targetEndTime = 07:09:17
11/16/2024 19:09:13 [Information] Stepper Motor Controller Disable Z Axis controls while moving to location.
11/16/2024 19:09:13 [Information] Time remaining: 00:00:04 targetEndTime = 07:09:17
11/16/2024 19:09:13 [Information] Stepper Motor Controller Disable Z Axis controls while moving to location.
11/16/2024 19:09:13 [Information] Time remaining: 00:00:04 targetEndTime = 07:09:17
11/16/2024 19:09:13 [Information] Stepper Motor Controller Disable Z Axis controls while moving to location.
11/16/2024 19:09:13 [Information] Time remaining: 00:00:04 targetEndTime = 07:09:17
11/16/2024 19:09:13 [Information] Stepper Motor Controller Disable Z Axis controls while moving to location.
11/16/2024 19:09:13 [Information] Time remaining: 00:00:04 targetEndTime = 07:09:17
11/16/2024 19:09:13 [Information] Stepper Motor Controller Disable Z Axis controls while moving to location.
11/16/2024 19:09:13 [Information] Time remaining: 00:00:04 targetEndTime = 07:09:17
11/16/2024 19:09:14 [Information] Stepper Motor Controller Disable Z Axis controls while moving to location.
11/16/2024 19:09:14 [Information] Time remaining: 00:00:04 targetEndTime = 07:09:17
11/16/2024 19:09:14 [Information] Stepper Motor Controller Disable Z Axis controls while moving to location.
11/16/2024 19:09:14 [Information] Time remaining: 00:00:04 targetEndTime = 07:09:17
11/16/2024 19:09:14 [Information] Stepper Motor Controller Disable Z Axis controls while moving to location.
11/16/2024 19:09:14 [Information] Time remaining: 00:00:04 targetEndTime = 07:09:17
11/16/2024 19:09:14 [Information] Stepper Motor Controller Disable Z Axis controls while moving to location.
11/16/2024 19:09:14 [Information] Time remaining: 00:00:04 targetEndTime = 07:09:17
11/16/2024 19:09:14 [Information] Stepper Motor Controller Disable Z Axis controls while moving to location.
11/16/2024 19:09:14 [Information] Time remaining: 00:00:04 targetEndTime = 07:09:17
11/16/2024 19:09:14 [Information] Stepper Motor Controller Disable Z Axis controls while moving to location.
11/16/2024 19:09:14 [Information] Time remaining: 00:00:04 targetEndTime = 07:09:17
11/16/2024 19:09:14 [Information] Stepper Motor Controller Disable Z Axis controls while moving to location.
11/16/2024 19:09:14 [Information] Time remaining: 00:00:04 targetEndTime = 07:09:17
11/16/2024 19:09:14 [Information] Stepper Motor Controller Disable Z Axis controls while moving to location.
11/16/2024 19:09:14 [Information] Time remaining: 00:00:04 targetEndTime = 07:09:17
11/16/2024 19:09:14 [Information] Stepper Motor Controller Disable Z Axis controls while moving to location.
11/16/2024 19:09:14 [Information] Time remaining: 00:00:04 targetEndTime = 07:09:17
11/16/2024 19:09:14 [Information] Stepper Motor Controller Disable Z Axis controls while moving to location.
11/16/2024 19:09:14 [Information] Time remaining: 00:00:04 targetEndTime = 07:09:17
11/16/2024 19:09:14 [Information] Stepper Motor Controller Disable Z Axis controls while moving to location.
11/16/2024 19:09:14 [Information] Time remaining: 00:00:04 targetEndTime = 07:09:17
11/16/2024 19:09:14 [Information] Stepper Motor Controller Disable Z Axis controls while moving to location.
11/16/2024 19:09:14 [Information] Time remaining: 00:00:05 targetEndTime = 07:09:17
11/16/2024 19:09:14 [Information] Stepper Motor Controller Disable Z Axis controls while moving to location.
11/16/2024 19:09:14 [Information] Time remaining: 00:00:05 targetEndTime = 07:09:17
11/16/2024 19:09:14 [Information] Stepper Motor Controller Disable Z Axis controls while moving to location.
11/16/2024 19:09:14 [Information] Time remaining: 00:00:05 targetEndTime = 07:09:17
11/16/2024 19:09:14 [Information] Stepper Motor Controller Disable Z Axis controls while moving to location.
11/16/2024 19:09:14 [Information] Time remaining: 00:00:05 targetEndTime = 07:09:17
11/16/2024 19:09:14 [Information] Stepper Motor Controller Disable Z Axis controls while moving to location.
11/16/2024 19:09:14 [Information] Time remaining: 00:00:05 targetEndTime = 07:09:17
11/16/2024 19:09:14 [Information] Stepper Motor Controller Disable Z Axis controls while moving to location.
11/16/2024 19:09:14 [Information] Time remaining: 00:00:05 targetEndTime = 07:09:17
11/16/2024 19:09:14 [Information] Stepper Motor Controller Disable Z Axis controls while moving to location.
11/16/2024 19:09:14 [Information] Time remaining: 00:00:05 targetEndTime = 07:09:17
11/16/2024 19:09:14 [Information] Stepper Motor Controller Disable Z Axis controls while moving to location.
11/16/2024 19:09:14 [Information] Time remaining: 00:00:05 targetEndTime = 07:09:17
11/16/2024 19:09:14 [Information] Stepper Motor Controller Disable Z Axis controls while moving to location.
11/16/2024 19:09:14 [Information] Time remaining: 00:00:05 targetEndTime = 07:09:17
11/16/2024 19:09:14 [Information] Stepper Motor Controller Disable Z Axis controls while moving to location.
11/16/2024 19:09:14 [Information] Time remaining: 00:00:05 targetEndTime = 07:09:17
11/16/2024 19:09:14 [Information] Stepper Motor Controller Disable Z Axis controls while moving to location.
11/16/2024 19:09:14 [Information] Time remaining: 00:00:05 targetEndTime = 07:09:17
11/16/2024 19:09:14 [Information] Stepper Motor Controller Disable Z Axis controls while moving to location.
11/16/2024 19:09:14 [Information] Time remaining: 00:00:05 targetEndTime = 07:09:17
11/16/2024 19:09:14 [Information] Stepper Motor Controller Disable Z Axis controls while moving to location.
11/16/2024 19:09:14 [Information] Time remaining: 00:00:05 targetEndTime = 07:09:17
11/16/2024 19:09:14 [Information] Stepper Motor Controller Disable Z Axis controls while moving to location.
11/16/2024 19:09:14 [Information] Time remaining: 00:00:05 targetEndTime = 07:09:17
11/16/2024 19:09:14 [Information] Stepper Motor Controller Disable Z Axis controls while moving to location.
11/16/2024 19:09:14 [Information] Time remaining: 00:00:05 targetEndTime = 07:09:17
11/16/2024 19:09:14 [Information] Stepper Motor Controller Disable Z Axis controls while moving to location.
11/16/2024 19:09:14 [Information] Time remaining: 00:00:05 targetEndTime = 07:09:17
11/16/2024 19:09:14 [Information] Stepper Motor Controller Disable Z Axis controls while moving to location.
11/16/2024 19:09:14 [Information] Time remaining: 00:00:05 targetEndTime = 07:09:17
11/16/2024 19:09:14 [Information] Stepper Motor Controller Disable Z Axis controls while moving to location.
11/16/2024 19:09:14 [Information] Time remaining: 00:00:05 targetEndTime = 07:09:17
11/16/2024 19:09:14 [Information] Stepper Motor Controller Disable Z Axis controls while moving to location.
11/16/2024 19:09:14 [Information] Time remaining: 00:00:05 targetEndTime = 07:09:17
11/16/2024 19:09:14 [Information] Stepper Motor Controller Disable Z Axis controls while moving to location.
11/16/2024 19:09:14 [Information] Time remaining: 00:00:05 targetEndTime = 07:09:17
11/16/2024 19:09:14 [Information] Stepper Motor Controller Disable Z Axis controls while moving to location.
11/16/2024 19:09:14 [Information] Time remaining: 00:00:05 targetEndTime = 07:09:17
11/16/2024 19:09:14 [Information] Stepper Motor Controller Disable Z Axis controls while moving to location.
11/16/2024 19:09:14 [Information] Time remaining: 00:00:05 targetEndTime = 07:09:17
11/16/2024 19:09:14 [Information] Stepper Motor Controller Disable Z Axis controls while moving to location.
11/16/2024 19:09:14 [Information] Time remaining: 00:00:05 targetEndTime = 07:09:17
11/16/2024 19:09:14 [Information] Stepper Motor Controller Disable Z Axis controls while moving to location.
11/16/2024 19:09:14 [Information] Time remaining: 00:00:05 targetEndTime = 07:09:17
11/16/2024 19:09:14 [Information] Stepper Motor Controller Disable Z Axis controls while moving to location.
11/16/2024 19:09:14 [Information] Time remaining: 00:00:05 targetEndTime = 07:09:17
11/16/2024 19:09:14 [Information] Stepper Motor Controller Disable Z Axis controls while moving to location.
11/16/2024 19:09:14 [Information] Time remaining: 00:00:05 targetEndTime = 07:09:17
11/16/2024 19:09:14 [Information] Stepper Motor Controller Disable Z Axis controls while moving to location.
11/16/2024 19:09:14 [Information] Time remaining: 00:00:05 targetEndTime = 07:09:17
11/16/2024 19:09:14 [Information] Stepper Motor Controller Disable Z Axis controls while moving to location.
11/16/2024 19:09:14 [Information] Time remaining: 00:00:05 targetEndTime = 07:09:17
11/16/2024 19:09:14 [Information] Stepper Motor Controller Disable Z Axis controls while moving to location.
11/16/2024 19:09:14 [Information] Time remaining: 00:00:05 targetEndTime = 07:09:17
11/16/2024 19:09:14 [Information] Stepper Motor Controller Disable Z Axis controls while moving to location.
11/16/2024 19:09:14 [Information] Time remaining: 00:00:05 targetEndTime = 07:09:17
11/16/2024 19:09:14 [Information] Stepper Motor Controller Disable Z Axis controls while moving to location.
11/16/2024 19:09:14 [Information] Time remaining: 00:00:05 targetEndTime = 07:09:17
11/16/2024 19:09:14 [Information] Stepper Motor Controller Disable Z Axis controls while moving to location.
11/16/2024 19:09:14 [Information] Time remaining: 00:00:05 targetEndTime = 07:09:17
11/16/2024 19:09:14 [Information] Stepper Motor Controller Disable Z Axis controls while moving to location.
11/16/2024 19:09:14 [Information] Time remaining: 00:00:05 targetEndTime = 07:09:17
11/16/2024 19:09:14 [Information] Stepper Motor Controller Disable Z Axis controls while moving to location.
11/16/2024 19:09:14 [Information] Time remaining: 00:00:05 targetEndTime = 07:09:17
11/16/2024 19:09:14 [Information] Stepper Motor Controller Disable Z Axis controls while moving to location.
11/16/2024 19:09:14 [Information] Time remaining: 00:00:05 targetEndTime = 07:09:17
11/16/2024 19:09:14 [Information] Stepper Motor Controller Disable Z Axis controls while moving to location.
11/16/2024 19:09:14 [Information] Time remaining: 00:00:05 targetEndTime = 07:09:17
11/16/2024 19:09:14 [Information] Stepper Motor Controller Disable Z Axis controls while moving to location.
11/16/2024 19:09:14 [Information] Time remaining: 00:00:05 targetEndTime = 07:09:17
11/16/2024 19:09:14 [Information] Stepper Motor Controller Disable Z Axis controls while moving to location.
11/16/2024 19:09:14 [Information] Time remaining: 00:00:05 targetEndTime = 07:09:17
11/16/2024 19:09:14 [Information] Stepper Motor Controller Disable Z Axis controls while moving to location.
11/16/2024 19:09:14 [Information] Time remaining: 00:00:05 targetEndTime = 07:09:17
11/16/2024 19:09:14 [Information] Stepper Motor Controller Disable Z Axis controls while moving to location.
11/16/2024 19:09:14 [Information] Time remaining: 00:00:05 targetEndTime = 07:09:17
11/16/2024 19:09:14 [Information] Stepper Motor Controller Disable Z Axis controls while moving to location.
11/16/2024 19:09:14 [Information] Time remaining: 00:00:05 targetEndTime = 07:09:17
11/16/2024 19:09:14 [Information] Stepper Motor Controller Disable Z Axis controls while moving to location.
11/16/2024 19:09:14 [Information] Time remaining: 00:00:05 targetEndTime = 07:09:17
11/16/2024 19:09:14 [Information] Stepper Motor Controller Disable Z Axis controls while moving to location.
11/16/2024 19:09:14 [Information] Time remaining: 00:00:05 targetEndTime = 07:09:17
11/16/2024 19:09:14 [Information] Stepper Motor Controller Disable Z Axis controls while moving to location.
11/16/2024 19:09:14 [Information] Time remaining: 00:00:05 targetEndTime = 07:09:17
11/16/2024 19:09:14 [Information] Stepper Motor Controller Disable Z Axis controls while moving to location.
11/16/2024 19:09:14 [Information] Time remaining: 00:00:05 targetEndTime = 07:09:17
11/16/2024 19:09:14 [Information] Stepper Motor Controller Disable Z Axis controls while moving to location.
11/16/2024 19:09:14 [Information] Time remaining: 00:00:05 targetEndTime = 07:09:17
11/16/2024 19:09:14 [Information] Stepper Motor Controller Disable Z Axis controls while moving to location.
11/16/2024 19:09:14 [Information] Time remaining: 00:00:05 targetEndTime = 07:09:17
11/16/2024 19:09:14 [Information] Stepper Motor Controller Disable Z Axis controls while moving to location.
11/16/2024 19:09:14 [Information] Time remaining: 00:00:05 targetEndTime = 07:09:17
11/16/2024 19:09:15 [Information] Stepper Motor Controller Disable Z Axis controls while moving to location.
11/16/2024 19:09:15 [Information] Time remaining: 00:00:05 targetEndTime = 07:09:17
11/16/2024 19:09:15 [Information] Stepper Motor Controller Disable Z Axis controls while moving to location.
11/16/2024 19:09:15 [Information] Time remaining: 00:00:05 targetEndTime = 07:09:17
11/16/2024 19:09:15 [Information] Stepper Motor Controller Disable Z Axis controls while moving to location.
11/16/2024 19:09:15 [Information] Time remaining: 00:00:05 targetEndTime = 07:09:17
11/16/2024 19:09:15 [Information] Stepper Motor Controller Disable Z Axis controls while moving to location.
11/16/2024 19:09:15 [Information] Time remaining: 00:00:05 targetEndTime = 07:09:17
11/16/2024 19:09:15 [Information] Stepper Motor Controller Disable Z Axis controls while moving to location.
11/16/2024 19:09:15 [Information] Time remaining: 00:00:05 targetEndTime = 07:09:17
11/16/2024 19:09:15 [Information] Stepper Motor Controller Disable Z Axis controls while moving to location.
11/16/2024 19:09:15 [Information] Time remaining: 00:00:05 targetEndTime = 07:09:17
11/16/2024 19:09:15 [Information] Stepper Motor Controller Disable Z Axis controls while moving to location.
11/16/2024 19:09:15 [Information] Time remaining: 00:00:05 targetEndTime = 07:09:17
11/16/2024 19:09:15 [Information] Stepper Motor Controller Disable Z Axis controls while moving to location.
11/16/2024 19:09:15 [Information] Time remaining: 00:00:05 targetEndTime = 07:09:17
11/16/2024 19:09:15 [Information] Stepper Motor Controller Disable Z Axis controls while moving to location.
11/16/2024 19:09:15 [Information] Time remaining: 00:00:05 targetEndTime = 07:09:17
11/16/2024 19:09:15 [Information] Stepper Motor Controller Disable Z Axis controls while moving to location.
11/16/2024 19:09:15 [Information] Time remaining: 00:00:05 targetEndTime = 07:09:17
11/16/2024 19:09:15 [Information] Stepper Motor Controller Disable Z Axis controls while moving to location.
11/16/2024 19:09:15 [Information] Time remaining: 00:00:05 targetEndTime = 07:09:17
11/16/2024 19:09:15 [Information] Stepper Motor Controller Disable Z Axis controls while moving to location.
11/16/2024 19:09:15 [Information] Time remaining: 00:00:05 targetEndTime = 07:09:17
11/16/2024 19:09:15 [Information] Stepper Motor Controller Disable Z Axis controls while moving to location.
11/16/2024 19:09:15 [Information] Time remaining: 00:00:06 targetEndTime = 07:09:17
11/16/2024 19:09:15 [Information] Stepper Motor Controller Disable Z Axis controls while moving to location.
11/16/2024 19:09:15 [Information] Time remaining: 00:00:06 targetEndTime = 07:09:17
11/16/2024 19:09:15 [Information] Stepper Motor Controller Disable Z Axis controls while moving to location.
11/16/2024 19:09:15 [Information] Time remaining: 00:00:06 targetEndTime = 07:09:17
11/16/2024 19:09:15 [Information] Stepper Motor Controller Disable Z Axis controls while moving to location.
11/16/2024 19:09:15 [Information] Time remaining: 00:00:06 targetEndTime = 07:09:17
11/16/2024 19:09:15 [Information] Stepper Motor Controller Disable Z Axis controls while moving to location.
11/16/2024 19:09:15 [Information] Time remaining: 00:00:06 targetEndTime = 07:09:17
11/16/2024 19:09:15 [Information] Stepper Motor Controller Disable Z Axis controls while moving to location.
11/16/2024 19:09:15 [Information] Time remaining: 00:00:06 targetEndTime = 07:09:17
11/16/2024 19:09:15 [Information] Stepper Motor Controller Disable Z Axis controls while moving to location.
11/16/2024 19:09:15 [Information] Time remaining: 00:00:06 targetEndTime = 07:09:17
11/16/2024 19:09:15 [Information] Stepper Motor Controller Disable Z Axis controls while moving to location.
11/16/2024 19:09:15 [Information] Time remaining: 00:00:06 targetEndTime = 07:09:17
11/16/2024 19:09:15 [Information] Stepper Motor Controller Disable Z Axis controls while moving to location.
11/16/2024 19:09:15 [Information] Time remaining: 00:00:06 targetEndTime = 07:09:17
11/16/2024 19:09:15 [Information] Stepper Motor Controller Disable Z Axis controls while moving to location.
11/16/2024 19:09:15 [Information] Time remaining: 00:00:06 targetEndTime = 07:09:17
11/16/2024 19:09:15 [Information] Stepper Motor Controller Disable Z Axis controls while moving to location.
11/16/2024 19:09:15 [Information] Time remaining: 00:00:06 targetEndTime = 07:09:17
11/16/2024 19:09:15 [Information] Stepper Motor Controller Disable Z Axis controls while moving to location.
11/16/2024 19:09:15 [Information] Time remaining: 00:00:06 targetEndTime = 07:09:17
11/16/2024 19:09:15 [Information] Stepper Motor Controller Disable Z Axis controls while moving to location.
11/16/2024 19:09:15 [Information] Time remaining: 00:00:06 targetEndTime = 07:09:17
11/16/2024 19:09:15 [Information] Stepper Motor Controller Disable Z Axis controls while moving to location.
11/16/2024 19:09:15 [Information] Time remaining: 00:00:06 targetEndTime = 07:09:17
11/16/2024 19:09:15 [Information] Stepper Motor Controller Disable Z Axis controls while moving to location.
11/16/2024 19:09:15 [Information] Time remaining: 00:00:06 targetEndTime = 07:09:17
11/16/2024 19:09:15 [Information] Stepper Motor Controller Disable Z Axis controls while moving to location.
11/16/2024 19:09:15 [Information] Time remaining: 00:00:06 targetEndTime = 07:09:17
11/16/2024 19:09:15 [Information] Stepper Motor Controller Disable Z Axis controls while moving to location.
11/16/2024 19:09:15 [Information] Time remaining: 00:00:06 targetEndTime = 07:09:17
11/16/2024 19:09:15 [Information] Stepper Motor Controller Disable Z Axis controls while moving to location.
11/16/2024 19:09:15 [Information] Time remaining: 00:00:06 targetEndTime = 07:09:17
11/16/2024 19:09:15 [Information] Stepper Motor Controller Disable Z Axis controls while moving to location.
11/16/2024 19:09:15 [Information] Time remaining: 00:00:06 targetEndTime = 07:09:17
11/16/2024 19:09:15 [Information] Stepper Motor Controller Disable Z Axis controls while moving to location.
11/16/2024 19:09:15 [Information] Time remaining: 00:00:06 targetEndTime = 07:09:17
11/16/2024 19:09:15 [Information] Stepper Motor Controller Disable Z Axis controls while moving to location.
11/16/2024 19:09:15 [Information] Time remaining: 00:00:06 targetEndTime = 07:09:17
11/16/2024 19:09:15 [Information] Stepper Motor Controller Disable Z Axis controls while moving to location.
11/16/2024 19:09:15 [Information] Time remaining: 00:00:06 targetEndTime = 07:09:17
11/16/2024 19:09:15 [Information] Stepper Motor Controller Disable Z Axis controls while moving to location.
11/16/2024 19:09:15 [Information] Time remaining: 00:00:06 targetEndTime = 07:09:17
11/16/2024 19:09:15 [Information] Stepper Motor Controller Disable Z Axis controls while moving to location.
11/16/2024 19:09:15 [Information] Time remaining: 00:00:06 targetEndTime = 07:09:17
11/16/2024 19:09:15 [Information] Stepper Motor Controller Disable Z Axis controls while moving to location.
11/16/2024 19:09:15 [Information] Time remaining: 00:00:06 targetEndTime = 07:09:17
11/16/2024 19:09:15 [Information] Stepper Motor Controller Disable Z Axis controls while moving to location.
11/16/2024 19:09:15 [Information] Time remaining: 00:00:06 targetEndTime = 07:09:17
11/16/2024 19:09:15 [Information] Stepper Motor Controller Disable Z Axis controls while moving to location.
11/16/2024 19:09:15 [Information] Time remaining: 00:00:06 targetEndTime = 07:09:17
11/16/2024 19:09:15 [Information] Stepper Motor Controller Disable Z Axis controls while moving to location.
11/16/2024 19:09:15 [Information] Time remaining: 00:00:06 targetEndTime = 07:09:17
11/16/2024 19:09:15 [Information] Stepper Motor Controller Disable Z Axis controls while moving to location.
11/16/2024 19:09:15 [Information] Time remaining: 00:00:06 targetEndTime = 07:09:17
11/16/2024 19:09:15 [Information] Stepper Motor Controller Disable Z Axis controls while moving to location.
11/16/2024 19:09:15 [Information] Time remaining: 00:00:06 targetEndTime = 07:09:17
11/16/2024 19:09:15 [Information] Stepper Motor Controller Disable Z Axis controls while moving to location.
11/16/2024 19:09:15 [Information] Time remaining: 00:00:06 targetEndTime = 07:09:17
11/16/2024 19:09:15 [Information] Stepper Motor Controller Disable Z Axis controls while moving to location.
11/16/2024 19:09:15 [Information] Time remaining: 00:00:06 targetEndTime = 07:09:17
11/16/2024 19:09:15 [Information] Stepper Motor Controller Disable Z Axis controls while moving to location.
11/16/2024 19:09:15 [Information] Time remaining: 00:00:06 targetEndTime = 07:09:17
11/16/2024 19:09:15 [Information] Stepper Motor Controller Disable Z Axis controls while moving to location.
11/16/2024 19:09:15 [Information] Time remaining: 00:00:06 targetEndTime = 07:09:17
11/16/2024 19:09:15 [Information] Stepper Motor Controller Disable Z Axis controls while moving to location.
11/16/2024 19:09:15 [Information] Time remaining: 00:00:06 targetEndTime = 07:09:17
11/16/2024 19:09:15 [Information] Stepper Motor Controller Disable Z Axis controls while moving to location.
11/16/2024 19:09:15 [Information] Time remaining: 00:00:06 targetEndTime = 07:09:17
11/16/2024 19:09:15 [Information] Stepper Motor Controller Disable Z Axis controls while moving to location.
11/16/2024 19:09:15 [Information] Time remaining: 00:00:06 targetEndTime = 07:09:17
11/16/2024 19:09:15 [Information] Stepper Motor Controller Disable Z Axis controls while moving to location.
11/16/2024 19:09:15 [Information] Time remaining: 00:00:06 targetEndTime = 07:09:17
11/16/2024 19:09:15 [Information] Stepper Motor Controller Disable Z Axis controls while moving to location.
11/16/2024 19:09:15 [Information] Time remaining: 00:00:06 targetEndTime = 07:09:17
11/16/2024 19:09:15 [Information] Stepper Motor Controller Disable Z Axis controls while moving to location.
11/16/2024 19:09:15 [Information] Time remaining: 00:00:06 targetEndTime = 07:09:17
11/16/2024 19:09:15 [Information] Stepper Motor Controller Disable Z Axis controls while moving to location.
11/16/2024 19:09:15 [Information] Time remaining: 00:00:06 targetEndTime = 07:09:17
11/16/2024 19:09:15 [Information] Stepper Motor Controller Disable Z Axis controls while moving to location.
11/16/2024 19:09:15 [Information] Time remaining: 00:00:06 targetEndTime = 07:09:17
11/16/2024 19:09:15 [Information] Stepper Motor Controller Disable Z Axis controls while moving to location.
11/16/2024 19:09:15 [Information] Time remaining: 00:00:06 targetEndTime = 07:09:17
11/16/2024 19:09:15 [Information] Stepper Motor Controller Disable Z Axis controls while moving to location.
11/16/2024 19:09:15 [Information] Time remaining: 00:00:06 targetEndTime = 07:09:17
11/16/2024 19:09:15 [Information] Stepper Motor Controller Disable Z Axis controls while moving to location.
11/16/2024 19:09:15 [Information] Time remaining: 00:00:06 targetEndTime = 07:09:17
11/16/2024 19:09:15 [Information] Stepper Motor Controller Disable Z Axis controls while moving to location.
11/16/2024 19:09:15 [Information] Time remaining: 00:00:06 targetEndTime = 07:09:17
11/16/2024 19:09:15 [Information] Stepper Motor Controller Disable Z Axis controls while moving to location.
11/16/2024 19:09:15 [Information] Time remaining: 00:00:06 targetEndTime = 07:09:17
11/16/2024 19:09:16 [Information] Stepper Motor Controller Disable Z Axis controls while moving to location.
11/16/2024 19:09:16 [Information] Time remaining: 00:00:06 targetEndTime = 07:09:17
11/16/2024 19:09:16 [Information] Stepper Motor Controller Disable Z Axis controls while moving to location.
11/16/2024 19:09:16 [Information] Time remaining: 00:00:06 targetEndTime = 07:09:17
11/16/2024 19:09:16 [Information] Stepper Motor Controller Disable Z Axis controls while moving to location.
11/16/2024 19:09:16 [Information] Time remaining: 00:00:06 targetEndTime = 07:09:17
11/16/2024 19:09:16 [Information] Stepper Motor Controller Disable Z Axis controls while moving to location.
11/16/2024 19:09:16 [Information] Time remaining: 00:00:06 targetEndTime = 07:09:17
11/16/2024 19:09:16 [Information] Stepper Motor Controller Disable Z Axis controls while moving to location.
11/16/2024 19:09:16 [Information] Time remaining: 00:00:06 targetEndTime = 07:09:17
11/16/2024 19:09:16 [Information] Stepper Motor Controller Disable Z Axis controls while moving to location.
11/16/2024 19:09:16 [Information] Time remaining: 00:00:06 targetEndTime = 07:09:17
11/16/2024 19:09:16 [Information] Stepper Motor Controller Disable Z Axis controls while moving to location.
11/16/2024 19:09:16 [Information] Time remaining: 00:00:06 targetEndTime = 07:09:17
11/16/2024 19:09:16 [Information] Stepper Motor Controller Disable Z Axis controls while moving to location.
11/16/2024 19:09:16 [Information] Time remaining: 00:00:06 targetEndTime = 07:09:17
11/16/2024 19:09:16 [Information] Stepper Motor Controller Disable Z Axis controls while moving to location.
11/16/2024 19:09:16 [Information] Time remaining: 00:00:06 targetEndTime = 07:09:17
11/16/2024 19:09:16 [Information] Stepper Motor Controller Disable Z Axis controls while moving to location.
11/16/2024 19:09:16 [Information] Time remaining: 00:00:06 targetEndTime = 07:09:17
11/16/2024 19:09:16 [Information] Stepper Motor Controller Disable Z Axis controls while moving to location.
11/16/2024 19:09:16 [Information] Time remaining: 00:00:06 targetEndTime = 07:09:17
11/16/2024 19:09:16 [Information] Stepper Motor Controller Disable Z Axis controls while moving to location.
11/16/2024 19:09:16 [Information] Time remaining: 00:00:06 targetEndTime = 07:09:17
11/16/2024 19:09:16 [Information] Stepper Motor Controller Disable Z Axis controls while moving to location.
11/16/2024 19:09:16 [Information] Time remaining: 00:00:06 targetEndTime = 07:09:17
11/16/2024 19:09:16 [Information] Stepper Motor Controller Disable Z Axis controls while moving to location.
11/16/2024 19:09:16 [Information] Time remaining: 00:00:06 targetEndTime = 07:09:17
11/16/2024 19:09:16 [Information] Stepper Motor Controller Disable Z Axis controls while moving to location.
11/16/2024 19:09:16 [Information] Time remaining: 00:00:06 targetEndTime = 07:09:17
11/16/2024 19:09:16 [Information] Stepper Motor Controller Disable Z Axis controls while moving to location.
11/16/2024 19:09:16 [Information] Time remaining: 00:00:07 targetEndTime = 07:09:17
11/16/2024 19:09:16 [Information] Stepper Motor Controller Disable Z Axis controls while moving to location.
11/16/2024 19:09:16 [Information] Time remaining: 00:00:07 targetEndTime = 07:09:17
11/16/2024 19:09:16 [Information] Stepper Motor Controller Disable Z Axis controls while moving to location.
11/16/2024 19:09:16 [Information] Time remaining: 00:00:07 targetEndTime = 07:09:17
11/16/2024 19:09:16 [Information] Stepper Motor Controller Disable Z Axis controls while moving to location.
11/16/2024 19:09:16 [Information] Time remaining: 00:00:07 targetEndTime = 07:09:17
11/16/2024 19:09:16 [Information] Stepper Motor Controller Disable Z Axis controls while moving to location.
11/16/2024 19:09:16 [Information] Time remaining: 00:00:07 targetEndTime = 07:09:17
11/16/2024 19:09:16 [Information] Stepper Motor Controller Disable Z Axis controls while moving to location.
11/16/2024 19:09:16 [Information] Time remaining: 00:00:07 targetEndTime = 07:09:17
11/16/2024 19:09:16 [Information] Stepper Motor Controller Disable Z Axis controls while moving to location.
11/16/2024 19:09:16 [Information] Time remaining: 00:00:07 targetEndTime = 07:09:17
11/16/2024 19:09:16 [Information] Stepper Motor Controller Disable Z Axis controls while moving to location.
11/16/2024 19:09:16 [Information] Time remaining: 00:00:07 targetEndTime = 07:09:17
11/16/2024 19:09:16 [Information] Stepper Motor Controller Disable Z Axis controls while moving to location.
11/16/2024 19:09:16 [Information] Time remaining: 00:00:07 targetEndTime = 07:09:17
11/16/2024 19:09:16 [Information] Stepper Motor Controller Disable Z Axis controls while moving to location.
11/16/2024 19:09:16 [Information] Time remaining: 00:00:07 targetEndTime = 07:09:17
11/16/2024 19:09:16 [Information] Stepper Motor Controller Disable Z Axis controls while moving to location.
11/16/2024 19:09:16 [Information] Time remaining: 00:00:07 targetEndTime = 07:09:17
11/16/2024 19:09:16 [Information] Stepper Motor Controller Disable Z Axis controls while moving to location.
11/16/2024 19:09:16 [Information] Time remaining: 00:00:07 targetEndTime = 07:09:17
11/16/2024 19:09:16 [Information] Stepper Motor Controller Disable Z Axis controls while moving to location.
11/16/2024 19:09:16 [Information] Time remaining: 00:00:07 targetEndTime = 07:09:17
11/16/2024 19:09:16 [Information] Stepper Motor Controller Disable Z Axis controls while moving to location.
11/16/2024 19:09:16 [Information] Time remaining: 00:00:07 targetEndTime = 07:09:17
11/16/2024 19:09:16 [Information] Stepper Motor Controller Disable Z Axis controls while moving to location.
11/16/2024 19:09:16 [Information] Time remaining: 00:00:07 targetEndTime = 07:09:17
11/16/2024 19:09:16 [Information] Stepper Motor Controller Disable Z Axis controls while moving to location.
11/16/2024 19:09:16 [Information] Time remaining: 00:00:07 targetEndTime = 07:09:17
11/16/2024 19:09:16 [Information] Stepper Motor Controller Disable Z Axis controls while moving to location.
11/16/2024 19:09:16 [Information] Time remaining: 00:00:07 targetEndTime = 07:09:17
11/16/2024 19:09:16 [Information] Stepper Motor Controller Disable Z Axis controls while moving to location.
11/16/2024 19:09:16 [Information] Time remaining: 00:00:07 targetEndTime = 07:09:17
11/16/2024 19:09:16 [Information] Stepper Motor Controller Disable Z Axis controls while moving to location.
11/16/2024 19:09:16 [Information] Time remaining: 00:00:07 targetEndTime = 07:09:17
11/16/2024 19:09:16 [Information] Stepper Motor Controller Disable Z Axis controls while moving to location.
11/16/2024 19:09:16 [Information] Time remaining: 00:00:07 targetEndTime = 07:09:17
11/16/2024 19:09:16 [Information] Stepper Motor Controller Disable Z Axis controls while moving to location.
11/16/2024 19:09:16 [Information] Time remaining: 00:00:07 targetEndTime = 07:09:17
11/16/2024 19:09:16 [Information] Stepper Motor Controller Disable Z Axis controls while moving to location.
11/16/2024 19:09:16 [Information] Time remaining: 00:00:07 targetEndTime = 07:09:17
11/16/2024 19:09:16 [Information] Stepper Motor Controller Disable Z Axis controls while moving to location.
11/16/2024 19:09:16 [Information] Time remaining: 00:00:07 targetEndTime = 07:09:17
11/16/2024 19:09:16 [Information] Stepper Motor Controller Disable Z Axis controls while moving to location.
11/16/2024 19:09:16 [Information] Time remaining: 00:00:07 targetEndTime = 07:09:17
11/16/2024 19:09:16 [Information] Stepper Motor Controller Disable Z Axis controls while moving to location.
11/16/2024 19:09:16 [Information] Time remaining: 00:00:07 targetEndTime = 07:09:17
11/16/2024 19:09:16 [Information] Stepper Motor Controller Disable Z Axis controls while moving to location.
11/16/2024 19:09:16 [Information] Time remaining: 00:00:07 targetEndTime = 07:09:17
11/16/2024 19:09:16 [Information] Stepper Motor Controller Disable Z Axis controls while moving to location.
11/16/2024 19:09:16 [Information] Time remaining: 00:00:07 targetEndTime = 07:09:17
11/16/2024 19:09:16 [Information] Stepper Motor Controller Disable Z Axis controls while moving to location.
11/16/2024 19:09:16 [Information] Time remaining: 00:00:07 targetEndTime = 07:09:17
11/16/2024 19:09:16 [Information] Stepper Motor Controller Disable Z Axis controls while moving to location.
11/16/2024 19:09:16 [Information] Time remaining: 00:00:07 targetEndTime = 07:09:17
11/16/2024 19:09:16 [Information] Stepper Motor Controller Disable Z Axis controls while moving to location.
11/16/2024 19:09:16 [Information] Time remaining: 00:00:07 targetEndTime = 07:09:17
11/16/2024 19:09:16 [Information] Stepper Motor Controller Disable Z Axis controls while moving to location.
11/16/2024 19:09:16 [Information] Time remaining: 00:00:07 targetEndTime = 07:09:17
11/16/2024 19:09:16 [Information] Stepper Motor Controller Disable Z Axis controls while moving to location.
11/16/2024 19:09:16 [Information] Time remaining: 00:00:07 targetEndTime = 07:09:17
11/16/2024 19:09:16 [Information] Stepper Motor Controller Disable Z Axis controls while moving to location.
11/16/2024 19:09:16 [Information] Time remaining: 00:00:07 targetEndTime = 07:09:17
11/16/2024 19:09:16 [Information] Stepper Motor Controller Disable Z Axis controls while moving to location.
11/16/2024 19:09:16 [Information] Time remaining: 00:00:07 targetEndTime = 07:09:17
11/16/2024 19:09:16 [Information] Stepper Motor Controller Disable Z Axis controls while moving to location.
11/16/2024 19:09:16 [Information] Time remaining: 00:00:07 targetEndTime = 07:09:17
11/16/2024 19:09:16 [Information] Stepper Motor Controller Disable Z Axis controls while moving to location.
11/16/2024 19:09:16 [Information] Time remaining: 00:00:07 targetEndTime = 07:09:17
11/16/2024 19:09:16 [Information] Stepper Motor Controller Disable Z Axis controls while moving to location.
11/16/2024 19:09:16 [Information] Time remaining: 00:00:07 targetEndTime = 07:09:17
11/16/2024 19:09:16 [Information] Stepper Motor Controller Disable Z Axis controls while moving to location.
11/16/2024 19:09:16 [Information] Time remaining: 00:00:07 targetEndTime = 07:09:17
11/16/2024 19:09:16 [Information] Stepper Motor Controller Disable Z Axis controls while moving to location.
11/16/2024 19:09:16 [Information] Time remaining: 00:00:07 targetEndTime = 07:09:17
11/16/2024 19:09:16 [Information] Stepper Motor Controller Disable Z Axis controls while moving to location.
11/16/2024 19:09:16 [Information] Time remaining: 00:00:07 targetEndTime = 07:09:17
11/16/2024 19:09:17 [Information] Stepper Motor Controller Disable Z Axis controls while moving to location.
11/16/2024 19:09:17 [Information] Time remaining: 00:00:07 targetEndTime = 07:09:17
11/16/2024 19:09:17 [Information] Stepper Motor Controller Disable Z Axis controls while moving to location.
11/16/2024 19:09:17 [Information] Time remaining: 00:00:07 targetEndTime = 07:09:17
11/16/2024 19:09:17 [Information] Stepper Motor Controller Disable Z Axis controls while moving to location.
11/16/2024 19:09:17 [Information] Time remaining: 00:00:07 targetEndTime = 07:09:17
11/16/2024 19:09:17 [Information] Stepper Motor Controller Disable Z Axis controls while moving to location.
11/16/2024 19:09:17 [Information] Time remaining: 00:00:07 targetEndTime = 07:09:17
11/16/2024 19:09:17 [Information] Stepper Motor Controller Disable Z Axis controls while moving to location.
11/16/2024 19:09:17 [Information] Time remaining: 00:00:07 targetEndTime = 07:09:17
11/16/2024 19:09:17 [Information] Stepper Motor Controller Disable Z Axis controls while moving to location.
11/16/2024 19:09:17 [Information] Time remaining: 00:00:07 targetEndTime = 07:09:17
11/16/2024 19:09:17 [Information] Stepper Motor Controller Disable Z Axis controls while moving to location.
11/16/2024 19:09:17 [Information] Time remaining: 00:00:07 targetEndTime = 07:09:17
11/16/2024 19:09:17 [Information] Stepper Motor Controller Disable Z Axis controls while moving to location.
11/16/2024 19:09:17 [Information] Time remaining: 00:00:07 targetEndTime = 07:09:17
11/16/2024 19:09:17 [Information] Stepper Motor Controller Disable Z Axis controls while moving to location.
11/16/2024 19:09:17 [Information] Time remaining: 00:00:07 targetEndTime = 07:09:17
11/16/2024 19:09:17 [Information] Stepper Motor Controller Disable Z Axis controls while moving to location.
11/16/2024 19:09:17 [Information] Time remaining: 00:00:07 targetEndTime = 07:09:17
11/16/2024 19:09:17 [Information] Stepper Motor Controller Disable Z Axis controls while moving to location.
11/16/2024 19:09:17 [Information] Time remaining: 00:00:07 targetEndTime = 07:09:17
11/16/2024 19:09:17 [Information] Stepper Motor Controller Disable Z Axis controls while moving to location.
11/16/2024 19:09:17 [Information] Time remaining: 00:00:07 targetEndTime = 07:09:17
11/16/2024 19:09:17 [Information] Stepper Motor Controller Disable Z Axis controls while moving to location.
11/16/2024 19:09:17 [Information] Time remaining: 00:00:07 targetEndTime = 07:09:17
11/16/2024 19:09:17 [Information] Stepper Motor Controller Disable Z Axis controls while moving to location.
11/16/2024 19:09:17 [Information] Time remaining: 00:00:07 targetEndTime = 07:09:17
11/16/2024 19:09:17 [Information] Stepper Motor Controller Enable Z Axis controls after moving to location.
11/16/2024 19:09:17 [Information] Stepper Motor Controller Stopwatch Stopped.
11/16/2024 19:09:17 [Information] Stepper Motor Controller Timer Stopped.
11/16/2024 19:09:17 [Information] Stepper Motor Controller Stopwatch Reset.
11/16/2024 19:09:17 [Information] Stepper Motor Controller MainWindow Closing.
11/16/2024 19:09:17 [Information] Stepper Motor Controller Serial Ports closed.
11/16/2024 19:09:17 [Information] Properties Settings Saved.
11/16/2024 19:09:17 [Information] Properties Settings Form Closed.
11/16/2024 19:09:17 [Information] Stepper Motor Controller Form Closed.
