11/14/2024 10:14:17 [Information] Stepper Motor Controller Application Started.
11/14/2024 10:14:17 [Information] Version: 3.0.9079.22026 (11/14/2024 10:14:17)
11/14/2024 10:14:17 [Information] SerialPort COM7 not connected.
11/14/2024 10:14:17 [Information] SerialPort COM8 not connected.
11/14/2024 10:14:17 [Information] Stepper Motor Controller Application Started.
11/14/2024 10:14:17 [Information] Version: 3.0.9079.22026 (11/14/2024 10:14:17)
11/14/2024 10:14:17 [Information] Stepper Motor Controller Application Settings Window Opened.
11/14/2024 10:14:17 [Information] Stepper Motor Controller Application Settings form is rebuilt each and every time it is opened.
11/14/2024 10:14:17 [Information] int: 9600 BaudRate added to the Settings Form.
11/14/2024 10:14:17 [Information] decimal: 1.00 BuildVersion added to the Settings Form.
11/14/2024 10:14:17 [Information] Z Axis Data Received: ?
11/14/2024 10:14:17 [Information] bool: False ckbYaxisResetToZeroIsChecked added to the Settings Form.
11/14/2024 10:14:17 [Information] bool: False ckbZaxisResetToZeroIsChecked added to the Settings Form.
11/14/2024 10:14:17 [Information] COM1: ComPort added to the Settings Form.
11/14/2024 10:14:17 [Information] COM2: ComPort added to the Settings Form.
11/14/2024 10:14:17 [Information] COM3: ComPort added to the Settings Form.
11/14/2024 10:14:17 [Information] COM4: ComPort added to the Settings Form.
11/14/2024 10:14:17 [Information] COM5: ComPort added to the Settings Form.
11/14/2024 10:14:17 [Information] COM6: ComPort added to the Settings Form.
11/14/2024 10:14:17 [Information] COM7: ComPort added to the Settings Form.
11/14/2024 10:14:17 [Information] COM8: ComPort added to the Settings Form.
11/14/2024 10:14:17 [Information] COM9: ComPort added to the Settings Form.
11/14/2024 10:14:17 [Information] COM10: ComPort added to the Settings Form.
11/14/2024 10:14:17 [Information] decimal: 4.00 Divider4_00 added to the Settings Form.
11/14/2024 10:14:17 [Information] decimal: 0.00 MathPart2Initlz added to the Settings Form.
11/14/2024 10:14:17 [Information] decimal: 1.00 MilisecondTimerInterval added to the Settings Form.
11/14/2024 10:14:17 [Information] decimal: 1000.00 MillisecondDelay added to the Settings Form.
11/14/2024 10:14:17 [Information] int: 1000 Milliseconds added to the Settings Form.
11/14/2024 10:14:17 [Information] int: 4 mmPerRevolution added to the Settings Form.
11/14/2024 10:14:17 [Information] int: 2000 ThreadSleep added to the Settings Form.
11/14/2024 10:14:17 [Information] decimal: 0.00 Value_0_00 added to the Settings Form.
11/14/2024 10:14:17 [Information] decimal: 50.00 XaxisAcceleration added to the Settings Form.
11/14/2024 10:14:17 [Information] bool: False XaxisChanged added to the Settings Form.
11/14/2024 10:14:17 [Information] decimal: 400.00 XaxisMotorSpeed added to the Settings Form.
11/14/2024 10:14:17 [Information] decimal: 0.00 XaxisStepperCurrent added to the Settings Form.
11/14/2024 10:14:17 [Information] decimal: 0.00 XaxisStepperMove added to the Settings Form.
11/14/2024 10:14:17 [Information] XCOM1: XComPort added to the Settings Form.
11/14/2024 10:14:17 [Information] XCOM2: XComPort added to the Settings Form.
11/14/2024 10:14:17 [Information] XCOM3: XComPort added to the Settings Form.
11/14/2024 10:14:17 [Information] XCOM4: XComPort added to the Settings Form.
11/14/2024 10:14:17 [Information] XCOM5: XComPort added to the Settings Form.
11/14/2024 10:14:17 [Information] XCOM6: XComPort added to the Settings Form.
11/14/2024 10:14:17 [Information] XCOM7: XComPort added to the Settings Form.
11/14/2024 10:14:17 [Information] XCOM8: XComPort added to the Settings Form.
11/14/2024 10:14:17 [Information] XCOM9: XComPort added to the Settings Form.
11/14/2024 10:14:17 [Information] XCOM10: XComPort added to the Settings Form.
11/14/2024 10:14:17 [Information] decimal: 50.00 YaxisAcceleration added to the Settings Form.
11/14/2024 10:14:17 [Information] bool: False YaxisChanged added to the Settings Form.
11/14/2024 10:14:17 [Information] decimal: 400.00 YaxisMotorSpeed added to the Settings Form.
11/14/2024 10:14:17 [Information] decimal: 0.00 YaxisStepperCurrent added to the Settings Form.
11/14/2024 10:14:17 [Information] decimal: 0.00 YaxisStepperMove added to the Settings Form.
11/14/2024 10:14:17 [Information] YCOM1: YComPort added to the Settings Form.
11/14/2024 10:14:17 [Information] YCOM2: YComPort added to the Settings Form.
11/14/2024 10:14:17 [Information] YCOM3: YComPort added to the Settings Form.
11/14/2024 10:14:17 [Information] YCOM4: YComPort added to the Settings Form.
11/14/2024 10:14:17 [Information] YCOM5: YComPort added to the Settings Form.
11/14/2024 10:14:17 [Information] YCOM6: YComPort added to the Settings Form.
11/14/2024 10:14:17 [Information] YCOM7: YComPort added to the Settings Form.
11/14/2024 10:14:17 [Information] YCOM8: YComPort added to the Settings Form.
11/14/2024 10:14:17 [Information] YCOM9: YComPort added to the Settings Form.
11/14/2024 10:14:17 [Information] YCOM10: YComPort added to the Settings Form.
11/14/2024 10:14:17 [Information] decimal: 50.00 ZaxisAcceleration added to the Settings Form.
11/14/2024 10:14:17 [Information] bool: False ZaxisChanged added to the Settings Form.
11/14/2024 10:14:17 [Information] decimal: 400.00 ZaxisMotorSpeed added to the Settings Form.
11/14/2024 10:14:17 [Information] decimal: 12.00 ZaxisStepperCurrent added to the Settings Form.
11/14/2024 10:14:17 [Information] decimal: 0.00 ZaxisStepperMove added to the Settings Form.
11/14/2024 10:14:17 [Information] ZCOM1: ZComPort added to the Settings Form.
11/14/2024 10:14:17 [Information] ZCOM2: ZComPort added to the Settings Form.
11/14/2024 10:14:17 [Information] ZCOM3: ZComPort added to the Settings Form.
11/14/2024 10:14:17 [Information] ZCOM4: ZComPort added to the Settings Form.
11/14/2024 10:14:17 [Information] ZCOM5: ZComPort added to the Settings Form.
11/14/2024 10:14:17 [Information] ZCOM6: ZComPort added to the Settings Form.
11/14/2024 10:14:17 [Information] ZCOM7: ZComPort added to the Settings Form.
11/14/2024 10:14:17 [Information] ZCOM8: ZComPort added to the Settings Form.
11/14/2024 10:14:17 [Information] ZCOM9: ZComPort added to the Settings Form.
11/14/2024 10:14:17 [Information] ZCOM10: ZComPort added to the Settings Form.
11/14/2024 10:14:17 [Information] int: 0 zeroXaxis added to the Settings Form.
11/14/2024 10:14:17 [Information] int: 0 zeroYaxis added to the Settings Form.
11/14/2024 10:14:17 [Information] int: 0 zeroZaxis added to the Settings Form.
11/14/2024 10:14:17 [Information] Stepper Motor Controller MainWindow loaded
11/14/2024 10:14:17 [Information] Set MainWindow Media Brushes to White.
11/14/2024 10:14:31 [Information] Z Axis mouse controlled Keypad returned: 16.00
11/14/2024 10:14:33 [Information] Z Axis Run button clicked:
11/14/2024 10:14:33 [Information] Z Axis MotorMovementSeconds decimal: (16.00 / 4) / 2 = 2.00
11/14/2024 10:14:34 [Information] Z Axis Run Event: Z,0.00,400.00,0,0.00,400.00,0,16.00,400.00,0
11/14/2024 10:14:34 [Information] Z Axis Current Time: 10:14:34 + 2000 = 10:14:36
11/14/2024 10:14:34 [Information] Stepper Motor Controller Disable Z Axis controls while moving to location.
11/14/2024 10:14:34 [Information] Time remaining: 00:00:00 targetEndTime = 10:14:36
11/14/2024 10:14:34 [Information] Stepper Motor Controller Disable Z Axis controls while moving to location.
11/14/2024 10:14:34 [Information] Time remaining: 00:00:00 targetEndTime = 10:14:36
11/14/2024 10:14:34 [Information] Stepper Motor Controller Disable Z Axis controls while moving to location.
11/14/2024 10:14:34 [Information] Time remaining: 00:00:00 targetEndTime = 10:14:36
11/14/2024 10:14:34 [Information] Stepper Motor Controller Disable Z Axis controls while moving to location.
11/14/2024 10:14:34 [Information] Time remaining: 00:00:00 targetEndTime = 10:14:36
11/14/2024 10:14:34 [Information] Stepper Motor Controller Disable Z Axis controls while moving to location.
11/14/2024 10:14:34 [Information] Time remaining: 00:00:00 targetEndTime = 10:14:36
11/14/2024 10:14:34 [Information] Stepper Motor Controller Disable Z Axis controls while moving to location.
11/14/2024 10:14:34 [Information] Time remaining: 00:00:00 targetEndTime = 10:14:36
11/14/2024 10:14:34 [Information] Stepper Motor Controller Disable Z Axis controls while moving to location.
11/14/2024 10:14:34 [Information] Time remaining: 00:00:00 targetEndTime = 10:14:36
11/14/2024 10:14:34 [Information] Stepper Motor Controller Disable Z Axis controls while moving to location.
11/14/2024 10:14:34 [Information] Time remaining: 00:00:00 targetEndTime = 10:14:36
11/14/2024 10:14:34 [Information] Stepper Motor Controller Disable Z Axis controls while moving to location.
11/14/2024 10:14:34 [Information] Time remaining: 00:00:00 targetEndTime = 10:14:36
11/14/2024 10:14:34 [Information] Stepper Motor Controller Disable Z Axis controls while moving to location.
11/14/2024 10:14:34 [Information] Time remaining: 00:00:00 targetEndTime = 10:14:36
11/14/2024 10:14:34 [Information] Stepper Motor Controller Disable Z Axis controls while moving to location.
11/14/2024 10:14:34 [Information] Time remaining: 00:00:00 targetEndTime = 10:14:36
11/14/2024 10:14:34 [Information] Stepper Motor Controller Disable Z Axis controls while moving to location.
11/14/2024 10:14:34 [Information] Time remaining: 00:00:00 targetEndTime = 10:14:36
11/14/2024 10:14:34 [Information] Stepper Motor Controller Disable Z Axis controls while moving to location.
11/14/2024 10:14:34 [Information] Time remaining: 00:00:00 targetEndTime = 10:14:36
11/14/2024 10:14:34 [Information] Stepper Motor Controller Disable Z Axis controls while moving to location.
11/14/2024 10:14:34 [Information] Time remaining: 00:00:00 targetEndTime = 10:14:36
11/14/2024 10:14:34 [Information] Stepper Motor Controller Disable Z Axis controls while moving to location.
11/14/2024 10:14:34 [Information] Time remaining: 00:00:00 targetEndTime = 10:14:36
11/14/2024 10:14:34 [Information] Stepper Motor Controller Disable Z Axis controls while moving to location.
11/14/2024 10:14:34 [Information] Time remaining: 00:00:00 targetEndTime = 10:14:36
11/14/2024 10:14:34 [Information] Stepper Motor Controller Disable Z Axis controls while moving to location.
11/14/2024 10:14:34 [Information] Time remaining: 00:00:00 targetEndTime = 10:14:36
11/14/2024 10:14:34 [Information] Stepper Motor Controller Disable Z Axis controls while moving to location.
11/14/2024 10:14:34 [Information] Time remaining: 00:00:00 targetEndTime = 10:14:36
11/14/2024 10:14:34 [Information] Stepper Motor Controller Disable Z Axis controls while moving to location.
11/14/2024 10:14:34 [Information] Time remaining: 00:00:00 targetEndTime = 10:14:36
11/14/2024 10:14:34 [Information] Stepper Motor Controller Disable Z Axis controls while moving to location.
11/14/2024 10:14:34 [Information] Time remaining: 00:00:00 targetEndTime = 10:14:36
11/14/2024 10:14:34 [Information] Stepper Motor Controller Disable Z Axis controls while moving to location.
11/14/2024 10:14:34 [Information] Time remaining: 00:00:00 targetEndTime = 10:14:36
11/14/2024 10:14:35 [Information] Stepper Motor Controller Disable Z Axis controls while moving to location.
11/14/2024 10:14:35 [Information] Time remaining: 00:00:00 targetEndTime = 10:14:36
11/14/2024 10:14:35 [Information] Stepper Motor Controller Disable Z Axis controls while moving to location.
11/14/2024 10:14:35 [Information] Time remaining: 00:00:00 targetEndTime = 10:14:36
11/14/2024 10:14:35 [Information] Stepper Motor Controller Disable Z Axis controls while moving to location.
11/14/2024 10:14:35 [Information] Time remaining: 00:00:00 targetEndTime = 10:14:36
11/14/2024 10:14:35 [Information] Stepper Motor Controller Disable Z Axis controls while moving to location.
11/14/2024 10:14:35 [Information] Time remaining: 00:00:00 targetEndTime = 10:14:36
11/14/2024 10:14:35 [Information] Stepper Motor Controller Disable Z Axis controls while moving to location.
11/14/2024 10:14:35 [Information] Time remaining: 00:00:00 targetEndTime = 10:14:36
11/14/2024 10:14:35 [Information] Stepper Motor Controller Disable Z Axis controls while moving to location.
11/14/2024 10:14:35 [Information] Time remaining: 00:00:00 targetEndTime = 10:14:36
11/14/2024 10:14:35 [Information] Stepper Motor Controller Disable Z Axis controls while moving to location.
11/14/2024 10:14:35 [Information] Time remaining: 00:00:00 targetEndTime = 10:14:36
11/14/2024 10:14:35 [Information] Stepper Motor Controller Disable Z Axis controls while moving to location.
11/14/2024 10:14:35 [Information] Time remaining: 00:00:00 targetEndTime = 10:14:36
11/14/2024 10:14:35 [Information] Stepper Motor Controller Disable Z Axis controls while moving to location.
11/14/2024 10:14:35 [Information] Time remaining: 00:00:00 targetEndTime = 10:14:36
11/14/2024 10:14:35 [Information] Stepper Motor Controller Disable Z Axis controls while moving to location.
11/14/2024 10:14:35 [Information] Time remaining: 00:00:00 targetEndTime = 10:14:36
11/14/2024 10:14:35 [Information] Stepper Motor Controller Disable Z Axis controls while moving to location.
11/14/2024 10:14:35 [Information] Time remaining: 00:00:00 targetEndTime = 10:14:36
11/14/2024 10:14:35 [Information] Stepper Motor Controller Disable Z Axis controls while moving to location.
11/14/2024 10:14:35 [Information] Time remaining: 00:00:00 targetEndTime = 10:14:36
11/14/2024 10:14:35 [Information] Stepper Motor Controller Disable Z Axis controls while moving to location.
11/14/2024 10:14:35 [Information] Time remaining: 00:00:00 targetEndTime = 10:14:36
11/14/2024 10:14:35 [Information] Stepper Motor Controller Disable Z Axis controls while moving to location.
11/14/2024 10:14:35 [Information] Time remaining: 00:00:00 targetEndTime = 10:14:36
11/14/2024 10:14:35 [Information] Stepper Motor Controller Disable Z Axis controls while moving to location.
11/14/2024 10:14:35 [Information] Time remaining: 00:00:00 targetEndTime = 10:14:36
11/14/2024 10:14:35 [Information] Stepper Motor Controller Disable Z Axis controls while moving to location.
11/14/2024 10:14:35 [Information] Time remaining: 00:00:00 targetEndTime = 10:14:36
11/14/2024 10:14:35 [Information] Stepper Motor Controller Disable Z Axis controls while moving to location.
11/14/2024 10:14:35 [Information] Time remaining: 00:00:00 targetEndTime = 10:14:36
11/14/2024 10:14:35 [Information] Stepper Motor Controller Disable Z Axis controls while moving to location.
11/14/2024 10:14:35 [Information] Time remaining: 00:00:00 targetEndTime = 10:14:36
11/14/2024 10:14:35 [Information] Stepper Motor Controller Disable Z Axis controls while moving to location.
11/14/2024 10:14:35 [Information] Time remaining: 00:00:00 targetEndTime = 10:14:36
11/14/2024 10:14:35 [Information] Stepper Motor Controller Disable Z Axis controls while moving to location.
11/14/2024 10:14:35 [Information] Time remaining: 00:00:00 targetEndTime = 10:14:36
11/14/2024 10:14:35 [Information] Stepper Motor Controller Disable Z Axis controls while moving to location.
11/14/2024 10:14:35 [Information] Time remaining: 00:00:00 targetEndTime = 10:14:36
11/14/2024 10:14:35 [Information] Stepper Motor Controller Disable Z Axis controls while moving to location.
11/14/2024 10:14:35 [Information] Time remaining: 00:00:00 targetEndTime = 10:14:36
11/14/2024 10:14:35 [Information] Stepper Motor Controller Disable Z Axis controls while moving to location.
11/14/2024 10:14:35 [Information] Time remaining: 00:00:00 targetEndTime = 10:14:36
11/14/2024 10:14:35 [Information] Stepper Motor Controller Disable Z Axis controls while moving to location.
11/14/2024 10:14:35 [Information] Time remaining: 00:00:00 targetEndTime = 10:14:36
11/14/2024 10:14:35 [Information] Stepper Motor Controller Disable Z Axis controls while moving to location.
11/14/2024 10:14:35 [Information] Time remaining: 00:00:00 targetEndTime = 10:14:36
11/14/2024 10:14:35 [Information] Stepper Motor Controller Disable Z Axis controls while moving to location.
11/14/2024 10:14:35 [Information] Time remaining: 00:00:00 targetEndTime = 10:14:36
11/14/2024 10:14:35 [Information] Stepper Motor Controller Disable Z Axis controls while moving to location.
11/14/2024 10:14:35 [Information] Time remaining: 00:00:00 targetEndTime = 10:14:36
11/14/2024 10:14:35 [Information] Stepper Motor Controller Disable Z Axis controls while moving to location.
11/14/2024 10:14:35 [Information] Time remaining: 00:00:00 targetEndTime = 10:14:36
11/14/2024 10:14:35 [Information] Stepper Motor Controller Disable Z Axis controls while moving to location.
11/14/2024 10:14:35 [Information] Time remaining: 00:00:00 targetEndTime = 10:14:36
11/14/2024 10:14:35 [Information] Stepper Motor Controller Disable Z Axis controls while moving to location.
11/14/2024 10:14:35 [Information] Time remaining: 00:00:00 targetEndTime = 10:14:36
11/14/2024 10:14:35 [Information] Stepper Motor Controller Disable Z Axis controls while moving to location.
11/14/2024 10:14:35 [Information] Time remaining: 00:00:00 targetEndTime = 10:14:36
11/14/2024 10:14:35 [Information] Stepper Motor Controller Disable Z Axis controls while moving to location.
11/14/2024 10:14:35 [Information] Time remaining: 00:00:00 targetEndTime = 10:14:36
11/14/2024 10:14:35 [Information] Stepper Motor Controller Disable Z Axis controls while moving to location.
11/14/2024 10:14:35 [Information] Time remaining: 00:00:00 targetEndTime = 10:14:36
11/14/2024 10:14:35 [Information] Stepper Motor Controller Disable Z Axis controls while moving to location.
11/14/2024 10:14:35 [Information] Time remaining: 00:00:00 targetEndTime = 10:14:36
11/14/2024 10:14:35 [Information] Stepper Motor Controller Disable Z Axis controls while moving to location.
11/14/2024 10:14:35 [Information] Time remaining: 00:00:00 targetEndTime = 10:14:36
11/14/2024 10:14:35 [Information] Stepper Motor Controller Disable Z Axis controls while moving to location.
11/14/2024 10:14:35 [Information] Time remaining: 00:00:00 targetEndTime = 10:14:36
11/14/2024 10:14:35 [Information] Stepper Motor Controller Disable Z Axis controls while moving to location.
11/14/2024 10:14:35 [Information] Time remaining: 00:00:00 targetEndTime = 10:14:36
11/14/2024 10:14:35 [Information] Stepper Motor Controller Disable Z Axis controls while moving to location.
11/14/2024 10:14:35 [Information] Time remaining: 00:00:00 targetEndTime = 10:14:36
11/14/2024 10:14:35 [Information] Stepper Motor Controller Disable Z Axis controls while moving to location.
11/14/2024 10:14:35 [Information] Time remaining: 00:00:00 targetEndTime = 10:14:36
11/14/2024 10:14:35 [Information] Stepper Motor Controller Disable Z Axis controls while moving to location.
11/14/2024 10:14:35 [Information] Time remaining: 00:00:00 targetEndTime = 10:14:36
11/14/2024 10:14:35 [Information] Stepper Motor Controller Disable Z Axis controls while moving to location.
11/14/2024 10:14:35 [Information] Time remaining: 00:00:00 targetEndTime = 10:14:36
11/14/2024 10:14:35 [Information] Stepper Motor Controller Disable Z Axis controls while moving to location.
11/14/2024 10:14:35 [Information] Time remaining: 00:00:00 targetEndTime = 10:14:36
11/14/2024 10:14:35 [Information] Stepper Motor Controller Disable Z Axis controls while moving to location.
11/14/2024 10:14:35 [Information] Time remaining: 00:00:01 targetEndTime = 10:14:36
11/14/2024 10:14:35 [Information] Stepper Motor Controller Disable Z Axis controls while moving to location.
11/14/2024 10:14:35 [Information] Time remaining: 00:00:01 targetEndTime = 10:14:36
11/14/2024 10:14:35 [Information] Stepper Motor Controller Disable Z Axis controls while moving to location.
11/14/2024 10:14:35 [Information] Time remaining: 00:00:01 targetEndTime = 10:14:36
11/14/2024 10:14:35 [Information] Stepper Motor Controller Disable Z Axis controls while moving to location.
11/14/2024 10:14:35 [Information] Time remaining: 00:00:01 targetEndTime = 10:14:36
11/14/2024 10:14:35 [Information] Stepper Motor Controller Disable Z Axis controls while moving to location.
11/14/2024 10:14:35 [Information] Time remaining: 00:00:01 targetEndTime = 10:14:36
11/14/2024 10:14:35 [Information] Stepper Motor Controller Disable Z Axis controls while moving to location.
11/14/2024 10:14:35 [Information] Time remaining: 00:00:01 targetEndTime = 10:14:36
11/14/2024 10:14:35 [Information] Stepper Motor Controller Disable Z Axis controls while moving to location.
11/14/2024 10:14:35 [Information] Time remaining: 00:00:01 targetEndTime = 10:14:36
11/14/2024 10:14:35 [Information] Stepper Motor Controller Disable Z Axis controls while moving to location.
11/14/2024 10:14:35 [Information] Time remaining: 00:00:01 targetEndTime = 10:14:36
11/14/2024 10:14:35 [Information] Stepper Motor Controller Disable Z Axis controls while moving to location.
11/14/2024 10:14:35 [Information] Time remaining: 00:00:01 targetEndTime = 10:14:36
11/14/2024 10:14:35 [Information] Stepper Motor Controller Disable Z Axis controls while moving to location.
11/14/2024 10:14:35 [Information] Time remaining: 00:00:01 targetEndTime = 10:14:36
11/14/2024 10:14:35 [Information] Stepper Motor Controller Disable Z Axis controls while moving to location.
11/14/2024 10:14:35 [Information] Time remaining: 00:00:01 targetEndTime = 10:14:36
11/14/2024 10:14:35 [Information] Stepper Motor Controller Disable Z Axis controls while moving to location.
11/14/2024 10:14:35 [Information] Time remaining: 00:00:01 targetEndTime = 10:14:36
11/14/2024 10:14:35 [Information] Stepper Motor Controller Disable Z Axis controls while moving to location.
11/14/2024 10:14:35 [Information] Time remaining: 00:00:01 targetEndTime = 10:14:36
11/14/2024 10:14:35 [Information] Stepper Motor Controller Disable Z Axis controls while moving to location.
11/14/2024 10:14:35 [Information] Time remaining: 00:00:01 targetEndTime = 10:14:36
11/14/2024 10:14:35 [Information] Stepper Motor Controller Disable Z Axis controls while moving to location.
11/14/2024 10:14:35 [Information] Time remaining: 00:00:01 targetEndTime = 10:14:36
11/14/2024 10:14:35 [Information] Stepper Motor Controller Disable Z Axis controls while moving to location.
11/14/2024 10:14:35 [Information] Time remaining: 00:00:01 targetEndTime = 10:14:36
11/14/2024 10:14:35 [Information] Stepper Motor Controller Disable Z Axis controls while moving to location.
11/14/2024 10:14:35 [Information] Time remaining: 00:00:01 targetEndTime = 10:14:36
11/14/2024 10:14:35 [Information] Stepper Motor Controller Disable Z Axis controls while moving to location.
11/14/2024 10:14:35 [Information] Time remaining: 00:00:01 targetEndTime = 10:14:36
11/14/2024 10:14:35 [Information] Stepper Motor Controller Disable Z Axis controls while moving to location.
11/14/2024 10:14:35 [Information] Time remaining: 00:00:01 targetEndTime = 10:14:36
11/14/2024 10:14:35 [Information] Stepper Motor Controller Disable Z Axis controls while moving to location.
11/14/2024 10:14:35 [Information] Time remaining: 00:00:01 targetEndTime = 10:14:36
11/14/2024 10:14:35 [Information] Stepper Motor Controller Disable Z Axis controls while moving to location.
11/14/2024 10:14:35 [Information] Time remaining: 00:00:01 targetEndTime = 10:14:36
11/14/2024 10:14:35 [Information] Stepper Motor Controller Disable Z Axis controls while moving to location.
11/14/2024 10:14:35 [Information] Time remaining: 00:00:01 targetEndTime = 10:14:36
11/14/2024 10:14:36 [Information] Stepper Motor Controller Disable Z Axis controls while moving to location.
11/14/2024 10:14:36 [Information] Time remaining: 00:00:01 targetEndTime = 10:14:36
11/14/2024 10:14:36 [Information] Stepper Motor Controller Disable Z Axis controls while moving to location.
11/14/2024 10:14:36 [Information] Time remaining: 00:00:01 targetEndTime = 10:14:36
11/14/2024 10:14:36 [Information] Stepper Motor Controller Disable Z Axis controls while moving to location.
11/14/2024 10:14:36 [Information] Time remaining: 00:00:01 targetEndTime = 10:14:36
11/14/2024 10:14:36 [Information] Stepper Motor Controller Disable Z Axis controls while moving to location.
11/14/2024 10:14:36 [Information] Time remaining: 00:00:01 targetEndTime = 10:14:36
11/14/2024 10:14:36 [Information] Stepper Motor Controller Disable Z Axis controls while moving to location.
11/14/2024 10:14:36 [Information] Time remaining: 00:00:01 targetEndTime = 10:14:36
11/14/2024 10:14:36 [Information] Stepper Motor Controller Disable Z Axis controls while moving to location.
11/14/2024 10:14:36 [Information] Time remaining: 00:00:01 targetEndTime = 10:14:36
11/14/2024 10:14:36 [Information] Stepper Motor Controller Disable Z Axis controls while moving to location.
11/14/2024 10:14:36 [Information] Time remaining: 00:00:01 targetEndTime = 10:14:36
11/14/2024 10:14:36 [Information] Stepper Motor Controller Disable Z Axis controls while moving to location.
11/14/2024 10:14:36 [Information] Time remaining: 00:00:01 targetEndTime = 10:14:36
11/14/2024 10:14:36 [Information] Stepper Motor Controller Disable Z Axis controls while moving to location.
11/14/2024 10:14:36 [Information] Time remaining: 00:00:01 targetEndTime = 10:14:36
11/14/2024 10:14:36 [Information] Stepper Motor Controller Disable Z Axis controls while moving to location.
11/14/2024 10:14:36 [Information] Time remaining: 00:00:01 targetEndTime = 10:14:36
11/14/2024 10:14:36 [Information] Stepper Motor Controller Disable Z Axis controls while moving to location.
11/14/2024 10:14:36 [Information] Time remaining: 00:00:01 targetEndTime = 10:14:36
11/14/2024 10:14:36 [Information] Stepper Motor Controller Disable Z Axis controls while moving to location.
11/14/2024 10:14:36 [Information] Time remaining: 00:00:01 targetEndTime = 10:14:36
11/14/2024 10:14:36 [Information] Stepper Motor Controller Disable Z Axis controls while moving to location.
11/14/2024 10:14:36 [Information] Time remaining: 00:00:01 targetEndTime = 10:14:36
11/14/2024 10:14:36 [Information] Stepper Motor Controller Disable Z Axis controls while moving to location.
11/14/2024 10:14:36 [Information] Time remaining: 00:00:01 targetEndTime = 10:14:36
11/14/2024 10:14:36 [Information] Stepper Motor Controller Disable Z Axis controls while moving to location.
11/14/2024 10:14:36 [Information] Time remaining: 00:00:01 targetEndTime = 10:14:36
11/14/2024 10:14:36 [Information] Stepper Motor Controller Disable Z Axis controls while moving to location.
11/14/2024 10:14:36 [Information] Time remaining: 00:00:01 targetEndTime = 10:14:36
11/14/2024 10:14:36 [Information] Stepper Motor Controller Disable Z Axis controls while moving to location.
11/14/2024 10:14:36 [Information] Time remaining: 00:00:01 targetEndTime = 10:14:36
11/14/2024 10:14:36 [Information] Stepper Motor Controller Disable Z Axis controls while moving to location.
11/14/2024 10:14:36 [Information] Time remaining: 00:00:01 targetEndTime = 10:14:36
11/14/2024 10:14:36 [Information] Stepper Motor Controller Disable Z Axis controls while moving to location.
11/14/2024 10:14:36 [Information] Time remaining: 00:00:01 targetEndTime = 10:14:36
11/14/2024 10:14:36 [Information] Stepper Motor Controller Disable Z Axis controls while moving to location.
11/14/2024 10:14:36 [Information] Time remaining: 00:00:01 targetEndTime = 10:14:36
11/14/2024 10:14:36 [Information] Stepper Motor Controller Disable Z Axis controls while moving to location.
11/14/2024 10:14:36 [Information] Time remaining: 00:00:01 targetEndTime = 10:14:36
11/14/2024 10:14:36 [Information] Stepper Motor Controller Disable Z Axis controls while moving to location.
11/14/2024 10:14:36 [Information] Time remaining: 00:00:01 targetEndTime = 10:14:36
11/14/2024 10:14:36 [Information] Stepper Motor Controller Disable Z Axis controls while moving to location.
11/14/2024 10:14:36 [Information] Time remaining: 00:00:01 targetEndTime = 10:14:36
11/14/2024 10:14:36 [Information] Stepper Motor Controller Disable Z Axis controls while moving to location.
11/14/2024 10:14:36 [Information] Time remaining: 00:00:01 targetEndTime = 10:14:36
11/14/2024 10:14:36 [Information] Stepper Motor Controller Disable Z Axis controls while moving to location.
11/14/2024 10:14:36 [Information] Time remaining: 00:00:01 targetEndTime = 10:14:36
11/14/2024 10:14:36 [Information] Stepper Motor Controller Disable Z Axis controls while moving to location.
11/14/2024 10:14:36 [Information] Time remaining: 00:00:01 targetEndTime = 10:14:36
11/14/2024 10:14:36 [Information] Stepper Motor Controller Disable Z Axis controls while moving to location.
11/14/2024 10:14:36 [Information] Time remaining: 00:00:01 targetEndTime = 10:14:36
11/14/2024 10:14:36 [Information] Stepper Motor Controller Disable Z Axis controls while moving to location.
11/14/2024 10:14:36 [Information] Time remaining: 00:00:01 targetEndTime = 10:14:36
11/14/2024 10:14:36 [Information] Stepper Motor Controller Disable Z Axis controls while moving to location.
11/14/2024 10:14:36 [Information] Time remaining: 00:00:01 targetEndTime = 10:14:36
11/14/2024 10:14:36 [Information] Stepper Motor Controller Disable Z Axis controls while moving to location.
11/14/2024 10:14:36 [Information] Time remaining: 00:00:01 targetEndTime = 10:14:36
11/14/2024 10:14:36 [Information] Stepper Motor Controller Disable Z Axis controls while moving to location.
11/14/2024 10:14:36 [Information] Time remaining: 00:00:01 targetEndTime = 10:14:36
11/14/2024 10:14:36 [Information] Stepper Motor Controller Disable Z Axis controls while moving to location.
11/14/2024 10:14:36 [Information] Time remaining: 00:00:01 targetEndTime = 10:14:36
11/14/2024 10:14:36 [Information] Stepper Motor Controller Disable Z Axis controls while moving to location.
11/14/2024 10:14:36 [Information] Time remaining: 00:00:01 targetEndTime = 10:14:36
11/14/2024 10:14:36 [Information] Stepper Motor Controller Disable Z Axis controls while moving to location.
11/14/2024 10:14:36 [Information] Time remaining: 00:00:01 targetEndTime = 10:14:36
11/14/2024 10:14:36 [Information] Stepper Motor Controller Disable Z Axis controls while moving to location.
11/14/2024 10:14:36 [Information] Time remaining: 00:00:01 targetEndTime = 10:14:36
11/14/2024 10:14:36 [Information] Stepper Motor Controller Disable Z Axis controls while moving to location.
11/14/2024 10:14:36 [Information] Time remaining: 00:00:01 targetEndTime = 10:14:36
11/14/2024 10:14:36 [Information] Stepper Motor Controller Disable Z Axis controls while moving to location.
11/14/2024 10:14:36 [Information] Time remaining: 00:00:01 targetEndTime = 10:14:36
11/14/2024 10:14:36 [Information] Stepper Motor Controller Disable Z Axis controls while moving to location.
11/14/2024 10:14:36 [Information] Time remaining: 00:00:01 targetEndTime = 10:14:36
11/14/2024 10:14:36 [Information] Stepper Motor Controller Disable Z Axis controls while moving to location.
11/14/2024 10:14:36 [Information] Time remaining: 00:00:01 targetEndTime = 10:14:36
11/14/2024 10:14:36 [Information] Stepper Motor Controller Disable Z Axis controls while moving to location.
11/14/2024 10:14:36 [Information] Time remaining: 00:00:01 targetEndTime = 10:14:36
11/14/2024 10:14:36 [Information] Z Axis Data Received: Z
11/14/2024 10:14:36 [Information] Z Axis Data Received:  
11/14/2024 10:14:36 [Information] Z Axis Data Received: A
11/14/2024 10:14:36 [Information] Z Axis Data Received: x
11/14/2024 10:14:36 [Information] Z Axis Data Received: i
11/14/2024 10:14:36 [Information] Z Axis Data Received: s
11/14/2024 10:14:36 [Information] Z Axis Data Received:  
11/14/2024 10:14:36 [Information] Z Axis Data Received: A
11/14/2024 10:14:36 [Information] Z Axis Data Received: b
11/14/2024 10:14:36 [Information] Z Axis Data Received: s
11/14/2024 10:14:36 [Information] Z Axis Data Received: o
11/14/2024 10:14:36 [Information] Z Axis Data Received: l
11/14/2024 10:14:36 [Information] Z Axis Data Received: u
11/14/2024 10:14:36 [Information] Z Axis Data Received: t
11/14/2024 10:14:36 [Information] Z Axis Data Received: e
11/14/2024 10:14:36 [Information] Z Axis Data Received:  
11/14/2024 10:14:36 [Information] Stepper Motor Controller Enable Z Axis controls after moving to location.
11/14/2024 10:14:36 [Information] Stepper Motor Controller Stopwatch Stopped.
11/14/2024 10:14:36 [Information] Z Axis Data Received: P
11/14/2024 10:14:36 [Information] Stepper Motor Controller Stopwatch Reset.
11/14/2024 10:14:36 [Information] Z Axis Data Received: o
11/14/2024 10:14:36 [Information] Z Axis Data Received: si
11/14/2024 10:14:36 [Information] Z Axis Data Received: t
11/14/2024 10:14:36 [Information] Z Axis Data Received: i
11/14/2024 10:14:36 [Information] Z Axis Data Received: o
11/14/2024 10:14:36 [Information] Z Axis Data Received: n
11/14/2024 10:14:36 [Information] Z Axis Data Received:  
11/14/2024 10:14:36 [Information] Z Axis Data Received: 8
11/14/2024 10:14:36 [Information] Z Axis Data Received: 0
11/14/2024 10:14:36 [Information] Z Axis Data Received: 0
11/14/2024 10:14:36 [Information] Z Axis Data Received: .
11/14/2024 10:14:36 [Information] Z Axis Data Received: 0
11/14/2024 10:14:36 [Information] Z Axis Data Received: 0
11/14/2024 10:14:36 [Information] Z Axis Data Received: 
11/14/2024 10:14:36 [Information] Z Axis Data Received: 

11/14/2024 10:14:36 [Information] Z Axis Data Received: ?
11/14/2024 10:14:38 [Information] Z Axis Run button clicked:
11/14/2024 10:14:38 [Information] Z Axis MotorMovementSeconds decimal: (16.00 / 4) / 2 = 2.00
11/14/2024 10:14:39 [Information] Z Axis Run Event: Z,0.00,400.00,0,0.00,400.00,0,16.00,400.00,0
11/14/2024 10:14:39 [Information] Z Axis Current Time: 10:14:39 + 2000 = 10:14:41
11/14/2024 10:14:39 [Information] Stepper Motor Controller Disable Z Axis controls while moving to location.
11/14/2024 10:14:39 [Information] Time remaining: 00:00:00 targetEndTime = 10:14:41
11/14/2024 10:14:39 [Information] Stepper Motor Controller Disable Z Axis controls while moving to location.
11/14/2024 10:14:39 [Information] Time remaining: 00:00:00 targetEndTime = 10:14:41
11/14/2024 10:14:39 [Information] Stepper Motor Controller Disable Z Axis controls while moving to location.
11/14/2024 10:14:39 [Information] Time remaining: 00:00:00 targetEndTime = 10:14:41
11/14/2024 10:14:39 [Information] Stepper Motor Controller Disable Z Axis controls while moving to location.
11/14/2024 10:14:39 [Information] Time remaining: 00:00:00 targetEndTime = 10:14:41
11/14/2024 10:14:39 [Information] Stepper Motor Controller Disable Z Axis controls while moving to location.
11/14/2024 10:14:39 [Information] Time remaining: 00:00:00 targetEndTime = 10:14:41
11/14/2024 10:14:39 [Information] Stepper Motor Controller Disable Z Axis controls while moving to location.
11/14/2024 10:14:39 [Information] Time remaining: 00:00:00 targetEndTime = 10:14:41
11/14/2024 10:14:39 [Information] Stepper Motor Controller Disable Z Axis controls while moving to location.
11/14/2024 10:14:39 [Information] Time remaining: 00:00:00 targetEndTime = 10:14:41
11/14/2024 10:14:39 [Information] Stepper Motor Controller Disable Z Axis controls while moving to location.
11/14/2024 10:14:39 [Information] Time remaining: 00:00:00 targetEndTime = 10:14:41
11/14/2024 10:14:39 [Information] Stepper Motor Controller Disable Z Axis controls while moving to location.
11/14/2024 10:14:39 [Information] Time remaining: 00:00:00 targetEndTime = 10:14:41
11/14/2024 10:14:39 [Information] Stepper Motor Controller Disable Z Axis controls while moving to location.
11/14/2024 10:14:39 [Information] Time remaining: 00:00:00 targetEndTime = 10:14:41
11/14/2024 10:14:39 [Information] Stepper Motor Controller Disable Z Axis controls while moving to location.
11/14/2024 10:14:39 [Information] Time remaining: 00:00:00 targetEndTime = 10:14:41
11/14/2024 10:14:39 [Information] Stepper Motor Controller Disable Z Axis controls while moving to location.
11/14/2024 10:14:39 [Information] Time remaining: 00:00:00 targetEndTime = 10:14:41
11/14/2024 10:14:39 [Information] Stepper Motor Controller Disable Z Axis controls while moving to location.
11/14/2024 10:14:39 [Information] Time remaining: 00:00:00 targetEndTime = 10:14:41
11/14/2024 10:14:39 [Information] Stepper Motor Controller Disable Z Axis controls while moving to location.
11/14/2024 10:14:39 [Information] Time remaining: 00:00:00 targetEndTime = 10:14:41
11/14/2024 10:14:39 [Information] Stepper Motor Controller Disable Z Axis controls while moving to location.
11/14/2024 10:14:39 [Information] Time remaining: 00:00:00 targetEndTime = 10:14:41
11/14/2024 10:14:39 [Information] Stepper Motor Controller Disable Z Axis controls while moving to location.
11/14/2024 10:14:39 [Information] Time remaining: 00:00:00 targetEndTime = 10:14:41
11/14/2024 10:14:40 [Information] Stepper Motor Controller Disable Z Axis controls while moving to location.
11/14/2024 10:14:40 [Information] Time remaining: 00:00:00 targetEndTime = 10:14:41
11/14/2024 10:14:40 [Information] Stepper Motor Controller Disable Z Axis controls while moving to location.
11/14/2024 10:14:40 [Information] Time remaining: 00:00:00 targetEndTime = 10:14:41
11/14/2024 10:14:40 [Information] Stepper Motor Controller Disable Z Axis controls while moving to location.
11/14/2024 10:14:40 [Information] Time remaining: 00:00:00 targetEndTime = 10:14:41
11/14/2024 10:14:40 [Information] Stepper Motor Controller Disable Z Axis controls while moving to location.
11/14/2024 10:14:40 [Information] Time remaining: 00:00:00 targetEndTime = 10:14:41
11/14/2024 10:14:40 [Information] Stepper Motor Controller Disable Z Axis controls while moving to location.
11/14/2024 10:14:40 [Information] Time remaining: 00:00:00 targetEndTime = 10:14:41
11/14/2024 10:14:40 [Information] Stepper Motor Controller Disable Z Axis controls while moving to location.
11/14/2024 10:14:40 [Information] Time remaining: 00:00:00 targetEndTime = 10:14:41
11/14/2024 10:14:40 [Information] Stepper Motor Controller Disable Z Axis controls while moving to location.
11/14/2024 10:14:40 [Information] Time remaining: 00:00:00 targetEndTime = 10:14:41
11/14/2024 10:14:40 [Information] Stepper Motor Controller Disable Z Axis controls while moving to location.
11/14/2024 10:14:40 [Information] Time remaining: 00:00:00 targetEndTime = 10:14:41
11/14/2024 10:14:40 [Information] Stepper Motor Controller Disable Z Axis controls while moving to location.
11/14/2024 10:14:40 [Information] Time remaining: 00:00:00 targetEndTime = 10:14:41
11/14/2024 10:14:40 [Information] Stepper Motor Controller Disable Z Axis controls while moving to location.
11/14/2024 10:14:40 [Information] Time remaining: 00:00:00 targetEndTime = 10:14:41
11/14/2024 10:14:40 [Information] Stepper Motor Controller Disable Z Axis controls while moving to location.
11/14/2024 10:14:40 [Information] Time remaining: 00:00:00 targetEndTime = 10:14:41
11/14/2024 10:14:40 [Information] Stepper Motor Controller Disable Z Axis controls while moving to location.
11/14/2024 10:14:40 [Information] Time remaining: 00:00:00 targetEndTime = 10:14:41
11/14/2024 10:14:40 [Information] Stepper Motor Controller Disable Z Axis controls while moving to location.
11/14/2024 10:14:40 [Information] Time remaining: 00:00:00 targetEndTime = 10:14:41
11/14/2024 10:14:40 [Information] Stepper Motor Controller Disable Z Axis controls while moving to location.
11/14/2024 10:14:40 [Information] Time remaining: 00:00:00 targetEndTime = 10:14:41
11/14/2024 10:14:40 [Information] Stepper Motor Controller Disable Z Axis controls while moving to location.
11/14/2024 10:14:40 [Information] Time remaining: 00:00:00 targetEndTime = 10:14:41
11/14/2024 10:14:40 [Information] Stepper Motor Controller Disable Z Axis controls while moving to location.
11/14/2024 10:14:40 [Information] Time remaining: 00:00:00 targetEndTime = 10:14:41
11/14/2024 10:14:40 [Information] Stepper Motor Controller Disable Z Axis controls while moving to location.
11/14/2024 10:14:40 [Information] Time remaining: 00:00:00 targetEndTime = 10:14:41
11/14/2024 10:14:40 [Information] Stepper Motor Controller Disable Z Axis controls while moving to location.
11/14/2024 10:14:40 [Information] Time remaining: 00:00:00 targetEndTime = 10:14:41
11/14/2024 10:14:40 [Information] Stepper Motor Controller Disable Z Axis controls while moving to location.
11/14/2024 10:14:40 [Information] Time remaining: 00:00:00 targetEndTime = 10:14:41
11/14/2024 10:14:40 [Information] Stepper Motor Controller Disable Z Axis controls while moving to location.
11/14/2024 10:14:40 [Information] Time remaining: 00:00:00 targetEndTime = 10:14:41
11/14/2024 10:14:40 [Information] Stepper Motor Controller Disable Z Axis controls while moving to location.
11/14/2024 10:14:40 [Information] Time remaining: 00:00:00 targetEndTime = 10:14:41
11/14/2024 10:14:40 [Information] Stepper Motor Controller Disable Z Axis controls while moving to location.
11/14/2024 10:14:40 [Information] Time remaining: 00:00:00 targetEndTime = 10:14:41
11/14/2024 10:14:40 [Information] Stepper Motor Controller Disable Z Axis controls while moving to location.
11/14/2024 10:14:40 [Information] Time remaining: 00:00:00 targetEndTime = 10:14:41
11/14/2024 10:14:40 [Information] Stepper Motor Controller Disable Z Axis controls while moving to location.
11/14/2024 10:14:40 [Information] Time remaining: 00:00:00 targetEndTime = 10:14:41
11/14/2024 10:14:40 [Information] Stepper Motor Controller Disable Z Axis controls while moving to location.
11/14/2024 10:14:40 [Information] Time remaining: 00:00:00 targetEndTime = 10:14:41
11/14/2024 10:14:40 [Information] Stepper Motor Controller Disable Z Axis controls while moving to location.
11/14/2024 10:14:40 [Information] Time remaining: 00:00:00 targetEndTime = 10:14:41
11/14/2024 10:14:40 [Information] Stepper Motor Controller Disable Z Axis controls while moving to location.
11/14/2024 10:14:40 [Information] Time remaining: 00:00:00 targetEndTime = 10:14:41
11/14/2024 10:14:40 [Information] Stepper Motor Controller Disable Z Axis controls while moving to location.
11/14/2024 10:14:40 [Information] Time remaining: 00:00:00 targetEndTime = 10:14:41
11/14/2024 10:14:40 [Information] Stepper Motor Controller Disable Z Axis controls while moving to location.
11/14/2024 10:14:40 [Information] Time remaining: 00:00:00 targetEndTime = 10:14:41
11/14/2024 10:14:40 [Information] Stepper Motor Controller Disable Z Axis controls while moving to location.
11/14/2024 10:14:40 [Information] Time remaining: 00:00:00 targetEndTime = 10:14:41
11/14/2024 10:14:40 [Information] Stepper Motor Controller Disable Z Axis controls while moving to location.
11/14/2024 10:14:40 [Information] Time remaining: 00:00:00 targetEndTime = 10:14:41
11/14/2024 10:14:40 [Information] Stepper Motor Controller Disable Z Axis controls while moving to location.
11/14/2024 10:14:40 [Information] Time remaining: 00:00:00 targetEndTime = 10:14:41
11/14/2024 10:14:40 [Information] Stepper Motor Controller Disable Z Axis controls while moving to location.
11/14/2024 10:14:40 [Information] Time remaining: 00:00:00 targetEndTime = 10:14:41
11/14/2024 10:14:40 [Information] Stepper Motor Controller Disable Z Axis controls while moving to location.
11/14/2024 10:14:40 [Information] Time remaining: 00:00:00 targetEndTime = 10:14:41
11/14/2024 10:14:40 [Information] Stepper Motor Controller Disable Z Axis controls while moving to location.
11/14/2024 10:14:40 [Information] Time remaining: 00:00:00 targetEndTime = 10:14:41
11/14/2024 10:14:40 [Information] Stepper Motor Controller Disable Z Axis controls while moving to location.
11/14/2024 10:14:40 [Information] Time remaining: 00:00:00 targetEndTime = 10:14:41
11/14/2024 10:14:40 [Information] Stepper Motor Controller Disable Z Axis controls while moving to location.
11/14/2024 10:14:40 [Information] Time remaining: 00:00:00 targetEndTime = 10:14:41
11/14/2024 10:14:40 [Information] Stepper Motor Controller Disable Z Axis controls while moving to location.
11/14/2024 10:14:40 [Information] Time remaining: 00:00:00 targetEndTime = 10:14:41
11/14/2024 10:14:40 [Information] Stepper Motor Controller Disable Z Axis controls while moving to location.
11/14/2024 10:14:40 [Information] Time remaining: 00:00:00 targetEndTime = 10:14:41
11/14/2024 10:14:40 [Information] Stepper Motor Controller Disable Z Axis controls while moving to location.
11/14/2024 10:14:40 [Information] Time remaining: 00:00:00 targetEndTime = 10:14:41
11/14/2024 10:14:40 [Information] Stepper Motor Controller Disable Z Axis controls while moving to location.
11/14/2024 10:14:40 [Information] Time remaining: 00:00:00 targetEndTime = 10:14:41
11/14/2024 10:14:40 [Information] Stepper Motor Controller Disable Z Axis controls while moving to location.
11/14/2024 10:14:40 [Information] Time remaining: 00:00:00 targetEndTime = 10:14:41
11/14/2024 10:14:40 [Information] Stepper Motor Controller Disable Z Axis controls while moving to location.
11/14/2024 10:14:40 [Information] Time remaining: 00:00:00 targetEndTime = 10:14:41
11/14/2024 10:14:40 [Information] Stepper Motor Controller Disable Z Axis controls while moving to location.
11/14/2024 10:14:40 [Information] Time remaining: 00:00:00 targetEndTime = 10:14:41
11/14/2024 10:14:40 [Information] Stepper Motor Controller Disable Z Axis controls while moving to location.
11/14/2024 10:14:40 [Information] Time remaining: 00:00:00 targetEndTime = 10:14:41
11/14/2024 10:14:40 [Information] Stepper Motor Controller Disable Z Axis controls while moving to location.
11/14/2024 10:14:40 [Information] Time remaining: 00:00:00 targetEndTime = 10:14:41
11/14/2024 10:14:40 [Information] Stepper Motor Controller Disable Z Axis controls while moving to location.
11/14/2024 10:14:40 [Information] Time remaining: 00:00:01 targetEndTime = 10:14:41
11/14/2024 10:14:40 [Information] Stepper Motor Controller Disable Z Axis controls while moving to location.
11/14/2024 10:14:40 [Information] Time remaining: 00:00:01 targetEndTime = 10:14:41
11/14/2024 10:14:40 [Information] Stepper Motor Controller Disable Z Axis controls while moving to location.
11/14/2024 10:14:40 [Information] Time remaining: 00:00:01 targetEndTime = 10:14:41
11/14/2024 10:14:40 [Information] Stepper Motor Controller Disable Z Axis controls while moving to location.
11/14/2024 10:14:40 [Information] Time remaining: 00:00:01 targetEndTime = 10:14:41
11/14/2024 10:14:40 [Information] Stepper Motor Controller Disable Z Axis controls while moving to location.
11/14/2024 10:14:40 [Information] Time remaining: 00:00:01 targetEndTime = 10:14:41
11/14/2024 10:14:40 [Information] Stepper Motor Controller Disable Z Axis controls while moving to location.
11/14/2024 10:14:40 [Information] Time remaining: 00:00:01 targetEndTime = 10:14:41
11/14/2024 10:14:40 [Information] Stepper Motor Controller Disable Z Axis controls while moving to location.
11/14/2024 10:14:40 [Information] Time remaining: 00:00:01 targetEndTime = 10:14:41
11/14/2024 10:14:40 [Information] Stepper Motor Controller Disable Z Axis controls while moving to location.
11/14/2024 10:14:40 [Information] Time remaining: 00:00:01 targetEndTime = 10:14:41
11/14/2024 10:14:40 [Information] Stepper Motor Controller Disable Z Axis controls while moving to location.
11/14/2024 10:14:40 [Information] Time remaining: 00:00:01 targetEndTime = 10:14:41
11/14/2024 10:14:40 [Information] Stepper Motor Controller Disable Z Axis controls while moving to location.
11/14/2024 10:14:40 [Information] Time remaining: 00:00:01 targetEndTime = 10:14:41
11/14/2024 10:14:40 [Information] Stepper Motor Controller Disable Z Axis controls while moving to location.
11/14/2024 10:14:40 [Information] Time remaining: 00:00:01 targetEndTime = 10:14:41
11/14/2024 10:14:40 [Information] Stepper Motor Controller Disable Z Axis controls while moving to location.
11/14/2024 10:14:40 [Information] Time remaining: 00:00:01 targetEndTime = 10:14:41
11/14/2024 10:14:40 [Information] Stepper Motor Controller Disable Z Axis controls while moving to location.
11/14/2024 10:14:40 [Information] Time remaining: 00:00:01 targetEndTime = 10:14:41
11/14/2024 10:14:40 [Information] Stepper Motor Controller Disable Z Axis controls while moving to location.
11/14/2024 10:14:40 [Information] Time remaining: 00:00:01 targetEndTime = 10:14:41
11/14/2024 10:14:40 [Information] Stepper Motor Controller Disable Z Axis controls while moving to location.
11/14/2024 10:14:40 [Information] Time remaining: 00:00:01 targetEndTime = 10:14:41
11/14/2024 10:14:40 [Information] Stepper Motor Controller Disable Z Axis controls while moving to location.
11/14/2024 10:14:40 [Information] Time remaining: 00:00:01 targetEndTime = 10:14:41
11/14/2024 10:14:40 [Information] Stepper Motor Controller Disable Z Axis controls while moving to location.
11/14/2024 10:14:40 [Information] Time remaining: 00:00:01 targetEndTime = 10:14:41
11/14/2024 10:14:40 [Information] Stepper Motor Controller Disable Z Axis controls while moving to location.
11/14/2024 10:14:40 [Information] Time remaining: 00:00:01 targetEndTime = 10:14:41
11/14/2024 10:14:40 [Information] Stepper Motor Controller Disable Z Axis controls while moving to location.
11/14/2024 10:14:40 [Information] Time remaining: 00:00:01 targetEndTime = 10:14:41
11/14/2024 10:14:41 [Information] Stepper Motor Controller Disable Z Axis controls while moving to location.
11/14/2024 10:14:41 [Information] Time remaining: 00:00:01 targetEndTime = 10:14:41
11/14/2024 10:14:41 [Information] Stepper Motor Controller Disable Z Axis controls while moving to location.
11/14/2024 10:14:41 [Information] Time remaining: 00:00:01 targetEndTime = 10:14:41
11/14/2024 10:14:41 [Information] Stepper Motor Controller Disable Z Axis controls while moving to location.
11/14/2024 10:14:41 [Information] Time remaining: 00:00:01 targetEndTime = 10:14:41
11/14/2024 10:14:41 [Information] Stepper Motor Controller Disable Z Axis controls while moving to location.
11/14/2024 10:14:41 [Information] Time remaining: 00:00:01 targetEndTime = 10:14:41
11/14/2024 10:14:41 [Information] Stepper Motor Controller Disable Z Axis controls while moving to location.
11/14/2024 10:14:41 [Information] Time remaining: 00:00:01 targetEndTime = 10:14:41
11/14/2024 10:14:41 [Information] Stepper Motor Controller Disable Z Axis controls while moving to location.
11/14/2024 10:14:41 [Information] Time remaining: 00:00:01 targetEndTime = 10:14:41
11/14/2024 10:14:41 [Information] Stepper Motor Controller Disable Z Axis controls while moving to location.
11/14/2024 10:14:41 [Information] Time remaining: 00:00:01 targetEndTime = 10:14:41
11/14/2024 10:14:41 [Information] Stepper Motor Controller Disable Z Axis controls while moving to location.
11/14/2024 10:14:41 [Information] Time remaining: 00:00:01 targetEndTime = 10:14:41
11/14/2024 10:14:41 [Information] Stepper Motor Controller Disable Z Axis controls while moving to location.
11/14/2024 10:14:41 [Information] Time remaining: 00:00:01 targetEndTime = 10:14:41
11/14/2024 10:14:41 [Information] Stepper Motor Controller Disable Z Axis controls while moving to location.
11/14/2024 10:14:41 [Information] Time remaining: 00:00:01 targetEndTime = 10:14:41
11/14/2024 10:14:41 [Information] Stepper Motor Controller Disable Z Axis controls while moving to location.
11/14/2024 10:14:41 [Information] Time remaining: 00:00:01 targetEndTime = 10:14:41
11/14/2024 10:14:41 [Information] Stepper Motor Controller Disable Z Axis controls while moving to location.
11/14/2024 10:14:41 [Information] Time remaining: 00:00:01 targetEndTime = 10:14:41
11/14/2024 10:14:41 [Information] Stepper Motor Controller Disable Z Axis controls while moving to location.
11/14/2024 10:14:41 [Information] Time remaining: 00:00:01 targetEndTime = 10:14:41
11/14/2024 10:14:41 [Information] Stepper Motor Controller Disable Z Axis controls while moving to location.
11/14/2024 10:14:41 [Information] Time remaining: 00:00:01 targetEndTime = 10:14:41
11/14/2024 10:14:41 [Information] Stepper Motor Controller Disable Z Axis controls while moving to location.
11/14/2024 10:14:41 [Information] Time remaining: 00:00:01 targetEndTime = 10:14:41
11/14/2024 10:14:41 [Information] Stepper Motor Controller Disable Z Axis controls while moving to location.
11/14/2024 10:14:41 [Information] Time remaining: 00:00:01 targetEndTime = 10:14:41
11/14/2024 10:14:41 [Information] Stepper Motor Controller Disable Z Axis controls while moving to location.
11/14/2024 10:14:41 [Information] Time remaining: 00:00:01 targetEndTime = 10:14:41
11/14/2024 10:14:41 [Information] Stepper Motor Controller Disable Z Axis controls while moving to location.
11/14/2024 10:14:41 [Information] Time remaining: 00:00:01 targetEndTime = 10:14:41
11/14/2024 10:14:41 [Information] Stepper Motor Controller Disable Z Axis controls while moving to location.
11/14/2024 10:14:41 [Information] Time remaining: 00:00:01 targetEndTime = 10:14:41
11/14/2024 10:14:41 [Information] Stepper Motor Controller Disable Z Axis controls while moving to location.
11/14/2024 10:14:41 [Information] Time remaining: 00:00:01 targetEndTime = 10:14:41
11/14/2024 10:14:41 [Information] Stepper Motor Controller Disable Z Axis controls while moving to location.
11/14/2024 10:14:41 [Information] Time remaining: 00:00:01 targetEndTime = 10:14:41
11/14/2024 10:14:41 [Information] Stepper Motor Controller Disable Z Axis controls while moving to location.
11/14/2024 10:14:41 [Information] Time remaining: 00:00:01 targetEndTime = 10:14:41
11/14/2024 10:14:41 [Information] Stepper Motor Controller Disable Z Axis controls while moving to location.
11/14/2024 10:14:41 [Information] Time remaining: 00:00:01 targetEndTime = 10:14:41
11/14/2024 10:14:41 [Information] Stepper Motor Controller Disable Z Axis controls while moving to location.
11/14/2024 10:14:41 [Information] Time remaining: 00:00:01 targetEndTime = 10:14:41
11/14/2024 10:14:41 [Information] Stepper Motor Controller Disable Z Axis controls while moving to location.
11/14/2024 10:14:41 [Information] Time remaining: 00:00:01 targetEndTime = 10:14:41
11/14/2024 10:14:41 [Information] Stepper Motor Controller Disable Z Axis controls while moving to location.
11/14/2024 10:14:41 [Information] Time remaining: 00:00:01 targetEndTime = 10:14:41
11/14/2024 10:14:41 [Information] Stepper Motor Controller Disable Z Axis controls while moving to location.
11/14/2024 10:14:41 [Information] Time remaining: 00:00:01 targetEndTime = 10:14:41
11/14/2024 10:14:41 [Information] Stepper Motor Controller Disable Z Axis controls while moving to location.
11/14/2024 10:14:41 [Information] Time remaining: 00:00:01 targetEndTime = 10:14:41
11/14/2024 10:14:41 [Information] Stepper Motor Controller Disable Z Axis controls while moving to location.
11/14/2024 10:14:41 [Information] Time remaining: 00:00:01 targetEndTime = 10:14:41
11/14/2024 10:14:41 [Information] Stepper Motor Controller Disable Z Axis controls while moving to location.
11/14/2024 10:14:41 [Information] Time remaining: 00:00:01 targetEndTime = 10:14:41
11/14/2024 10:14:41 [Information] Stepper Motor Controller Disable Z Axis controls while moving to location.
11/14/2024 10:14:41 [Information] Time remaining: 00:00:01 targetEndTime = 10:14:41
11/14/2024 10:14:41 [Information] Stepper Motor Controller Disable Z Axis controls while moving to location.
11/14/2024 10:14:41 [Information] Time remaining: 00:00:01 targetEndTime = 10:14:41
11/14/2024 10:14:41 [Information] Stepper Motor Controller Disable Z Axis controls while moving to location.
11/14/2024 10:14:41 [Information] Time remaining: 00:00:01 targetEndTime = 10:14:41
11/14/2024 10:14:41 [Information] Stepper Motor Controller Disable Z Axis controls while moving to location.
11/14/2024 10:14:41 [Information] Time remaining: 00:00:01 targetEndTime = 10:14:41
11/14/2024 10:14:41 [Information] Stepper Motor Controller Disable Z Axis controls while moving to location.
11/14/2024 10:14:41 [Information] Time remaining: 00:00:01 targetEndTime = 10:14:41
11/14/2024 10:14:41 [Information] Stepper Motor Controller Disable Z Axis controls while moving to location.
11/14/2024 10:14:41 [Information] Time remaining: 00:00:01 targetEndTime = 10:14:41
11/14/2024 10:14:41 [Information] Stepper Motor Controller Disable Z Axis controls while moving to location.
11/14/2024 10:14:41 [Information] Time remaining: 00:00:01 targetEndTime = 10:14:41
11/14/2024 10:14:41 [Information] Stepper Motor Controller Disable Z Axis controls while moving to location.
11/14/2024 10:14:41 [Information] Time remaining: 00:00:01 targetEndTime = 10:14:41
11/14/2024 10:14:41 [Information] Stepper Motor Controller Disable Z Axis controls while moving to location.
11/14/2024 10:14:41 [Information] Time remaining: 00:00:01 targetEndTime = 10:14:41
11/14/2024 10:14:41 [Information] Stepper Motor Controller Disable Z Axis controls while moving to location.
11/14/2024 10:14:41 [Information] Time remaining: 00:00:01 targetEndTime = 10:14:41
11/14/2024 10:14:41 [Information] Stepper Motor Controller Disable Z Axis controls while moving to location.
11/14/2024 10:14:41 [Information] Time remaining: 00:00:01 targetEndTime = 10:14:41
11/14/2024 10:14:41 [Information] Stepper Motor Controller Disable Z Axis controls while moving to location.
11/14/2024 10:14:41 [Information] Time remaining: 00:00:01 targetEndTime = 10:14:41
11/14/2024 10:14:41 [Information] Stepper Motor Controller Disable Z Axis controls while moving to location.
11/14/2024 10:14:41 [Information] Time remaining: 00:00:01 targetEndTime = 10:14:41
11/14/2024 10:14:41 [Information] Stepper Motor Controller Disable Z Axis controls while moving to location.
11/14/2024 10:14:41 [Information] Time remaining: 00:00:01 targetEndTime = 10:14:41
11/14/2024 10:14:41 [Information] Z Axis Data Received: ???????????????????????????????????????????????????????????????? 
11/14/2024 10:14:41 [Information] Z Axis Data Received: A
11/14/2024 10:14:41 [Information] Z Axis Data Received: x
11/14/2024 10:14:41 [Information] Z Axis Data Received: i
11/14/2024 10:14:41 [Information] Stepper Motor Controller Enable Z Axis controls after moving to location.
11/14/2024 10:14:41 [Information] Z Axis Data Received: s
11/14/2024 10:14:41 [Information] Stepper Motor Controller Timer Stopped.
11/14/2024 10:14:41 [Information] Stepper Motor Controller Stopwatch Reset.
11/14/2024 10:14:41 [Information] Z Axis Data Received:  
11/14/2024 10:14:41 [Information] Z Axis Data Received: A
11/14/2024 10:14:41 [Information] Z Axis Data Received: b
11/14/2024 10:14:41 [Information] Z Axis Data Received: s
11/14/2024 10:14:41 [Information] Z Axis Data Received: o
11/14/2024 10:14:41 [Information] Z Axis Data Received: l
11/14/2024 10:14:41 [Information] Z Axis Data Received: u
11/14/2024 10:14:41 [Information] Z Axis Data Received: t
11/14/2024 10:14:41 [Information] Z Axis Data Received: e
11/14/2024 10:14:41 [Information] Z Axis Data Received:  
11/14/2024 10:14:41 [Information] Z Axis Data Received: P
11/14/2024 10:14:41 [Information] Z Axis Data Received: o
11/14/2024 10:14:41 [Information] Z Axis Data Received: s
11/14/2024 10:14:41 [Information] Z Axis Data Received: i
11/14/2024 10:14:41 [Information] Z Axis Data Received: t
11/14/2024 10:14:41 [Information] Z Axis Data Received: i
11/14/2024 10:14:41 [Information] Z Axis Data Received: o
11/14/2024 10:14:41 [Information] Z Axis Data Received: n
11/14/2024 10:14:41 [Information] Z Axis Data Received:  
11/14/2024 10:14:41 [Information] Z Axis Data Received: 8
11/14/2024 10:14:41 [Information] Z Axis Data Received: 0
11/14/2024 10:14:41 [Information] Z Axis Data Received: 0
11/14/2024 10:14:41 [Information] Z Axis Data Received: .
11/14/2024 10:14:41 [Information] Z Axis Data Received: 0
11/14/2024 10:14:41 [Information] Z Axis Data Received: 0
11/14/2024 10:14:41 [Information] Z Axis Data Received: 
11/14/2024 10:14:41 [Information] Z Axis Data Received: 

11/14/2024 10:14:41 [Information] Z Axis Data Received: ?
11/14/2024 10:14:43 [Information] Z Axis Run button clicked:
11/14/2024 10:14:43 [Information] Z Axis MotorMovementSeconds decimal: (16.00 / 4) / 2 = 2.00
11/14/2024 10:14:44 [Information] Z Axis Run Event: Z,0.00,400.00,0,0.00,400.00,0,16.00,400.00,0
11/14/2024 10:14:44 [Information] Z Axis Current Time: 10:14:44 + 2000 = 10:14:46
11/14/2024 10:14:44 [Information] Stepper Motor Controller Disable Z Axis controls while moving to location.
11/14/2024 10:14:44 [Information] Time remaining: 00:00:00 targetEndTime = 10:14:46
11/14/2024 10:14:45 [Information] Stepper Motor Controller Disable Z Axis controls while moving to location.
11/14/2024 10:14:45 [Information] Time remaining: 00:00:00 targetEndTime = 10:14:46
11/14/2024 10:14:45 [Information] Stepper Motor Controller Disable Z Axis controls while moving to location.
11/14/2024 10:14:45 [Information] Time remaining: 00:00:00 targetEndTime = 10:14:46
11/14/2024 10:14:45 [Information] Stepper Motor Controller Disable Z Axis controls while moving to location.
11/14/2024 10:14:45 [Information] Time remaining: 00:00:00 targetEndTime = 10:14:46
11/14/2024 10:14:45 [Information] Stepper Motor Controller Disable Z Axis controls while moving to location.
11/14/2024 10:14:45 [Information] Time remaining: 00:00:00 targetEndTime = 10:14:46
11/14/2024 10:14:45 [Information] Stepper Motor Controller Disable Z Axis controls while moving to location.
11/14/2024 10:14:45 [Information] Time remaining: 00:00:00 targetEndTime = 10:14:46
11/14/2024 10:14:45 [Information] Stepper Motor Controller Disable Z Axis controls while moving to location.
11/14/2024 10:14:45 [Information] Time remaining: 00:00:00 targetEndTime = 10:14:46
11/14/2024 10:14:45 [Information] Stepper Motor Controller Disable Z Axis controls while moving to location.
11/14/2024 10:14:45 [Information] Time remaining: 00:00:00 targetEndTime = 10:14:46
11/14/2024 10:14:45 [Information] Stepper Motor Controller Disable Z Axis controls while moving to location.
11/14/2024 10:14:45 [Information] Time remaining: 00:00:00 targetEndTime = 10:14:46
11/14/2024 10:14:45 [Information] Stepper Motor Controller Disable Z Axis controls while moving to location.
11/14/2024 10:14:45 [Information] Time remaining: 00:00:00 targetEndTime = 10:14:46
11/14/2024 10:14:45 [Information] Stepper Motor Controller Disable Z Axis controls while moving to location.
11/14/2024 10:14:45 [Information] Time remaining: 00:00:00 targetEndTime = 10:14:46
11/14/2024 10:14:45 [Information] Stepper Motor Controller Disable Z Axis controls while moving to location.
11/14/2024 10:14:45 [Information] Time remaining: 00:00:00 targetEndTime = 10:14:46
11/14/2024 10:14:45 [Information] Stepper Motor Controller Disable Z Axis controls while moving to location.
11/14/2024 10:14:45 [Information] Time remaining: 00:00:00 targetEndTime = 10:14:46
11/14/2024 10:14:45 [Information] Stepper Motor Controller Disable Z Axis controls while moving to location.
11/14/2024 10:14:45 [Information] Time remaining: 00:00:00 targetEndTime = 10:14:46
11/14/2024 10:14:45 [Information] Stepper Motor Controller Disable Z Axis controls while moving to location.
11/14/2024 10:14:45 [Information] Time remaining: 00:00:00 targetEndTime = 10:14:46
11/14/2024 10:14:45 [Information] Stepper Motor Controller Disable Z Axis controls while moving to location.
11/14/2024 10:14:45 [Information] Time remaining: 00:00:00 targetEndTime = 10:14:46
11/14/2024 10:14:45 [Information] Stepper Motor Controller Disable Z Axis controls while moving to location.
11/14/2024 10:14:45 [Information] Time remaining: 00:00:00 targetEndTime = 10:14:46
11/14/2024 10:14:45 [Information] Stepper Motor Controller Disable Z Axis controls while moving to location.
11/14/2024 10:14:45 [Information] Time remaining: 00:00:00 targetEndTime = 10:14:46
11/14/2024 10:14:45 [Information] Stepper Motor Controller Disable Z Axis controls while moving to location.
11/14/2024 10:14:45 [Information] Time remaining: 00:00:00 targetEndTime = 10:14:46
11/14/2024 10:14:45 [Information] Stepper Motor Controller Disable Z Axis controls while moving to location.
11/14/2024 10:14:45 [Information] Time remaining: 00:00:00 targetEndTime = 10:14:46
11/14/2024 10:14:45 [Information] Stepper Motor Controller Disable Z Axis controls while moving to location.
11/14/2024 10:14:45 [Information] Time remaining: 00:00:00 targetEndTime = 10:14:46
11/14/2024 10:14:45 [Information] Stepper Motor Controller Disable Z Axis controls while moving to location.
11/14/2024 10:14:45 [Information] Time remaining: 00:00:00 targetEndTime = 10:14:46
11/14/2024 10:14:45 [Information] Stepper Motor Controller Disable Z Axis controls while moving to location.
11/14/2024 10:14:45 [Information] Time remaining: 00:00:00 targetEndTime = 10:14:46
11/14/2024 10:14:45 [Information] Stepper Motor Controller Disable Z Axis controls while moving to location.
11/14/2024 10:14:45 [Information] Time remaining: 00:00:00 targetEndTime = 10:14:46
11/14/2024 10:14:45 [Information] Stepper Motor Controller Disable Z Axis controls while moving to location.
11/14/2024 10:14:45 [Information] Time remaining: 00:00:00 targetEndTime = 10:14:46
11/14/2024 10:14:45 [Information] Stepper Motor Controller Disable Z Axis controls while moving to location.
11/14/2024 10:14:45 [Information] Time remaining: 00:00:00 targetEndTime = 10:14:46
11/14/2024 10:14:45 [Information] Stepper Motor Controller Disable Z Axis controls while moving to location.
11/14/2024 10:14:45 [Information] Time remaining: 00:00:00 targetEndTime = 10:14:46
11/14/2024 10:14:45 [Information] Stepper Motor Controller Disable Z Axis controls while moving to location.
11/14/2024 10:14:45 [Information] Time remaining: 00:00:00 targetEndTime = 10:14:46
11/14/2024 10:14:45 [Information] Stepper Motor Controller Disable Z Axis controls while moving to location.
11/14/2024 10:14:45 [Information] Time remaining: 00:00:00 targetEndTime = 10:14:46
11/14/2024 10:14:45 [Information] Stepper Motor Controller Disable Z Axis controls while moving to location.
11/14/2024 10:14:45 [Information] Time remaining: 00:00:00 targetEndTime = 10:14:46
11/14/2024 10:14:45 [Information] Stepper Motor Controller Disable Z Axis controls while moving to location.
11/14/2024 10:14:45 [Information] Time remaining: 00:00:00 targetEndTime = 10:14:46
11/14/2024 10:14:45 [Information] Stepper Motor Controller Disable Z Axis controls while moving to location.
11/14/2024 10:14:45 [Information] Time remaining: 00:00:00 targetEndTime = 10:14:46
11/14/2024 10:14:45 [Information] Stepper Motor Controller Disable Z Axis controls while moving to location.
11/14/2024 10:14:45 [Information] Time remaining: 00:00:00 targetEndTime = 10:14:46
11/14/2024 10:14:45 [Information] Stepper Motor Controller Disable Z Axis controls while moving to location.
11/14/2024 10:14:45 [Information] Time remaining: 00:00:00 targetEndTime = 10:14:46
11/14/2024 10:14:45 [Information] Stepper Motor Controller Disable Z Axis controls while moving to location.
11/14/2024 10:14:45 [Information] Time remaining: 00:00:00 targetEndTime = 10:14:46
11/14/2024 10:14:45 [Information] Stepper Motor Controller Disable Z Axis controls while moving to location.
11/14/2024 10:14:45 [Information] Time remaining: 00:00:00 targetEndTime = 10:14:46
11/14/2024 10:14:45 [Information] Stepper Motor Controller Disable Z Axis controls while moving to location.
11/14/2024 10:14:45 [Information] Time remaining: 00:00:00 targetEndTime = 10:14:46
11/14/2024 10:14:45 [Information] Stepper Motor Controller Disable Z Axis controls while moving to location.
11/14/2024 10:14:45 [Information] Time remaining: 00:00:00 targetEndTime = 10:14:46
11/14/2024 10:14:45 [Information] Stepper Motor Controller Disable Z Axis controls while moving to location.
11/14/2024 10:14:45 [Information] Time remaining: 00:00:00 targetEndTime = 10:14:46
11/14/2024 10:14:45 [Information] Stepper Motor Controller Disable Z Axis controls while moving to location.
11/14/2024 10:14:45 [Information] Time remaining: 00:00:00 targetEndTime = 10:14:46
11/14/2024 10:14:45 [Information] Stepper Motor Controller Disable Z Axis controls while moving to location.
11/14/2024 10:14:45 [Information] Time remaining: 00:00:00 targetEndTime = 10:14:46
11/14/2024 10:14:45 [Information] Stepper Motor Controller Disable Z Axis controls while moving to location.
11/14/2024 10:14:45 [Information] Time remaining: 00:00:00 targetEndTime = 10:14:46
11/14/2024 10:14:45 [Information] Stepper Motor Controller Disable Z Axis controls while moving to location.
11/14/2024 10:14:45 [Information] Time remaining: 00:00:00 targetEndTime = 10:14:46
11/14/2024 10:14:45 [Information] Stepper Motor Controller Disable Z Axis controls while moving to location.
11/14/2024 10:14:45 [Information] Time remaining: 00:00:00 targetEndTime = 10:14:46
11/14/2024 10:14:45 [Information] Stepper Motor Controller Disable Z Axis controls while moving to location.
11/14/2024 10:14:45 [Information] Time remaining: 00:00:00 targetEndTime = 10:14:46
11/14/2024 10:14:45 [Information] Stepper Motor Controller Disable Z Axis controls while moving to location.
11/14/2024 10:14:45 [Information] Time remaining: 00:00:00 targetEndTime = 10:14:46
11/14/2024 10:14:45 [Information] Stepper Motor Controller Disable Z Axis controls while moving to location.
11/14/2024 10:14:45 [Information] Time remaining: 00:00:00 targetEndTime = 10:14:46
11/14/2024 10:14:45 [Information] Stepper Motor Controller Disable Z Axis controls while moving to location.
11/14/2024 10:14:45 [Information] Time remaining: 00:00:00 targetEndTime = 10:14:46
11/14/2024 10:14:45 [Information] Stepper Motor Controller Disable Z Axis controls while moving to location.
11/14/2024 10:14:45 [Information] Time remaining: 00:00:00 targetEndTime = 10:14:46
11/14/2024 10:14:45 [Information] Stepper Motor Controller Disable Z Axis controls while moving to location.
11/14/2024 10:14:45 [Information] Time remaining: 00:00:00 targetEndTime = 10:14:46
11/14/2024 10:14:45 [Information] Stepper Motor Controller Disable Z Axis controls while moving to location.
11/14/2024 10:14:45 [Information] Time remaining: 00:00:00 targetEndTime = 10:14:46
11/14/2024 10:14:45 [Information] Stepper Motor Controller Disable Z Axis controls while moving to location.
11/14/2024 10:14:45 [Information] Time remaining: 00:00:00 targetEndTime = 10:14:46
11/14/2024 10:14:45 [Information] Stepper Motor Controller Disable Z Axis controls while moving to location.
11/14/2024 10:14:45 [Information] Time remaining: 00:00:00 targetEndTime = 10:14:46
11/14/2024 10:14:45 [Information] Stepper Motor Controller Disable Z Axis controls while moving to location.
11/14/2024 10:14:45 [Information] Time remaining: 00:00:00 targetEndTime = 10:14:46
11/14/2024 10:14:45 [Information] Stepper Motor Controller Disable Z Axis controls while moving to location.
11/14/2024 10:14:45 [Information] Time remaining: 00:00:00 targetEndTime = 10:14:46
11/14/2024 10:14:45 [Information] Stepper Motor Controller Disable Z Axis controls while moving to location.
11/14/2024 10:14:45 [Information] Time remaining: 00:00:00 targetEndTime = 10:14:46
11/14/2024 10:14:45 [Information] Stepper Motor Controller Disable Z Axis controls while moving to location.
11/14/2024 10:14:45 [Information] Time remaining: 00:00:00 targetEndTime = 10:14:46
11/14/2024 10:14:45 [Information] Stepper Motor Controller Disable Z Axis controls while moving to location.
11/14/2024 10:14:45 [Information] Time remaining: 00:00:00 targetEndTime = 10:14:46
11/14/2024 10:14:45 [Information] Stepper Motor Controller Disable Z Axis controls while moving to location.
11/14/2024 10:14:45 [Information] Time remaining: 00:00:00 targetEndTime = 10:14:46
11/14/2024 10:14:45 [Information] Stepper Motor Controller Disable Z Axis controls while moving to location.
11/14/2024 10:14:45 [Information] Time remaining: 00:00:00 targetEndTime = 10:14:46
11/14/2024 10:14:45 [Information] Stepper Motor Controller Disable Z Axis controls while moving to location.
11/14/2024 10:14:45 [Information] Time remaining: 00:00:01 targetEndTime = 10:14:46
11/14/2024 10:14:45 [Information] Stepper Motor Controller Disable Z Axis controls while moving to location.
11/14/2024 10:14:45 [Information] Time remaining: 00:00:01 targetEndTime = 10:14:46
11/14/2024 10:14:46 [Information] Stepper Motor Controller Disable Z Axis controls while moving to location.
11/14/2024 10:14:46 [Information] Time remaining: 00:00:01 targetEndTime = 10:14:46
11/14/2024 10:14:46 [Information] Stepper Motor Controller Disable Z Axis controls while moving to location.
11/14/2024 10:14:46 [Information] Time remaining: 00:00:01 targetEndTime = 10:14:46
11/14/2024 10:14:46 [Information] Stepper Motor Controller Disable Z Axis controls while moving to location.
11/14/2024 10:14:46 [Information] Time remaining: 00:00:01 targetEndTime = 10:14:46
11/14/2024 10:14:46 [Information] Stepper Motor Controller Disable Z Axis controls while moving to location.
11/14/2024 10:14:46 [Information] Time remaining: 00:00:01 targetEndTime = 10:14:46
11/14/2024 10:14:46 [Information] Stepper Motor Controller Disable Z Axis controls while moving to location.
11/14/2024 10:14:46 [Information] Time remaining: 00:00:01 targetEndTime = 10:14:46
11/14/2024 10:14:46 [Information] Stepper Motor Controller Disable Z Axis controls while moving to location.
11/14/2024 10:14:46 [Information] Time remaining: 00:00:01 targetEndTime = 10:14:46
11/14/2024 10:14:46 [Information] Stepper Motor Controller Disable Z Axis controls while moving to location.
11/14/2024 10:14:46 [Information] Time remaining: 00:00:01 targetEndTime = 10:14:46
11/14/2024 10:14:46 [Information] Stepper Motor Controller Disable Z Axis controls while moving to location.
11/14/2024 10:14:46 [Information] Time remaining: 00:00:01 targetEndTime = 10:14:46
11/14/2024 10:14:46 [Information] Stepper Motor Controller Disable Z Axis controls while moving to location.
11/14/2024 10:14:46 [Information] Time remaining: 00:00:01 targetEndTime = 10:14:46
11/14/2024 10:14:46 [Information] Stepper Motor Controller Disable Z Axis controls while moving to location.
11/14/2024 10:14:46 [Information] Time remaining: 00:00:01 targetEndTime = 10:14:46
11/14/2024 10:14:46 [Information] Stepper Motor Controller Disable Z Axis controls while moving to location.
11/14/2024 10:14:46 [Information] Time remaining: 00:00:01 targetEndTime = 10:14:46
11/14/2024 10:14:46 [Information] Stepper Motor Controller Disable Z Axis controls while moving to location.
11/14/2024 10:14:46 [Information] Time remaining: 00:00:01 targetEndTime = 10:14:46
11/14/2024 10:14:46 [Information] Stepper Motor Controller Disable Z Axis controls while moving to location.
11/14/2024 10:14:46 [Information] Time remaining: 00:00:01 targetEndTime = 10:14:46
11/14/2024 10:14:46 [Information] Stepper Motor Controller Disable Z Axis controls while moving to location.
11/14/2024 10:14:46 [Information] Time remaining: 00:00:01 targetEndTime = 10:14:46
11/14/2024 10:14:46 [Information] Stepper Motor Controller Disable Z Axis controls while moving to location.
11/14/2024 10:14:46 [Information] Time remaining: 00:00:01 targetEndTime = 10:14:46
11/14/2024 10:14:46 [Information] Stepper Motor Controller Disable Z Axis controls while moving to location.
11/14/2024 10:14:46 [Information] Time remaining: 00:00:01 targetEndTime = 10:14:46
11/14/2024 10:14:46 [Information] Stepper Motor Controller Disable Z Axis controls while moving to location.
11/14/2024 10:14:46 [Information] Time remaining: 00:00:01 targetEndTime = 10:14:46
11/14/2024 10:14:46 [Information] Stepper Motor Controller Disable Z Axis controls while moving to location.
11/14/2024 10:14:46 [Information] Time remaining: 00:00:01 targetEndTime = 10:14:46
11/14/2024 10:14:46 [Information] Stepper Motor Controller Disable Z Axis controls while moving to location.
11/14/2024 10:14:46 [Information] Time remaining: 00:00:01 targetEndTime = 10:14:46
11/14/2024 10:14:46 [Information] Stepper Motor Controller Disable Z Axis controls while moving to location.
11/14/2024 10:14:46 [Information] Time remaining: 00:00:01 targetEndTime = 10:14:46
11/14/2024 10:14:46 [Information] Stepper Motor Controller Disable Z Axis controls while moving to location.
11/14/2024 10:14:46 [Information] Time remaining: 00:00:01 targetEndTime = 10:14:46
11/14/2024 10:14:46 [Information] Stepper Motor Controller Disable Z Axis controls while moving to location.
11/14/2024 10:14:46 [Information] Time remaining: 00:00:01 targetEndTime = 10:14:46
11/14/2024 10:14:46 [Information] Stepper Motor Controller Disable Z Axis controls while moving to location.
11/14/2024 10:14:46 [Information] Time remaining: 00:00:01 targetEndTime = 10:14:46
11/14/2024 10:14:46 [Information] Stepper Motor Controller Disable Z Axis controls while moving to location.
11/14/2024 10:14:46 [Information] Time remaining: 00:00:01 targetEndTime = 10:14:46
11/14/2024 10:14:46 [Information] Stepper Motor Controller Disable Z Axis controls while moving to location.
11/14/2024 10:14:46 [Information] Time remaining: 00:00:01 targetEndTime = 10:14:46
11/14/2024 10:14:46 [Information] Stepper Motor Controller Disable Z Axis controls while moving to location.
11/14/2024 10:14:46 [Information] Time remaining: 00:00:01 targetEndTime = 10:14:46
11/14/2024 10:14:46 [Information] Stepper Motor Controller Disable Z Axis controls while moving to location.
11/14/2024 10:14:46 [Information] Time remaining: 00:00:01 targetEndTime = 10:14:46
11/14/2024 10:14:46 [Information] Stepper Motor Controller Disable Z Axis controls while moving to location.
11/14/2024 10:14:46 [Information] Time remaining: 00:00:01 targetEndTime = 10:14:46
11/14/2024 10:14:46 [Information] Stepper Motor Controller Disable Z Axis controls while moving to location.
11/14/2024 10:14:46 [Information] Time remaining: 00:00:01 targetEndTime = 10:14:46
11/14/2024 10:14:46 [Information] Stepper Motor Controller Disable Z Axis controls while moving to location.
11/14/2024 10:14:46 [Information] Time remaining: 00:00:01 targetEndTime = 10:14:46
11/14/2024 10:14:46 [Information] Stepper Motor Controller Disable Z Axis controls while moving to location.
11/14/2024 10:14:46 [Information] Time remaining: 00:00:01 targetEndTime = 10:14:46
11/14/2024 10:14:46 [Information] Stepper Motor Controller Disable Z Axis controls while moving to location.
11/14/2024 10:14:46 [Information] Time remaining: 00:00:01 targetEndTime = 10:14:46
11/14/2024 10:14:46 [Information] Stepper Motor Controller Disable Z Axis controls while moving to location.
11/14/2024 10:14:46 [Information] Time remaining: 00:00:01 targetEndTime = 10:14:46
11/14/2024 10:14:46 [Information] Stepper Motor Controller Disable Z Axis controls while moving to location.
11/14/2024 10:14:46 [Information] Time remaining: 00:00:01 targetEndTime = 10:14:46
11/14/2024 10:14:46 [Information] Stepper Motor Controller Disable Z Axis controls while moving to location.
11/14/2024 10:14:46 [Information] Time remaining: 00:00:01 targetEndTime = 10:14:46
11/14/2024 10:14:46 [Information] Stepper Motor Controller Disable Z Axis controls while moving to location.
11/14/2024 10:14:46 [Information] Time remaining: 00:00:01 targetEndTime = 10:14:46
11/14/2024 10:14:46 [Information] Stepper Motor Controller Disable Z Axis controls while moving to location.
11/14/2024 10:14:46 [Information] Time remaining: 00:00:01 targetEndTime = 10:14:46
11/14/2024 10:14:46 [Information] Stepper Motor Controller Disable Z Axis controls while moving to location.
11/14/2024 10:14:46 [Information] Time remaining: 00:00:01 targetEndTime = 10:14:46
11/14/2024 10:14:46 [Information] Stepper Motor Controller Disable Z Axis controls while moving to location.
11/14/2024 10:14:46 [Information] Time remaining: 00:00:01 targetEndTime = 10:14:46
11/14/2024 10:14:46 [Information] Stepper Motor Controller Disable Z Axis controls while moving to location.
11/14/2024 10:14:46 [Information] Time remaining: 00:00:01 targetEndTime = 10:14:46
11/14/2024 10:14:46 [Information] Stepper Motor Controller Disable Z Axis controls while moving to location.
11/14/2024 10:14:46 [Information] Time remaining: 00:00:01 targetEndTime = 10:14:46
11/14/2024 10:14:46 [Information] Stepper Motor Controller Disable Z Axis controls while moving to location.
11/14/2024 10:14:46 [Information] Time remaining: 00:00:01 targetEndTime = 10:14:46
11/14/2024 10:14:46 [Information] Stepper Motor Controller Disable Z Axis controls while moving to location.
11/14/2024 10:14:46 [Information] Time remaining: 00:00:01 targetEndTime = 10:14:46
11/14/2024 10:14:46 [Information] Stepper Motor Controller Disable Z Axis controls while moving to location.
11/14/2024 10:14:46 [Information] Time remaining: 00:00:01 targetEndTime = 10:14:46
11/14/2024 10:14:46 [Information] Stepper Motor Controller Disable Z Axis controls while moving to location.
11/14/2024 10:14:46 [Information] Time remaining: 00:00:01 targetEndTime = 10:14:46
11/14/2024 10:14:46 [Information] Stepper Motor Controller Disable Z Axis controls while moving to location.
11/14/2024 10:14:46 [Information] Time remaining: 00:00:01 targetEndTime = 10:14:46
11/14/2024 10:14:46 [Information] Stepper Motor Controller Disable Z Axis controls while moving to location.
11/14/2024 10:14:46 [Information] Time remaining: 00:00:01 targetEndTime = 10:14:46
11/14/2024 10:14:46 [Information] Stepper Motor Controller Disable Z Axis controls while moving to location.
11/14/2024 10:14:46 [Information] Time remaining: 00:00:01 targetEndTime = 10:14:46
11/14/2024 10:14:46 [Information] Stepper Motor Controller Disable Z Axis controls while moving to location.
11/14/2024 10:14:46 [Information] Time remaining: 00:00:01 targetEndTime = 10:14:46
11/14/2024 10:14:46 [Information] Stepper Motor Controller Disable Z Axis controls while moving to location.
11/14/2024 10:14:46 [Information] Time remaining: 00:00:01 targetEndTime = 10:14:46
11/14/2024 10:14:46 [Information] Stepper Motor Controller Disable Z Axis controls while moving to location.
11/14/2024 10:14:46 [Information] Time remaining: 00:00:01 targetEndTime = 10:14:46
11/14/2024 10:14:46 [Information] Stepper Motor Controller Disable Z Axis controls while moving to location.
11/14/2024 10:14:46 [Information] Time remaining: 00:00:01 targetEndTime = 10:14:46
11/14/2024 10:14:46 [Information] Stepper Motor Controller Disable Z Axis controls while moving to location.
11/14/2024 10:14:46 [Information] Time remaining: 00:00:01 targetEndTime = 10:14:46
11/14/2024 10:14:46 [Information] Stepper Motor Controller Disable Z Axis controls while moving to location.
11/14/2024 10:14:46 [Information] Time remaining: 00:00:01 targetEndTime = 10:14:46
11/14/2024 10:14:46 [Information] Stepper Motor Controller Disable Z Axis controls while moving to location.
11/14/2024 10:14:46 [Information] Time remaining: 00:00:01 targetEndTime = 10:14:46
11/14/2024 10:14:46 [Information] Stepper Motor Controller Disable Z Axis controls while moving to location.
11/14/2024 10:14:46 [Information] Time remaining: 00:00:01 targetEndTime = 10:14:46
11/14/2024 10:14:46 [Information] Stepper Motor Controller Disable Z Axis controls while moving to location.
11/14/2024 10:14:46 [Information] Time remaining: 00:00:01 targetEndTime = 10:14:46
11/14/2024 10:14:46 [Information] Stepper Motor Controller Disable Z Axis controls while moving to location.
11/14/2024 10:14:46 [Information] Time remaining: 00:00:01 targetEndTime = 10:14:46
11/14/2024 10:14:46 [Information] Stepper Motor Controller Disable Z Axis controls while moving to location.
11/14/2024 10:14:46 [Information] Time remaining: 00:00:01 targetEndTime = 10:14:46
11/14/2024 10:14:46 [Information] Stepper Motor Controller Disable Z Axis controls while moving to location.
11/14/2024 10:14:46 [Information] Time remaining: 00:00:01 targetEndTime = 10:14:46
11/14/2024 10:14:46 [Information] Stepper Motor Controller Disable Z Axis controls while moving to location.
11/14/2024 10:14:46 [Information] Time remaining: 00:00:01 targetEndTime = 10:14:46
11/14/2024 10:14:47 [Information] Stepper Motor Controller Enable Z Axis controls after moving to location.
11/14/2024 10:14:47 [Information] Stepper Motor Controller Stopwatch Stopped.
11/14/2024 10:14:47 [Information] Stepper Motor Controller Timer Stopped.
11/14/2024 10:14:47 [Information] Stepper Motor Controller Stopwatch Reset.
11/14/2024 10:14:47 [Information] Z Axis Data Received: Z
11/14/2024 10:14:47 [Information] Z Axis Data Received:  
11/14/2024 10:14:47 [Information] Z Axis Data Received: A
11/14/2024 10:14:47 [Information] Z Axis Data Received: x
11/14/2024 10:14:47 [Information] Z Axis Data Received: i
11/14/2024 10:14:47 [Information] Z Axis Data Received: s
11/14/2024 10:14:47 [Information] Z Axis Data Received:  
11/14/2024 10:14:47 [Information] Z Axis Data Received: A
11/14/2024 10:14:47 [Information] Z Axis Data Received: b
11/14/2024 10:14:47 [Information] Z Axis Data Received: s
11/14/2024 10:14:47 [Information] Z Axis Data Received: o
11/14/2024 10:14:47 [Information] Z Axis Data Received: l
11/14/2024 10:14:47 [Information] Z Axis Data Received: u
11/14/2024 10:14:47 [Information] Z Axis Data Received: t
11/14/2024 10:14:47 [Information] Z Axis Data Received: e
11/14/2024 10:14:47 [Information] Z Axis Data Received:  
11/14/2024 10:14:47 [Information] Z Axis Data Received: P
11/14/2024 10:14:47 [Information] Z Axis Data Received: o
11/14/2024 10:14:47 [Information] Z Axis Data Received: s
11/14/2024 10:14:47 [Information] Z Axis Data Received: i
11/14/2024 10:14:47 [Information] Z Axis Data Received: t
11/14/2024 10:14:47 [Information] Z Axis Data Received: i
11/14/2024 10:14:47 [Information] Z Axis Data Received: o
11/14/2024 10:14:47 [Information] Z Axis Data Received: n
11/14/2024 10:14:47 [Information] Z Axis Data Received:  
11/14/2024 10:14:47 [Information] Z Axis Data Received: 8
11/14/2024 10:14:47 [Information] Z Axis Data Received: 0
11/14/2024 10:14:47 [Information] Z Axis Data Received: 0
11/14/2024 10:14:47 [Information] Z Axis Data Received: .
11/14/2024 10:14:47 [Information] Z Axis Data Received: 0
11/14/2024 10:14:47 [Information] Z Axis Data Received: 0
11/14/2024 10:14:47 [Information] Z Axis Data Received: 
11/14/2024 10:14:47 [Information] Z Axis Data Received: 

11/14/2024 10:14:47 [Information] Z Axis Data Received: ?
11/14/2024 10:14:56 [Information] Z Axis mouse controlled Keypad returned: -16.00
11/14/2024 10:14:58 [Information] Z Axis Run button clicked:
11/14/2024 10:14:58 [Information] Z Axis MotorMovementSeconds decimal: (-16.00 / 4) / 2 = -2.00
11/14/2024 10:14:59 [Information] Z Axis Run Event: Z,0.00,400.00,0,0.00,400.00,0,-16.00,400.00,0
11/14/2024 10:14:59 [Information] Z Axis Current Time: 10:14:59 + -2000 = 10:14:57
11/14/2024 10:14:59 [Information] Stepper Motor Controller Enable Z Axis controls after moving to location.
11/14/2024 10:14:59 [Information] Stepper Motor Controller Stopwatch Stopped.
11/14/2024 10:14:59 [Information] Stepper Motor Controller Timer Stopped.
11/14/2024 10:14:59 [Information] Stepper Motor Controller Stopwatch Reset.
11/14/2024 10:15:01 [Information] Z Axis Data Received: Z
11/14/2024 10:15:01 [Information] Z Axis Data Received:  
11/14/2024 10:15:01 [Information] Z Axis Data Received: A
11/14/2024 10:15:01 [Information] Z Axis Data Received: x
11/14/2024 10:15:01 [Information] Z Axis Data Received: i
11/14/2024 10:15:01 [Information] Z Axis Data Received: s
11/14/2024 10:15:01 [Information] Z Axis Data Received:  
11/14/2024 10:15:01 [Information] Z Axis Data Received: A
11/14/2024 10:15:01 [Information] Z Axis Data Received: b
11/14/2024 10:15:01 [Information] Z Axis Data Received: s
11/14/2024 10:15:01 [Information] Z Axis Data Received: o
11/14/2024 10:15:01 [Information] Z Axis Data Received: l
11/14/2024 10:15:01 [Information] Z Axis Data Received: u
11/14/2024 10:15:01 [Information] Z Axis Data Received: t
11/14/2024 10:15:01 [Information] Z Axis Data Received: e
11/14/2024 10:15:01 [Information] Z Axis Data Received:  
11/14/2024 10:15:01 [Information] Z Axis Data Received: P
11/14/2024 10:15:01 [Information] Z Axis Data Received: o
11/14/2024 10:15:01 [Information] Z Axis Data Received: s
11/14/2024 10:15:01 [Information] Z Axis Data Received: i
11/14/2024 10:15:01 [Information] Z Axis Data Received: t
11/14/2024 10:15:01 [Information] Z Axis Data Received: i
11/14/2024 10:15:01 [Information] Z Axis Data Received: o
11/14/2024 10:15:01 [Information] Z Axis Data Received: n
11/14/2024 10:15:01 [Information] Z Axis Data Received:  
11/14/2024 10:15:01 [Information] Z Axis Data Received: 8
11/14/2024 10:15:01 [Information] Z Axis Data Received: 0
11/14/2024 10:15:01 [Information] Z Axis Data Received: 0
11/14/2024 10:15:01 [Information] Z Axis Data Received: .
11/14/2024 10:15:01 [Information] Z Axis Data Received: 0
11/14/2024 10:15:01 [Information] Z Axis Data Received: 0
11/14/2024 10:15:01 [Information] Z Axis Data Received: 
11/14/2024 10:15:01 [Information] Z Axis Data Received: 

11/14/2024 10:15:01 [Information] Z Axis Data Received: ?
11/14/2024 10:15:02 [Information] Z Axis Run button clicked:
11/14/2024 10:15:02 [Information] Z Axis MotorMovementSeconds decimal: (-16.00 / 4) / 2 = -2.00
11/14/2024 10:15:03 [Information] Z Axis Run Event: Z,0.00,400.00,0,0.00,400.00,0,-16.00,400.00,0
11/14/2024 10:15:03 [Information] Z Axis Current Time: 10:15:03 + -2000 = 10:15:01
11/14/2024 10:15:03 [Information] Stepper Motor Controller Enable Z Axis controls after moving to location.
11/14/2024 10:15:03 [Information] Stepper Motor Controller Stopwatch Stopped.
11/14/2024 10:15:03 [Information] Stepper Motor Controller Timer Stopped.
11/14/2024 10:15:03 [Information] Stepper Motor Controller Stopwatch Reset.
11/14/2024 10:15:05 [Information] Z Axis Data Received: Z
11/14/2024 10:15:05 [Information] Z Axis Data Received:  
11/14/2024 10:15:05 [Information] Z Axis Data Received: A
11/14/2024 10:15:05 [Information] Z Axis Data Received: x
11/14/2024 10:15:05 [Information] Z Axis Data Received: i
11/14/2024 10:15:05 [Information] Z Axis Data Received: s
11/14/2024 10:15:05 [Information] Z Axis Data Received:  
11/14/2024 10:15:05 [Information] Z Axis Data Received: A
11/14/2024 10:15:05 [Information] Z Axis Data Received: b
11/14/2024 10:15:05 [Information] Z Axis Data Received: s
11/14/2024 10:15:05 [Information] Z Axis Data Received: o
11/14/2024 10:15:05 [Information] Z Axis Data Received: l
11/14/2024 10:15:05 [Information] Z Axis Data Received: u
11/14/2024 10:15:05 [Information] Z Axis Data Received: t
11/14/2024 10:15:05 [Information] Z Axis Data Received: e
11/14/2024 10:15:05 [Information] Z Axis Data Received:  
11/14/2024 10:15:05 [Information] Z Axis Data Received: P
11/14/2024 10:15:05 [Information] Z Axis Data Received: o
11/14/2024 10:15:05 [Information] Z Axis Data Received: s
11/14/2024 10:15:05 [Information] Z Axis Data Received: i
11/14/2024 10:15:05 [Information] Z Axis Data Received: t
11/14/2024 10:15:05 [Information] Z Axis Data Received: i
11/14/2024 10:15:05 [Information] Z Axis Data Received: o
11/14/2024 10:15:05 [Information] Z Axis Data Received: n
11/14/2024 10:15:05 [Information] Z Axis Data Received:  
11/14/2024 10:15:05 [Information] Z Axis Data Received: 8
11/14/2024 10:15:05 [Information] Z Axis Data Received: 0
11/14/2024 10:15:05 [Information] Z Axis Data Received: 0
11/14/2024 10:15:05 [Information] Z Axis Data Received: .
11/14/2024 10:15:05 [Information] Z Axis Data Received: 0
11/14/2024 10:15:05 [Information] Z Axis Data Received: 0
11/14/2024 10:15:05 [Information] Z Axis Data Received: 
11/14/2024 10:15:05 [Information] Z Axis Data Received: 

11/14/2024 10:15:05 [Information] Z Axis Data Received: ?
11/14/2024 10:15:09 [Information] Z Axis Run button clicked:
11/14/2024 10:15:09 [Information] Z Axis MotorMovementSeconds decimal: (-16.00 / 4) / 2 = -2.00
11/14/2024 10:15:10 [Information] Z Axis Run Event: Z,0.00,400.00,0,0.00,400.00,0,-16.00,400.00,0
11/14/2024 10:15:10 [Information] Z Axis Current Time: 10:15:10 + -2000 = 10:15:08
11/14/2024 10:15:10 [Information] Stepper Motor Controller Enable Z Axis controls after moving to location.
11/14/2024 10:15:10 [Information] Stepper Motor Controller Stopwatch Stopped.
11/14/2024 10:15:10 [Information] Stepper Motor Controller Timer Stopped.
11/14/2024 10:15:10 [Information] Stepper Motor Controller Stopwatch Reset.
11/14/2024 10:15:12 [Information] Z Axis Data Received: Z
11/14/2024 10:15:12 [Information] Z Axis Data Received:  
11/14/2024 10:15:12 [Information] Z Axis Data Received: A
11/14/2024 10:15:12 [Information] Z Axis Data Received: x
11/14/2024 10:15:12 [Information] Z Axis Data Received: i
11/14/2024 10:15:12 [Information] Z Axis Data Received: s
11/14/2024 10:15:12 [Information] Z Axis Data Received:  
11/14/2024 10:15:12 [Information] Z Axis Data Received: A
11/14/2024 10:15:12 [Information] Z Axis Data Received: b
11/14/2024 10:15:12 [Information] Z Axis Data Received: s
11/14/2024 10:15:12 [Information] Z Axis Data Received: o
11/14/2024 10:15:12 [Information] Z Axis Data Received: l
11/14/2024 10:15:12 [Information] Z Axis Data Received: u
11/14/2024 10:15:12 [Information] Z Axis Data Received: t
11/14/2024 10:15:12 [Information] Z Axis Data Received: e
11/14/2024 10:15:12 [Information] Z Axis Data Received:  
11/14/2024 10:15:12 [Information] Z Axis Data Received: P
11/14/2024 10:15:12 [Information] Z Axis Data Received: o
11/14/2024 10:15:12 [Information] Z Axis Data Received: s
11/14/2024 10:15:12 [Information] Z Axis Data Received: i
11/14/2024 10:15:12 [Information] Z Axis Data Received: t
11/14/2024 10:15:12 [Information] Z Axis Data Received: i
11/14/2024 10:15:12 [Information] Z Axis Data Received: o
11/14/2024 10:15:12 [Information] Z Axis Data Received: n
11/14/2024 10:15:12 [Information] Z Axis Data Received:  
11/14/2024 10:15:12 [Information] Z Axis Data Received: 8
11/14/2024 10:15:12 [Information] Z Axis Data Received: 0
11/14/2024 10:15:12 [Information] Z Axis Data Received: 0
11/14/2024 10:15:12 [Information] Z Axis Data Received: .
11/14/2024 10:15:12 [Information] Z Axis Data Received: 0
11/14/2024 10:15:12 [Information] Z Axis Data Received: 0
11/14/2024 10:15:12 [Information] Z Axis Data Received: 
11/14/2024 10:15:12 [Information] Z Axis Data Received: 

11/14/2024 10:15:12 [Information] Z Axis Data Received: ?
11/14/2024 10:15:13 [Information] Z Axis Run button clicked:
11/14/2024 10:15:13 [Information] Z Axis MotorMovementSeconds decimal: (-16.00 / 4) / 2 = -2.00
11/14/2024 10:15:14 [Information] Z Axis Run Event: Z,0.00,400.00,0,0.00,400.00,0,-16.00,400.00,0
11/14/2024 10:15:14 [Information] Z Axis Current Time: 10:15:14 + -2000 = 10:15:12
11/14/2024 10:15:14 [Information] Stepper Motor Controller Enable Z Axis controls after moving to location.
11/14/2024 10:15:14 [Information] Stepper Motor Controller Stopwatch Stopped.
11/14/2024 10:15:14 [Information] Stepper Motor Controller Timer Stopped.
11/14/2024 10:15:14 [Information] Stepper Motor Controller Stopwatch Reset.
11/14/2024 10:15:16 [Information] Z Axis Data Received: Z
11/14/2024 10:15:16 [Information] Z Axis Data Received:  
11/14/2024 10:15:16 [Information] Z Axis Data Received: A
11/14/2024 10:15:16 [Information] Z Axis Data Received: x
11/14/2024 10:15:16 [Information] Z Axis Data Received: i
11/14/2024 10:15:16 [Information] Z Axis Data Received: s
11/14/2024 10:15:16 [Information] Z Axis Data Received:  
11/14/2024 10:15:16 [Information] Z Axis Data Received: A
11/14/2024 10:15:16 [Information] Z Axis Data Received: b
11/14/2024 10:15:16 [Information] Z Axis Data Received: s
11/14/2024 10:15:16 [Information] Z Axis Data Received: o
11/14/2024 10:15:16 [Information] Z Axis Data Received: l
11/14/2024 10:15:16 [Information] Z Axis Data Received: u
11/14/2024 10:15:16 [Information] Z Axis Data Received: t
11/14/2024 10:15:16 [Information] Z Axis Data Received: e
11/14/2024 10:15:16 [Information] Z Axis Data Received:  
11/14/2024 10:15:16 [Information] Z Axis Data Received: P
11/14/2024 10:15:16 [Information] Z Axis Data Received: o
11/14/2024 10:15:16 [Information] Z Axis Data Received: s
11/14/2024 10:15:16 [Information] Z Axis Data Received: i
11/14/2024 10:15:16 [Information] Z Axis Data Received: t
11/14/2024 10:15:16 [Information] Z Axis Data Received: i
11/14/2024 10:15:16 [Information] Z Axis Data Received: o
11/14/2024 10:15:16 [Information] Z Axis Data Received: n
11/14/2024 10:15:16 [Information] Z Axis Data Received:  
11/14/2024 10:15:16 [Information] Z Axis Data Received: 8
11/14/2024 10:15:16 [Information] Z Axis Data Received: 0
11/14/2024 10:15:16 [Information] Z Axis Data Received: 0
11/14/2024 10:15:16 [Information] Z Axis Data Received: .
11/14/2024 10:15:16 [Information] Z Axis Data Received: 0
11/14/2024 10:15:16 [Information] Z Axis Data Received: 0
11/14/2024 10:15:16 [Information] Z Axis Data Received: 
11/14/2024 10:15:16 [Information] Z Axis Data Received: 

11/14/2024 10:15:16 [Information] Z Axis Data Received: ?
11/14/2024 10:15:25 [Information] Z Axis mouse controlled Keypad returned: 4.00
11/14/2024 10:15:26 [Information] Z Axis Run button clicked:
11/14/2024 10:15:26 [Information] Z Axis MotorMovementSeconds decimal: (4.00 / 4) / 2 = 0.50
11/14/2024 10:15:27 [Information] Z Axis Run Event: Z,0.00,400.00,0,0.00,400.00,0,4.00,400.00,0
11/14/2024 10:15:27 [Information] Z Axis Current Time: 10:15:27 + 0 = 10:15:27
11/14/2024 10:15:27 [Information] Stepper Motor Controller Enable Z Axis controls after moving to location.
11/14/2024 10:15:27 [Information] Stepper Motor Controller Stopwatch Stopped.
11/14/2024 10:15:27 [Information] Stepper Motor Controller Timer Stopped.
11/14/2024 10:15:27 [Information] Stepper Motor Controller Stopwatch Reset.
11/14/2024 10:15:27 [Information] Z Axis Data Received: Z
11/14/2024 10:15:27 [Information] Z Axis Data Received:  
11/14/2024 10:15:27 [Information] Z Axis Data Received: A
11/14/2024 10:15:27 [Information] Z Axis Data Received: x
11/14/2024 10:15:27 [Information] Z Axis Data Received: i
11/14/2024 10:15:27 [Information] Z Axis Data Received: s
11/14/2024 10:15:27 [Information] Z Axis Data Received:  
11/14/2024 10:15:27 [Information] Z Axis Data Received: A
11/14/2024 10:15:27 [Information] Z Axis Data Received: b
11/14/2024 10:15:27 [Information] Z Axis Data Received: s
11/14/2024 10:15:27 [Information] Z Axis Data Received: o
11/14/2024 10:15:27 [Information] Z Axis Data Received: l
11/14/2024 10:15:27 [Information] Z Axis Data Received: u
11/14/2024 10:15:27 [Information] Z Axis Data Received: t
11/14/2024 10:15:27 [Information] Z Axis Data Received: e
11/14/2024 10:15:27 [Information] Z Axis Data Received:  
11/14/2024 10:15:27 [Information] Z Axis Data Received: P
11/14/2024 10:15:27 [Information] Z Axis Data Received: o
11/14/2024 10:15:27 [Information] Z Axis Data Received: s
11/14/2024 10:15:27 [Information] Z Axis Data Received: i
11/14/2024 10:15:27 [Information] Z Axis Data Received: t
11/14/2024 10:15:27 [Information] Z Axis Data Received: i
11/14/2024 10:15:27 [Information] Z Axis Data Received: o
11/14/2024 10:15:27 [Information] Z Axis Data Received: n
11/14/2024 10:15:27 [Information] Z Axis Data Received:  
11/14/2024 10:15:27 [Information] Z Axis Data Received: 2
11/14/2024 10:15:27 [Information] Z Axis Data Received: 0
11/14/2024 10:15:27 [Information] Z Axis Data Received: 0
11/14/2024 10:15:27 [Information] Z Axis Data Received: .
11/14/2024 10:15:27 [Information] Z Axis Data Received: 0
11/14/2024 10:15:27 [Information] Z Axis Data Received: 0
11/14/2024 10:15:27 [Information] Z Axis Data Received: 
11/14/2024 10:15:27 [Information] Z Axis Data Received: 

11/14/2024 10:15:28 [Information] Z Axis Data Received: ?
11/14/2024 10:15:29 [Information] Updated X,Y Zero.IsChecked status to 0 and Z Zero.IsChecked status to 1.
11/14/2024 10:15:31 [Information] Z Axis Run button clicked:
11/14/2024 10:15:31 [Information] Z Axis Run Event to reset Axis to zero: Z,0.00,400.00,0,0.00,400.00,0,0.00,400.00,1
11/14/2024 10:15:31 [Information] Setting Z Axis Current Location Set to Zero on DRO
11/14/2024 10:15:32 [Information] Updated X,Y,Z Zero.IsChecked status to 0.
11/14/2024 10:15:32 [Information] Z Axis Current Location Set to Zero
11/14/2024 10:15:32 [Information] Z Axis Data Received: E
11/14/2024 10:15:32 [Information] Z Axis Data Received: S
11/14/2024 10:15:32 [Information] Z Axis Data Received: P
11/14/2024 10:15:32 [Information] Z Axis Data Received:  
11/14/2024 10:15:32 [Information] Z Axis Data Received: 3
11/14/2024 10:15:32 [Information] Z Axis Data Received: 2
11/14/2024 10:15:32 [Information] Z Axis Data Received:  
11/14/2024 10:15:32 [Information] Z Axis Data Received: B
11/14/2024 10:15:32 [Information] Z Axis Data Received: o
11/14/2024 10:15:32 [Information] Z Axis Data Received: a
11/14/2024 10:15:32 [Information] Z Axis Data Received: r
11/14/2024 10:15:32 [Information] Z Axis Data Received: d
11/14/2024 10:15:32 [Information] Z Axis Data Received:  
11/14/2024 10:15:32 [Information] Z Axis Data Received: R
11/14/2024 10:15:32 [Information] Z Axis Data Received: e
11/14/2024 10:15:32 [Information] Z Axis Data Received: s
11/14/2024 10:15:32 [Information] Z Axis Data Received: e
11/14/2024 10:15:32 [Information] Z Axis Data Received: t
11/14/2024 10:15:32 [Information] Z Axis Data Received: .
11/14/2024 10:15:32 [Information] Z Axis Data Received: 
11/14/2024 10:15:32 [Information] Z Axis Data Received: 

11/14/2024 10:15:35 [Information] Z Axis Data Received: ?
11/14/2024 10:15:41 [Information] Z Axis mouse controlled Keypad returned: 4.00
11/14/2024 10:16:13 [Information] Z Axis Run button clicked:
11/14/2024 10:16:13 [Information] Z Axis MotorMovementSeconds decimal: (4.00 / 4) / 2 = 0.50
11/14/2024 10:16:14 [Information] Z Axis Run Event: Z,0.00,400.00,0,0.00,400.00,0,4.00,400.00,0
11/14/2024 10:16:14 [Information] Z Axis Current Time: 10:16:14 + 0 = 10:16:14
11/14/2024 10:16:14 [Information] Stepper Motor Controller Enable Z Axis controls after moving to location.
11/14/2024 10:16:14 [Information] Stepper Motor Controller Stopwatch Stopped.
11/14/2024 10:16:14 [Information] Stepper Motor Controller Timer Stopped.
11/14/2024 10:16:14 [Information] Stepper Motor Controller Stopwatch Reset.
11/14/2024 10:16:14 [Information] Z Axis Data Received: ???????????????????????????????????????????????????????????????? 
11/14/2024 10:16:14 [Information] Z Axis Data Received: A
11/14/2024 10:16:14 [Information] Z Axis Data Received: x
11/14/2024 10:16:14 [Information] Z Axis Data Received: i
11/14/2024 10:16:14 [Information] Z Axis Data Received: s
11/14/2024 10:16:14 [Information] Z Axis Data Received:  
11/14/2024 10:16:14 [Information] Z Axis Data Received: A
11/14/2024 10:16:14 [Information] Z Axis Data Received: b
11/14/2024 10:16:14 [Information] Z Axis Data Received: s
11/14/2024 10:16:14 [Information] Z Axis Data Received: o
11/14/2024 10:16:14 [Information] Z Axis Data Received: l
11/14/2024 10:16:14 [Information] Z Axis Data Received: u
11/14/2024 10:16:14 [Information] Z Axis Data Received: t
11/14/2024 10:16:14 [Information] Z Axis Data Received: e
11/14/2024 10:16:14 [Information] Z Axis Data Received:  
11/14/2024 10:16:14 [Information] Z Axis Data Received: P
11/14/2024 10:16:14 [Information] Z Axis Data Received: o
11/14/2024 10:16:14 [Information] Z Axis Data Received: s
11/14/2024 10:16:14 [Information] Z Axis Data Received: i
11/14/2024 10:16:14 [Information] Z Axis Data Received: t
11/14/2024 10:16:14 [Information] Z Axis Data Received: i
11/14/2024 10:16:14 [Information] Z Axis Data Received: o
11/14/2024 10:16:14 [Information] Z Axis Data Received: n
11/14/2024 10:16:14 [Information] Z Axis Data Received:  
11/14/2024 10:16:14 [Information] Z Axis Data Received: 2
11/14/2024 10:16:14 [Information] Z Axis Data Received: 0
11/14/2024 10:16:14 [Information] Z Axis Data Received: 0
11/14/2024 10:16:14 [Information] Z Axis Data Received: .
11/14/2024 10:16:14 [Information] Z Axis Data Received: 0
11/14/2024 10:16:14 [Information] Z Axis Data Received: 0
11/14/2024 10:16:14 [Information] Z Axis Data Received: 
11/14/2024 10:16:14 [Information] Z Axis Data Received: 

11/14/2024 10:16:14 [Information] Z Axis Data Received: ?
11/14/2024 10:16:15 [Information] Z Axis Run button clicked:
11/14/2024 10:16:15 [Information] Z Axis MotorMovementSeconds decimal: (4.00 / 4) / 2 = 0.50
11/14/2024 10:16:16 [Information] Z Axis Run Event: Z,0.00,400.00,0,0.00,400.00,0,4.00,400.00,0
11/14/2024 10:16:16 [Information] Z Axis Current Time: 10:16:16 + 0 = 10:16:16
11/14/2024 10:16:16 [Information] Stepper Motor Controller Enable Z Axis controls after moving to location.
11/14/2024 10:16:16 [Information] Stepper Motor Controller Stopwatch Stopped.
11/14/2024 10:16:16 [Information] Stepper Motor Controller Timer Stopped.
11/14/2024 10:16:16 [Information] Stepper Motor Controller Stopwatch Reset.
11/14/2024 10:16:16 [Information] Z Axis Data Received: Z
11/14/2024 10:16:16 [Information] Z Axis Data Received:  
11/14/2024 10:16:16 [Information] Z Axis Data Received: A
11/14/2024 10:16:16 [Information] Z Axis Data Received: x
11/14/2024 10:16:16 [Information] Z Axis Data Received: i
11/14/2024 10:16:16 [Information] Z Axis Data Received: s
11/14/2024 10:16:16 [Information] Z Axis Data Received:  
11/14/2024 10:16:16 [Information] Z Axis Data Received: A
11/14/2024 10:16:16 [Information] Z Axis Data Received: b
11/14/2024 10:16:16 [Information] Z Axis Data Received: s
11/14/2024 10:16:16 [Information] Z Axis Data Received: o
11/14/2024 10:16:16 [Information] Z Axis Data Received: l
11/14/2024 10:16:16 [Information] Z Axis Data Received: u
11/14/2024 10:16:16 [Information] Z Axis Data Received: t
11/14/2024 10:16:16 [Information] Z Axis Data Received: e
11/14/2024 10:16:16 [Information] Z Axis Data Received:  
11/14/2024 10:16:16 [Information] Z Axis Data Received: P
11/14/2024 10:16:16 [Information] Z Axis Data Received: o
11/14/2024 10:16:16 [Information] Z Axis Data Received: s
11/14/2024 10:16:16 [Information] Z Axis Data Received: i
11/14/2024 10:16:16 [Information] Z Axis Data Received: t
11/14/2024 10:16:16 [Information] Z Axis Data Received: i
11/14/2024 10:16:16 [Information] Z Axis Data Received: o
11/14/2024 10:16:16 [Information] Z Axis Data Received: n
11/14/2024 10:16:16 [Information] Z Axis Data Received:  
11/14/2024 10:16:16 [Information] Z Axis Data Received: 2
11/14/2024 10:16:16 [Information] Z Axis Data Received: 0
11/14/2024 10:16:16 [Information] Z Axis Data Received: 0
11/14/2024 10:16:16 [Information] Z Axis Data Received: .
11/14/2024 10:16:16 [Information] Z Axis Data Received: 0
11/14/2024 10:16:16 [Information] Z Axis Data Received: 0
11/14/2024 10:16:16 [Information] Z Axis Data Received: 
11/14/2024 10:16:16 [Information] Z Axis Data Received: 

11/14/2024 10:16:16 [Information] Z Axis Data Received: ?
11/14/2024 10:16:17 [Information] Z Axis Run button clicked:
11/14/2024 10:16:17 [Information] Z Axis MotorMovementSeconds decimal: (4.00 / 4) / 2 = 0.50
11/14/2024 10:16:18 [Information] Z Axis Run Event: Z,0.00,400.00,0,0.00,400.00,0,4.00,400.00,0
11/14/2024 10:16:18 [Information] Z Axis Current Time: 10:16:18 + 0 = 10:16:18
11/14/2024 10:16:18 [Information] Stepper Motor Controller Enable Z Axis controls after moving to location.
11/14/2024 10:16:18 [Information] Stepper Motor Controller Stopwatch Stopped.
11/14/2024 10:16:18 [Information] Stepper Motor Controller Timer Stopped.
11/14/2024 10:16:18 [Information] Stepper Motor Controller Stopwatch Reset.
11/14/2024 10:16:18 [Information] Z Axis Data Received: Z
11/14/2024 10:16:18 [Information] Z Axis Data Received:  
11/14/2024 10:16:18 [Information] Z Axis Data Received: A
11/14/2024 10:16:18 [Information] Z Axis Data Received: x
11/14/2024 10:16:18 [Information] Z Axis Data Received: i
11/14/2024 10:16:18 [Information] Z Axis Data Received: s
11/14/2024 10:16:18 [Information] Z Axis Data Received:  
11/14/2024 10:16:18 [Information] Z Axis Data Received: A
11/14/2024 10:16:18 [Information] Z Axis Data Received: b
11/14/2024 10:16:18 [Information] Z Axis Data Received: s
11/14/2024 10:16:18 [Information] Z Axis Data Received: o
11/14/2024 10:16:18 [Information] Z Axis Data Received: l
11/14/2024 10:16:18 [Information] Z Axis Data Received: u
11/14/2024 10:16:18 [Information] Z Axis Data Received: t
11/14/2024 10:16:18 [Information] Z Axis Data Received: e
11/14/2024 10:16:18 [Information] Z Axis Data Received:  
11/14/2024 10:16:18 [Information] Z Axis Data Received: P
11/14/2024 10:16:18 [Information] Z Axis Data Received: o
11/14/2024 10:16:18 [Information] Z Axis Data Received: s
11/14/2024 10:16:18 [Information] Z Axis Data Received: i
11/14/2024 10:16:18 [Information] Z Axis Data Received: t
11/14/2024 10:16:18 [Information] Z Axis Data Received: i
11/14/2024 10:16:18 [Information] Z Axis Data Received: o
11/14/2024 10:16:18 [Information] Z Axis Data Received: n
11/14/2024 10:16:18 [Information] Z Axis Data Received:  
11/14/2024 10:16:18 [Information] Z Axis Data Received: 2
11/14/2024 10:16:18 [Information] Z Axis Data Received: 0
11/14/2024 10:16:18 [Information] Z Axis Data Received: 0
11/14/2024 10:16:18 [Information] Z Axis Data Received: .
11/14/2024 10:16:18 [Information] Z Axis Data Received: 0
11/14/2024 10:16:18 [Information] Z Axis Data Received: 0
11/14/2024 10:16:18 [Information] Z Axis Data Received: 
11/14/2024 10:16:18 [Information] Z Axis Data Received: 

11/14/2024 10:16:18 [Information] Z Axis Data Received: ?
11/14/2024 10:16:19 [Information] Z Axis Run button clicked:
11/14/2024 10:16:19 [Information] Z Axis MotorMovementSeconds decimal: (4.00 / 4) / 2 = 0.50
11/14/2024 10:16:20 [Information] Z Axis Run Event: Z,0.00,400.00,0,0.00,400.00,0,4.00,400.00,0
11/14/2024 10:16:20 [Information] Z Axis Current Time: 10:16:20 + 0 = 10:16:20
11/14/2024 10:16:20 [Information] Stepper Motor Controller Enable Z Axis controls after moving to location.
11/14/2024 10:16:20 [Information] Stepper Motor Controller Stopwatch Stopped.
11/14/2024 10:16:20 [Information] Stepper Motor Controller Timer Stopped.
11/14/2024 10:16:20 [Information] Stepper Motor Controller Stopwatch Reset.
11/14/2024 10:16:21 [Information] Z Axis Data Received: Z
11/14/2024 10:16:21 [Information] Z Axis Data Received:  
11/14/2024 10:16:21 [Information] Z Axis Data Received: Axi
11/14/2024 10:16:21 [Information] Z Axis Data Received: s
11/14/2024 10:16:21 [Information] Z Axis Data Received:  
11/14/2024 10:16:21 [Information] Z Axis Data Received: A
11/14/2024 10:16:21 [Information] Z Axis Data Received: b
11/14/2024 10:16:21 [Information] Z Axis Data Received: s
11/14/2024 10:16:21 [Information] Z Axis Data Received: o
11/14/2024 10:16:21 [Information] Z Axis Data Received: l
11/14/2024 10:16:21 [Information] Z Axis Data Received: u
11/14/2024 10:16:21 [Information] Z Axis Data Received: t
11/14/2024 10:16:21 [Information] Z Axis Data Received: e
11/14/2024 10:16:21 [Information] Z Axis Data Received:  
11/14/2024 10:16:21 [Information] Z Axis Data Received: P
11/14/2024 10:16:21 [Information] Z Axis Data Received: o
11/14/2024 10:16:21 [Information] Z Axis Data Received: s
11/14/2024 10:16:21 [Information] Z Axis Data Received: i
11/14/2024 10:16:21 [Information] Z Axis Data Received: t
11/14/2024 10:16:21 [Information] Z Axis Data Received: i
11/14/2024 10:16:21 [Information] Z Axis Data Received: o
11/14/2024 10:16:21 [Information] Z Axis Data Received: n
11/14/2024 10:16:21 [Information] Z Axis Data Received:  
11/14/2024 10:16:21 [Information] Z Axis Data Received: 2
11/14/2024 10:16:21 [Information] Z Axis Data Received: 0
11/14/2024 10:16:21 [Information] Z Axis Data Received: 0
11/14/2024 10:16:21 [Information] Z Axis Data Received: .
11/14/2024 10:16:21 [Information] Z Axis Data Received: 0
11/14/2024 10:16:21 [Information] Z Axis Data Received: 0
11/14/2024 10:16:21 [Information] Z Axis Data Received: 
11/14/2024 10:16:21 [Information] Z Axis Data Received: 

11/14/2024 10:16:21 [Information] Z Axis Data Received: ?
11/14/2024 10:16:21 [Information] Z Axis Run button clicked:
11/14/2024 10:16:21 [Information] Z Axis MotorMovementSeconds decimal: (4.00 / 4) / 2 = 0.50
11/14/2024 10:16:22 [Information] Z Axis Run Event: Z,0.00,400.00,0,0.00,400.00,0,4.00,400.00,0
11/14/2024 10:16:22 [Information] Z Axis Current Time: 10:16:22 + 0 = 10:16:22
11/14/2024 10:16:22 [Information] Stepper Motor Controller Enable Z Axis controls after moving to location.
11/14/2024 10:16:22 [Information] Stepper Motor Controller Stopwatch Stopped.
11/14/2024 10:16:22 [Information] Stepper Motor Controller Timer Stopped.
11/14/2024 10:16:22 [Information] Stepper Motor Controller Stopwatch Reset.
11/14/2024 10:16:23 [Information] Z Axis Data Received: Z
11/14/2024 10:16:23 [Information] Z Axis Data Received:  A
11/14/2024 10:16:23 [Information] Z Axis Data Received: x
11/14/2024 10:16:23 [Information] Z Axis Data Received: i
11/14/2024 10:16:23 [Information] Z Axis Data Received: s
11/14/2024 10:16:23 [Information] Z Axis Data Received:  
11/14/2024 10:16:23 [Information] Z Axis Data Received: A
11/14/2024 10:16:23 [Information] Z Axis Data Received: b
11/14/2024 10:16:23 [Information] Z Axis Data Received: s
11/14/2024 10:16:23 [Information] Z Axis Data Received: o
11/14/2024 10:16:23 [Information] Z Axis Data Received: l
11/14/2024 10:16:23 [Information] Z Axis Data Received: u
11/14/2024 10:16:23 [Information] Z Axis Data Received: t
11/14/2024 10:16:23 [Information] Z Axis Data Received: e
11/14/2024 10:16:23 [Information] Z Axis Data Received:  
11/14/2024 10:16:23 [Information] Z Axis Data Received: P
11/14/2024 10:16:23 [Information] Z Axis Data Received: o
11/14/2024 10:16:23 [Information] Z Axis Data Received: s
11/14/2024 10:16:23 [Information] Z Axis Data Received: i
11/14/2024 10:16:23 [Information] Z Axis Data Received: t
11/14/2024 10:16:23 [Information] Z Axis Data Received: i
11/14/2024 10:16:23 [Information] Z Axis Data Received: o
11/14/2024 10:16:23 [Information] Z Axis Data Received: n
11/14/2024 10:16:23 [Information] Z Axis Data Received:  
11/14/2024 10:16:23 [Information] Z Axis Data Received: 2
11/14/2024 10:16:23 [Information] Z Axis Data Received: 0
11/14/2024 10:16:23 [Information] Z Axis Data Received: 0
11/14/2024 10:16:23 [Information] Z Axis Data Received: .
11/14/2024 10:16:23 [Information] Z Axis Data Received: 0
11/14/2024 10:16:23 [Information] Z Axis Data Received: 0
11/14/2024 10:16:23 [Information] Z Axis Data Received: 
11/14/2024 10:16:23 [Information] Z Axis Data Received: 

11/14/2024 10:16:23 [Information] Z Axis Data Received: ?
11/14/2024 10:16:23 [Information] Z Axis Run button clicked:
11/14/2024 10:16:23 [Information] Z Axis MotorMovementSeconds decimal: (4.00 / 4) / 2 = 0.50
11/14/2024 10:16:24 [Information] Z Axis Run Event: Z,0.00,400.00,0,0.00,400.00,0,4.00,400.00,0
11/14/2024 10:16:24 [Information] Z Axis Current Time: 10:16:24 + 0 = 10:16:24
11/14/2024 10:16:24 [Information] Stepper Motor Controller Enable Z Axis controls after moving to location.
11/14/2024 10:16:24 [Information] Stepper Motor Controller Stopwatch Stopped.
11/14/2024 10:16:24 [Information] Stepper Motor Controller Timer Stopped.
11/14/2024 10:16:24 [Information] Stepper Motor Controller Stopwatch Reset.
11/14/2024 10:16:25 [Information] Z Axis Data Received: Z
11/14/2024 10:16:25 [Information] Z Axis Data Received:  
11/14/2024 10:16:25 [Information] Z Axis Data Received: A
11/14/2024 10:16:25 [Information] Z Axis Data Received: x
11/14/2024 10:16:25 [Information] Z Axis Data Received: i
11/14/2024 10:16:25 [Information] Z Axis Data Received: s
11/14/2024 10:16:25 [Information] Z Axis Data Received:  
11/14/2024 10:16:25 [Information] Z Axis Data Received: A
11/14/2024 10:16:25 [Information] Z Axis Data Received: b
11/14/2024 10:16:25 [Information] Z Axis Data Received: s
11/14/2024 10:16:25 [Information] Z Axis Data Received: o
11/14/2024 10:16:25 [Information] Z Axis Data Received: l
11/14/2024 10:16:25 [Information] Z Axis Data Received: u
11/14/2024 10:16:25 [Information] Z Axis Data Received: t
11/14/2024 10:16:25 [Information] Z Axis Data Received: e
11/14/2024 10:16:25 [Information] Z Axis Data Received:  
11/14/2024 10:16:25 [Information] Z Axis Data Received: P
11/14/2024 10:16:25 [Information] Z Axis Data Received: o
11/14/2024 10:16:25 [Information] Z Axis Data Received: s
11/14/2024 10:16:25 [Information] Z Axis Data Received: i
11/14/2024 10:16:25 [Information] Z Axis Data Received: t
11/14/2024 10:16:25 [Information] Z Axis Data Received: i
11/14/2024 10:16:25 [Information] Z Axis Data Received: o
11/14/2024 10:16:25 [Information] Z Axis Data Received: n
11/14/2024 10:16:25 [Information] Z Axis Data Received:  
11/14/2024 10:16:25 [Information] Z Axis Data Received: 2
11/14/2024 10:16:25 [Information] Z Axis Data Received: 0
11/14/2024 10:16:25 [Information] Z Axis Data Received: 0
11/14/2024 10:16:25 [Information] Z Axis Data Received: .
11/14/2024 10:16:25 [Information] Z Axis Data Received: 0
11/14/2024 10:16:25 [Information] Z Axis Data Received: 0
11/14/2024 10:16:25 [Information] Z Axis Data Received: 
11/14/2024 10:16:25 [Information] Z Axis Data Received: 

11/14/2024 10:16:25 [Information] Z Axis Data Received: ?
11/14/2024 10:16:26 [Information] Stepper Motor Controller MainWindow Closing.
11/14/2024 10:16:26 [Information] Stepper Motor Controller Serial Ports closed.
11/14/2024 10:16:26 [Information] Properties Settings Saved.
11/14/2024 10:16:26 [Information] Properties Settings Form Closed.
11/14/2024 10:16:26 [Information] Stepper Motor Controller Form Closed.
